ISO-10303-21;
HEADER;
/* Generated by software containing ST-Developer
 * from STEP Tools, Inc. (www.steptools.com) 
 */

FILE_DESCRIPTION(
/* description */ (''),
/* implementation_level */ '2;1');

FILE_NAME(
/* name */ 'AA battery v1.step',
/* time_stamp */ '2026-06-14T21:24:16-04:00',
/* author */ (''),
/* organization */ (''),
/* preprocessor_version */ 'ST-DEVELOPER v20.1',
/* originating_system */ 'Autodesk Translation Framework v15.8.0.0',
/* authorisation */ '');

FILE_SCHEMA (('AUTOMOTIVE_DESIGN { 1 0 10303 214 3 1 1 }'));
ENDSEC;

DATA;
#10=MECHANICAL_DESIGN_GEOMETRIC_PRESENTATION_REPRESENTATION('',(#355,#356,
#357,#358,#359,#360,#361,#362,#363,#364,#365,#366,#367,#368,#369,#370,#371,
#372,#373,#374,#375,#376,#377,#378),#10715);
#11=SHAPE_REPRESENTATION_RELATIONSHIP('SRR','None',#10722,#12);
#12=ADVANCED_BREP_SHAPE_REPRESENTATION('',(#379,#380,#381,#382,#383,#384),
#10714);
#13=B_SPLINE_SURFACE_WITH_KNOTS('',3,3,((#6311,#6312,#6313,#6314),(#6315,
#6316,#6317,#6318),(#6319,#6320,#6321,#6322),(#6323,#6324,#6325,#6326),
(#6327,#6328,#6329,#6330)),.UNSPECIFIED.,.F.,.F.,.F.,(4,1,4),(4,4),(0.,
0.00597754605298324,0.0147803363585491),(0.,0.001),.UNSPECIFIED.);
#14=B_SPLINE_SURFACE_WITH_KNOTS('',3,3,((#6338,#6339,#6340,#6341),(#6342,
#6343,#6344,#6345),(#6346,#6347,#6348,#6349),(#6350,#6351,#6352,#6353),
(#6354,#6355,#6356,#6357)),.UNSPECIFIED.,.F.,.F.,.F.,(4,1,4),(4,4),(0.,
0.00680639128907896,0.0132398813299385),(0.,0.001),.UNSPECIFIED.);
#15=B_SPLINE_SURFACE_WITH_KNOTS('',3,3,((#6367,#6368,#6369,#6370),(#6371,
#6372,#6373,#6374),(#6375,#6376,#6377,#6378),(#6379,#6380,#6381,#6382),
(#6383,#6384,#6385,#6386)),.UNSPECIFIED.,.F.,.F.,.F.,(4,1,4),(4,4),(0.,
0.0107915803604655,0.0190145824881829),(-4.16793214728531E-7,0.00100040222499095),
 .UNSPECIFIED.);
#16=B_SPLINE_SURFACE_WITH_KNOTS('',3,3,((#6395,#6396,#6397,#6398),(#6399,
#6400,#6401,#6402),(#6403,#6404,#6405,#6406),(#6407,#6408,#6409,#6410),
(#6411,#6412,#6413,#6414)),.UNSPECIFIED.,.F.,.F.,.F.,(4,1,4),(4,4),(-3.218433449305E-7,
0.0190890615502072,0.0335380636325946),(-3.21843345095886E-7,0.00100034056677335),
 .UNSPECIFIED.);
#17=B_SPLINE_SURFACE_WITH_KNOTS('',3,3,((#6427,#6428,#6429,#6430),(#6431,
#6432,#6433,#6434),(#6435,#6436,#6437,#6438),(#6439,#6440,#6441,#6442)),
 .UNSPECIFIED.,.F.,.F.,.F.,(4,4),(4,4),(0.,0.0590210265301643),(0.,0.001),
 .UNSPECIFIED.);
#18=B_SPLINE_SURFACE_WITH_KNOTS('',3,3,((#6455,#6456,#6457,#6458),(#6459,
#6460,#6461,#6462),(#6463,#6464,#6465,#6466),(#6467,#6468,#6469,#6470)),
 .UNSPECIFIED.,.F.,.F.,.F.,(4,4),(4,4),(0.,0.0772110959316822),(0.,0.001),
 .UNSPECIFIED.);
#19=B_SPLINE_SURFACE_WITH_KNOTS('',3,3,((#6477,#6478,#6479,#6480),(#6481,
#6482,#6483,#6484),(#6485,#6486,#6487,#6488),(#6489,#6490,#6491,#6492),
(#6493,#6494,#6495,#6496)),.UNSPECIFIED.,.F.,.F.,.F.,(4,1,4),(4,4),(0.,
0.0164548757329375,0.0345669168325766),(-1.18038653427679E-6,0.00100108828158915),
 .UNSPECIFIED.);
#20=B_SPLINE_SURFACE_WITH_KNOTS('',3,3,((#6505,#6506,#6507,#6508),(#6509,
#6510,#6511,#6512),(#6513,#6514,#6515,#6516),(#6517,#6518,#6519,#6520),
(#6521,#6522,#6523,#6524)),.UNSPECIFIED.,.F.,.F.,.F.,(4,1,4),(4,4),(-2.91980037703907E-7,
0.010515012453431,0.0188579792290166),(-3.64284071324612E-7,0.00100029198003742),
 .UNSPECIFIED.);
#21=B_SPLINE_SURFACE_WITH_KNOTS('',3,3,((#6533,#6534,#6535,#6536),(#6537,
#6538,#6539,#6540),(#6541,#6542,#6543,#6544),(#6545,#6546,#6547,#6548),
(#6549,#6550,#6551,#6552)),.UNSPECIFIED.,.F.,.F.,.F.,(4,1,4),(4,4),(0.,
0.0212090292596212,0.047102634199579),(-3.57661679676376E-6,0.00100374476320931),
 .UNSPECIFIED.);
#22=B_SPLINE_SURFACE_WITH_KNOTS('',3,3,((#6561,#6562,#6563,#6564),(#6565,
#6566,#6567,#6568),(#6569,#6570,#6571,#6572),(#6573,#6574,#6575,#6576),
(#6577,#6578,#6579,#6580)),.UNSPECIFIED.,.F.,.F.,.F.,(4,1,4),(4,4),(0.,
0.0199114072058168,0.039185049841478),(-3.17752332857027E-6,0.00100284342960453),
 .UNSPECIFIED.);
#23=B_SPLINE_SURFACE_WITH_KNOTS('',3,3,((#6589,#6590,#6591,#6592),(#6593,
#6594,#6595,#6596),(#6597,#6598,#6599,#6600),(#6601,#6602,#6603,#6604),
(#6605,#6606,#6607,#6608)),.UNSPECIFIED.,.F.,.F.,.F.,(4,1,4),(4,4),(0.,
0.015656715511878,0.0315844086889071),(-1.07474187304646E-6,0.00100102995091498),
 .UNSPECIFIED.);
#24=B_SPLINE_SURFACE_WITH_KNOTS('',3,3,((#6617,#6618,#6619,#6620),(#6621,
#6622,#6623,#6624),(#6625,#6626,#6627,#6628),(#6629,#6630,#6631,#6632),
(#6633,#6634,#6635,#6636)),.UNSPECIFIED.,.F.,.F.,.F.,(4,1,4),(4,4),(0.,
0.0145676581804785,0.0296859113569096),(0.,0.00100200508622719),
 .UNSPECIFIED.);
#25=B_SPLINE_SURFACE_WITH_KNOTS('',3,3,((#6652,#6653,#6654,#6655),(#6656,
#6657,#6658,#6659),(#6660,#6661,#6662,#6663),(#6664,#6665,#6666,#6667),
(#6668,#6669,#6670,#6671)),.UNSPECIFIED.,.F.,.F.,.F.,(4,1,4),(4,4),(0.,
0.0235718730204436,0.0411637477406089),(-6.26973629362278E-7,0.00100052894272721),
 .UNSPECIFIED.);
#26=B_SPLINE_SURFACE_WITH_KNOTS('',3,3,((#6696,#6697,#6698,#6699),(#6700,
#6701,#6702,#6703),(#6704,#6705,#6706,#6707),(#6708,#6709,#6710,#6711),
(#6712,#6713,#6714,#6715)),.UNSPECIFIED.,.F.,.F.,.F.,(4,1,4),(4,4),(0.,
0.0149490257189555,0.0343374133180068),(-1.73031213579892E-6,0.00100150900425655),
 .UNSPECIFIED.);
#27=B_SPLINE_SURFACE_WITH_KNOTS('',3,3,((#6724,#6725,#6726,#6727),(#6728,
#6729,#6730,#6731),(#6732,#6733,#6734,#6735),(#6736,#6737,#6738,#6739),
(#6740,#6741,#6742,#6743)),.UNSPECIFIED.,.F.,.F.,.F.,(4,1,4),(4,4),(0.,
0.0131803067050131,0.0261375476841649),(-1.82582722520114E-6,0.00100154803633625),
 .UNSPECIFIED.);
#28=B_SPLINE_SURFACE_WITH_KNOTS('',3,3,((#6752,#6753,#6754,#6755),(#6756,
#6757,#6758,#6759),(#6760,#6761,#6762,#6763),(#6764,#6765,#6766,#6767),
(#6768,#6769,#6770,#6771)),.UNSPECIFIED.,.F.,.F.,.F.,(4,1,4),(4,4),(0.,
0.0094914425846635,0.0189139608800355),(-4.26104075527623E-7,0.00100040906049011),
 .UNSPECIFIED.);
#29=B_SPLINE_SURFACE_WITH_KNOTS('',3,3,((#6780,#6781,#6782,#6783),(#6784,
#6785,#6786,#6787),(#6788,#6789,#6790,#6791),(#6792,#6793,#6794,#6795),
(#6796,#6797,#6798,#6799)),.UNSPECIFIED.,.F.,.F.,.F.,(4,1,4),(4,4),(0.,
0.0102401796904598,0.0199197143219097),(-1.88861392083983E-7,0.00100088618976503),
 .UNSPECIFIED.);
#30=B_SPLINE_SURFACE_WITH_KNOTS('',3,3,((#6808,#6809,#6810,#6811),(#6812,
#6813,#6814,#6815),(#6816,#6817,#6818,#6819),(#6820,#6821,#6822,#6823),
(#6824,#6825,#6826,#6827)),.UNSPECIFIED.,.F.,.F.,.F.,(4,1,4),(4,4),(0.,
0.0161936342153691,0.0287237785462882),(0.,0.001),.UNSPECIFIED.);
#31=B_SPLINE_SURFACE_WITH_KNOTS('',3,3,((#6890,#6891,#6892,#6893),(#6894,
#6895,#6896,#6897),(#6898,#6899,#6900,#6901),(#6902,#6903,#6904,#6905)),
 .UNSPECIFIED.,.F.,.F.,.F.,(4,4),(4,4),(-1.18751734209821E-5,0.283699801526713),
(-1.18751734209832E-5,0.001),.UNSPECIFIED.);
#32=B_SPLINE_SURFACE_WITH_KNOTS('',3,3,((#6927,#6928,#6929,#6930),(#6931,
#6932,#6933,#6934),(#6935,#6936,#6937,#6938),(#6939,#6940,#6941,#6942)),
 .UNSPECIFIED.,.F.,.F.,.F.,(4,4),(4,4),(-3.30960814007169E-6,0.206093090293889),
(-3.30960814007169E-6,0.001),.UNSPECIFIED.);
#33=B_SPLINE_SURFACE_WITH_KNOTS('',3,3,((#6955,#6956,#6957,#6958),(#6959,
#6960,#6961,#6962),(#6963,#6964,#6965,#6966),(#6967,#6968,#6969,#6970),
(#6971,#6972,#6973,#6974)),.UNSPECIFIED.,.F.,.F.,.F.,(4,1,4),(4,4),(0.,
0.0171216006139142,0.0344777453477942),(0.,0.001),.UNSPECIFIED.);
#34=B_SPLINE_SURFACE_WITH_KNOTS('',3,3,((#6982,#6983,#6984,#6985),(#6986,
#6987,#6988,#6989),(#6990,#6991,#6992,#6993),(#6994,#6995,#6996,#6997),
(#6998,#6999,#7000,#7001)),.UNSPECIFIED.,.F.,.F.,.F.,(4,1,4),(4,4),(0.,
0.0178717731855044,0.0343919842445859),(0.,0.001),.UNSPECIFIED.);
#35=B_SPLINE_SURFACE_WITH_KNOTS('',3,3,((#7009,#7010,#7011,#7012),(#7013,
#7014,#7015,#7016),(#7017,#7018,#7019,#7020),(#7021,#7022,#7023,#7024)),
 .UNSPECIFIED.,.F.,.F.,.F.,(4,4),(4,4),(-3.30960813990213E-6,0.206093090293889),
(-3.30960814004713E-6,0.001),.UNSPECIFIED.);
#36=B_SPLINE_SURFACE_WITH_KNOTS('',3,3,((#7041,#7042,#7043,#7044),(#7045,
#7046,#7047,#7048),(#7049,#7050,#7051,#7052),(#7053,#7054,#7055,#7056)),
 .UNSPECIFIED.,.F.,.F.,.F.,(4,4),(4,4),(-1.18751734210744E-5,0.283699801526713),
(-1.18751734210993E-5,0.001),.UNSPECIFIED.);
#37=B_SPLINE_SURFACE_WITH_KNOTS('',3,3,((#7160,#7161,#7162,#7163),(#7164,
#7165,#7166,#7167),(#7168,#7169,#7170,#7171),(#7172,#7173,#7174,#7175),
(#7176,#7177,#7178,#7179)),.UNSPECIFIED.,.F.,.F.,.F.,(4,1,4),(4,4),(0.,
0.0197130922771892,0.0397206118769019),(-4.740137397684E-7,0.00100047150165659),
 .UNSPECIFIED.);
#38=B_SPLINE_SURFACE_WITH_KNOTS('',3,3,((#7190,#7191,#7192,#7193),(#7194,
#7195,#7196,#7197),(#7198,#7199,#7200,#7201),(#7202,#7203,#7204,#7205),
(#7206,#7207,#7208,#7209)),.UNSPECIFIED.,.F.,.F.,.F.,(4,1,4),(4,4),(-3.12967718985806E-7,
0.0244477221274537,0.0438422165026284),(-3.40999716863308E-7,0.00100031296771889),
 .UNSPECIFIED.);
#39=B_SPLINE_SURFACE_WITH_KNOTS('',3,3,((#7218,#7219,#7220,#7221),(#7222,
#7223,#7224,#7225),(#7226,#7227,#7228,#7229),(#7230,#7231,#7232,#7233)),
 .UNSPECIFIED.,.F.,.F.,.F.,(4,4),(4,4),(0.,0.0785656854615989),(0.,0.001),
 .UNSPECIFIED.);
#40=B_SPLINE_SURFACE_WITH_KNOTS('',3,3,((#7246,#7247,#7248,#7249),(#7250,
#7251,#7252,#7253),(#7254,#7255,#7256,#7257),(#7258,#7259,#7260,#7261)),
 .UNSPECIFIED.,.F.,.F.,.F.,(4,4),(4,4),(0.,0.0832099863823424),(0.,0.001),
 .UNSPECIFIED.);
#41=B_SPLINE_SURFACE_WITH_KNOTS('',3,3,((#7266,#7267,#7268,#7269),(#7270,
#7271,#7272,#7273),(#7274,#7275,#7276,#7277),(#7278,#7279,#7280,#7281)),
 .UNSPECIFIED.,.F.,.F.,.F.,(4,4),(4,4),(0.,0.0859191231693781),(0.,0.001),
 .UNSPECIFIED.);
#42=B_SPLINE_SURFACE_WITH_KNOTS('',3,3,((#7297,#7298,#7299,#7300),(#7301,
#7302,#7303,#7304),(#7305,#7306,#7307,#7308),(#7309,#7310,#7311,#7312)),
 .UNSPECIFIED.,.F.,.F.,.F.,(4,4),(4,4),(0.,0.0859191231693782),(0.,0.001),
 .UNSPECIFIED.);
#43=B_SPLINE_SURFACE_WITH_KNOTS('',3,3,((#7326,#7327,#7328,#7329),(#7330,
#7331,#7332,#7333),(#7334,#7335,#7336,#7337),(#7338,#7339,#7340,#7341)),
 .UNSPECIFIED.,.F.,.F.,.F.,(4,4),(4,4),(-1.18751734209976E-5,0.283699801526713),
(-1.18751734209976E-5,0.001),.UNSPECIFIED.);
#44=B_SPLINE_SURFACE_WITH_KNOTS('',3,3,((#7361,#7362,#7363,#7364),(#7365,
#7366,#7367,#7368),(#7369,#7370,#7371,#7372),(#7373,#7374,#7375,#7376)),
 .UNSPECIFIED.,.F.,.F.,.F.,(4,4),(4,4),(-1.18751734208871E-5,0.283699801526713),
(-1.18751734209561E-5,0.001),.UNSPECIFIED.);
#45=B_SPLINE_SURFACE_WITH_KNOTS('',3,3,((#8167,#8168,#8169,#8170),(#8171,
#8172,#8173,#8174),(#8175,#8176,#8177,#8178),(#8179,#8180,#8181,#8182)),
 .UNSPECIFIED.,.F.,.F.,.F.,(4,4),(4,4),(0.,0.0859191231693781),(0.,0.001),
 .UNSPECIFIED.);
#46=B_SPLINE_SURFACE_WITH_KNOTS('',3,3,((#8187,#8188,#8189,#8190),(#8191,
#8192,#8193,#8194),(#8195,#8196,#8197,#8198),(#8199,#8200,#8201,#8202)),
 .UNSPECIFIED.,.F.,.F.,.F.,(4,4),(4,4),(0.,0.0859191231693782),(0.,0.001),
 .UNSPECIFIED.);
#47=B_SPLINE_SURFACE_WITH_KNOTS('',3,3,((#8206,#8207,#8208,#8209),(#8210,
#8211,#8212,#8213),(#8214,#8215,#8216,#8217),(#8218,#8219,#8220,#8221)),
 .UNSPECIFIED.,.F.,.F.,.F.,(4,4),(4,4),(-1.18751734209888E-5,0.283699801526713),
(-1.18751734209888E-5,0.001),.UNSPECIFIED.);
#48=B_SPLINE_SURFACE_WITH_KNOTS('',3,3,((#8225,#8226,#8227,#8228),(#8229,
#8230,#8231,#8232),(#8233,#8234,#8235,#8236),(#8237,#8238,#8239,#8240)),
 .UNSPECIFIED.,.F.,.F.,.F.,(4,4),(4,4),(-1.18751734208535E-5,0.283699801526713),
(-1.1875173420921E-5,0.001),.UNSPECIFIED.);
#49=B_SPLINE_SURFACE_WITH_KNOTS('',3,3,((#8243,#8244,#8245,#8246),(#8247,
#8248,#8249,#8250),(#8251,#8252,#8253,#8254),(#8255,#8256,#8257,#8258),
(#8259,#8260,#8261,#8262)),.UNSPECIFIED.,.F.,.F.,.F.,(4,1,4),(4,4),(0.,
0.0197130644333818,0.039720657596212),(-4.74123708454607E-7,0.00100047160982597),
 .UNSPECIFIED.);
#50=B_SPLINE_SURFACE_WITH_KNOTS('',3,3,((#8273,#8274,#8275,#8276),(#8277,
#8278,#8279,#8280),(#8281,#8282,#8283,#8284),(#8285,#8286,#8287,#8288),
(#8289,#8290,#8291,#8292)),.UNSPECIFIED.,.F.,.F.,.F.,(4,1,4),(4,4),(-3.1292813797711E-7,
0.0244476815488885,0.0438421758844822),(-3.40957928404644E-7,0.0010003129281379),
 .UNSPECIFIED.);
#51=B_SPLINE_SURFACE_WITH_KNOTS('',3,3,((#8301,#8302,#8303,#8304),(#8305,
#8306,#8307,#8308),(#8309,#8310,#8311,#8312),(#8313,#8314,#8315,#8316)),
 .UNSPECIFIED.,.F.,.F.,.F.,(4,4),(4,4),(0.,0.0785656854615989),(0.,0.001),
 .UNSPECIFIED.);
#52=B_SPLINE_SURFACE_WITH_KNOTS('',3,3,((#8329,#8330,#8331,#8332),(#8333,
#8334,#8335,#8336),(#8337,#8338,#8339,#8340),(#8341,#8342,#8343,#8344)),
 .UNSPECIFIED.,.F.,.F.,.F.,(4,4),(4,4),(0.,0.0832099863823424),(0.,0.001),
 .UNSPECIFIED.);
#53=B_SPLINE_SURFACE_WITH_KNOTS('',3,3,((#8443,#8444,#8445,#8446),(#8447,
#8448,#8449,#8450),(#8451,#8452,#8453,#8454),(#8455,#8456,#8457,#8458)),
 .UNSPECIFIED.,.F.,.F.,.F.,(4,4),(4,4),(0.,0.045281690908662),(0.,0.001),
 .UNSPECIFIED.);
#54=B_SPLINE_SURFACE_WITH_KNOTS('',3,3,((#8460,#8461,#8462,#8463),(#8464,
#8465,#8466,#8467),(#8468,#8469,#8470,#8471),(#8472,#8473,#8474,#8475)),
 .UNSPECIFIED.,.F.,.F.,.F.,(4,4),(4,4),(-7.80102723923855E-7,0.14358634027235),
(-7.80102723971224E-7,0.001),.UNSPECIFIED.);
#55=B_SPLINE_SURFACE_WITH_KNOTS('',3,3,((#8479,#8480,#8481,#8482),(#8483,
#8484,#8485,#8486),(#8487,#8488,#8489,#8490),(#8491,#8492,#8493,#8494)),
 .UNSPECIFIED.,.F.,.F.,.F.,(4,4),(4,4),(-1.48780255538751E-6,0.168743547618415),
(-1.48780255538751E-6,0.001),.UNSPECIFIED.);
#56=B_SPLINE_SURFACE_WITH_KNOTS('',3,3,((#8496,#8497,#8498,#8499),(#8500,
#8501,#8502,#8503),(#8504,#8505,#8506,#8507),(#8508,#8509,#8510,#8511)),
 .UNSPECIFIED.,.F.,.F.,.F.,(4,4),(4,4),(-3.20431879924568E-7,0.114946186969312),
(-3.20431879924568E-7,0.001),.UNSPECIFIED.);
#57=B_SPLINE_SURFACE_WITH_KNOTS('',3,3,((#8515,#8516,#8517,#8518),(#8519,
#8520,#8521,#8522),(#8523,#8524,#8525,#8526),(#8527,#8528,#8529,#8530)),
 .UNSPECIFIED.,.F.,.F.,.F.,(4,4),(4,4),(-7.1891893951685E-7,0.1406836174336),
(-7.1891893951685E-7,0.001),.UNSPECIFIED.);
#58=B_SPLINE_SURFACE_WITH_KNOTS('',3,3,((#8594,#8595,#8596,#8597),(#8598,
#8599,#8600,#8601),(#8602,#8603,#8604,#8605),(#8606,#8607,#8608,#8609)),
 .UNSPECIFIED.,.F.,.F.,.F.,(4,4),(4,4),(-4.53039472588394E-6,0.222929833224874),
(-4.53039472593289E-6,0.001),.UNSPECIFIED.);
#59=B_SPLINE_SURFACE_WITH_KNOTS('',3,3,((#8619,#8620,#8621,#8622),(#8623,
#8624,#8625,#8626),(#8627,#8628,#8629,#8630),(#8631,#8632,#8633,#8634)),
 .UNSPECIFIED.,.F.,.F.,.F.,(4,4),(4,4),(-4.51469347928549E-6,0.222736334928495),
(-4.51469347930182E-6,0.001),.UNSPECIFIED.);
#60=B_SPLINE_SURFACE_WITH_KNOTS('',3,3,((#8760,#8761,#8762,#8763),(#8764,
#8765,#8766,#8767),(#8768,#8769,#8770,#8771),(#8772,#8773,#8774,#8775),
(#8776,#8777,#8778,#8779)),.UNSPECIFIED.,.F.,.F.,.F.,(4,1,4),(4,4),(0.,
0.0197130354553783,0.0397206385754134),(-4.74098786370972E-7,0.00100047158464736),
 .UNSPECIFIED.);
#61=B_SPLINE_SURFACE_WITH_KNOTS('',3,3,((#8790,#8791,#8792,#8793),(#8794,
#8795,#8796,#8797),(#8798,#8799,#8800,#8801),(#8802,#8803,#8804,#8805),
(#8806,#8807,#8808,#8809)),.UNSPECIFIED.,.F.,.F.,.F.,(4,1,4),(4,4),(-3.12923647012731E-7,
0.0244477018381069,0.043842185792056),(-3.40950941190094E-7,0.0010003129236469),
 .UNSPECIFIED.);
#62=B_SPLINE_SURFACE_WITH_KNOTS('',3,3,((#8818,#8819,#8820,#8821),(#8822,
#8823,#8824,#8825),(#8826,#8827,#8828,#8829),(#8830,#8831,#8832,#8833)),
 .UNSPECIFIED.,.F.,.F.,.F.,(4,4),(4,4),(0.,0.0785656854615989),(0.,0.001),
 .UNSPECIFIED.);
#63=B_SPLINE_SURFACE_WITH_KNOTS('',3,3,((#8846,#8847,#8848,#8849),(#8850,
#8851,#8852,#8853),(#8854,#8855,#8856,#8857),(#8858,#8859,#8860,#8861)),
 .UNSPECIFIED.,.F.,.F.,.F.,(4,4),(4,4),(0.,0.0832099441095446),(0.,0.001),
 .UNSPECIFIED.);
#64=B_SPLINE_SURFACE_WITH_KNOTS('',3,3,((#8869,#8870,#8871,#8872),(#8873,
#8874,#8875,#8876),(#8877,#8878,#8879,#8880),(#8881,#8882,#8883,#8884)),
 .UNSPECIFIED.,.F.,.F.,.F.,(4,4),(4,4),(-1.1875173420973E-5,0.283699801526713),
(-1.18751734209974E-5,0.001),.UNSPECIFIED.);
#65=B_SPLINE_SURFACE_WITH_KNOTS('',3,3,((#8888,#8889,#8890,#8891),(#8892,
#8893,#8894,#8895),(#8896,#8897,#8898,#8899),(#8900,#8901,#8902,#8903)),
 .UNSPECIFIED.,.F.,.F.,.F.,(4,4),(4,4),(0.,0.0859191231693782),(0.,0.001),
 .UNSPECIFIED.);
#66=B_SPLINE_SURFACE_WITH_KNOTS('',3,3,((#8907,#8908,#8909,#8910),(#8911,
#8912,#8913,#8914),(#8915,#8916,#8917,#8918),(#8919,#8920,#8921,#8922)),
 .UNSPECIFIED.,.F.,.F.,.F.,(4,4),(4,4),(0.,0.0859191231693782),(0.,0.001),
 .UNSPECIFIED.);
#67=B_SPLINE_SURFACE_WITH_KNOTS('',3,3,((#8926,#8927,#8928,#8929),(#8930,
#8931,#8932,#8933),(#8934,#8935,#8936,#8937),(#8938,#8939,#8940,#8941)),
 .UNSPECIFIED.,.F.,.F.,.F.,(4,4),(4,4),(0.,0.0859191231693782),(0.,0.001),
 .UNSPECIFIED.);
#68=B_SPLINE_SURFACE_WITH_KNOTS('',3,3,((#8945,#8946,#8947,#8948),(#8949,
#8950,#8951,#8952),(#8953,#8954,#8955,#8956),(#8957,#8958,#8959,#8960)),
 .UNSPECIFIED.,.F.,.F.,.F.,(4,4),(4,4),(0.,0.0859191231693782),(0.,0.001),
 .UNSPECIFIED.);
#69=B_SPLINE_SURFACE_WITH_KNOTS('',3,3,((#8964,#8965,#8966,#8967),(#8968,
#8969,#8970,#8971),(#8972,#8973,#8974,#8975),(#8976,#8977,#8978,#8979)),
 .UNSPECIFIED.,.F.,.F.,.F.,(4,4),(4,4),(-1.18751734212409E-5,0.283699801526713),
(-1.18751734212409E-5,0.001),.UNSPECIFIED.);
#70=B_SPLINE_SURFACE_WITH_KNOTS('',3,3,((#8983,#8984,#8985,#8986),(#8987,
#8988,#8989,#8990),(#8991,#8992,#8993,#8994),(#8995,#8996,#8997,#8998)),
 .UNSPECIFIED.,.F.,.F.,.F.,(4,4),(4,4),(-1.16321821108746E-5,0.282236104256416),
(-1.16321821110261E-5,0.001),.UNSPECIFIED.);
#71=B_SPLINE_SURFACE_WITH_KNOTS('',3,3,((#9000,#9001,#9002,#9003),(#9004,
#9005,#9006,#9007),(#9008,#9009,#9010,#9011),(#9012,#9013,#9014,#9015)),
 .UNSPECIFIED.,.F.,.F.,.F.,(4,4),(4,4),(-1.16321821110418E-5,0.282236104256416),
(-1.16321821110418E-5,0.001),.UNSPECIFIED.);
#72=B_SPLINE_SURFACE_WITH_KNOTS('',3,3,((#9016,#9017,#9018,#9019),(#9020,
#9021,#9022,#9023),(#9024,#9025,#9026,#9027),(#9028,#9029,#9030,#9031),
(#9032,#9033,#9034,#9035)),.UNSPECIFIED.,.F.,.F.,.F.,(4,1,4),(4,4),(0.,
0.0197130493772173,0.0397206157157457),(-4.74043804073024E-7,0.00100047153051516),
 .UNSPECIFIED.);
#73=B_SPLINE_SURFACE_WITH_KNOTS('',3,3,((#9046,#9047,#9048,#9049),(#9050,
#9051,#9052,#9053),(#9054,#9055,#9056,#9057),(#9058,#9059,#9060,#9061),
(#9062,#9063,#9064,#9065)),.UNSPECIFIED.,.F.,.F.,.F.,(4,1,4),(4,4),(-3.12964489616596E-7,
0.0244477221274537,0.043842188093116),(-3.4099539038379E-7,0.00100031296448951),
 .UNSPECIFIED.);
#74=B_SPLINE_SURFACE_WITH_KNOTS('',3,3,((#9074,#9075,#9076,#9077),(#9078,
#9079,#9080,#9081),(#9082,#9083,#9084,#9085),(#9086,#9087,#9088,#9089)),
 .UNSPECIFIED.,.F.,.F.,.F.,(4,4),(4,4),(0.,0.0785656854615989),(0.,0.001),
 .UNSPECIFIED.);
#75=B_SPLINE_SURFACE_WITH_KNOTS('',3,3,((#9102,#9103,#9104,#9105),(#9106,
#9107,#9108,#9109),(#9110,#9111,#9112,#9113),(#9114,#9115,#9116,#9117)),
 .UNSPECIFIED.,.F.,.F.,.F.,(4,4),(4,4),(0.,0.0832099441095446),(0.,0.001),
 .UNSPECIFIED.);
#76=B_SPLINE_SURFACE_WITH_KNOTS('',3,3,((#9166,#9167,#9168,#9169),(#9170,
#9171,#9172,#9173),(#9174,#9175,#9176,#9177),(#9178,#9179,#9180,#9181),
(#9182,#9183,#9184,#9185)),.UNSPECIFIED.,.F.,.F.,.F.,(4,1,4),(4,4),(0.,
0.0189098806386352,0.0346694882294853),(-1.71622907729517E-6,0.00100156809774265),
 .UNSPECIFIED.);
#77=B_SPLINE_SURFACE_WITH_KNOTS('',3,3,((#9187,#9188,#9189,#9190),(#9191,
#9192,#9193,#9194),(#9195,#9196,#9197,#9198),(#9199,#9200,#9201,#9202),
(#9203,#9204,#9205,#9206)),.UNSPECIFIED.,.F.,.F.,.F.,(4,1,4),(4,4),(0.,
0.0220758483763234,0.0430997978380056),(-2.07058163756813E-6,0.0010017994077087),
 .UNSPECIFIED.);
#78=B_SPLINE_SURFACE_WITH_KNOTS('',3,3,((#9210,#9211,#9212,#9213),(#9214,
#9215,#9216,#9217),(#9218,#9219,#9220,#9221),(#9222,#9223,#9224,#9225),
(#9226,#9227,#9228,#9229)),.UNSPECIFIED.,.F.,.F.,.F.,(4,1,4),(4,4),(0.,
0.0155356637010804,0.0288255872234134),(-4.73893291652589E-7,0.00100041899500197),
 .UNSPECIFIED.);
#79=B_SPLINE_SURFACE_WITH_KNOTS('',3,3,((#9231,#9232,#9233,#9234),(#9235,
#9236,#9237,#9238),(#9239,#9240,#9241,#9242),(#9243,#9244,#9245,#9246),
(#9247,#9248,#9249,#9250)),.UNSPECIFIED.,.F.,.F.,.F.,(4,1,4),(4,4),(0.,
0.0132887154743362,0.0288078036739989),(-7.04329422370806E-7,0.00100064334830528),
 .UNSPECIFIED.);
#80=B_SPLINE_SURFACE_WITH_KNOTS('',3,3,((#9393,#9394,#9395,#9396),(#9397,
#9398,#9399,#9400),(#9401,#9402,#9403,#9404),(#9405,#9406,#9407,#9408),
(#9409,#9410,#9411,#9412)),.UNSPECIFIED.,.F.,.F.,.F.,(4,1,4),(4,4),(0.,
0.02507096884711,0.0479176640184815),(-3.74419070598342E-6,0.00100367762378726),
 .UNSPECIFIED.);
#81=B_SPLINE_SURFACE_WITH_KNOTS('',3,3,((#9415,#9416,#9417,#9418),(#9419,
#9420,#9421,#9422),(#9423,#9424,#9425,#9426),(#9427,#9428,#9429,#9430),
(#9431,#9432,#9433,#9434)),.UNSPECIFIED.,.F.,.F.,.F.,(4,1,4),(4,4),(0.,
0.0291413882173508,0.0595289122688718),(-8.6260226944033E-6,0.001),
 .UNSPECIFIED.);
#82=B_SPLINE_SURFACE_WITH_KNOTS('',3,3,((#9436,#9437,#9438,#9439),(#9440,
#9441,#9442,#9443),(#9444,#9445,#9446,#9447),(#9448,#9449,#9450,#9451),
(#9452,#9453,#9454,#9455)),.UNSPECIFIED.,.F.,.F.,.F.,(4,1,4),(4,4),(0.,
0.0256143254349458,0.0502811109679919),(-4.112628750518E-6,0.00100379415184454),
 .UNSPECIFIED.);
#83=B_SPLINE_SURFACE_WITH_KNOTS('',3,3,((#9457,#9458,#9459,#9460),(#9461,
#9462,#9463,#9464),(#9465,#9466,#9467,#9468),(#9469,#9470,#9471,#9472),
(#9473,#9474,#9475,#9476)),.UNSPECIFIED.,.F.,.F.,.F.,(4,1,4),(4,4),(0.,
0.0247472020712644,0.0510561343988997),(-5.88017448376349E-6,0.00100502318131131),
 .UNSPECIFIED.);
#84=B_SPLINE_SURFACE_WITH_KNOTS('',3,3,((#9478,#9479,#9480,#9481),(#9482,
#9483,#9484,#9485),(#9486,#9487,#9488,#9489),(#9490,#9491,#9492,#9493),
(#9494,#9495,#9496,#9497)),.UNSPECIFIED.,.F.,.F.,.F.,(4,1,4),(4,4),(0.,
0.0245697615262935,0.0488056067866326),(-4.45058181549836E-6,0.001),
 .UNSPECIFIED.);
#85=B_SPLINE_SURFACE_WITH_KNOTS('',3,3,((#9499,#9500,#9501,#9502),(#9503,
#9504,#9505,#9506),(#9507,#9508,#9509,#9510),(#9511,#9512,#9513,#9514),
(#9515,#9516,#9517,#9518)),.UNSPECIFIED.,.F.,.F.,.F.,(4,1,4),(4,4),(0.,
0.020714049946118,0.0403053359592558),(-1.71167845603191E-6,0.00100198198177473),
 .UNSPECIFIED.);
#86=B_SPLINE_SURFACE_WITH_KNOTS('',3,3,((#9520,#9521,#9522,#9523),(#9524,
#9525,#9526,#9527),(#9528,#9529,#9530,#9531),(#9532,#9533,#9534,#9535)),
 .UNSPECIFIED.,.F.,.F.,.F.,(4,4),(4,4),(0.,0.076243556137626),(0.,0.001),
 .UNSPECIFIED.);
#87=B_SPLINE_SURFACE_WITH_KNOTS('',3,3,((#9543,#9544,#9545,#9546),(#9547,
#9548,#9549,#9550),(#9551,#9552,#9553,#9554),(#9555,#9556,#9557,#9558)),
 .UNSPECIFIED.,.F.,.F.,.F.,(4,4),(4,4),(-8.27392075373244E-7,0.145714992017743),
(-8.27392075373244E-7,0.001),.UNSPECIFIED.);
#88=B_SPLINE_SURFACE_WITH_KNOTS('',3,3,((#9560,#9561,#9562,#9563),(#9564,
#9565,#9566,#9567),(#9568,#9569,#9570,#9571),(#9572,#9573,#9574,#9575)),
 .UNSPECIFIED.,.F.,.F.,.F.,(4,4),(4,4),(0.,0.00425729345768056),(0.,0.001),
 .UNSPECIFIED.);
#89=B_SPLINE_SURFACE_WITH_KNOTS('',3,3,((#9577,#9578,#9579,#9580),(#9581,
#9582,#9583,#9584),(#9585,#9586,#9587,#9588),(#9589,#9590,#9591,#9592),
(#9593,#9594,#9595,#9596)),.UNSPECIFIED.,.F.,.F.,.F.,(4,1,4),(4,4),(0.,
0.0105367025924162,0.0206722726250461),(-9.38678608344136E-7,0.00100075208875168),
 .UNSPECIFIED.);
#90=B_SPLINE_SURFACE_WITH_KNOTS('',3,3,((#9598,#9599,#9600,#9601),(#9602,
#9603,#9604,#9605),(#9606,#9607,#9608,#9609),(#9610,#9611,#9612,#9613),
(#9614,#9615,#9616,#9617)),.UNSPECIFIED.,.F.,.F.,.F.,(4,1,4),(4,4),(0.,
0.0113692184991303,0.0222754209410069),(-4.2384962743216E-7,0.00100043336013124),
 .UNSPECIFIED.);
#91=B_SPLINE_SURFACE_WITH_KNOTS('',3,3,((#9619,#9620,#9621,#9622),(#9623,
#9624,#9625,#9626),(#9627,#9628,#9629,#9630),(#9631,#9632,#9633,#9634),
(#9635,#9636,#9637,#9638)),.UNSPECIFIED.,.F.,.F.,.F.,(4,1,4),(4,4),(0.,
0.0163884349010074,0.0339280746290502),(-2.26153432730324E-6,0.00100226131363903),
 .UNSPECIFIED.);
#92=B_SPLINE_SURFACE_WITH_KNOTS('',3,3,((#9640,#9641,#9642,#9643),(#9644,
#9645,#9646,#9647),(#9648,#9649,#9650,#9651),(#9652,#9653,#9654,#9655),
(#9656,#9657,#9658,#9659)),.UNSPECIFIED.,.F.,.F.,.F.,(4,1,4),(4,4),(0.,
0.0190227901134101,0.0358901650861378),(-2.98678112583212E-6,0.00100231866654488),
 .UNSPECIFIED.);
#93=B_SPLINE_SURFACE_WITH_KNOTS('',3,3,((#9661,#9662,#9663,#9664),(#9665,
#9666,#9667,#9668),(#9669,#9670,#9671,#9672),(#9673,#9674,#9675,#9676),
(#9677,#9678,#9679,#9680)),.UNSPECIFIED.,.F.,.F.,.F.,(4,1,4),(4,4),(0.,
0.0180743705248199,0.0382276432968801),(-3.01668431798155E-6,0.00100248037504569),
 .UNSPECIFIED.);
#94=B_SPLINE_SURFACE_WITH_KNOTS('',3,3,((#9682,#9683,#9684,#9685),(#9686,
#9687,#9688,#9689),(#9690,#9691,#9692,#9693),(#9694,#9695,#9696,#9697),
(#9698,#9699,#9700,#9701)),.UNSPECIFIED.,.F.,.F.,.F.,(4,1,4),(4,4),(0.,
0.0167087281536052,0.0336399327706749),(-2.22540233422189E-6,0.00100239395198232),
 .UNSPECIFIED.);
#95=B_SPLINE_SURFACE_WITH_KNOTS('',3,3,((#9703,#9704,#9705,#9706),(#9707,
#9708,#9709,#9710),(#9711,#9712,#9713,#9714),(#9715,#9716,#9717,#9718),
(#9719,#9720,#9721,#9722)),.UNSPECIFIED.,.F.,.F.,.F.,(4,1,4),(4,4),(0.,
0.0135302566517028,0.0273941200750012),(-1.25332589184956E-6,0.00100129372084893),
 .UNSPECIFIED.);
#96=B_SPLINE_SURFACE_WITH_KNOTS('',3,3,((#9724,#9725,#9726,#9727),(#9728,
#9729,#9730,#9731),(#9732,#9733,#9734,#9735),(#9736,#9737,#9738,#9739),
(#9740,#9741,#9742,#9743)),.UNSPECIFIED.,.F.,.F.,.F.,(4,1,4),(4,4),(0.,
0.0171631199316677,0.0317458286176289),(-2.10760651953165E-6,0.00100191088023041),
 .UNSPECIFIED.);
#97=B_SPLINE_SURFACE_WITH_KNOTS('',3,3,((#9745,#9746,#9747,#9748),(#9749,
#9750,#9751,#9752),(#9753,#9754,#9755,#9756),(#9757,#9758,#9759,#9760)),
 .UNSPECIFIED.,.F.,.F.,.F.,(4,4),(4,4),(0.,0.00309614425009869),(0.,0.001),
 .UNSPECIFIED.);
#98=B_SPLINE_SURFACE_WITH_KNOTS('',3,3,((#9762,#9763,#9764,#9765),(#9766,
#9767,#9768,#9769),(#9770,#9771,#9772,#9773),(#9774,#9775,#9776,#9777),
(#9778,#9779,#9780,#9781)),.UNSPECIFIED.,.F.,.F.,.F.,(4,1,4),(4,4),(0.,
0.022350759901494,0.045917940520475),(-5.51543168272462E-6,0.00100451480983177),
 .UNSPECIFIED.);
#99=B_SPLINE_SURFACE_WITH_KNOTS('',3,3,((#9999,#10000,#10001,#10002),(#10003,
#10004,#10005,#10006),(#10007,#10008,#10009,#10010),(#10011,#10012,#10013,
#10014),(#10015,#10016,#10017,#10018)),.UNSPECIFIED.,.F.,.F.,.F.,(4,1,4),
(4,4),(0.,0.0156686352871552,0.0313366871479834),(-1.84789728844947E-6,
0.0010019463412191),.UNSPECIFIED.);
#100=B_SPLINE_SURFACE_WITH_KNOTS('',3,3,((#10029,#10030,#10031,#10032),
(#10033,#10034,#10035,#10036),(#10037,#10038,#10039,#10040),(#10041,#10042,
#10043,#10044),(#10045,#10046,#10047,#10048)),.UNSPECIFIED.,.F.,.F.,.F.,
(4,1,4),(4,4),(0.,0.0153615786276443,0.030996979547013),(-1.94924622675661E-6,
0.00100202227527797),.UNSPECIFIED.);
#101=B_SPLINE_SURFACE_WITH_KNOTS('',3,3,((#10057,#10058,#10059,#10060),
(#10061,#10062,#10063,#10064),(#10065,#10066,#10067,#10068),(#10069,#10070,
#10071,#10072),(#10073,#10074,#10075,#10076)),.UNSPECIFIED.,.F.,.F.,.F.,
(4,1,4),(4,4),(0.,0.0187415286651274,0.0351289228788896),(-2.61832205890261E-6,
0.00100207130238681),.UNSPECIFIED.);
#102=B_SPLINE_SURFACE_WITH_KNOTS('',3,3,((#10085,#10086,#10087,#10088),
(#10089,#10090,#10091,#10092),(#10093,#10094,#10095,#10096),(#10097,#10098,
#10099,#10100),(#10101,#10102,#10103,#10104)),.UNSPECIFIED.,.F.,.F.,.F.,
(4,1,4),(4,4),(0.,0.0170147259968788,0.0365204688094867),(-2.39711165802471E-6,
0.00100213163835855),.UNSPECIFIED.);
#103=B_SPLINE_SURFACE_WITH_KNOTS('',3,3,((#10113,#10114,#10115,#10116),
(#10117,#10118,#10119,#10120),(#10121,#10122,#10123,#10124),(#10125,#10126,
#10127,#10128),(#10129,#10130,#10131,#10132)),.UNSPECIFIED.,.F.,.F.,.F.,
(4,1,4),(4,4),(0.,0.0147977759001705,0.0302691243810226),(-1.77811450962966E-6,
0.00100201572947531),.UNSPECIFIED.);
#104=B_SPLINE_SURFACE_WITH_KNOTS('',3,3,((#10141,#10142,#10143,#10144),
(#10145,#10146,#10147,#10148),(#10149,#10150,#10151,#10152),(#10153,#10154,
#10155,#10156),(#10157,#10158,#10159,#10160)),.UNSPECIFIED.,.F.,.F.,.F.,
(4,1,4),(4,4),(0.,0.0109194795380073,0.021432290416354),(-4.23775392803835E-7,
0.00100047561002077),.UNSPECIFIED.);
#105=B_SPLINE_SURFACE_WITH_KNOTS('',3,3,((#10169,#10170,#10171,#10172),
(#10173,#10174,#10175,#10176),(#10177,#10178,#10179,#10180),(#10181,#10182,
#10183,#10184),(#10185,#10186,#10187,#10188)),.UNSPECIFIED.,.F.,.F.,.F.,
(4,1,4),(4,4),(0.,0.0120877829812118,0.0234764240751068),(-1.37875902503041E-6,
0.00100111627897914),.UNSPECIFIED.);
#106=B_SPLINE_SURFACE_WITH_KNOTS('',3,3,((#10197,#10198,#10199,#10200),
(#10201,#10202,#10203,#10204),(#10205,#10206,#10207,#10208),(#10209,#10210,
#10211,#10212),(#10213,#10214,#10215,#10216)),.UNSPECIFIED.,.F.,.F.,.F.,
(4,1,4),(4,4),(0.,0.0124876213484048,0.0250259062191124),(-4.28929135756318E-7,
0.00100042457008256),.UNSPECIFIED.);
#107=B_SPLINE_SURFACE_WITH_KNOTS('',3,3,((#10225,#10226,#10227,#10228),
(#10229,#10230,#10231,#10232),(#10233,#10234,#10235,#10236),(#10237,#10238,
#10239,#10240),(#10241,#10242,#10243,#10244)),.UNSPECIFIED.,.F.,.F.,.F.,
(4,1,4),(4,4),(0.,0.0163085015132697,0.0340605325796596),(-2.62079101699361E-6,
0.00100214428713642),.UNSPECIFIED.);
#108=B_SPLINE_SURFACE_WITH_KNOTS('',3,3,((#10251,#10252,#10253,#10254),
(#10255,#10256,#10257,#10258),(#10259,#10260,#10261,#10262),(#10263,#10264,
#10265,#10266),(#10267,#10268,#10269,#10270)),.UNSPECIFIED.,.F.,.F.,.F.,
(4,1,4),(4,4),(0.,0.0217234693138946,0.0415873276244174),(-2.79154889913528E-6,
0.00100274861650019),.UNSPECIFIED.);
#109=B_SPLINE_SURFACE_WITH_KNOTS('',3,3,((#10273,#10274,#10275,#10276),
(#10277,#10278,#10279,#10280),(#10281,#10282,#10283,#10284),(#10285,#10286,
#10287,#10288),(#10289,#10290,#10291,#10292)),.UNSPECIFIED.,.F.,.F.,.F.,
(4,1,4),(4,4),(0.,0.0278644578161507,0.0568471694980893),(-7.6468720453221E-6,
0.001),.UNSPECIFIED.);
#110=B_SPLINE_SURFACE_WITH_KNOTS('',3,3,((#10294,#10295,#10296,#10297),
(#10298,#10299,#10300,#10301),(#10302,#10303,#10304,#10305),(#10306,#10307,
#10308,#10309),(#10310,#10311,#10312,#10313)),.UNSPECIFIED.,.F.,.F.,.F.,
(4,1,4),(4,4),(0.,0.0503537169917934,0.0881774066584546),(-1.12509095166861E-5,
0.001),.UNSPECIFIED.);
#111=B_SPLINE_SURFACE_WITH_KNOTS('',3,3,((#10315,#10316,#10317,#10318),
(#10319,#10320,#10321,#10322),(#10323,#10324,#10325,#10326),(#10327,#10328,
#10329,#10330),(#10331,#10332,#10333,#10334)),.UNSPECIFIED.,.F.,.F.,.F.,
(4,1,4),(4,4),(0.,0.0332380382660084,0.0780265925742067),(-9.29825977930415E-6,
0.001),.UNSPECIFIED.);
#112=B_SPLINE_SURFACE_WITH_KNOTS('',3,3,((#10336,#10337,#10338,#10339),
(#10340,#10341,#10342,#10343),(#10344,#10345,#10346,#10347),(#10348,#10349,
#10350,#10351),(#10352,#10353,#10354,#10355)),.UNSPECIFIED.,.F.,.F.,.F.,
(4,1,4),(4,4),(0.,0.0284309025669827,0.0563546548802808),(-6.98326745702859E-6,
0.001),.UNSPECIFIED.);
#113=B_SPLINE_SURFACE_WITH_KNOTS('',3,3,((#10357,#10358,#10359,#10360),
(#10361,#10362,#10363,#10364),(#10365,#10366,#10367,#10368),(#10369,#10370,
#10371,#10372),(#10373,#10374,#10375,#10376)),.UNSPECIFIED.,.F.,.F.,.F.,
(4,1,4),(4,4),(0.,0.0164582541894753,0.0336462228276651),(-1.08195710926615E-6,
0.00100110478268969),.UNSPECIFIED.);
#114=B_SPLINE_SURFACE_WITH_KNOTS('',3,3,((#10378,#10379,#10380,#10381),
(#10382,#10383,#10384,#10385),(#10386,#10387,#10388,#10389),(#10390,#10391,
#10392,#10393),(#10394,#10395,#10396,#10397)),.UNSPECIFIED.,.F.,.F.,.F.,
(4,1,4),(4,4),(0.,0.0172212301522818,0.0336691659302064),(-2.7932980429124E-6,
0.00100225206844772),.UNSPECIFIED.);
#115=B_SPLINE_SURFACE_WITH_KNOTS('',3,3,((#10399,#10400,#10401,#10402),
(#10403,#10404,#10405,#10406),(#10407,#10408,#10409,#10410),(#10411,#10412,
#10413,#10414),(#10415,#10416,#10417,#10418)),.UNSPECIFIED.,.F.,.F.,.F.,
(4,1,4),(4,4),(0.,0.0182746883538041,0.0361733206262803),(-1.01964717628691E-6,
0.00100098851500537),.UNSPECIFIED.);
#116=B_SPLINE_SURFACE_WITH_KNOTS('',3,3,((#10420,#10421,#10422,#10423),
(#10424,#10425,#10426,#10427),(#10428,#10429,#10430,#10431),(#10432,#10433,
#10434,#10435),(#10436,#10437,#10438,#10439)),.UNSPECIFIED.,.F.,.F.,.F.,
(4,1,4),(4,4),(0.,0.0244301447112237,0.0507917002969272),(-5.50711875406973E-6,
0.00100470382904312),.UNSPECIFIED.);
#117=B_SPLINE_SURFACE_WITH_KNOTS('',3,3,((#10441,#10442,#10443,#10444),
(#10445,#10446,#10447,#10448),(#10449,#10450,#10451,#10452),(#10453,#10454,
#10455,#10456),(#10457,#10458,#10459,#10460)),.UNSPECIFIED.,.F.,.F.,.F.,
(4,1,4),(4,4),(0.,0.0231768638243115,0.0465850751471871),(-4.109781662709E-6,
0.001),.UNSPECIFIED.);
#118=B_SPLINE_SURFACE_WITH_KNOTS('',3,3,((#10462,#10463,#10464,#10465),
(#10466,#10467,#10468,#10469),(#10470,#10471,#10472,#10473),(#10474,#10475,
#10476,#10477),(#10478,#10479,#10480,#10481)),.UNSPECIFIED.,.F.,.F.,.F.,
(4,1,4),(4,4),(0.,0.0140195500509383,0.0278615326333854),(-5.33551526095902E-7,
0.00100057658449623),.UNSPECIFIED.);
#119=B_SPLINE_SURFACE_WITH_KNOTS('',3,3,((#10483,#10484,#10485,#10486),
(#10487,#10488,#10489,#10490),(#10491,#10492,#10493,#10494),(#10495,#10496,
#10497,#10498),(#10499,#10500,#10501,#10502)),.UNSPECIFIED.,.F.,.F.,.F.,
(4,1,4),(4,4),(0.,0.0153495643487249,0.0297978619718783),(-1.88031864466873E-6,
0.0010016202197461),.UNSPECIFIED.);
#120=B_SPLINE_SURFACE_WITH_KNOTS('',3,3,((#10504,#10505,#10506,#10507),
(#10508,#10509,#10510,#10511),(#10512,#10513,#10514,#10515),(#10516,#10517,
#10518,#10519),(#10520,#10521,#10522,#10523)),.UNSPECIFIED.,.F.,.F.,.F.,
(4,1,4),(4,4),(0.,0.0203249964149562,0.0469600261967192),(-1.00312002765884E-6,
0.00100093242582676),.UNSPECIFIED.);
#121=B_SPLINE_SURFACE_WITH_KNOTS('',3,3,((#10525,#10526,#10527,#10528),
(#10529,#10530,#10531,#10532),(#10533,#10534,#10535,#10536),(#10537,#10538,
#10539,#10540),(#10541,#10542,#10543,#10544)),.UNSPECIFIED.,.F.,.F.,.F.,
(4,1,4),(4,4),(0.,0.0146871849675,0.0310221239310116),(-2.18651658327916E-6,
0.00100180210468505),.UNSPECIFIED.);
#122=B_SPLINE_SURFACE_WITH_KNOTS('',3,3,((#10546,#10547,#10548,#10549),
(#10550,#10551,#10552,#10553),(#10554,#10555,#10556,#10557),(#10558,#10559,
#10560,#10561),(#10562,#10563,#10564,#10565)),.UNSPECIFIED.,.F.,.F.,.F.,
(4,1,4),(4,4),(0.,0.0111373463285916,0.0219064224583715),(-6.13755151895848E-7,
0.00100062911326357),.UNSPECIFIED.);
#123=B_SPLINE_SURFACE_WITH_KNOTS('',3,3,((#10567,#10568,#10569,#10570),
(#10571,#10572,#10573,#10574),(#10575,#10576,#10577,#10578),(#10579,#10580,
#10581,#10582),(#10583,#10584,#10585,#10586)),.UNSPECIFIED.,.F.,.F.,.F.,
(4,1,4),(4,4),(0.,0.0136270250138557,0.0273192236169037),(-1.45167039021525E-6,
0.00100152293207645),.UNSPECIFIED.);
#124=B_SPLINE_SURFACE_WITH_KNOTS('',3,3,((#10588,#10589,#10590,#10591),
(#10592,#10593,#10594,#10595),(#10596,#10597,#10598,#10599),(#10600,#10601,
#10602,#10603),(#10604,#10605,#10606,#10607)),.UNSPECIFIED.,.F.,.F.,.F.,
(4,1,4),(4,4),(0.,0.0130948380299487,0.0231453386278525),(-8.11090298983141E-7,
0.00100072028630689),.UNSPECIFIED.);
#125=B_SPLINE_SURFACE_WITH_KNOTS('',3,3,((#10609,#10610,#10611,#10612),
(#10613,#10614,#10615,#10616),(#10617,#10618,#10619,#10620),(#10621,#10622,
#10623,#10624)),.UNSPECIFIED.,.F.,.F.,.F.,(4,4),(4,4),(0.,0.0027091790598335),
(0.,0.001),.UNSPECIFIED.);
#126=B_SPLINE_SURFACE_WITH_KNOTS('',3,3,((#10626,#10627,#10628,#10629),
(#10630,#10631,#10632,#10633),(#10634,#10635,#10636,#10637),(#10638,#10639,
#10640,#10641),(#10642,#10643,#10644,#10645)),.UNSPECIFIED.,.F.,.F.,.F.,
(4,1,4),(4,4),(0.,0.0198405875055932,0.0414989336782935),(-4.0565879703046E-6,
0.00100358743818166),.UNSPECIFIED.);
#127=B_SPLINE_CURVE_WITH_KNOTS('',3,(#6160,#6161,#6162,#6163,#6164,#6165,
#6166),.UNSPECIFIED.,.F.,.F.,(4,3,4),(0.,0.00597754605298324,0.0147803363585491),
 .UNSPECIFIED.);
#128=B_SPLINE_CURVE_WITH_KNOTS('',3,(#6168,#6169,#6170,#6171,#6172),
 .UNSPECIFIED.,.F.,.F.,(4,1,4),(0.,0.00680639128907896,0.0132398813299385),
 .UNSPECIFIED.);
#129=B_SPLINE_CURVE_WITH_KNOTS('',3,(#6174,#6175,#6176,#6177,#6178,#6179),
 .UNSPECIFIED.,.F.,.F.,(4,2,4),(-0.0122244719869034,-0.00687552281325537,
0.),.UNSPECIFIED.);
#130=B_SPLINE_CURVE_WITH_KNOTS('',3,(#6181,#6182,#6183,#6184,#6185,#6186),
 .UNSPECIFIED.,.F.,.F.,(4,2,4),(-0.0298643683330155,-0.01542205541001,0.),
 .UNSPECIFIED.);
#131=B_SPLINE_CURVE_WITH_KNOTS('',3,(#6188,#6189,#6190,#6191,#6192,#6193),
 .UNSPECIFIED.,.F.,.F.,(4,2,4),(-0.0493753282194044,-0.0246876641096463,
0.),.UNSPECIFIED.);
#132=B_SPLINE_CURVE_WITH_KNOTS('',3,(#6197,#6198,#6199,#6200),
 .UNSPECIFIED.,.F.,.F.,(4,4),(0.,0.0772110959316822),.UNSPECIFIED.);
#133=B_SPLINE_CURVE_WITH_KNOTS('',3,(#6202,#6203,#6204,#6205,#6206,#6207),
 .UNSPECIFIED.,.F.,.F.,(4,2,4),(-0.0383993340666325,-0.0177195167747282,
0.),.UNSPECIFIED.);
#134=B_SPLINE_CURVE_WITH_KNOTS('',3,(#6209,#6210,#6211,#6212,#6213,#6214,
#6215,#6216,#6217,#6218),.UNSPECIFIED.,.F.,.F.,(4,3,3,4),(0.,0.00882510832597377,
0.010515012453431,0.0188576872489789),.UNSPECIFIED.);
#135=B_SPLINE_CURVE_WITH_KNOTS('',3,(#6220,#6221,#6222,#6223,#6224,#6225),
 .UNSPECIFIED.,.F.,.F.,(4,2,4),(-0.0654682977528795,-0.0297823233859684,
0.),.UNSPECIFIED.);
#136=B_SPLINE_CURVE_WITH_KNOTS('',3,(#6227,#6228,#6229,#6230,#6231,#6232),
 .UNSPECIFIED.,.F.,.F.,(4,2,4),(-0.0295167263926762,-0.0157896817529234,
0.),.UNSPECIFIED.);
#137=B_SPLINE_CURVE_WITH_KNOTS('',3,(#6234,#6235,#6236,#6237,#6238,#6239),
 .UNSPECIFIED.,.F.,.F.,(4,2,4),(-0.0340771492871352,-0.0165284006022027,
0.),.UNSPECIFIED.);
#138=B_SPLINE_CURVE_WITH_KNOTS('',3,(#6241,#6242,#6243,#6244,#6245,#6246,
#6247,#6248),.UNSPECIFIED.,.F.,.F.,(4,2,2,4),(-0.0316190969477812,-0.0246132602043978,
-0.0166492268512118,0.),.UNSPECIFIED.);
#139=B_SPLINE_CURVE_WITH_KNOTS('',3,(#6250,#6251,#6252,#6253,#6254,#6255),
 .UNSPECIFIED.,.F.,.F.,(4,2,4),(-0.0432108929271867,-0.0223602614524211,
0.),.UNSPECIFIED.);
#140=B_SPLINE_CURVE_WITH_KNOTS('',3,(#6265,#6266,#6267,#6268,#6269,#6270),
 .UNSPECIFIED.,.F.,.F.,(4,2,4),(-0.0368015705712611,-0.0177981919555554,
0.),.UNSPECIFIED.);
#141=B_SPLINE_CURVE_WITH_KNOTS('',3,(#6272,#6273,#6274,#6275,#6276,#6277),
 .UNSPECIFIED.,.F.,.F.,(4,2,4),(-0.0167733442007684,-0.00914805714009478,
0.),.UNSPECIFIED.);
#142=B_SPLINE_CURVE_WITH_KNOTS('',3,(#6279,#6280,#6281,#6282,#6283,#6284),
 .UNSPECIFIED.,.F.,.F.,(4,2,4),(-0.0201575196443572,-0.00988299733904633,
0.),.UNSPECIFIED.);
#143=B_SPLINE_CURVE_WITH_KNOTS('',3,(#6286,#6287,#6288,#6289,#6290,#6291),
 .UNSPECIFIED.,.F.,.F.,(4,2,4),(-0.0132381342792316,-0.0109462549903841,
0.),.UNSPECIFIED.);
#144=B_SPLINE_CURVE_WITH_KNOTS('',3,(#6293,#6294,#6295,#6296,#6297),
 .UNSPECIFIED.,.F.,.F.,(4,1,4),(0.,0.0161936342153691,0.0287237785462882),
 .UNSPECIFIED.);
#145=B_SPLINE_CURVE_WITH_KNOTS('',3,(#6332,#6333,#6334,#6335,#6336),
 .UNSPECIFIED.,.F.,.F.,(4,1,4),(0.,0.00597754605298324,0.0147803363585491),
 .UNSPECIFIED.);
#146=B_SPLINE_CURVE_WITH_KNOTS('',3,(#6359,#6360,#6361,#6362,#6363,#6364,
#6365),.UNSPECIFIED.,.F.,.F.,(4,3,4),(0.,0.00680639128907896,0.0132398813299385),
 .UNSPECIFIED.);
#147=B_SPLINE_CURVE_WITH_KNOTS('',3,(#6388,#6389,#6390,#6391,#6392,#6393),
 .UNSPECIFIED.,.F.,.F.,(4,2,4),(-0.0121055604085137,-0.00680051875876006,
0.),.UNSPECIFIED.);
#148=B_SPLINE_CURVE_WITH_KNOTS('',3,(#6416,#6417,#6418,#6419,#6420,#6421,
#6422,#6423,#6424,#6425),.UNSPECIFIED.,.F.,.F.,(4,3,3,4),(0.,0.0154040754324144,
0.0190890615502072,0.0335377417892495),.UNSPECIFIED.);
#149=B_SPLINE_CURVE_WITH_KNOTS('',3,(#6444,#6445,#6446,#6447,#6448,#6449),
 .UNSPECIFIED.,.F.,.F.,(4,2,4),(-0.0493147746080561,-0.0246573873040763,
0.),.UNSPECIFIED.);
#150=B_SPLINE_CURVE_WITH_KNOTS('',3,(#6472,#6473,#6474,#6475),
 .UNSPECIFIED.,.F.,.F.,(4,4),(0.,0.0772110959316822),.UNSPECIFIED.);
#151=B_SPLINE_CURVE_WITH_KNOTS('',3,(#6498,#6499,#6500,#6501,#6502,#6503),
 .UNSPECIFIED.,.F.,.F.,(4,2,4),(-0.0383731476183774,-0.0176870357767005,
0.),.UNSPECIFIED.);
#152=B_SPLINE_CURVE_WITH_KNOTS('',3,(#6526,#6527,#6528,#6529,#6530,#6531),
 .UNSPECIFIED.,.F.,.F.,(4,2,4),(-0.0173898569276902,-0.00876320062955947,
0.),.UNSPECIFIED.);
#153=B_SPLINE_CURVE_WITH_KNOTS('',3,(#6554,#6555,#6556,#6557,#6558,#6559),
 .UNSPECIFIED.,.F.,.F.,(4,2,4),(-0.0677441286121505,-0.0304389353098442,
0.),.UNSPECIFIED.);
#154=B_SPLINE_CURVE_WITH_KNOTS('',3,(#6582,#6583,#6584,#6585,#6586,#6587),
 .UNSPECIFIED.,.F.,.F.,(4,2,4),(-0.0293464405074667,-0.0157060700055403,
0.),.UNSPECIFIED.);
#155=B_SPLINE_CURVE_WITH_KNOTS('',3,(#6610,#6611,#6612,#6613,#6614,#6615),
 .UNSPECIFIED.,.F.,.F.,(4,2,4),(-0.0340220984871258,-0.0165009313007259,
0.),.UNSPECIFIED.);
#156=B_SPLINE_CURVE_WITH_KNOTS('',3,(#6638,#6639,#6640,#6641,#6642,#6643,
#6644,#6645,#6646,#6647,#6648,#6649,#6650),.UNSPECIFIED.,.F.,.F.,(4,3,3,
3,4),(0.,0.00853205201058974,0.0145676581804785,0.0228619585648528,0.0296859113569096),
 .UNSPECIFIED.);
#157=B_SPLINE_CURVE_WITH_KNOTS('',3,(#6673,#6674,#6675,#6676,#6677,#6678),
 .UNSPECIFIED.,.F.,.F.,(4,2,4),(-0.0427007366163837,-0.0221632193401959,
0.),.UNSPECIFIED.);
#158=B_SPLINE_CURVE_WITH_KNOTS('',3,(#6717,#6718,#6719,#6720,#6721,#6722),
 .UNSPECIFIED.,.F.,.F.,(4,2,4),(-0.0370385693741216,-0.0178560126525553,
0.),.UNSPECIFIED.);
#159=B_SPLINE_CURVE_WITH_KNOTS('',3,(#6745,#6746,#6747,#6748,#6749,#6750),
 .UNSPECIFIED.,.F.,.F.,(4,2,4),(-0.0166030243499467,-0.00906289387432123,
0.),.UNSPECIFIED.);
#160=B_SPLINE_CURVE_WITH_KNOTS('',3,(#6773,#6774,#6775,#6776,#6777,#6778),
 .UNSPECIFIED.,.F.,.F.,(4,2,4),(-0.020128223917568,-0.00986853084644552,
0.),.UNSPECIFIED.);
#161=B_SPLINE_CURVE_WITH_KNOTS('',3,(#6801,#6802,#6803,#6804,#6805,#6806),
 .UNSPECIFIED.,.F.,.F.,(4,2,4),(-0.0131717191223636,-0.0109216511832426,
0.),.UNSPECIFIED.);
#162=B_SPLINE_CURVE_WITH_KNOTS('',3,(#6829,#6830,#6831,#6832,#6833,#6834,
#6835,#6836,#6837,#6838),.UNSPECIFIED.,.F.,.F.,(4,3,3,4),(0.,0.0144811154260794,
0.0161936342153691,0.0287237785462882),.UNSPECIFIED.);
#163=B_SPLINE_CURVE_WITH_KNOTS('',3,(#6850,#6851,#6852,#6853),
 .UNSPECIFIED.,.F.,.F.,(4,4),(0.,0.283687926353292),.UNSPECIFIED.);
#164=B_SPLINE_CURVE_WITH_KNOTS('',3,(#6857,#6858,#6859,#6860),
 .UNSPECIFIED.,.F.,.F.,(4,4),(0.,0.206089780685749),.UNSPECIFIED.);
#165=B_SPLINE_CURVE_WITH_KNOTS('',3,(#6862,#6863,#6864,#6865,#6866,#6867,
#6868),.UNSPECIFIED.,.F.,.F.,(4,3,4),(0.,0.0171216006139142,0.0344777453477942),
 .UNSPECIFIED.);
#166=B_SPLINE_CURVE_WITH_KNOTS('',3,(#6870,#6871,#6872,#6873,#6874,#6875,
#6876),.UNSPECIFIED.,.F.,.F.,(4,3,4),(0.,0.0178717731855044,0.0343919842445859),
 .UNSPECIFIED.);
#167=B_SPLINE_CURVE_WITH_KNOTS('',3,(#6878,#6879,#6880,#6881),
 .UNSPECIFIED.,.F.,.F.,(4,4),(0.,0.206089780685749),.UNSPECIFIED.);
#168=B_SPLINE_CURVE_WITH_KNOTS('',3,(#6885,#6886,#6887,#6888),
 .UNSPECIFIED.,.F.,.F.,(4,4),(0.,0.283687926353292),.UNSPECIFIED.);
#169=B_SPLINE_CURVE_WITH_KNOTS('',3,(#6908,#6909,#6910,#6911,#6912,#6913,
#6914,#6915,#6916,#6917,#6918,#6919,#6920),.UNSPECIFIED.,.F.,.F.,(4,3,3,
3,4),(0.,0.0816232245671245,0.163241392095597,0.244861753249619,0.283687926353292),
 .UNSPECIFIED.);
#170=B_SPLINE_CURVE_WITH_KNOTS('',3,(#6944,#6945,#6946,#6947,#6948,#6949,
#6950,#6951,#6952,#6953),.UNSPECIFIED.,.F.,.F.,(4,3,3,4),(0.,0.0816183770548379,
0.163239241128715,0.206089780685749),.UNSPECIFIED.);
#171=B_SPLINE_CURVE_WITH_KNOTS('',3,(#6976,#6977,#6978,#6979,#6980),
 .UNSPECIFIED.,.F.,.F.,(4,1,4),(0.,0.0171216006139142,0.0344777453477942),
 .UNSPECIFIED.);
#172=B_SPLINE_CURVE_WITH_KNOTS('',3,(#7003,#7004,#7005,#7006,#7007),
 .UNSPECIFIED.,.F.,.F.,(4,1,4),(0.,0.0178717731855044,0.0343919842445859),
 .UNSPECIFIED.);
#173=B_SPLINE_CURVE_WITH_KNOTS('',3,(#7026,#7027,#7028,#7029,#7030,#7031,
#7032,#7033,#7034,#7035),.UNSPECIFIED.,.F.,.F.,(4,3,3,4),(0.,0.081618377054918,
0.163239241128786,0.206089780685749),.UNSPECIFIED.);
#174=B_SPLINE_CURVE_WITH_KNOTS('',3,(#7058,#7059,#7060,#7061,#7062,#7063,
#7064,#7065,#7066,#7067,#7068,#7069,#7070),.UNSPECIFIED.,.F.,.F.,(4,3,3,
3,4),(0.,0.0816232245671407,0.163241392095653,0.244861753249661,0.283687926353292),
 .UNSPECIFIED.);
#175=B_SPLINE_CURVE_WITH_KNOTS('',3,(#7102,#7103,#7104,#7105),
 .UNSPECIFIED.,.F.,.F.,(4,4),(0.,0.0859191231693781),.UNSPECIFIED.);
#176=B_SPLINE_CURVE_WITH_KNOTS('',3,(#7109,#7110,#7111,#7112),
 .UNSPECIFIED.,.F.,.F.,(4,4),(0.,0.0859191231693782),.UNSPECIFIED.);
#177=B_SPLINE_CURVE_WITH_KNOTS('',3,(#7116,#7117,#7118,#7119),
 .UNSPECIFIED.,.F.,.F.,(4,4),(0.,0.283687926353292),.UNSPECIFIED.);
#178=B_SPLINE_CURVE_WITH_KNOTS('',3,(#7123,#7124,#7125,#7126),
 .UNSPECIFIED.,.F.,.F.,(4,4),(0.,0.283687926353292),.UNSPECIFIED.);
#179=B_SPLINE_CURVE_WITH_KNOTS('',3,(#7130,#7131,#7132,#7133,#7134,#7135),
 .UNSPECIFIED.,.F.,.F.,(4,2,4),(-0.0396654787213798,-0.0197839892654976,
0.),.UNSPECIFIED.);
#180=B_SPLINE_CURVE_WITH_KNOTS('',3,(#7137,#7138,#7139,#7140,#7141,#7142,
#7143,#7144,#7145,#7146),.UNSPECIFIED.,.F.,.F.,(4,3,3,4),(0.,0.020109381548497,
0.0244477221274537,0.0438419035349094),.UNSPECIFIED.);
#181=B_SPLINE_CURVE_WITH_KNOTS('',3,(#7148,#7149,#7150,#7151,#7152,#7153),
 .UNSPECIFIED.,.F.,.F.,(4,2,4),(-0.0592895319911408,-0.0296447659955367,
0.),.UNSPECIFIED.);
#182=B_SPLINE_CURVE_WITH_KNOTS('',3,(#7156,#7157,#7158,#7159),
 .UNSPECIFIED.,.F.,.F.,(4,4),(0.,0.0832099863823424),.UNSPECIFIED.);
#183=B_SPLINE_CURVE_WITH_KNOTS('',3,(#7182,#7183,#7184,#7185,#7186,#7187),
 .UNSPECIFIED.,.F.,.F.,(4,2,4),(-0.0396126665801317,-0.0197579385340528,
0.),.UNSPECIFIED.);
#184=B_SPLINE_CURVE_WITH_KNOTS('',3,(#7211,#7212,#7213,#7214,#7215,#7216),
 .UNSPECIFIED.,.F.,.F.,(4,2,4),(-0.0405654892276561,-0.0208118981270519,
0.),.UNSPECIFIED.);
#185=B_SPLINE_CURVE_WITH_KNOTS('',3,(#7235,#7236,#7237,#7238,#7239,#7240),
 .UNSPECIFIED.,.F.,.F.,(4,2,4),(-0.0591931613903754,-0.0295965806952193,
0.),.UNSPECIFIED.);
#186=B_SPLINE_CURVE_WITH_KNOTS('',3,(#7262,#7263,#7264,#7265),
 .UNSPECIFIED.,.F.,.F.,(4,4),(0.,0.0832099863823424),.UNSPECIFIED.);
#187=B_SPLINE_CURVE_WITH_KNOTS('',3,(#7284,#7285,#7286,#7287,#7288,#7289,
#7290),.UNSPECIFIED.,.F.,.F.,(4,3,4),(0.,0.0816167261553445,0.0859191231693781),
 .UNSPECIFIED.);
#188=B_SPLINE_CURVE_WITH_KNOTS('',3,(#7314,#7315,#7316,#7317,#7318,#7319,
#7320),.UNSPECIFIED.,.F.,.F.,(4,3,4),(0.,0.0816167261553585,0.0859191231693782),
 .UNSPECIFIED.);
#189=B_SPLINE_CURVE_WITH_KNOTS('',3,(#7343,#7344,#7345,#7346,#7347,#7348,
#7349,#7350,#7351,#7352,#7353,#7354,#7355),.UNSPECIFIED.,.F.,.F.,(4,3,3,
3,4),(0.,0.0816232245671321,0.163241392095634,0.244861753249616,0.283687926353292),
 .UNSPECIFIED.);
#190=B_SPLINE_CURVE_WITH_KNOTS('',3,(#7378,#7379,#7380,#7381,#7382,#7383,
#7384,#7385,#7386,#7387,#7388,#7389,#7390),.UNSPECIFIED.,.F.,.F.,(4,3,3,
3,4),(0.,0.0816232245671411,0.16324139209563,0.244861753249637,0.283687926353292),
 .UNSPECIFIED.);
#191=B_SPLINE_CURVE_WITH_KNOTS('',3,(#7404,#7405,#7406,#7407,#7408,#7409,
#7410,#7411,#7412,#7413,#7414,#7415,#7416),.UNSPECIFIED.,.F.,.F.,(4,3,3,
3,4),(0.,0.081623118928216,0.163241211306393,0.244861393718561,0.282224472074305),
 .UNSPECIFIED.);
#192=B_SPLINE_CURVE_WITH_KNOTS('',3,(#7418,#7419,#7420,#7421,#7422,#7423,
#7424,#7425,#7426,#7427,#7428,#7429,#7430),.UNSPECIFIED.,.F.,.F.,(4,3,3,
3,4),(0.,0.0816231189282249,0.163241211306382,0.244861393718533,0.282224472074305),
 .UNSPECIFIED.);
#193=B_SPLINE_CURVE_WITH_KNOTS('',3,(#7434,#7435,#7436,#7437,#7438,#7439,
#7440,#7441,#7442,#7443,#7444,#7445,#7446),.UNSPECIFIED.,.F.,.F.,(4,3,3,
3,4),(0.,0.0816232245671245,0.163241392095597,0.244861753249619,0.283687926353292),
 .UNSPECIFIED.);
#194=B_SPLINE_CURVE_WITH_KNOTS('',3,(#7450,#7451,#7452,#7453,#7454,#7455,
#7456),.UNSPECIFIED.,.F.,.F.,(4,3,4),(0.,0.081616726155374,0.0859191231693782),
 .UNSPECIFIED.);
#195=B_SPLINE_CURVE_WITH_KNOTS('',3,(#7460,#7461,#7462,#7463,#7464,#7465,
#7466),.UNSPECIFIED.,.F.,.F.,(4,3,4),(0.,0.081616726155374,0.0859191231693782),
 .UNSPECIFIED.);
#196=B_SPLINE_CURVE_WITH_KNOTS('',3,(#7470,#7471,#7472,#7473,#7474,#7475,
#7476),.UNSPECIFIED.,.F.,.F.,(4,3,4),(0.,0.081616726155374,0.0859191231693782),
 .UNSPECIFIED.);
#197=B_SPLINE_CURVE_WITH_KNOTS('',3,(#7480,#7481,#7482,#7483,#7484,#7485,
#7486),.UNSPECIFIED.,.F.,.F.,(4,3,4),(0.,0.081616726155374,0.0859191231693782),
 .UNSPECIFIED.);
#198=B_SPLINE_CURVE_WITH_KNOTS('',3,(#7489,#7490,#7491,#7492,#7493,#7494,
#7495,#7496,#7497,#7498,#7499,#7500,#7501),.UNSPECIFIED.,.F.,.F.,(4,3,3,
3,4),(0.,0.081623224567155,0.163241392095646,0.244861753249635,0.283687926353292),
 .UNSPECIFIED.);
#199=B_SPLINE_CURVE_WITH_KNOTS('',3,(#7512,#7513,#7514,#7515,#7516,#7517),
 .UNSPECIFIED.,.F.,.F.,(4,2,4),(-0.0256338616954536,-0.0126079429577839,
0.),.UNSPECIFIED.);
#200=B_SPLINE_CURVE_WITH_KNOTS('',3,(#7519,#7520,#7521,#7522,#7523,#7524),
 .UNSPECIFIED.,.F.,.F.,(4,2,4),(-0.0140403907075717,-0.00785475155560335,
0.),.UNSPECIFIED.);
#201=B_SPLINE_CURVE_WITH_KNOTS('',3,(#7528,#7529,#7530,#7531,#7532,#7533),
 .UNSPECIFIED.,.F.,.F.,(4,2,4),(-0.0470602057025499,-0.0222579470822015,
0.),.UNSPECIFIED.);
#202=B_SPLINE_CURVE_WITH_KNOTS('',3,(#7534,#7535,#7536,#7537,#7538,#7539),
 .UNSPECIFIED.,.F.,.F.,(4,2,4),(-0.0313916370485377,-0.0161296702005478,
0.),.UNSPECIFIED.);
#203=B_SPLINE_CURVE_WITH_KNOTS('',3,(#7542,#7543,#7544,#7545,#7546,#7547),
 .UNSPECIFIED.,.F.,.F.,(4,2,4),(-0.0540573877715776,-0.0274252198274459,
0.),.UNSPECIFIED.);
#204=B_SPLINE_CURVE_WITH_KNOTS('',3,(#7549,#7550,#7551,#7552,#7553,#7554),
 .UNSPECIFIED.,.F.,.F.,(4,2,4),(-0.0568563387728261,-0.0249995730441018,
0.),.UNSPECIFIED.);
#205=B_SPLINE_CURVE_WITH_KNOTS('',3,(#7556,#7557,#7558,#7559,#7560,#7561),
 .UNSPECIFIED.,.F.,.F.,(4,2,4),(-0.0258766131579629,-0.0129383085263632,
0.),.UNSPECIFIED.);
#206=B_SPLINE_CURVE_WITH_KNOTS('',3,(#7563,#7564,#7565,#7566,#7567,#7568),
 .UNSPECIFIED.,.F.,.F.,(4,2,4),(-0.0209423219504475,-0.0116316900512859,
0.),.UNSPECIFIED.);
#207=B_SPLINE_CURVE_WITH_KNOTS('',3,(#7570,#7571,#7572,#7573,#7574,#7575),
 .UNSPECIFIED.,.F.,.F.,(4,2,4),(-0.032533833051017,-0.0161223655660021,
0.),.UNSPECIFIED.);
#208=B_SPLINE_CURVE_WITH_KNOTS('',3,(#7577,#7578,#7579,#7580,#7581,#7582),
 .UNSPECIFIED.,.F.,.F.,(4,2,4),(-0.0391545635176745,-0.0198180995674462,
0.),.UNSPECIFIED.);
#209=B_SPLINE_CURVE_WITH_KNOTS('',3,(#7584,#7585,#7586,#7587,#7588,#7589),
 .UNSPECIFIED.,.F.,.F.,(4,2,4),(-0.0475045140855581,-0.0205257410825615,
0.),.UNSPECIFIED.);
#210=B_SPLINE_CURVE_WITH_KNOTS('',3,(#7591,#7592,#7593,#7594,#7595,#7596),
 .UNSPECIFIED.,.F.,.F.,(4,2,4),(-0.0109745439524443,-0.00639510771211206,
0.),.UNSPECIFIED.);
#211=B_SPLINE_CURVE_WITH_KNOTS('',3,(#7598,#7599,#7600,#7601,#7602,#7603),
 .UNSPECIFIED.,.F.,.F.,(4,2,4),(-0.0393997853568545,-0.0194577412310301,
0.),.UNSPECIFIED.);
#212=B_SPLINE_CURVE_WITH_KNOTS('',3,(#7605,#7606,#7607,#7608,#7609,#7610),
 .UNSPECIFIED.,.F.,.F.,(4,2,4),(-0.025272996296617,-0.0127836672655496,
0.),.UNSPECIFIED.);
#213=B_SPLINE_CURVE_WITH_KNOTS('',3,(#7612,#7613,#7614,#7615,#7616,#7617),
 .UNSPECIFIED.,.F.,.F.,(4,2,4),(-0.0245149360847941,-0.0110469049745697,
0.),.UNSPECIFIED.);
#214=B_SPLINE_CURVE_WITH_KNOTS('',3,(#7619,#7620,#7621,#7622),
 .UNSPECIFIED.,.F.,.F.,(4,4),(0.,0.00425729345768056),.UNSPECIFIED.);
#215=B_SPLINE_CURVE_WITH_KNOTS('',3,(#7624,#7625,#7626,#7627,#7628,#7629,
#7630),.UNSPECIFIED.,.F.,.F.,(4,3,4),(0.,0.0816237923975462,0.145714164625668),
 .UNSPECIFIED.);
#216=B_SPLINE_CURVE_WITH_KNOTS('',3,(#7638,#7639,#7640,#7641,#7642,#7643),
 .UNSPECIFIED.,.F.,.F.,(4,2,4),(-0.0548232346877693,-0.0274116173439007,
0.),.UNSPECIFIED.);
#217=B_SPLINE_CURVE_WITH_KNOTS('',3,(#7645,#7646,#7647,#7648,#7649,#7650),
 .UNSPECIFIED.,.F.,.F.,(4,2,4),(-0.0535256432415534,-0.0260209288293175,
0.),.UNSPECIFIED.);
#218=B_SPLINE_CURVE_WITH_KNOTS('',3,(#7652,#7653,#7654,#7655,#7656,#7657,
#7658,#7659),.UNSPECIFIED.,.F.,.F.,(4,2,2,4),(-0.0525553441114852,-0.026478073603988,
-0.0128670379810099,0.),.UNSPECIFIED.);
#219=B_SPLINE_CURVE_WITH_KNOTS('',3,(#7661,#7662,#7663,#7664,#7665,#7666),
 .UNSPECIFIED.,.F.,.F.,(4,2,4),(-0.0616456391047742,-0.02765578334135,0.),
 .UNSPECIFIED.);
#220=B_SPLINE_CURVE_WITH_KNOTS('',3,(#7668,#7669,#7670,#7671,#7672,#7673),
 .UNSPECIFIED.,.F.,.F.,(4,2,4),(-0.0407665842606984,-0.0215459318233887,
0.),.UNSPECIFIED.);
#221=B_SPLINE_CURVE_WITH_KNOTS('',3,(#7674,#7675,#7676,#7677,#7678,#7679,
#7680,#7681),.UNSPECIFIED.,.F.,.F.,(4,2,2,4),(-0.0642810030921125,-0.0510971603765919,
-0.0349537155939446,0.),.UNSPECIFIED.);
#222=B_SPLINE_CURVE_WITH_KNOTS('',3,(#7696,#7697,#7698,#7699,#7700,#7701),
 .UNSPECIFIED.,.F.,.F.,(4,2,4),(-0.0469607751018068,-0.0238173522669719,
0.),.UNSPECIFIED.);
#223=B_SPLINE_CURVE_WITH_KNOTS('',3,(#7703,#7704,#7705,#7706,#7707,#7708),
 .UNSPECIFIED.,.F.,.F.,(4,2,4),(-0.0498455241542051,-0.0225270517994226,
0.),.UNSPECIFIED.);
#224=B_SPLINE_CURVE_WITH_KNOTS('',3,(#7710,#7711,#7712,#7713,#7714,#7715),
 .UNSPECIFIED.,.F.,.F.,(4,2,4),(-0.024494851522746,-0.0122474257691712,
0.),.UNSPECIFIED.);
#225=B_SPLINE_CURVE_WITH_KNOTS('',3,(#7717,#7718,#7719,#7720,#7721,#7722),
 .UNSPECIFIED.,.F.,.F.,(4,2,4),(-0.011321191947126,-0.00652973312486453,
0.),.UNSPECIFIED.);
#226=B_SPLINE_CURVE_WITH_KNOTS('',3,(#7724,#7725,#7726,#7727,#7728,#7729),
 .UNSPECIFIED.,.F.,.F.,(4,2,4),(-0.0330734134037545,-0.0164014533893127,
0.),.UNSPECIFIED.);
#227=B_SPLINE_CURVE_WITH_KNOTS('',3,(#7731,#7732,#7733,#7734,#7735,#7736),
 .UNSPECIFIED.,.F.,.F.,(4,2,4),(-0.0251093507731767,-0.0126731962936973,
0.),.UNSPECIFIED.);
#228=B_SPLINE_CURVE_WITH_KNOTS('',3,(#7738,#7739,#7740,#7741,#7742,#7743),
 .UNSPECIFIED.,.F.,.F.,(4,2,4),(-0.0387300456252193,-0.0167515379816504,
0.),.UNSPECIFIED.);
#229=B_SPLINE_CURVE_WITH_KNOTS('',3,(#7745,#7746,#7747,#7748,#7749,#7750),
 .UNSPECIFIED.,.F.,.F.,(4,2,4),(-0.054803770024323,-0.0236950099309793,
0.),.UNSPECIFIED.);
#230=B_SPLINE_CURVE_WITH_KNOTS('',3,(#7752,#7753,#7754,#7755,#7756,#7757),
 .UNSPECIFIED.,.F.,.F.,(4,2,4),(-0.0189317269906474,-0.0104151646272607,
0.),.UNSPECIFIED.);
#231=B_SPLINE_CURVE_WITH_KNOTS('',3,(#7759,#7760,#7761,#7762,#7763,#7764),
 .UNSPECIFIED.,.F.,.F.,(4,2,4),(-0.034210680562309,-0.016853811628025,0.),
 .UNSPECIFIED.);
#232=B_SPLINE_CURVE_WITH_KNOTS('',3,(#7766,#7767,#7768,#7769,#7770,#7771,
#7772,#7773),.UNSPECIFIED.,.F.,.F.,(4,2,2,4),(-0.0456390473856247,-0.0242581599158097,
-0.0122893393894048,0.),.UNSPECIFIED.);
#233=B_SPLINE_CURVE_WITH_KNOTS('',3,(#7775,#7776,#7777,#7778,#7779,#7780),
 .UNSPECIFIED.,.F.,.F.,(4,2,4),(-0.0614201384938219,-0.0274023745026382,
0.),.UNSPECIFIED.);
#234=B_SPLINE_CURVE_WITH_KNOTS('',3,(#7782,#7783,#7784,#7785,#7786,#7787),
 .UNSPECIFIED.,.F.,.F.,(4,2,4),(-0.033512810732071,-0.0171817958849836,
0.),.UNSPECIFIED.);
#235=B_SPLINE_CURVE_WITH_KNOTS('',3,(#7789,#7790,#7791,#7792,#7793,#7794),
 .UNSPECIFIED.,.F.,.F.,(4,2,4),(-0.0160265211508235,-0.00902623348127335,
0.),.UNSPECIFIED.);
#236=B_SPLINE_CURVE_WITH_KNOTS('',3,(#7796,#7797,#7798,#7799,#7800,#7801),
 .UNSPECIFIED.,.F.,.F.,(4,2,4),(-0.0391531730713661,-0.0193453754421942,
0.),.UNSPECIFIED.);
#237=B_SPLINE_CURVE_WITH_KNOTS('',3,(#7803,#7804,#7805,#7806,#7807,#7808,
#7809,#7810),.UNSPECIFIED.,.F.,.F.,(4,2,2,4),(-0.0658896887845125,-0.0325666792637262,
-0.0154157969430715,0.),.UNSPECIFIED.);
#238=B_SPLINE_CURVE_WITH_KNOTS('',3,(#7812,#7813,#7814,#7815,#7816,#7817),
 .UNSPECIFIED.,.F.,.F.,(4,2,4),(-0.10150842068671,-0.0412612749816028,0.),
 .UNSPECIFIED.);
#239=B_SPLINE_CURVE_WITH_KNOTS('',3,(#7819,#7820,#7821,#7822,#7823,#7824),
 .UNSPECIFIED.,.F.,.F.,(4,2,4),(-0.0290011477468877,-0.0171618958568723,
0.),.UNSPECIFIED.);
#240=B_SPLINE_CURVE_WITH_KNOTS('',3,(#7825,#7826,#7827,#7828,#7829,#7830,
#7831,#7832),.UNSPECIFIED.,.F.,.F.,(4,2,2,4),(-0.0617539134161581,-0.0489649332694544,
-0.0333999261182145,0.),.UNSPECIFIED.);
#241=B_SPLINE_CURVE_WITH_KNOTS('',3,(#7843,#7844,#7845,#7846,#7847,#7848,
#7849,#7850,#7851,#7852),.UNSPECIFIED.,.F.,.F.,(4,3,3,4),(0.,0.081619287239122,
0.163242406210094,0.222731820235016),.UNSPECIFIED.);
#242=B_SPLINE_CURVE_WITH_KNOTS('',3,(#7861,#7862,#7863,#7864,#7865,#7866,
#7867,#7868,#7869,#7870),.UNSPECIFIED.,.F.,.F.,(4,3,3,4),(0.,0.0816192982366294,
0.163242445085855,0.222925302830148),.UNSPECIFIED.);
#243=B_SPLINE_CURVE_WITH_KNOTS('',3,(#7895,#7896,#7897,#7898,#7899,#7900,
#7901),.UNSPECIFIED.,.F.,.F.,(4,3,4),(0.,0.0816230571995396,0.14068289851466),
 .UNSPECIFIED.);
#244=B_SPLINE_CURVE_WITH_KNOTS('',3,(#7905,#7906,#7907,#7908,#7909,#7910,
#7911),.UNSPECIFIED.,.F.,.F.,(4,3,4),(0.,0.0816197005706533,0.114945866537432),
 .UNSPECIFIED.);
#245=B_SPLINE_CURVE_WITH_KNOTS('',3,(#7913,#7914,#7915,#7916,#7917,#7918,
#7919),.UNSPECIFIED.,.F.,.F.,(4,3,4),(0.,0.08437102990793,0.16874205981586),
 .UNSPECIFIED.);
#246=B_SPLINE_CURVE_WITH_KNOTS('',3,(#7923,#7924,#7925,#7926,#7927,#7928,
#7929),.UNSPECIFIED.,.F.,.F.,(4,3,4),(0.,0.0816234781992261,0.143585560169626),
 .UNSPECIFIED.);
#247=B_SPLINE_CURVE_WITH_KNOTS('',3,(#7930,#7931,#7932,#7933,#7934,#7935),
 .UNSPECIFIED.,.F.,.F.,(4,2,4),(-0.045729730961912,-0.022864865481018,0.),
 .UNSPECIFIED.);
#248=B_SPLINE_CURVE_WITH_KNOTS('',3,(#7958,#7959,#7960,#7961,#7962,#7963,
#7964),.UNSPECIFIED.,.F.,.F.,(4,3,4),(0.,0.0816167261553445,0.0859191231693781),
 .UNSPECIFIED.);
#249=B_SPLINE_CURVE_WITH_KNOTS('',3,(#7968,#7969,#7970,#7971,#7972,#7973,
#7974,#7975,#7976,#7977,#7978,#7979,#7980),.UNSPECIFIED.,.F.,.F.,(4,3,3,
3,4),(0.,0.0816232245671286,0.16324139209567,0.244861753249668,0.283687926353292),
 .UNSPECIFIED.);
#250=B_SPLINE_CURVE_WITH_KNOTS('',3,(#7984,#7985,#7986,#7987,#7988,#7989,
#7990,#7991,#7992,#7993,#7994,#7995,#7996),.UNSPECIFIED.,.F.,.F.,(4,3,3,
3,4),(0.,0.0816232245671321,0.163241392095634,0.244861753249616,0.283687926353292),
 .UNSPECIFIED.);
#251=B_SPLINE_CURVE_WITH_KNOTS('',3,(#8000,#8001,#8002,#8003,#8004,#8005,
#8006),.UNSPECIFIED.,.F.,.F.,(4,3,4),(0.,0.0816167261553585,0.0859191231693782),
 .UNSPECIFIED.);
#252=B_SPLINE_CURVE_WITH_KNOTS('',3,(#8109,#8110,#8111,#8112),
 .UNSPECIFIED.,.F.,.F.,(4,4),(0.,0.0859191231693781),.UNSPECIFIED.);
#253=B_SPLINE_CURVE_WITH_KNOTS('',3,(#8116,#8117,#8118,#8119),
 .UNSPECIFIED.,.F.,.F.,(4,4),(0.,0.0859191231693782),.UNSPECIFIED.);
#254=B_SPLINE_CURVE_WITH_KNOTS('',3,(#8123,#8124,#8125,#8126),
 .UNSPECIFIED.,.F.,.F.,(4,4),(0.,0.283687926353292),.UNSPECIFIED.);
#255=B_SPLINE_CURVE_WITH_KNOTS('',3,(#8130,#8131,#8132,#8133),
 .UNSPECIFIED.,.F.,.F.,(4,4),(0.,0.283687926353292),.UNSPECIFIED.);
#256=B_SPLINE_CURVE_WITH_KNOTS('',3,(#8137,#8138,#8139,#8140,#8141,#8142),
 .UNSPECIFIED.,.F.,.F.,(4,2,4),(-0.0396655091744493,-0.0197839883320657,
0.),.UNSPECIFIED.);
#257=B_SPLINE_CURVE_WITH_KNOTS('',3,(#8144,#8145,#8146,#8147,#8148,#8149,
#8150,#8151,#8152,#8153),.UNSPECIFIED.,.F.,.F.,(4,3,3,4),(0.,0.0201099798488499,
0.0244476815488885,0.0438418629563442),.UNSPECIFIED.);
#258=B_SPLINE_CURVE_WITH_KNOTS('',3,(#8155,#8156,#8157,#8158,#8159,#8160),
 .UNSPECIFIED.,.F.,.F.,(4,2,4),(-0.0592895739942564,-0.0296447869971176,
0.),.UNSPECIFIED.);
#259=B_SPLINE_CURVE_WITH_KNOTS('',3,(#8163,#8164,#8165,#8166),
 .UNSPECIFIED.,.F.,.F.,(4,4),(0.,0.0832099863823424),.UNSPECIFIED.);
#260=B_SPLINE_CURVE_WITH_KNOTS('',3,(#8265,#8266,#8267,#8268,#8269,#8270),
 .UNSPECIFIED.,.F.,.F.,(4,2,4),(-0.0396126964383985,-0.0197579373889699,
0.),.UNSPECIFIED.);
#261=B_SPLINE_CURVE_WITH_KNOTS('',3,(#8294,#8295,#8296,#8297,#8298,#8299),
 .UNSPECIFIED.,.F.,.F.,(4,2,4),(-0.0405655720796315,-0.0208119191153865,
0.),.UNSPECIFIED.);
#262=B_SPLINE_CURVE_WITH_KNOTS('',3,(#8318,#8319,#8320,#8321,#8322,#8323),
 .UNSPECIFIED.,.F.,.F.,(4,2,4),(-0.0591932034294904,-0.0295966017147857,
0.),.UNSPECIFIED.);
#263=B_SPLINE_CURVE_WITH_KNOTS('',3,(#8345,#8346,#8347,#8348),
 .UNSPECIFIED.,.F.,.F.,(4,4),(0.,0.0832099863823424),.UNSPECIFIED.);
#264=B_SPLINE_CURVE_WITH_KNOTS('',3,(#8397,#8398,#8399,#8400,#8401,#8402),
 .UNSPECIFIED.,.F.,.F.,(4,2,4),(-0.0457672166485273,-0.0228836083243302,
0.),.UNSPECIFIED.);
#265=B_SPLINE_CURVE_WITH_KNOTS('',3,(#8404,#8405,#8406,#8407,#8408,#8409),
 .UNSPECIFIED.,.F.,.F.,(4,2,4),(-0.124057983983696,-0.0620289919918248,
0.),.UNSPECIFIED.);
#266=B_SPLINE_CURVE_WITH_KNOTS('',3,(#8413,#8414,#8415,#8416),
 .UNSPECIFIED.,.F.,.F.,(4,4),(0.,0.16874205981586),.UNSPECIFIED.);
#267=B_SPLINE_CURVE_WITH_KNOTS('',3,(#8418,#8419,#8420,#8421,#8422,#8423),
 .UNSPECIFIED.,.F.,.F.,(4,2,4),(-0.116830917709196,-0.0584154588545813,
0.),.UNSPECIFIED.);
#268=B_SPLINE_CURVE_WITH_KNOTS('',3,(#8427,#8428,#8429,#8430,#8431,#8432),
 .UNSPECIFIED.,.F.,.F.,(4,2,4),(-0.140647441777537,-0.0703237208887671,
0.),.UNSPECIFIED.);
#269=B_SPLINE_CURVE_WITH_KNOTS('',3,(#8569,#8570,#8571,#8572),
 .UNSPECIFIED.,.F.,.F.,(4,4),(0.,0.222925302830148),.UNSPECIFIED.);
#270=B_SPLINE_CURVE_WITH_KNOTS('',3,(#8582,#8583,#8584,#8585),
 .UNSPECIFIED.,.F.,.F.,(4,4),(0.,0.222731820235016),.UNSPECIFIED.);
#271=B_SPLINE_CURVE_WITH_KNOTS('',3,(#8646,#8647,#8648,#8649),
 .UNSPECIFIED.,.F.,.F.,(4,4),(0.,0.283687926353292),.UNSPECIFIED.);
#272=B_SPLINE_CURVE_WITH_KNOTS('',3,(#8653,#8654,#8655,#8656),
 .UNSPECIFIED.,.F.,.F.,(4,4),(0.,0.0859191231693782),.UNSPECIFIED.);
#273=B_SPLINE_CURVE_WITH_KNOTS('',3,(#8660,#8661,#8662,#8663),
 .UNSPECIFIED.,.F.,.F.,(4,4),(0.,0.0859191231693782),.UNSPECIFIED.);
#274=B_SPLINE_CURVE_WITH_KNOTS('',3,(#8667,#8668,#8669,#8670),
 .UNSPECIFIED.,.F.,.F.,(4,4),(0.,0.0859191231693782),.UNSPECIFIED.);
#275=B_SPLINE_CURVE_WITH_KNOTS('',3,(#8674,#8675,#8676,#8677),
 .UNSPECIFIED.,.F.,.F.,(4,4),(0.,0.0859191231693782),.UNSPECIFIED.);
#276=B_SPLINE_CURVE_WITH_KNOTS('',3,(#8681,#8682,#8683,#8684),
 .UNSPECIFIED.,.F.,.F.,(4,4),(0.,0.283687926353292),.UNSPECIFIED.);
#277=B_SPLINE_CURVE_WITH_KNOTS('',3,(#8688,#8689,#8690,#8691),
 .UNSPECIFIED.,.F.,.F.,(4,4),(0.,0.282224472074305),.UNSPECIFIED.);
#278=B_SPLINE_CURVE_WITH_KNOTS('',3,(#8692,#8693,#8694,#8695),
 .UNSPECIFIED.,.F.,.F.,(4,4),(0.,0.282224472074305),.UNSPECIFIED.);
#279=B_SPLINE_CURVE_WITH_KNOTS('',3,(#8698,#8699,#8700,#8701,#8702,#8703),
 .UNSPECIFIED.,.F.,.F.,(4,2,4),(-0.0396655134744496,-0.0197839844749419,
0.),.UNSPECIFIED.);
#280=B_SPLINE_CURVE_WITH_KNOTS('',3,(#8705,#8706,#8707,#8708,#8709,#8710,
#8711,#8712,#8713,#8714),.UNSPECIFIED.,.F.,.F.,(4,3,3,4),(0.,0.0201100870018707,
0.0244477018381069,0.043841872868409),.UNSPECIFIED.);
#281=B_SPLINE_CURVE_WITH_KNOTS('',3,(#8716,#8717,#8718,#8719,#8720,#8721),
 .UNSPECIFIED.,.F.,.F.,(4,2,4),(-0.0592895529925548,-0.0296447764962225,
0.),.UNSPECIFIED.);
#282=B_SPLINE_CURVE_WITH_KNOTS('',3,(#8724,#8725,#8726,#8727),
 .UNSPECIFIED.,.F.,.F.,(4,4),(0.,0.0832099441095446),.UNSPECIFIED.);
#283=B_SPLINE_CURVE_WITH_KNOTS('',3,(#8730,#8731,#8732,#8733,#8734,#8735),
 .UNSPECIFIED.,.F.,.F.,(4,2,4),(-0.0396654982476113,-0.0197839849415007,
0.),.UNSPECIFIED.);
#284=B_SPLINE_CURVE_WITH_KNOTS('',3,(#8737,#8738,#8739,#8740,#8741,#8742,
#8743,#8744,#8745,#8746),.UNSPECIFIED.,.F.,.F.,(4,3,3,4),(0.,0.0201094340411148,
0.0244477221274537,0.0438418751286264),.UNSPECIFIED.);
#285=B_SPLINE_CURVE_WITH_KNOTS('',3,(#8748,#8749,#8750,#8751,#8752,#8753),
 .UNSPECIFIED.,.F.,.F.,(4,2,4),(-0.0592895739942446,-0.0296447869970306,
0.),.UNSPECIFIED.);
#286=B_SPLINE_CURVE_WITH_KNOTS('',3,(#8756,#8757,#8758,#8759),
 .UNSPECIFIED.,.F.,.F.,(4,4),(0.,0.0832099441095446),.UNSPECIFIED.);
#287=B_SPLINE_CURVE_WITH_KNOTS('',3,(#8782,#8783,#8784,#8785,#8786,#8787),
 .UNSPECIFIED.,.F.,.F.,(4,2,4),(-0.0396127005536429,-0.0197579334327417,
0.),.UNSPECIFIED.);
#288=B_SPLINE_CURVE_WITH_KNOTS('',3,(#8811,#8812,#8813,#8814,#8815,#8816),
 .UNSPECIFIED.,.F.,.F.,(4,2,4),(-0.0405655894097601,-0.0208119261982873,
0.),.UNSPECIFIED.);
#289=B_SPLINE_CURVE_WITH_KNOTS('',3,(#8835,#8836,#8837,#8838,#8839,#8840),
 .UNSPECIFIED.,.F.,.F.,(4,2,4),(-0.0591931824101717,-0.0295965912050714,
0.),.UNSPECIFIED.);
#290=B_SPLINE_CURVE_WITH_KNOTS('',3,(#8862,#8863,#8864,#8865),
 .UNSPECIFIED.,.F.,.F.,(4,4),(0.,0.0832099441095446),.UNSPECIFIED.);
#291=B_SPLINE_CURVE_WITH_KNOTS('',3,(#9038,#9039,#9040,#9041,#9042,#9043),
 .UNSPECIFIED.,.F.,.F.,(4,2,4),(-0.0396126856125024,-0.0197579339995342,
0.),.UNSPECIFIED.);
#292=B_SPLINE_CURVE_WITH_KNOTS('',3,(#9067,#9068,#9069,#9070,#9071,#9072),
 .UNSPECIFIED.,.F.,.F.,(4,2,4),(-0.0405654559349556,-0.0208118817875156,
0.),.UNSPECIFIED.);
#293=B_SPLINE_CURVE_WITH_KNOTS('',3,(#9091,#9092,#9093,#9094,#9095,#9096),
 .UNSPECIFIED.,.F.,.F.,(4,2,4),(-0.0591932034297011,-0.0295966017148361,
0.),.UNSPECIFIED.);
#294=B_SPLINE_CURVE_WITH_KNOTS('',3,(#9118,#9119,#9120,#9121),
 .UNSPECIFIED.,.F.,.F.,(4,4),(0.,0.0832099441095446),.UNSPECIFIED.);
#295=B_SPLINE_CURVE_WITH_KNOTS('',3,(#9129,#9130,#9131,#9132,#9133,#9134),
 .UNSPECIFIED.,.F.,.F.,(4,2,4),(-0.0315493314630246,-0.0162317828916978,
0.),.UNSPECIFIED.);
#296=B_SPLINE_CURVE_WITH_KNOTS('',3,(#9136,#9137,#9138,#9139,#9140,#9141),
 .UNSPECIFIED.,.F.,.F.,(4,2,4),(-0.0470459776361155,-0.0222842932040451,
0.),.UNSPECIFIED.);
#297=B_SPLINE_CURVE_WITH_KNOTS('',3,(#9145,#9146,#9147,#9148,#9149,#9150),
 .UNSPECIFIED.,.F.,.F.,(4,2,4),(-0.0141699335339113,-0.00792805370916366,
0.),.UNSPECIFIED.);
#298=B_SPLINE_CURVE_WITH_KNOTS('',3,(#9152,#9153,#9154,#9155,#9156,#9157),
 .UNSPECIFIED.,.F.,.F.,(4,2,4),(-0.0259555285529633,-0.0127501663009396,
0.),.UNSPECIFIED.);
#299=B_SPLINE_CURVE_WITH_KNOTS('',3,(#9260,#9261,#9262,#9263,#9264,#9265),
 .UNSPECIFIED.,.F.,.F.,(4,2,4),(-0.0542915804754572,-0.0274960852536556,
0.),.UNSPECIFIED.);
#300=B_SPLINE_CURVE_WITH_KNOTS('',3,(#9267,#9268,#9269,#9270,#9271),
 .UNSPECIFIED.,.F.,.F.,(4,1,4),(0.,0.0291413882173508,0.0595289122688718),
 .UNSPECIFIED.);
#301=B_SPLINE_CURVE_WITH_KNOTS('',3,(#9273,#9274,#9275,#9276,#9277,#9278),
 .UNSPECIFIED.,.F.,.F.,(4,2,4),(-0.0409220275247653,-0.0216224330404203,
0.),.UNSPECIFIED.);
#302=B_SPLINE_CURVE_WITH_KNOTS('',3,(#9280,#9281,#9282,#9283,#9284,#9285),
 .UNSPECIFIED.,.F.,.F.,(4,2,4),(-0.0617216930314404,-0.0277331460858456,
0.),.UNSPECIFIED.);
#303=B_SPLINE_CURVE_WITH_KNOTS('',3,(#9287,#9288,#9289,#9290,#9291),
 .UNSPECIFIED.,.F.,.F.,(4,1,4),(0.,0.0245697615262935,0.0488056067866326),
 .UNSPECIFIED.);
#304=B_SPLINE_CURVE_WITH_KNOTS('',3,(#9293,#9294,#9295,#9296,#9297,#9298),
 .UNSPECIFIED.,.F.,.F.,(4,2,4),(-0.0527715278408521,-0.0257862344382307,
0.),.UNSPECIFIED.);
#305=B_SPLINE_CURVE_WITH_KNOTS('',3,(#9300,#9301,#9302,#9303,#9304,#9305),
 .UNSPECIFIED.,.F.,.F.,(4,2,4),(-0.0549179224979448,-0.0274589612489158,
0.),.UNSPECIFIED.);
#306=B_SPLINE_CURVE_WITH_KNOTS('',3,(#9313,#9314,#9315,#9316,#9317,#9318),
 .UNSPECIFIED.,.F.,.F.,(4,2,4),(-0.104832405940093,-0.0524162029700388,
0.),.UNSPECIFIED.);
#307=B_SPLINE_CURVE_WITH_KNOTS('',3,(#9320,#9321,#9322,#9323),
 .UNSPECIFIED.,.F.,.F.,(4,4),(0.,0.00425729345768056),.UNSPECIFIED.);
#308=B_SPLINE_CURVE_WITH_KNOTS('',3,(#9325,#9326,#9327,#9328,#9329,#9330),
 .UNSPECIFIED.,.F.,.F.,(4,2,4),(-0.0245610898755732,-0.011066116112592,
0.),.UNSPECIFIED.);
#309=B_SPLINE_CURVE_WITH_KNOTS('',3,(#9332,#9333,#9334,#9335,#9336,#9337),
 .UNSPECIFIED.,.F.,.F.,(4,2,4),(-0.0252846878962079,-0.0127882583234856,
0.),.UNSPECIFIED.);
#310=B_SPLINE_CURVE_WITH_KNOTS('',3,(#9339,#9340,#9341,#9342,#9343,#9344),
 .UNSPECIFIED.,.F.,.F.,(4,2,4),(-0.0392743409864968,-0.0194160657404856,
0.),.UNSPECIFIED.);
#311=B_SPLINE_CURVE_WITH_KNOTS('',3,(#9346,#9347,#9348,#9349,#9350,#9351),
 .UNSPECIFIED.,.F.,.F.,(4,2,4),(-0.0119787913833539,-0.00694863539246459,
0.),.UNSPECIFIED.);
#312=B_SPLINE_CURVE_WITH_KNOTS('',3,(#9353,#9354,#9355,#9356,#9357,#9358),
 .UNSPECIFIED.,.F.,.F.,(4,2,4),(-0.0476948708133319,-0.0205988119690159,
0.),.UNSPECIFIED.);
#313=B_SPLINE_CURVE_WITH_KNOTS('',3,(#9360,#9361,#9362,#9363,#9364,#9365),
 .UNSPECIFIED.,.F.,.F.,(4,2,4),(-0.039343804403063,-0.0198666938948246,
0.),.UNSPECIFIED.);
#314=B_SPLINE_CURVE_WITH_KNOTS('',3,(#9367,#9368,#9369,#9370,#9371,#9372),
 .UNSPECIFIED.,.F.,.F.,(4,2,4),(-0.0324745478636745,-0.0161025167214492,
0.),.UNSPECIFIED.);
#315=B_SPLINE_CURVE_WITH_KNOTS('',3,(#9374,#9375,#9376,#9377,#9378,#9379),
 .UNSPECIFIED.,.F.,.F.,(4,2,4),(-0.0154113165233047,-0.00880896963052167,
0.),.UNSPECIFIED.);
#316=B_SPLINE_CURVE_WITH_KNOTS('',3,(#9381,#9382,#9383,#9384,#9385,#9386),
 .UNSPECIFIED.,.F.,.F.,(4,2,4),(-0.0258768783562181,-0.0129384391888794,
0.),.UNSPECIFIED.);
#317=B_SPLINE_CURVE_WITH_KNOTS('',3,(#9387,#9388,#9389,#9390,#9391,#9392),
 .UNSPECIFIED.,.F.,.F.,(4,2,4),(-0.0571247826612021,-0.0250683719127392,
0.),.UNSPECIFIED.);
#318=B_SPLINE_CURVE_WITH_KNOTS('',3,(#9810,#9811,#9812,#9813,#9814,#9815),
 .UNSPECIFIED.,.F.,.F.,(4,2,4),(-0.0471533021314574,-0.0238754768929885,
0.),.UNSPECIFIED.);
#319=B_SPLINE_CURVE_WITH_KNOTS('',3,(#9817,#9818,#9819,#9820,#9821),
 .UNSPECIFIED.,.F.,.F.,(4,1,4),(0.,0.0278644578161507,0.0568471694980893),
 .UNSPECIFIED.);
#320=B_SPLINE_CURVE_WITH_KNOTS('',3,(#9823,#9824,#9825,#9826,#9827),
 .UNSPECIFIED.,.F.,.F.,(4,1,4),(0.,0.0503537169917934,0.0881774066584546),
 .UNSPECIFIED.);
#321=B_SPLINE_CURVE_WITH_KNOTS('',3,(#9829,#9830,#9831,#9832,#9833),
 .UNSPECIFIED.,.F.,.F.,(4,1,4),(0.,0.0332380382660084,0.0780265925742067),
 .UNSPECIFIED.);
#322=B_SPLINE_CURVE_WITH_KNOTS('',3,(#9835,#9836,#9837,#9838,#9839),
 .UNSPECIFIED.,.F.,.F.,(4,1,4),(0.,0.0284309025669827,0.0563546548802808),
 .UNSPECIFIED.);
#323=B_SPLINE_CURVE_WITH_KNOTS('',3,(#9841,#9842,#9843,#9844,#9845,#9846),
 .UNSPECIFIED.,.F.,.F.,(4,2,4),(-0.03913150027646,-0.0193380611253385,0.),
 .UNSPECIFIED.);
#324=B_SPLINE_CURVE_WITH_KNOTS('',3,(#9848,#9849,#9850,#9851,#9852,#9853),
 .UNSPECIFIED.,.F.,.F.,(4,2,4),(-0.0161155221468948,-0.00907828320974944,
0.),.UNSPECIFIED.);
#325=B_SPLINE_CURVE_WITH_KNOTS('',3,(#9855,#9856,#9857,#9858,#9859,#9860),
 .UNSPECIFIED.,.F.,.F.,(4,2,4),(-0.0335660353338365,-0.017208644425725,
0.),.UNSPECIFIED.);
#326=B_SPLINE_CURVE_WITH_KNOTS('',3,(#9862,#9863,#9864,#9865,#9866,#9867),
 .UNSPECIFIED.,.F.,.F.,(4,2,4),(-0.0615015905550819,-0.0274854594061185,
0.),.UNSPECIFIED.);
#327=B_SPLINE_CURVE_WITH_KNOTS('',3,(#9869,#9870,#9871,#9872,#9873),
 .UNSPECIFIED.,.F.,.F.,(4,1,4),(0.,0.0231768638243115,0.0465850751471871),
 .UNSPECIFIED.);
#328=B_SPLINE_CURVE_WITH_KNOTS('',3,(#9875,#9876,#9877,#9878,#9879,#9880),
 .UNSPECIFIED.,.F.,.F.,(4,2,4),(-0.0336613489822707,-0.0166404978873343,
0.),.UNSPECIFIED.);
#329=B_SPLINE_CURVE_WITH_KNOTS('',3,(#9882,#9883,#9884,#9885,#9886,#9887),
 .UNSPECIFIED.,.F.,.F.,(4,2,4),(-0.0190471729274529,-0.0104813980833951,
0.),.UNSPECIFIED.);
#330=B_SPLINE_CURVE_WITH_KNOTS('',3,(#9889,#9890,#9891,#9892,#9893,#9894),
 .UNSPECIFIED.,.F.,.F.,(4,2,4),(-0.0549284447159509,-0.0237483430953305,
0.),.UNSPECIFIED.);
#331=B_SPLINE_CURVE_WITH_KNOTS('',3,(#9896,#9897,#9898,#9899,#9900,#9901),
 .UNSPECIFIED.,.F.,.F.,(4,2,4),(-0.0389034202044705,-0.0168170405397581,
0.),.UNSPECIFIED.);
#332=B_SPLINE_CURVE_WITH_KNOTS('',3,(#9903,#9904,#9905,#9906,#9907,#9908),
 .UNSPECIFIED.,.F.,.F.,(4,2,4),(-0.0251287144990621,-0.0126804309620705,
0.),.UNSPECIFIED.);
#333=B_SPLINE_CURVE_WITH_KNOTS('',3,(#9910,#9911,#9912,#9913,#9914,#9915),
 .UNSPECIFIED.,.F.,.F.,(4,2,4),(-0.0328933703675054,-0.0163422720777124,
0.),.UNSPECIFIED.);
#334=B_SPLINE_CURVE_WITH_KNOTS('',3,(#9917,#9918,#9919,#9920,#9921,#9922),
 .UNSPECIFIED.,.F.,.F.,(4,2,4),(-0.00754852221726252,-0.00446411816225416,
0.),.UNSPECIFIED.);
#335=B_SPLINE_CURVE_WITH_KNOTS('',3,(#9924,#9925,#9926,#9927,#9928,#9929),
 .UNSPECIFIED.,.F.,.F.,(4,2,4),(-0.0244950630034299,-0.0122475314923826,
0.),.UNSPECIFIED.);
#336=B_SPLINE_CURVE_WITH_KNOTS('',3,(#9930,#9931,#9932,#9933,#9934,#9935),
 .UNSPECIFIED.,.F.,.F.,(4,2,4),(-0.0518740886340722,-0.022606181650993,
0.),.UNSPECIFIED.);
#337=B_SPLINE_CURVE_WITH_KNOTS('',3,(#9938,#9939,#9940,#9941,#9942,#9943),
 .UNSPECIFIED.,.F.,.F.,(4,2,4),(-0.0367196169637038,-0.0184750029857755,
0.),.UNSPECIFIED.);
#338=B_SPLINE_CURVE_WITH_KNOTS('',3,(#9945,#9946,#9947,#9948,#9949,#9950),
 .UNSPECIFIED.,.F.,.F.,(4,2,4),(-0.0370740821694218,-0.0183964228666676,
0.),.UNSPECIFIED.);
#339=B_SPLINE_CURVE_WITH_KNOTS('',3,(#9952,#9953,#9954,#9955,#9956,#9957),
 .UNSPECIFIED.,.F.,.F.,(4,2,4),(-0.0118175811792692,-0.00686456581363392,
0.),.UNSPECIFIED.);
#340=B_SPLINE_CURVE_WITH_KNOTS('',3,(#9959,#9960,#9961,#9962,#9963,#9964),
 .UNSPECIFIED.,.F.,.F.,(4,2,4),(-0.0451763285173062,-0.0196128335184163,
0.),.UNSPECIFIED.);
#341=B_SPLINE_CURVE_WITH_KNOTS('',3,(#9966,#9967,#9968,#9969,#9970,#9971),
 .UNSPECIFIED.,.F.,.F.,(4,2,4),(-0.0351137560543336,-0.0178876577749608,
0.),.UNSPECIFIED.);
#342=B_SPLINE_CURVE_WITH_KNOTS('',3,(#9973,#9974,#9975,#9976,#9977,#9978),
 .UNSPECIFIED.,.F.,.F.,(4,2,4),(-0.0272480283836882,-0.0133867714201119,
0.),.UNSPECIFIED.);
#343=B_SPLINE_CURVE_WITH_KNOTS('',3,(#9980,#9981,#9982,#9983,#9984,#9985),
 .UNSPECIFIED.,.F.,.F.,(4,2,4),(-0.0111731456526866,-0.00630774861368463,
0.),.UNSPECIFIED.);
#344=B_SPLINE_CURVE_WITH_KNOTS('',3,(#9987,#9988,#9989,#9990,#9991,#9992),
 .UNSPECIFIED.,.F.,.F.,(4,2,4),(-0.0246533622977746,-0.0123981071068632,
0.),.UNSPECIFIED.);
#345=B_SPLINE_CURVE_WITH_KNOTS('',3,(#9993,#9994,#9995,#9996,#9997,#9998),
 .UNSPECIFIED.,.F.,.F.,(4,2,4),(-0.0425919354562121,-0.0184551489881136,
0.),.UNSPECIFIED.);
#346=B_SPLINE_CURVE_WITH_KNOTS('',3,(#10021,#10022,#10023,#10024,#10025,
#10026),.UNSPECIFIED.,.F.,.F.,(4,2,4),(-0.0365856746792263,-0.0184390257870521,
0.),.UNSPECIFIED.);
#347=B_SPLINE_CURVE_WITH_KNOTS('',3,(#10050,#10051,#10052,#10053,#10054,
#10055),.UNSPECIFIED.,.F.,.F.,(4,2,4),(-0.0371749554168742,-0.0184302369515482,
0.),.UNSPECIFIED.);
#348=B_SPLINE_CURVE_WITH_KNOTS('',3,(#10078,#10079,#10080,#10081,#10082,
#10083),.UNSPECIFIED.,.F.,.F.,(4,2,4),(-0.0117201271855821,-0.00680401842987635,
0.),.UNSPECIFIED.);
#349=B_SPLINE_CURVE_WITH_KNOTS('',3,(#10106,#10107,#10108,#10109,#10110,
#10111),.UNSPECIFIED.,.F.,.F.,(4,2,4),(-0.0438810800036799,-0.0195353358110329,
0.),.UNSPECIFIED.);
#350=B_SPLINE_CURVE_WITH_KNOTS('',3,(#10134,#10135,#10136,#10137,#10138,
#10139),.UNSPECIFIED.,.F.,.F.,(4,2,4),(-0.0348454027724033,-0.0178242152080804,
0.),.UNSPECIFIED.);
#351=B_SPLINE_CURVE_WITH_KNOTS('',3,(#10162,#10163,#10164,#10165,#10166,
#10167),.UNSPECIFIED.,.F.,.F.,(4,2,4),(-0.027556896595096,-0.0134851552676363,
0.),.UNSPECIFIED.);
#352=B_SPLINE_CURVE_WITH_KNOTS('',3,(#10190,#10191,#10192,#10193,#10194,
#10195),.UNSPECIFIED.,.F.,.F.,(4,2,4),(-0.0110999524413583,-0.0062645897037088,
0.),.UNSPECIFIED.);
#353=B_SPLINE_CURVE_WITH_KNOTS('',3,(#10218,#10219,#10220,#10221,#10222,
#10223),.UNSPECIFIED.,.F.,.F.,(4,2,4),(-0.0246216027698385,-0.0123824023937223,
0.),.UNSPECIFIED.);
#354=B_SPLINE_CURVE_WITH_KNOTS('',3,(#10245,#10246,#10247,#10248,#10249,
#10250),.UNSPECIFIED.,.F.,.F.,(4,2,4),(-0.0423183148602746,-0.0183958723143696,
0.),.UNSPECIFIED.);
#355=STYLED_ITEM('',(#10732),#379);
#356=STYLED_ITEM('',(#10734),#4600);
#357=STYLED_ITEM('',(#10734),#4613);
#358=STYLED_ITEM('',(#10734),#4642);
#359=STYLED_ITEM('',(#10734),#4652);
#360=STYLED_ITEM('',(#10734),#4657);
#361=STYLED_ITEM('',(#10734),#4672);
#362=STYLED_ITEM('',(#10734),#4685);
#363=STYLED_ITEM('',(#10734),#4690);
#364=STYLED_ITEM('',(#10734),#4705);
#365=STYLED_ITEM('',(#10734),#4712);
#366=STYLED_ITEM('',(#10734),#4717);
#367=STYLED_ITEM('',(#10734),#4730);
#368=STYLED_ITEM('',(#10734),#4737);
#369=STYLED_ITEM('',(#10734),#4748);
#370=STYLED_ITEM('',(#10734),#4776);
#371=STYLED_ITEM('',(#10734),#4786);
#372=STYLED_ITEM('',(#10734),#4809);
#373=STYLED_ITEM('',(#10734),#4816);
#374=STYLED_ITEM('',(#10733),#380);
#375=STYLED_ITEM('',(#10734),#381);
#376=STYLED_ITEM('',(#10733),#382);
#377=STYLED_ITEM('',(#10733),#383);
#378=STYLED_ITEM('',(#10733),#384);
#379=MANIFOLD_SOLID_BREP('Body1',#4866);
#380=MANIFOLD_SOLID_BREP('Body2',#4867);
#381=MANIFOLD_SOLID_BREP('Body3',#4868);
#382=MANIFOLD_SOLID_BREP('Body4',#4869);
#383=MANIFOLD_SOLID_BREP('Body5',#4870);
#384=MANIFOLD_SOLID_BREP('Body6',#4871);
#385=FACE_BOUND('',#822,.T.);
#386=FACE_BOUND('',#824,.T.);
#387=FACE_BOUND('',#839,.T.);
#388=FACE_BOUND('',#884,.T.);
#389=FACE_BOUND('',#899,.T.);
#390=FACE_BOUND('',#900,.T.);
#391=FACE_BOUND('',#901,.T.);
#392=FACE_BOUND('',#902,.T.);
#393=FACE_BOUND('',#903,.T.);
#394=FACE_BOUND('',#904,.T.);
#395=FACE_BOUND('',#905,.T.);
#396=FACE_BOUND('',#906,.T.);
#397=FACE_BOUND('',#907,.T.);
#398=FACE_BOUND('',#908,.T.);
#399=FACE_BOUND('',#909,.T.);
#400=FACE_BOUND('',#910,.T.);
#401=FACE_BOUND('',#911,.T.);
#402=FACE_BOUND('',#912,.T.);
#403=FACE_BOUND('',#913,.T.);
#404=FACE_BOUND('',#914,.T.);
#405=FACE_BOUND('',#915,.T.);
#406=FACE_BOUND('',#916,.T.);
#407=FACE_BOUND('',#936,.T.);
#408=FACE_BOUND('',#995,.T.);
#409=FACE_BOUND('',#996,.T.);
#410=FACE_BOUND('',#1065,.T.);
#411=FACE_BOUND('',#1098,.T.);
#412=FACE_BOUND('',#1100,.T.);
#413=FACE_BOUND('',#1104,.T.);
#414=FACE_BOUND('',#1106,.T.);
#415=FACE_BOUND('',#1110,.T.);
#416=FACE_BOUND('',#1112,.T.);
#417=FACE_BOUND('',#1116,.T.);
#418=FACE_BOUND('',#1118,.T.);
#419=FACE_BOUND('',#1122,.T.);
#420=FACE_BOUND('',#1124,.T.);
#421=PLANE('',#4888);
#422=PLANE('',#4892);
#423=PLANE('',#4896);
#424=PLANE('',#4897);
#425=PLANE('',#4905);
#426=PLANE('',#4907);
#427=PLANE('',#4908);
#428=PLANE('',#4910);
#429=PLANE('',#4911);
#430=PLANE('',#4913);
#431=PLANE('',#4914);
#432=PLANE('',#4916);
#433=PLANE('',#4917);
#434=PLANE('',#4919);
#435=PLANE('',#4920);
#436=PLANE('',#4922);
#437=PLANE('',#4927);
#438=PLANE('',#4929);
#439=PLANE('',#4930);
#440=PLANE('',#4931);
#441=PLANE('',#4932);
#442=PLANE('',#4934);
#443=PLANE('',#4935);
#444=PLANE('',#4936);
#445=PLANE('',#4937);
#446=PLANE('',#4941);
#447=PLANE('',#4942);
#448=PLANE('',#4943);
#449=PLANE('',#4947);
#450=PLANE('',#4949);
#451=PLANE('',#4950);
#452=PLANE('',#4952);
#453=PLANE('',#4954);
#454=PLANE('',#4955);
#455=PLANE('',#4956);
#456=PLANE('',#4957);
#457=PLANE('',#4958);
#458=PLANE('',#4999);
#459=PLANE('',#5000);
#460=PLANE('',#5001);
#461=PLANE('',#5002);
#462=PLANE('',#5003);
#463=PLANE('',#5004);
#464=PLANE('',#5005);
#465=PLANE('',#5006);
#466=PLANE('',#5007);
#467=PLANE('',#5008);
#468=PLANE('',#5009);
#469=PLANE('',#5010);
#470=PLANE('',#5014);
#471=PLANE('',#5015);
#472=PLANE('',#5016);
#473=PLANE('',#5017);
#474=PLANE('',#5019);
#475=PLANE('',#5020);
#476=PLANE('',#5021);
#477=PLANE('',#5022);
#478=PLANE('',#5023);
#479=PLANE('',#5029);
#480=PLANE('',#5030);
#481=PLANE('',#5031);
#482=PLANE('',#5032);
#483=PLANE('',#5033);
#484=PLANE('',#5034);
#485=PLANE('',#5038);
#486=PLANE('',#5039);
#487=PLANE('',#5040);
#488=PLANE('',#5041);
#489=PLANE('',#5046);
#490=PLANE('',#5047);
#491=PLANE('',#5048);
#492=PLANE('',#5049);
#493=PLANE('',#5050);
#494=PLANE('',#5051);
#495=PLANE('',#5052);
#496=PLANE('',#5057);
#497=PLANE('',#5058);
#498=PLANE('',#5059);
#499=PLANE('',#5060);
#500=PLANE('',#5061);
#501=PLANE('',#5062);
#502=PLANE('',#5068);
#503=PLANE('',#5069);
#504=PLANE('',#5070);
#505=PLANE('',#5071);
#506=PLANE('',#5072);
#507=PLANE('',#5073);
#508=PLANE('',#5074);
#509=PLANE('',#5075);
#510=PLANE('',#5077);
#511=PLANE('',#5078);
#512=PLANE('',#5079);
#513=PLANE('',#5080);
#514=PLANE('',#5081);
#515=PLANE('',#5082);
#516=PLANE('',#5083);
#517=PLANE('',#5084);
#518=PLANE('',#5085);
#519=PLANE('',#5092);
#520=PLANE('',#5093);
#521=PLANE('',#5094);
#522=PLANE('',#5095);
#523=PLANE('',#5096);
#524=PLANE('',#5099);
#525=PLANE('',#5100);
#526=PLANE('',#5101);
#527=PLANE('',#5106);
#528=PLANE('',#5107);
#529=PLANE('',#5108);
#530=PLANE('',#5109);
#531=PLANE('',#5110);
#532=PLANE('',#5111);
#533=PLANE('',#5118);
#534=PLANE('',#5119);
#535=PLANE('',#5126);
#536=PLANE('',#5127);
#537=PLANE('',#5134);
#538=PLANE('',#5135);
#539=PLANE('',#5142);
#540=PLANE('',#5143);
#541=PLANE('',#5150);
#542=PLANE('',#5151);
#543=FACE_OUTER_BOUND('',#816,.T.);
#544=FACE_OUTER_BOUND('',#817,.T.);
#545=FACE_OUTER_BOUND('',#818,.T.);
#546=FACE_OUTER_BOUND('',#819,.T.);
#547=FACE_OUTER_BOUND('',#820,.T.);
#548=FACE_OUTER_BOUND('',#821,.T.);
#549=FACE_OUTER_BOUND('',#823,.T.);
#550=FACE_OUTER_BOUND('',#825,.T.);
#551=FACE_OUTER_BOUND('',#826,.T.);
#552=FACE_OUTER_BOUND('',#827,.T.);
#553=FACE_OUTER_BOUND('',#828,.T.);
#554=FACE_OUTER_BOUND('',#829,.T.);
#555=FACE_OUTER_BOUND('',#830,.T.);
#556=FACE_OUTER_BOUND('',#831,.T.);
#557=FACE_OUTER_BOUND('',#832,.T.);
#558=FACE_OUTER_BOUND('',#833,.T.);
#559=FACE_OUTER_BOUND('',#834,.T.);
#560=FACE_OUTER_BOUND('',#835,.T.);
#561=FACE_OUTER_BOUND('',#836,.T.);
#562=FACE_OUTER_BOUND('',#837,.T.);
#563=FACE_OUTER_BOUND('',#838,.T.);
#564=FACE_OUTER_BOUND('',#840,.T.);
#565=FACE_OUTER_BOUND('',#841,.T.);
#566=FACE_OUTER_BOUND('',#842,.T.);
#567=FACE_OUTER_BOUND('',#843,.T.);
#568=FACE_OUTER_BOUND('',#844,.T.);
#569=FACE_OUTER_BOUND('',#845,.T.);
#570=FACE_OUTER_BOUND('',#846,.T.);
#571=FACE_OUTER_BOUND('',#847,.T.);
#572=FACE_OUTER_BOUND('',#848,.T.);
#573=FACE_OUTER_BOUND('',#849,.T.);
#574=FACE_OUTER_BOUND('',#850,.T.);
#575=FACE_OUTER_BOUND('',#851,.T.);
#576=FACE_OUTER_BOUND('',#852,.T.);
#577=FACE_OUTER_BOUND('',#853,.T.);
#578=FACE_OUTER_BOUND('',#854,.T.);
#579=FACE_OUTER_BOUND('',#855,.T.);
#580=FACE_OUTER_BOUND('',#856,.T.);
#581=FACE_OUTER_BOUND('',#857,.T.);
#582=FACE_OUTER_BOUND('',#858,.T.);
#583=FACE_OUTER_BOUND('',#859,.T.);
#584=FACE_OUTER_BOUND('',#860,.T.);
#585=FACE_OUTER_BOUND('',#861,.T.);
#586=FACE_OUTER_BOUND('',#862,.T.);
#587=FACE_OUTER_BOUND('',#863,.T.);
#588=FACE_OUTER_BOUND('',#864,.T.);
#589=FACE_OUTER_BOUND('',#865,.T.);
#590=FACE_OUTER_BOUND('',#866,.T.);
#591=FACE_OUTER_BOUND('',#867,.T.);
#592=FACE_OUTER_BOUND('',#868,.T.);
#593=FACE_OUTER_BOUND('',#869,.T.);
#594=FACE_OUTER_BOUND('',#870,.T.);
#595=FACE_OUTER_BOUND('',#871,.T.);
#596=FACE_OUTER_BOUND('',#872,.T.);
#597=FACE_OUTER_BOUND('',#873,.T.);
#598=FACE_OUTER_BOUND('',#874,.T.);
#599=FACE_OUTER_BOUND('',#875,.T.);
#600=FACE_OUTER_BOUND('',#876,.T.);
#601=FACE_OUTER_BOUND('',#877,.T.);
#602=FACE_OUTER_BOUND('',#878,.T.);
#603=FACE_OUTER_BOUND('',#879,.T.);
#604=FACE_OUTER_BOUND('',#880,.T.);
#605=FACE_OUTER_BOUND('',#881,.T.);
#606=FACE_OUTER_BOUND('',#882,.T.);
#607=FACE_OUTER_BOUND('',#883,.T.);
#608=FACE_OUTER_BOUND('',#885,.T.);
#609=FACE_OUTER_BOUND('',#886,.T.);
#610=FACE_OUTER_BOUND('',#887,.T.);
#611=FACE_OUTER_BOUND('',#888,.T.);
#612=FACE_OUTER_BOUND('',#889,.T.);
#613=FACE_OUTER_BOUND('',#890,.T.);
#614=FACE_OUTER_BOUND('',#891,.T.);
#615=FACE_OUTER_BOUND('',#892,.T.);
#616=FACE_OUTER_BOUND('',#893,.T.);
#617=FACE_OUTER_BOUND('',#894,.T.);
#618=FACE_OUTER_BOUND('',#895,.T.);
#619=FACE_OUTER_BOUND('',#896,.T.);
#620=FACE_OUTER_BOUND('',#897,.T.);
#621=FACE_OUTER_BOUND('',#898,.T.);
#622=FACE_OUTER_BOUND('',#917,.T.);
#623=FACE_OUTER_BOUND('',#918,.T.);
#624=FACE_OUTER_BOUND('',#919,.T.);
#625=FACE_OUTER_BOUND('',#920,.T.);
#626=FACE_OUTER_BOUND('',#921,.T.);
#627=FACE_OUTER_BOUND('',#922,.T.);
#628=FACE_OUTER_BOUND('',#923,.T.);
#629=FACE_OUTER_BOUND('',#924,.T.);
#630=FACE_OUTER_BOUND('',#925,.T.);
#631=FACE_OUTER_BOUND('',#926,.T.);
#632=FACE_OUTER_BOUND('',#927,.T.);
#633=FACE_OUTER_BOUND('',#928,.T.);
#634=FACE_OUTER_BOUND('',#929,.T.);
#635=FACE_OUTER_BOUND('',#930,.T.);
#636=FACE_OUTER_BOUND('',#931,.T.);
#637=FACE_OUTER_BOUND('',#932,.T.);
#638=FACE_OUTER_BOUND('',#933,.T.);
#639=FACE_OUTER_BOUND('',#934,.T.);
#640=FACE_OUTER_BOUND('',#935,.T.);
#641=FACE_OUTER_BOUND('',#937,.T.);
#642=FACE_OUTER_BOUND('',#938,.T.);
#643=FACE_OUTER_BOUND('',#939,.T.);
#644=FACE_OUTER_BOUND('',#940,.T.);
#645=FACE_OUTER_BOUND('',#941,.T.);
#646=FACE_OUTER_BOUND('',#942,.T.);
#647=FACE_OUTER_BOUND('',#943,.T.);
#648=FACE_OUTER_BOUND('',#944,.T.);
#649=FACE_OUTER_BOUND('',#945,.T.);
#650=FACE_OUTER_BOUND('',#946,.T.);
#651=FACE_OUTER_BOUND('',#947,.T.);
#652=FACE_OUTER_BOUND('',#948,.T.);
#653=FACE_OUTER_BOUND('',#949,.T.);
#654=FACE_OUTER_BOUND('',#950,.T.);
#655=FACE_OUTER_BOUND('',#951,.T.);
#656=FACE_OUTER_BOUND('',#952,.T.);
#657=FACE_OUTER_BOUND('',#953,.T.);
#658=FACE_OUTER_BOUND('',#954,.T.);
#659=FACE_OUTER_BOUND('',#955,.T.);
#660=FACE_OUTER_BOUND('',#956,.T.);
#661=FACE_OUTER_BOUND('',#957,.T.);
#662=FACE_OUTER_BOUND('',#958,.T.);
#663=FACE_OUTER_BOUND('',#959,.T.);
#664=FACE_OUTER_BOUND('',#960,.T.);
#665=FACE_OUTER_BOUND('',#961,.T.);
#666=FACE_OUTER_BOUND('',#962,.T.);
#667=FACE_OUTER_BOUND('',#963,.T.);
#668=FACE_OUTER_BOUND('',#964,.T.);
#669=FACE_OUTER_BOUND('',#965,.T.);
#670=FACE_OUTER_BOUND('',#966,.T.);
#671=FACE_OUTER_BOUND('',#967,.T.);
#672=FACE_OUTER_BOUND('',#968,.T.);
#673=FACE_OUTER_BOUND('',#969,.T.);
#674=FACE_OUTER_BOUND('',#970,.T.);
#675=FACE_OUTER_BOUND('',#971,.T.);
#676=FACE_OUTER_BOUND('',#972,.T.);
#677=FACE_OUTER_BOUND('',#973,.T.);
#678=FACE_OUTER_BOUND('',#974,.T.);
#679=FACE_OUTER_BOUND('',#975,.T.);
#680=FACE_OUTER_BOUND('',#976,.T.);
#681=FACE_OUTER_BOUND('',#977,.T.);
#682=FACE_OUTER_BOUND('',#978,.T.);
#683=FACE_OUTER_BOUND('',#979,.T.);
#684=FACE_OUTER_BOUND('',#980,.T.);
#685=FACE_OUTER_BOUND('',#981,.T.);
#686=FACE_OUTER_BOUND('',#982,.T.);
#687=FACE_OUTER_BOUND('',#983,.T.);
#688=FACE_OUTER_BOUND('',#984,.T.);
#689=FACE_OUTER_BOUND('',#985,.T.);
#690=FACE_OUTER_BOUND('',#986,.T.);
#691=FACE_OUTER_BOUND('',#987,.T.);
#692=FACE_OUTER_BOUND('',#988,.T.);
#693=FACE_OUTER_BOUND('',#989,.T.);
#694=FACE_OUTER_BOUND('',#990,.T.);
#695=FACE_OUTER_BOUND('',#991,.T.);
#696=FACE_OUTER_BOUND('',#992,.T.);
#697=FACE_OUTER_BOUND('',#993,.T.);
#698=FACE_OUTER_BOUND('',#994,.T.);
#699=FACE_OUTER_BOUND('',#997,.T.);
#700=FACE_OUTER_BOUND('',#998,.T.);
#701=FACE_OUTER_BOUND('',#999,.T.);
#702=FACE_OUTER_BOUND('',#1000,.T.);
#703=FACE_OUTER_BOUND('',#1001,.T.);
#704=FACE_OUTER_BOUND('',#1002,.T.);
#705=FACE_OUTER_BOUND('',#1003,.T.);
#706=FACE_OUTER_BOUND('',#1004,.T.);
#707=FACE_OUTER_BOUND('',#1005,.T.);
#708=FACE_OUTER_BOUND('',#1006,.T.);
#709=FACE_OUTER_BOUND('',#1007,.T.);
#710=FACE_OUTER_BOUND('',#1008,.T.);
#711=FACE_OUTER_BOUND('',#1009,.T.);
#712=FACE_OUTER_BOUND('',#1010,.T.);
#713=FACE_OUTER_BOUND('',#1011,.T.);
#714=FACE_OUTER_BOUND('',#1012,.T.);
#715=FACE_OUTER_BOUND('',#1013,.T.);
#716=FACE_OUTER_BOUND('',#1014,.T.);
#717=FACE_OUTER_BOUND('',#1015,.T.);
#718=FACE_OUTER_BOUND('',#1016,.T.);
#719=FACE_OUTER_BOUND('',#1017,.T.);
#720=FACE_OUTER_BOUND('',#1018,.T.);
#721=FACE_OUTER_BOUND('',#1019,.T.);
#722=FACE_OUTER_BOUND('',#1020,.T.);
#723=FACE_OUTER_BOUND('',#1021,.T.);
#724=FACE_OUTER_BOUND('',#1022,.T.);
#725=FACE_OUTER_BOUND('',#1023,.T.);
#726=FACE_OUTER_BOUND('',#1024,.T.);
#727=FACE_OUTER_BOUND('',#1025,.T.);
#728=FACE_OUTER_BOUND('',#1026,.T.);
#729=FACE_OUTER_BOUND('',#1027,.T.);
#730=FACE_OUTER_BOUND('',#1028,.T.);
#731=FACE_OUTER_BOUND('',#1029,.T.);
#732=FACE_OUTER_BOUND('',#1030,.T.);
#733=FACE_OUTER_BOUND('',#1031,.T.);
#734=FACE_OUTER_BOUND('',#1032,.T.);
#735=FACE_OUTER_BOUND('',#1033,.T.);
#736=FACE_OUTER_BOUND('',#1034,.T.);
#737=FACE_OUTER_BOUND('',#1035,.T.);
#738=FACE_OUTER_BOUND('',#1036,.T.);
#739=FACE_OUTER_BOUND('',#1037,.T.);
#740=FACE_OUTER_BOUND('',#1038,.T.);
#741=FACE_OUTER_BOUND('',#1039,.T.);
#742=FACE_OUTER_BOUND('',#1040,.T.);
#743=FACE_OUTER_BOUND('',#1041,.T.);
#744=FACE_OUTER_BOUND('',#1042,.T.);
#745=FACE_OUTER_BOUND('',#1043,.T.);
#746=FACE_OUTER_BOUND('',#1044,.T.);
#747=FACE_OUTER_BOUND('',#1045,.T.);
#748=FACE_OUTER_BOUND('',#1046,.T.);
#749=FACE_OUTER_BOUND('',#1047,.T.);
#750=FACE_OUTER_BOUND('',#1048,.T.);
#751=FACE_OUTER_BOUND('',#1049,.T.);
#752=FACE_OUTER_BOUND('',#1050,.T.);
#753=FACE_OUTER_BOUND('',#1051,.T.);
#754=FACE_OUTER_BOUND('',#1052,.T.);
#755=FACE_OUTER_BOUND('',#1053,.T.);
#756=FACE_OUTER_BOUND('',#1054,.T.);
#757=FACE_OUTER_BOUND('',#1055,.T.);
#758=FACE_OUTER_BOUND('',#1056,.T.);
#759=FACE_OUTER_BOUND('',#1057,.T.);
#760=FACE_OUTER_BOUND('',#1058,.T.);
#761=FACE_OUTER_BOUND('',#1059,.T.);
#762=FACE_OUTER_BOUND('',#1060,.T.);
#763=FACE_OUTER_BOUND('',#1061,.T.);
#764=FACE_OUTER_BOUND('',#1062,.T.);
#765=FACE_OUTER_BOUND('',#1063,.T.);
#766=FACE_OUTER_BOUND('',#1064,.T.);
#767=FACE_OUTER_BOUND('',#1066,.T.);
#768=FACE_OUTER_BOUND('',#1067,.T.);
#769=FACE_OUTER_BOUND('',#1068,.T.);
#770=FACE_OUTER_BOUND('',#1069,.T.);
#771=FACE_OUTER_BOUND('',#1070,.T.);
#772=FACE_OUTER_BOUND('',#1071,.T.);
#773=FACE_OUTER_BOUND('',#1072,.T.);
#774=FACE_OUTER_BOUND('',#1073,.T.);
#775=FACE_OUTER_BOUND('',#1074,.T.);
#776=FACE_OUTER_BOUND('',#1075,.T.);
#777=FACE_OUTER_BOUND('',#1076,.T.);
#778=FACE_OUTER_BOUND('',#1077,.T.);
#779=FACE_OUTER_BOUND('',#1078,.T.);
#780=FACE_OUTER_BOUND('',#1079,.T.);
#781=FACE_OUTER_BOUND('',#1080,.T.);
#782=FACE_OUTER_BOUND('',#1081,.T.);
#783=FACE_OUTER_BOUND('',#1082,.T.);
#784=FACE_OUTER_BOUND('',#1083,.T.);
#785=FACE_OUTER_BOUND('',#1084,.T.);
#786=FACE_OUTER_BOUND('',#1085,.T.);
#787=FACE_OUTER_BOUND('',#1086,.T.);
#788=FACE_OUTER_BOUND('',#1087,.T.);
#789=FACE_OUTER_BOUND('',#1088,.T.);
#790=FACE_OUTER_BOUND('',#1089,.T.);
#791=FACE_OUTER_BOUND('',#1090,.T.);
#792=FACE_OUTER_BOUND('',#1091,.T.);
#793=FACE_OUTER_BOUND('',#1092,.T.);
#794=FACE_OUTER_BOUND('',#1093,.T.);
#795=FACE_OUTER_BOUND('',#1094,.T.);
#796=FACE_OUTER_BOUND('',#1095,.T.);
#797=FACE_OUTER_BOUND('',#1096,.T.);
#798=FACE_OUTER_BOUND('',#1097,.T.);
#799=FACE_OUTER_BOUND('',#1099,.T.);
#800=FACE_OUTER_BOUND('',#1101,.T.);
#801=FACE_OUTER_BOUND('',#1102,.T.);
#802=FACE_OUTER_BOUND('',#1103,.T.);
#803=FACE_OUTER_BOUND('',#1105,.T.);
#804=FACE_OUTER_BOUND('',#1107,.T.);
#805=FACE_OUTER_BOUND('',#1108,.T.);
#806=FACE_OUTER_BOUND('',#1109,.T.);
#807=FACE_OUTER_BOUND('',#1111,.T.);
#808=FACE_OUTER_BOUND('',#1113,.T.);
#809=FACE_OUTER_BOUND('',#1114,.T.);
#810=FACE_OUTER_BOUND('',#1115,.T.);
#811=FACE_OUTER_BOUND('',#1117,.T.);
#812=FACE_OUTER_BOUND('',#1119,.T.);
#813=FACE_OUTER_BOUND('',#1120,.T.);
#814=FACE_OUTER_BOUND('',#1121,.T.);
#815=FACE_OUTER_BOUND('',#1123,.T.);
#816=EDGE_LOOP('',(#3146,#3147,#3148,#3149));
#817=EDGE_LOOP('',(#3150));
#818=EDGE_LOOP('',(#3151,#3152,#3153,#3154));
#819=EDGE_LOOP('',(#3155));
#820=EDGE_LOOP('',(#3156,#3157,#3158,#3159));
#821=EDGE_LOOP('',(#3160));
#822=EDGE_LOOP('',(#3161));
#823=EDGE_LOOP('',(#3162));
#824=EDGE_LOOP('',(#3163));
#825=EDGE_LOOP('',(#3164,#3165,#3166,#3167,#3168,#3169,#3170,#3171,#3172,
#3173,#3174,#3175));
#826=EDGE_LOOP('',(#3176,#3177,#3178,#3179));
#827=EDGE_LOOP('',(#3180,#3181,#3182,#3183));
#828=EDGE_LOOP('',(#3184,#3185,#3186,#3187));
#829=EDGE_LOOP('',(#3188,#3189,#3190,#3191));
#830=EDGE_LOOP('',(#3192,#3193,#3194,#3195));
#831=EDGE_LOOP('',(#3196,#3197,#3198,#3199));
#832=EDGE_LOOP('',(#3200,#3201,#3202,#3203));
#833=EDGE_LOOP('',(#3204,#3205,#3206,#3207));
#834=EDGE_LOOP('',(#3208,#3209,#3210,#3211));
#835=EDGE_LOOP('',(#3212,#3213,#3214,#3215));
#836=EDGE_LOOP('',(#3216,#3217,#3218,#3219));
#837=EDGE_LOOP('',(#3220,#3221,#3222,#3223));
#838=EDGE_LOOP('',(#3224,#3225,#3226,#3227,#3228,#3229,#3230,#3231,#3232,
#3233,#3234,#3235,#3236,#3237,#3238,#3239,#3240,#3241,#3242));
#839=EDGE_LOOP('',(#3243,#3244,#3245,#3246,#3247,#3248,#3249,#3250));
#840=EDGE_LOOP('',(#3251,#3252,#3253,#3254));
#841=EDGE_LOOP('',(#3255,#3256,#3257,#3258));
#842=EDGE_LOOP('',(#3259,#3260,#3261,#3262));
#843=EDGE_LOOP('',(#3263,#3264,#3265,#3266));
#844=EDGE_LOOP('',(#3267,#3268,#3269,#3270));
#845=EDGE_LOOP('',(#3271,#3272,#3273,#3274));
#846=EDGE_LOOP('',(#3275,#3276,#3277,#3278));
#847=EDGE_LOOP('',(#3279,#3280,#3281,#3282));
#848=EDGE_LOOP('',(#3283,#3284,#3285,#3286));
#849=EDGE_LOOP('',(#3287,#3288,#3289,#3290));
#850=EDGE_LOOP('',(#3291,#3292,#3293,#3294));
#851=EDGE_LOOP('',(#3295,#3296,#3297,#3298));
#852=EDGE_LOOP('',(#3299,#3300,#3301,#3302));
#853=EDGE_LOOP('',(#3303,#3304,#3305,#3306));
#854=EDGE_LOOP('',(#3307,#3308,#3309,#3310));
#855=EDGE_LOOP('',(#3311,#3312,#3313,#3314));
#856=EDGE_LOOP('',(#3315,#3316,#3317,#3318));
#857=EDGE_LOOP('',(#3319,#3320,#3321,#3322));
#858=EDGE_LOOP('',(#3323,#3324,#3325,#3326));
#859=EDGE_LOOP('',(#3327,#3328,#3329,#3330));
#860=EDGE_LOOP('',(#3331,#3332,#3333,#3334));
#861=EDGE_LOOP('',(#3335,#3336,#3337,#3338));
#862=EDGE_LOOP('',(#3339,#3340,#3341,#3342));
#863=EDGE_LOOP('',(#3343,#3344,#3345,#3346));
#864=EDGE_LOOP('',(#3347,#3348,#3349,#3350));
#865=EDGE_LOOP('',(#3351,#3352,#3353,#3354));
#866=EDGE_LOOP('',(#3355,#3356,#3357,#3358));
#867=EDGE_LOOP('',(#3359,#3360,#3361,#3362,#3363,#3364,#3365,#3366));
#868=EDGE_LOOP('',(#3367,#3368,#3369,#3370,#3371,#3372,#3373,#3374,#3375));
#869=EDGE_LOOP('',(#3376,#3377,#3378,#3379));
#870=EDGE_LOOP('',(#3380,#3381,#3382,#3383));
#871=EDGE_LOOP('',(#3384,#3385,#3386,#3387));
#872=EDGE_LOOP('',(#3388,#3389,#3390,#3391));
#873=EDGE_LOOP('',(#3392,#3393,#3394,#3395));
#874=EDGE_LOOP('',(#3396,#3397,#3398,#3399));
#875=EDGE_LOOP('',(#3400,#3401,#3402,#3403));
#876=EDGE_LOOP('',(#3404,#3405,#3406,#3407));
#877=EDGE_LOOP('',(#3408,#3409,#3410,#3411));
#878=EDGE_LOOP('',(#3412,#3413,#3414,#3415));
#879=EDGE_LOOP('',(#3416,#3417,#3418,#3419));
#880=EDGE_LOOP('',(#3420,#3421,#3422,#3423));
#881=EDGE_LOOP('',(#3424,#3425,#3426,#3427));
#882=EDGE_LOOP('',(#3428,#3429,#3430,#3431));
#883=EDGE_LOOP('',(#3432,#3433,#3434,#3435,#3436,#3437,#3438,#3439));
#884=EDGE_LOOP('',(#3440,#3441,#3442,#3443,#3444));
#885=EDGE_LOOP('',(#3445,#3446,#3447,#3448));
#886=EDGE_LOOP('',(#3449,#3450,#3451,#3452));
#887=EDGE_LOOP('',(#3453,#3454,#3455,#3456));
#888=EDGE_LOOP('',(#3457,#3458,#3459,#3460));
#889=EDGE_LOOP('',(#3461,#3462,#3463,#3464));
#890=EDGE_LOOP('',(#3465,#3466,#3467,#3468));
#891=EDGE_LOOP('',(#3469,#3470,#3471,#3472));
#892=EDGE_LOOP('',(#3473,#3474,#3475,#3476));
#893=EDGE_LOOP('',(#3477,#3478,#3479,#3480));
#894=EDGE_LOOP('',(#3481,#3482,#3483,#3484));
#895=EDGE_LOOP('',(#3485,#3486,#3487,#3488));
#896=EDGE_LOOP('',(#3489,#3490,#3491,#3492));
#897=EDGE_LOOP('',(#3493,#3494,#3495,#3496));
#898=EDGE_LOOP('',(#3497,#3498,#3499,#3500));
#899=EDGE_LOOP('',(#3501,#3502,#3503,#3504,#3505,#3506,#3507,#3508,#3509,
#3510,#3511,#3512));
#900=EDGE_LOOP('',(#3513,#3514,#3515,#3516,#3517,#3518,#3519,#3520,#3521,
#3522,#3523,#3524,#3525,#3526,#3527,#3528,#3529,#3530,#3531));
#901=EDGE_LOOP('',(#3532,#3533,#3534,#3535,#3536,#3537,#3538,#3539,#3540));
#902=EDGE_LOOP('',(#3541,#3542,#3543,#3544));
#903=EDGE_LOOP('',(#3545,#3546,#3547,#3548,#3549,#3550,#3551,#3552,#3553,
#3554,#3555,#3556,#3557,#3558,#3559));
#904=EDGE_LOOP('',(#3560,#3561,#3562,#3563,#3564,#3565,#3566,#3567,#3568));
#905=EDGE_LOOP('',(#3569,#3570,#3571,#3572,#3573,#3574,#3575,#3576,#3577,
#3578,#3579,#3580,#3581,#3582,#3583,#3584,#3585,#3586,#3587,#3588,#3589,
#3590));
#906=EDGE_LOOP('',(#3591,#3592,#3593,#3594,#3595,#3596));
#907=EDGE_LOOP('',(#3597,#3598,#3599,#3600,#3601,#3602,#3603,#3604,#3605,
#3606,#3607,#3608,#3609,#3610,#3611,#3612,#3613,#3614,#3615));
#908=EDGE_LOOP('',(#3616,#3617,#3618,#3619,#3620,#3621,#3622,#3623,#3624,
#3625));
#909=EDGE_LOOP('',(#3626,#3627,#3628,#3629,#3630,#3631));
#910=EDGE_LOOP('',(#3632,#3633,#3634,#3635,#3636,#3637,#3638,#3639,#3640,
#3641,#3642,#3643));
#911=EDGE_LOOP('',(#3644,#3645,#3646,#3647));
#912=EDGE_LOOP('',(#3648,#3649,#3650,#3651,#3652,#3653));
#913=EDGE_LOOP('',(#3654,#3655,#3656,#3657,#3658,#3659,#3660,#3661));
#914=EDGE_LOOP('',(#3662,#3663,#3664,#3665));
#915=EDGE_LOOP('',(#3666,#3667,#3668,#3669,#3670,#3671,#3672,#3673,#3674,
#3675,#3676,#3677));
#916=EDGE_LOOP('',(#3678,#3679,#3680,#3681,#3682,#3683,#3684,#3685));
#917=EDGE_LOOP('',(#3686,#3687,#3688,#3689,#3690,#3691,#3692,#3693,#3694,
#3695,#3696,#3697));
#918=EDGE_LOOP('',(#3698,#3699,#3700,#3701));
#919=EDGE_LOOP('',(#3702,#3703,#3704,#3705));
#920=EDGE_LOOP('',(#3706,#3707,#3708,#3709));
#921=EDGE_LOOP('',(#3710,#3711,#3712,#3713));
#922=EDGE_LOOP('',(#3714,#3715,#3716,#3717));
#923=EDGE_LOOP('',(#3718,#3719,#3720,#3721));
#924=EDGE_LOOP('',(#3722,#3723,#3724,#3725));
#925=EDGE_LOOP('',(#3726,#3727,#3728,#3729));
#926=EDGE_LOOP('',(#3730,#3731,#3732,#3733));
#927=EDGE_LOOP('',(#3734,#3735,#3736,#3737));
#928=EDGE_LOOP('',(#3738,#3739,#3740,#3741));
#929=EDGE_LOOP('',(#3742,#3743,#3744,#3745));
#930=EDGE_LOOP('',(#3746,#3747,#3748,#3749));
#931=EDGE_LOOP('',(#3750,#3751,#3752,#3753));
#932=EDGE_LOOP('',(#3754,#3755,#3756,#3757));
#933=EDGE_LOOP('',(#3758,#3759,#3760,#3761));
#934=EDGE_LOOP('',(#3762,#3763,#3764,#3765));
#935=EDGE_LOOP('',(#3766,#3767,#3768,#3769,#3770,#3771,#3772,#3773));
#936=EDGE_LOOP('',(#3774,#3775,#3776,#3777,#3778));
#937=EDGE_LOOP('',(#3779,#3780,#3781,#3782));
#938=EDGE_LOOP('',(#3783,#3784,#3785,#3786));
#939=EDGE_LOOP('',(#3787,#3788,#3789,#3790));
#940=EDGE_LOOP('',(#3791,#3792,#3793,#3794));
#941=EDGE_LOOP('',(#3795,#3796,#3797,#3798));
#942=EDGE_LOOP('',(#3799,#3800,#3801,#3802));
#943=EDGE_LOOP('',(#3803,#3804,#3805,#3806));
#944=EDGE_LOOP('',(#3807,#3808,#3809,#3810));
#945=EDGE_LOOP('',(#3811,#3812,#3813,#3814));
#946=EDGE_LOOP('',(#3815,#3816,#3817,#3818));
#947=EDGE_LOOP('',(#3819,#3820,#3821,#3822));
#948=EDGE_LOOP('',(#3823,#3824,#3825,#3826));
#949=EDGE_LOOP('',(#3827,#3828,#3829,#3830));
#950=EDGE_LOOP('',(#3831,#3832,#3833,#3834,#3835));
#951=EDGE_LOOP('',(#3836,#3837,#3838,#3839,#3840,#3841));
#952=EDGE_LOOP('',(#3842,#3843,#3844,#3845));
#953=EDGE_LOOP('',(#3846,#3847,#3848,#3849));
#954=EDGE_LOOP('',(#3850,#3851,#3852,#3853));
#955=EDGE_LOOP('',(#3854,#3855,#3856,#3857));
#956=EDGE_LOOP('',(#3858,#3859,#3860,#3861));
#957=EDGE_LOOP('',(#3862,#3863,#3864,#3865));
#958=EDGE_LOOP('',(#3866,#3867,#3868,#3869));
#959=EDGE_LOOP('',(#3870,#3871,#3872,#3873));
#960=EDGE_LOOP('',(#3874,#3875,#3876,#3877));
#961=EDGE_LOOP('',(#3878,#3879,#3880,#3881));
#962=EDGE_LOOP('',(#3882,#3883,#3884,#3885));
#963=EDGE_LOOP('',(#3886,#3887,#3888,#3889,#3890,#3891,#3892,#3893,#3894,
#3895,#3896,#3897));
#964=EDGE_LOOP('',(#3898,#3899,#3900,#3901));
#965=EDGE_LOOP('',(#3902,#3903,#3904,#3905));
#966=EDGE_LOOP('',(#3906,#3907,#3908,#3909));
#967=EDGE_LOOP('',(#3910,#3911,#3912,#3913));
#968=EDGE_LOOP('',(#3914,#3915,#3916,#3917));
#969=EDGE_LOOP('',(#3918,#3919,#3920,#3921));
#970=EDGE_LOOP('',(#3922,#3923,#3924,#3925));
#971=EDGE_LOOP('',(#3926,#3927,#3928,#3929));
#972=EDGE_LOOP('',(#3930,#3931,#3932,#3933));
#973=EDGE_LOOP('',(#3934,#3935,#3936,#3937));
#974=EDGE_LOOP('',(#3938,#3939,#3940,#3941));
#975=EDGE_LOOP('',(#3942,#3943,#3944,#3945));
#976=EDGE_LOOP('',(#3946,#3947,#3948,#3949,#3950,#3951));
#977=EDGE_LOOP('',(#3952,#3953,#3954,#3955));
#978=EDGE_LOOP('',(#3956,#3957,#3958,#3959));
#979=EDGE_LOOP('',(#3960,#3961,#3962,#3963));
#980=EDGE_LOOP('',(#3964,#3965,#3966,#3967));
#981=EDGE_LOOP('',(#3968,#3969,#3970,#3971));
#982=EDGE_LOOP('',(#3972,#3973,#3974,#3975));
#983=EDGE_LOOP('',(#3976,#3977,#3978,#3979,#3980,#3981,#3982,#3983,#3984,
#3985));
#984=EDGE_LOOP('',(#3986,#3987,#3988,#3989));
#985=EDGE_LOOP('',(#3990,#3991,#3992,#3993));
#986=EDGE_LOOP('',(#3994,#3995,#3996,#3997));
#987=EDGE_LOOP('',(#3998,#3999,#4000,#4001));
#988=EDGE_LOOP('',(#4002,#4003,#4004,#4005));
#989=EDGE_LOOP('',(#4006,#4007,#4008,#4009));
#990=EDGE_LOOP('',(#4010,#4011,#4012,#4013));
#991=EDGE_LOOP('',(#4014,#4015,#4016,#4017));
#992=EDGE_LOOP('',(#4018,#4019,#4020,#4021));
#993=EDGE_LOOP('',(#4022,#4023,#4024,#4025));
#994=EDGE_LOOP('',(#4026,#4027,#4028,#4029,#4030,#4031,#4032,#4033,#4034,
#4035,#4036,#4037,#4038,#4039,#4040));
#995=EDGE_LOOP('',(#4041,#4042,#4043,#4044,#4045));
#996=EDGE_LOOP('',(#4046,#4047,#4048,#4049,#4050));
#997=EDGE_LOOP('',(#4051,#4052,#4053,#4054));
#998=EDGE_LOOP('',(#4055,#4056,#4057,#4058));
#999=EDGE_LOOP('',(#4059,#4060,#4061,#4062));
#1000=EDGE_LOOP('',(#4063,#4064,#4065,#4066));
#1001=EDGE_LOOP('',(#4067,#4068,#4069,#4070));
#1002=EDGE_LOOP('',(#4071,#4072,#4073,#4074));
#1003=EDGE_LOOP('',(#4075,#4076,#4077,#4078));
#1004=EDGE_LOOP('',(#4079,#4080,#4081,#4082));
#1005=EDGE_LOOP('',(#4083,#4084,#4085,#4086));
#1006=EDGE_LOOP('',(#4087,#4088,#4089,#4090));
#1007=EDGE_LOOP('',(#4091,#4092,#4093,#4094));
#1008=EDGE_LOOP('',(#4095,#4096,#4097,#4098));
#1009=EDGE_LOOP('',(#4099,#4100,#4101,#4102));
#1010=EDGE_LOOP('',(#4103,#4104,#4105,#4106));
#1011=EDGE_LOOP('',(#4107,#4108,#4109,#4110));
#1012=EDGE_LOOP('',(#4111,#4112,#4113,#4114));
#1013=EDGE_LOOP('',(#4115,#4116,#4117,#4118));
#1014=EDGE_LOOP('',(#4119,#4120,#4121,#4122));
#1015=EDGE_LOOP('',(#4123,#4124,#4125,#4126));
#1016=EDGE_LOOP('',(#4127,#4128,#4129,#4130));
#1017=EDGE_LOOP('',(#4131,#4132,#4133,#4134));
#1018=EDGE_LOOP('',(#4135,#4136,#4137,#4138));
#1019=EDGE_LOOP('',(#4139,#4140,#4141,#4142));
#1020=EDGE_LOOP('',(#4143,#4144,#4145,#4146));
#1021=EDGE_LOOP('',(#4147,#4148,#4149,#4150));
#1022=EDGE_LOOP('',(#4151,#4152,#4153,#4154,#4155));
#1023=EDGE_LOOP('',(#4156,#4157,#4158,#4159,#4160));
#1024=EDGE_LOOP('',(#4161,#4162,#4163,#4164,#4165,#4166,#4167,#4168,#4169));
#1025=EDGE_LOOP('',(#4170,#4171,#4172,#4173));
#1026=EDGE_LOOP('',(#4174,#4175,#4176,#4177));
#1027=EDGE_LOOP('',(#4178,#4179,#4180,#4181));
#1028=EDGE_LOOP('',(#4182,#4183,#4184,#4185));
#1029=EDGE_LOOP('',(#4186,#4187,#4188,#4189));
#1030=EDGE_LOOP('',(#4190,#4191,#4192,#4193));
#1031=EDGE_LOOP('',(#4194,#4195,#4196,#4197));
#1032=EDGE_LOOP('',(#4198,#4199,#4200,#4201));
#1033=EDGE_LOOP('',(#4202,#4203,#4204,#4205));
#1034=EDGE_LOOP('',(#4206,#4207,#4208,#4209,#4210,#4211,#4212,#4213,#4214,
#4215,#4216,#4217,#4218,#4219,#4220,#4221,#4222,#4223,#4224,#4225,#4226,
#4227));
#1035=EDGE_LOOP('',(#4228,#4229,#4230,#4231));
#1036=EDGE_LOOP('',(#4232,#4233,#4234,#4235));
#1037=EDGE_LOOP('',(#4236,#4237,#4238,#4239));
#1038=EDGE_LOOP('',(#4240,#4241,#4242,#4243));
#1039=EDGE_LOOP('',(#4244,#4245,#4246,#4247));
#1040=EDGE_LOOP('',(#4248,#4249,#4250,#4251));
#1041=EDGE_LOOP('',(#4252,#4253,#4254,#4255));
#1042=EDGE_LOOP('',(#4256,#4257,#4258,#4259));
#1043=EDGE_LOOP('',(#4260,#4261,#4262,#4263));
#1044=EDGE_LOOP('',(#4264,#4265,#4266,#4267));
#1045=EDGE_LOOP('',(#4268,#4269,#4270,#4271));
#1046=EDGE_LOOP('',(#4272,#4273,#4274,#4275));
#1047=EDGE_LOOP('',(#4276,#4277,#4278,#4279));
#1048=EDGE_LOOP('',(#4280,#4281,#4282,#4283));
#1049=EDGE_LOOP('',(#4284,#4285,#4286,#4287));
#1050=EDGE_LOOP('',(#4288,#4289,#4290,#4291));
#1051=EDGE_LOOP('',(#4292,#4293,#4294,#4295));
#1052=EDGE_LOOP('',(#4296,#4297,#4298,#4299));
#1053=EDGE_LOOP('',(#4300,#4301,#4302,#4303));
#1054=EDGE_LOOP('',(#4304,#4305,#4306,#4307));
#1055=EDGE_LOOP('',(#4308,#4309,#4310,#4311));
#1056=EDGE_LOOP('',(#4312,#4313,#4314,#4315));
#1057=EDGE_LOOP('',(#4316,#4317,#4318,#4319,#4320,#4321));
#1058=EDGE_LOOP('',(#4322,#4323,#4324,#4325));
#1059=EDGE_LOOP('',(#4326,#4327,#4328,#4329));
#1060=EDGE_LOOP('',(#4330,#4331,#4332,#4333));
#1061=EDGE_LOOP('',(#4334,#4335,#4336,#4337));
#1062=EDGE_LOOP('',(#4338,#4339,#4340,#4341));
#1063=EDGE_LOOP('',(#4342,#4343,#4344,#4345));
#1064=EDGE_LOOP('',(#4346,#4347,#4348,#4349,#4350,#4351,#4352,#4353,#4354,
#4355,#4356,#4357,#4358,#4359,#4360,#4361,#4362,#4363,#4364));
#1065=EDGE_LOOP('',(#4365,#4366,#4367,#4368,#4369,#4370,#4371,#4372,#4373));
#1066=EDGE_LOOP('',(#4374,#4375,#4376,#4377));
#1067=EDGE_LOOP('',(#4378,#4379,#4380,#4381));
#1068=EDGE_LOOP('',(#4382,#4383,#4384,#4385));
#1069=EDGE_LOOP('',(#4386,#4387,#4388,#4389));
#1070=EDGE_LOOP('',(#4390,#4391,#4392,#4393));
#1071=EDGE_LOOP('',(#4394,#4395,#4396,#4397));
#1072=EDGE_LOOP('',(#4398,#4399,#4400,#4401));
#1073=EDGE_LOOP('',(#4402,#4403,#4404,#4405));
#1074=EDGE_LOOP('',(#4406,#4407,#4408,#4409));
#1075=EDGE_LOOP('',(#4410,#4411,#4412,#4413));
#1076=EDGE_LOOP('',(#4414,#4415,#4416,#4417));
#1077=EDGE_LOOP('',(#4418,#4419,#4420,#4421));
#1078=EDGE_LOOP('',(#4422,#4423,#4424,#4425));
#1079=EDGE_LOOP('',(#4426,#4427,#4428,#4429));
#1080=EDGE_LOOP('',(#4430,#4431,#4432,#4433));
#1081=EDGE_LOOP('',(#4434,#4435,#4436,#4437));
#1082=EDGE_LOOP('',(#4438,#4439,#4440,#4441));
#1083=EDGE_LOOP('',(#4442,#4443,#4444,#4445));
#1084=EDGE_LOOP('',(#4446,#4447,#4448,#4449));
#1085=EDGE_LOOP('',(#4450,#4451,#4452,#4453));
#1086=EDGE_LOOP('',(#4454,#4455,#4456,#4457));
#1087=EDGE_LOOP('',(#4458,#4459,#4460,#4461));
#1088=EDGE_LOOP('',(#4462,#4463,#4464,#4465));
#1089=EDGE_LOOP('',(#4466,#4467,#4468,#4469));
#1090=EDGE_LOOP('',(#4470,#4471,#4472,#4473));
#1091=EDGE_LOOP('',(#4474,#4475,#4476,#4477));
#1092=EDGE_LOOP('',(#4478,#4479,#4480,#4481));
#1093=EDGE_LOOP('',(#4482,#4483,#4484,#4485));
#1094=EDGE_LOOP('',(#4486,#4487,#4488,#4489,#4490));
#1095=EDGE_LOOP('',(#4491,#4492,#4493,#4494));
#1096=EDGE_LOOP('',(#4495,#4496,#4497,#4498,#4499,#4500,#4501,#4502,#4503));
#1097=EDGE_LOOP('',(#4504));
#1098=EDGE_LOOP('',(#4505));
#1099=EDGE_LOOP('',(#4506));
#1100=EDGE_LOOP('',(#4507));
#1101=EDGE_LOOP('',(#4508,#4509,#4510,#4511));
#1102=EDGE_LOOP('',(#4512,#4513,#4514,#4515));
#1103=EDGE_LOOP('',(#4516));
#1104=EDGE_LOOP('',(#4517));
#1105=EDGE_LOOP('',(#4518));
#1106=EDGE_LOOP('',(#4519));
#1107=EDGE_LOOP('',(#4520,#4521,#4522,#4523));
#1108=EDGE_LOOP('',(#4524,#4525,#4526,#4527));
#1109=EDGE_LOOP('',(#4528));
#1110=EDGE_LOOP('',(#4529));
#1111=EDGE_LOOP('',(#4530));
#1112=EDGE_LOOP('',(#4531));
#1113=EDGE_LOOP('',(#4532,#4533,#4534,#4535));
#1114=EDGE_LOOP('',(#4536,#4537,#4538,#4539));
#1115=EDGE_LOOP('',(#4540));
#1116=EDGE_LOOP('',(#4541));
#1117=EDGE_LOOP('',(#4542));
#1118=EDGE_LOOP('',(#4543));
#1119=EDGE_LOOP('',(#4544,#4545,#4546,#4547));
#1120=EDGE_LOOP('',(#4548,#4549,#4550,#4551));
#1121=EDGE_LOOP('',(#4552));
#1122=EDGE_LOOP('',(#4553));
#1123=EDGE_LOOP('',(#4554));
#1124=EDGE_LOOP('',(#4555));
#1125=LINE('',#6062,#1494);
#1126=LINE('',#6069,#1495);
#1127=LINE('',#6076,#1496);
#1128=LINE('',#6085,#1497);
#1129=LINE('',#6089,#1498);
#1130=LINE('',#6093,#1499);
#1131=LINE('',#6097,#1500);
#1132=LINE('',#6101,#1501);
#1133=LINE('',#6104,#1502);
#1134=LINE('',#6109,#1503);
#1135=LINE('',#6110,#1504);
#1136=LINE('',#6113,#1505);
#1137=LINE('',#6114,#1506);
#1138=LINE('',#6118,#1507);
#1139=LINE('',#6121,#1508);
#1140=LINE('',#6122,#1509);
#1141=LINE('',#6126,#1510);
#1142=LINE('',#6129,#1511);
#1143=LINE('',#6130,#1512);
#1144=LINE('',#6134,#1513);
#1145=LINE('',#6137,#1514);
#1146=LINE('',#6138,#1515);
#1147=LINE('',#6142,#1516);
#1148=LINE('',#6145,#1517);
#1149=LINE('',#6146,#1518);
#1150=LINE('',#6150,#1519);
#1151=LINE('',#6152,#1520);
#1152=LINE('',#6158,#1521);
#1153=LINE('',#6195,#1522);
#1154=LINE('',#6257,#1523);
#1155=LINE('',#6260,#1524);
#1156=LINE('',#6263,#1525);
#1157=LINE('',#6299,#1526);
#1158=LINE('',#6305,#1527);
#1159=LINE('',#6306,#1528);
#1160=LINE('',#6309,#1529);
#1161=LINE('',#6310,#1530);
#1162=LINE('',#6337,#1531);
#1163=LINE('',#6366,#1532);
#1164=LINE('',#6394,#1533);
#1165=LINE('',#6426,#1534);
#1166=LINE('',#6450,#1535);
#1167=LINE('',#6453,#1536);
#1168=LINE('',#6454,#1537);
#1169=LINE('',#6476,#1538);
#1170=LINE('',#6504,#1539);
#1171=LINE('',#6532,#1540);
#1172=LINE('',#6560,#1541);
#1173=LINE('',#6588,#1542);
#1174=LINE('',#6616,#1543);
#1175=LINE('',#6651,#1544);
#1176=LINE('',#6679,#1545);
#1177=LINE('',#6682,#1546);
#1178=LINE('',#6683,#1547);
#1179=LINE('',#6687,#1548);
#1180=LINE('',#6689,#1549);
#1181=LINE('',#6693,#1550);
#1182=LINE('',#6694,#1551);
#1183=LINE('',#6695,#1552);
#1184=LINE('',#6723,#1553);
#1185=LINE('',#6751,#1554);
#1186=LINE('',#6779,#1555);
#1187=LINE('',#6807,#1556);
#1188=LINE('',#6839,#1557);
#1189=LINE('',#6842,#1558);
#1190=LINE('',#6843,#1559);
#1191=LINE('',#6855,#1560);
#1192=LINE('',#6883,#1561);
#1193=LINE('',#6889,#1562);
#1194=LINE('',#6921,#1563);
#1195=LINE('',#6922,#1564);
#1196=LINE('',#6925,#1565);
#1197=LINE('',#6926,#1566);
#1198=LINE('',#6954,#1567);
#1199=LINE('',#6981,#1568);
#1200=LINE('',#7008,#1569);
#1201=LINE('',#7036,#1570);
#1202=LINE('',#7039,#1571);
#1203=LINE('',#7040,#1572);
#1204=LINE('',#7071,#1573);
#1205=LINE('',#7073,#1574);
#1206=LINE('',#7079,#1575);
#1207=LINE('',#7082,#1576);
#1208=LINE('',#7087,#1577);
#1209=LINE('',#7088,#1578);
#1210=LINE('',#7091,#1579);
#1211=LINE('',#7092,#1580);
#1212=LINE('',#7096,#1581);
#1213=LINE('',#7098,#1582);
#1214=LINE('',#7107,#1583);
#1215=LINE('',#7114,#1584);
#1216=LINE('',#7121,#1585);
#1217=LINE('',#7127,#1586);
#1218=LINE('',#7155,#1587);
#1219=LINE('',#7188,#1588);
#1220=LINE('',#7189,#1589);
#1221=LINE('',#7217,#1590);
#1222=LINE('',#7241,#1591);
#1223=LINE('',#7244,#1592);
#1224=LINE('',#7245,#1593);
#1225=LINE('',#7291,#1594);
#1226=LINE('',#7292,#1595);
#1227=LINE('',#7295,#1596);
#1228=LINE('',#7296,#1597);
#1229=LINE('',#7321,#1598);
#1230=LINE('',#7324,#1599);
#1231=LINE('',#7325,#1600);
#1232=LINE('',#7356,#1601);
#1233=LINE('',#7359,#1602);
#1234=LINE('',#7360,#1603);
#1235=LINE('',#7391,#1604);
#1236=LINE('',#7393,#1605);
#1237=LINE('',#7398,#1606);
#1238=LINE('',#7402,#1607);
#1239=LINE('',#7432,#1608);
#1240=LINE('',#7448,#1609);
#1241=LINE('',#7458,#1610);
#1242=LINE('',#7468,#1611);
#1243=LINE('',#7478,#1612);
#1244=LINE('',#7488,#1613);
#1245=LINE('',#7504,#1614);
#1246=LINE('',#7508,#1615);
#1247=LINE('',#7632,#1616);
#1248=LINE('',#7636,#1617);
#1249=LINE('',#7686,#1618);
#1250=LINE('',#7690,#1619);
#1251=LINE('',#7693,#1620);
#1252=LINE('',#7837,#1621);
#1253=LINE('',#7841,#1622);
#1254=LINE('',#7856,#1623);
#1255=LINE('',#7860,#1624);
#1256=LINE('',#7875,#1625);
#1257=LINE('',#7879,#1626);
#1258=LINE('',#7882,#1627);
#1259=LINE('',#7887,#1628);
#1260=LINE('',#7891,#1629);
#1261=LINE('',#7903,#1630);
#1262=LINE('',#7921,#1631);
#1263=LINE('',#7940,#1632);
#1264=LINE('',#7943,#1633);
#1265=LINE('',#7948,#1634);
#1266=LINE('',#7952,#1635);
#1267=LINE('',#7955,#1636);
#1268=LINE('',#7966,#1637);
#1269=LINE('',#7982,#1638);
#1270=LINE('',#7998,#1639);
#1271=LINE('',#8007,#1640);
#1272=LINE('',#8012,#1641);
#1273=LINE('',#8015,#1642);
#1274=LINE('',#8020,#1643);
#1275=LINE('',#8024,#1644);
#1276=LINE('',#8028,#1645);
#1277=LINE('',#8032,#1646);
#1278=LINE('',#8036,#1647);
#1279=LINE('',#8039,#1648);
#1280=LINE('',#8045,#1649);
#1281=LINE('',#8049,#1650);
#1282=LINE('',#8053,#1651);
#1283=LINE('',#8057,#1652);
#1284=LINE('',#8061,#1653);
#1285=LINE('',#8064,#1654);
#1286=LINE('',#8066,#1655);
#1287=LINE('',#8067,#1656);
#1288=LINE('',#8069,#1657);
#1289=LINE('',#8071,#1658);
#1290=LINE('',#8073,#1659);
#1291=LINE('',#8075,#1660);
#1292=LINE('',#8077,#1661);
#1293=LINE('',#8079,#1662);
#1294=LINE('',#8081,#1663);
#1295=LINE('',#8083,#1664);
#1296=LINE('',#8085,#1665);
#1297=LINE('',#8087,#1666);
#1298=LINE('',#8094,#1667);
#1299=LINE('',#8097,#1668);
#1300=LINE('',#8099,#1669);
#1301=LINE('',#8100,#1670);
#1302=LINE('',#8102,#1671);
#1303=LINE('',#8104,#1672);
#1304=LINE('',#8114,#1673);
#1305=LINE('',#8121,#1674);
#1306=LINE('',#8128,#1675);
#1307=LINE('',#8134,#1676);
#1308=LINE('',#8162,#1677);
#1309=LINE('',#8183,#1678);
#1310=LINE('',#8184,#1679);
#1311=LINE('',#8186,#1680);
#1312=LINE('',#8203,#1681);
#1313=LINE('',#8205,#1682);
#1314=LINE('',#8222,#1683);
#1315=LINE('',#8224,#1684);
#1316=LINE('',#8241,#1685);
#1317=LINE('',#8271,#1686);
#1318=LINE('',#8272,#1687);
#1319=LINE('',#8300,#1688);
#1320=LINE('',#8324,#1689);
#1321=LINE('',#8327,#1690);
#1322=LINE('',#8328,#1691);
#1323=LINE('',#8355,#1692);
#1324=LINE('',#8359,#1693);
#1325=LINE('',#8362,#1694);
#1326=LINE('',#8364,#1695);
#1327=LINE('',#8365,#1696);
#1328=LINE('',#8367,#1697);
#1329=LINE('',#8369,#1698);
#1330=LINE('',#8371,#1699);
#1331=LINE('',#8373,#1700);
#1332=LINE('',#8380,#1701);
#1333=LINE('',#8383,#1702);
#1334=LINE('',#8385,#1703);
#1335=LINE('',#8386,#1704);
#1336=LINE('',#8388,#1705);
#1337=LINE('',#8390,#1706);
#1338=LINE('',#8411,#1707);
#1339=LINE('',#8425,#1708);
#1340=LINE('',#8436,#1709);
#1341=LINE('',#8439,#1710);
#1342=LINE('',#8441,#1711);
#1343=LINE('',#8442,#1712);
#1344=LINE('',#8459,#1713);
#1345=LINE('',#8476,#1714);
#1346=LINE('',#8478,#1715);
#1347=LINE('',#8495,#1716);
#1348=LINE('',#8512,#1717);
#1349=LINE('',#8514,#1718);
#1350=LINE('',#8531,#1719);
#1351=LINE('',#8533,#1720);
#1352=LINE('',#8535,#1721);
#1353=LINE('',#8537,#1722);
#1354=LINE('',#8544,#1723);
#1355=LINE('',#8548,#1724);
#1356=LINE('',#8551,#1725);
#1357=LINE('',#8553,#1726);
#1358=LINE('',#8554,#1727);
#1359=LINE('',#8556,#1728);
#1360=LINE('',#8558,#1729);
#1361=LINE('',#8560,#1730);
#1362=LINE('',#8562,#1731);
#1363=LINE('',#8574,#1732);
#1364=LINE('',#8578,#1733);
#1365=LINE('',#8587,#1734);
#1366=LINE('',#8590,#1735);
#1367=LINE('',#8592,#1736);
#1368=LINE('',#8593,#1737);
#1369=LINE('',#8610,#1738);
#1370=LINE('',#8612,#1739);
#1371=LINE('',#8614,#1740);
#1372=LINE('',#8616,#1741);
#1373=LINE('',#8618,#1742);
#1374=LINE('',#8635,#1743);
#1375=LINE('',#8637,#1744);
#1376=LINE('',#8639,#1745);
#1377=LINE('',#8644,#1746);
#1378=LINE('',#8651,#1747);
#1379=LINE('',#8658,#1748);
#1380=LINE('',#8665,#1749);
#1381=LINE('',#8672,#1750);
#1382=LINE('',#8679,#1751);
#1383=LINE('',#8686,#1752);
#1384=LINE('',#8723,#1753);
#1385=LINE('',#8755,#1754);
#1386=LINE('',#8788,#1755);
#1387=LINE('',#8789,#1756);
#1388=LINE('',#8817,#1757);
#1389=LINE('',#8841,#1758);
#1390=LINE('',#8844,#1759);
#1391=LINE('',#8845,#1760);
#1392=LINE('',#8867,#1761);
#1393=LINE('',#8868,#1762);
#1394=LINE('',#8885,#1763);
#1395=LINE('',#8887,#1764);
#1396=LINE('',#8904,#1765);
#1397=LINE('',#8906,#1766);
#1398=LINE('',#8923,#1767);
#1399=LINE('',#8925,#1768);
#1400=LINE('',#8942,#1769);
#1401=LINE('',#8944,#1770);
#1402=LINE('',#8961,#1771);
#1403=LINE('',#8963,#1772);
#1404=LINE('',#8980,#1773);
#1405=LINE('',#8982,#1774);
#1406=LINE('',#8999,#1775);
#1407=LINE('',#9044,#1776);
#1408=LINE('',#9045,#1777);
#1409=LINE('',#9073,#1778);
#1410=LINE('',#9097,#1779);
#1411=LINE('',#9100,#1780);
#1412=LINE('',#9101,#1781);
#1413=LINE('',#9127,#1782);
#1414=LINE('',#9161,#1783);
#1415=LINE('',#9164,#1784);
#1416=LINE('',#9165,#1785);
#1417=LINE('',#9186,#1786);
#1418=LINE('',#9207,#1787);
#1419=LINE('',#9209,#1788);
#1420=LINE('',#9230,#1789);
#1421=LINE('',#9251,#1790);
#1422=LINE('',#9253,#1791);
#1423=LINE('',#9255,#1792);
#1424=LINE('',#9307,#1793);
#1425=LINE('',#9311,#1794);
#1426=LINE('',#9413,#1795);
#1427=LINE('',#9414,#1796);
#1428=LINE('',#9435,#1797);
#1429=LINE('',#9456,#1798);
#1430=LINE('',#9477,#1799);
#1431=LINE('',#9498,#1800);
#1432=LINE('',#9519,#1801);
#1433=LINE('',#9536,#1802);
#1434=LINE('',#9538,#1803);
#1435=LINE('',#9540,#1804);
#1436=LINE('',#9542,#1805);
#1437=LINE('',#9559,#1806);
#1438=LINE('',#9576,#1807);
#1439=LINE('',#9597,#1808);
#1440=LINE('',#9618,#1809);
#1441=LINE('',#9639,#1810);
#1442=LINE('',#9660,#1811);
#1443=LINE('',#9681,#1812);
#1444=LINE('',#9702,#1813);
#1445=LINE('',#9723,#1814);
#1446=LINE('',#9744,#1815);
#1447=LINE('',#9761,#1816);
#1448=LINE('',#9787,#1817);
#1449=LINE('',#9791,#1818);
#1450=LINE('',#9794,#1819);
#1451=LINE('',#9796,#1820);
#1452=LINE('',#9797,#1821);
#1453=LINE('',#9799,#1822);
#1454=LINE('',#9801,#1823);
#1455=LINE('',#9803,#1824);
#1456=LINE('',#9805,#1825);
#1457=LINE('',#10027,#1826);
#1458=LINE('',#10028,#1827);
#1459=LINE('',#10056,#1828);
#1460=LINE('',#10084,#1829);
#1461=LINE('',#10112,#1830);
#1462=LINE('',#10140,#1831);
#1463=LINE('',#10168,#1832);
#1464=LINE('',#10196,#1833);
#1465=LINE('',#10224,#1834);
#1466=LINE('',#10271,#1835);
#1467=LINE('',#10272,#1836);
#1468=LINE('',#10293,#1837);
#1469=LINE('',#10314,#1838);
#1470=LINE('',#10335,#1839);
#1471=LINE('',#10356,#1840);
#1472=LINE('',#10377,#1841);
#1473=LINE('',#10398,#1842);
#1474=LINE('',#10419,#1843);
#1475=LINE('',#10440,#1844);
#1476=LINE('',#10461,#1845);
#1477=LINE('',#10482,#1846);
#1478=LINE('',#10503,#1847);
#1479=LINE('',#10524,#1848);
#1480=LINE('',#10545,#1849);
#1481=LINE('',#10566,#1850);
#1482=LINE('',#10587,#1851);
#1483=LINE('',#10608,#1852);
#1484=LINE('',#10625,#1853);
#1485=LINE('',#10651,#1854);
#1486=LINE('',#10660,#1855);
#1487=LINE('',#10666,#1856);
#1488=LINE('',#10674,#1857);
#1489=LINE('',#10680,#1858);
#1490=LINE('',#10688,#1859);
#1491=LINE('',#10694,#1860);
#1492=LINE('',#10702,#1861);
#1493=LINE('',#10708,#1862);
#1494=VECTOR('',#5158,4.3);
#1495=VECTOR('',#5167,2.6);
#1496=VECTOR('',#5176,7.);
#1497=VECTOR('',#5187,10.);
#1498=VECTOR('',#5190,10.);
#1499=VECTOR('',#5193,10.);
#1500=VECTOR('',#5196,10.);
#1501=VECTOR('',#5199,10.);
#1502=VECTOR('',#5202,10.);
#1503=VECTOR('',#5207,10.);
#1504=VECTOR('',#5208,10.);
#1505=VECTOR('',#5211,10.);
#1506=VECTOR('',#5212,10.);
#1507=VECTOR('',#5217,10.);
#1508=VECTOR('',#5220,10.);
#1509=VECTOR('',#5221,10.);
#1510=VECTOR('',#5226,10.);
#1511=VECTOR('',#5229,10.);
#1512=VECTOR('',#5230,10.);
#1513=VECTOR('',#5235,10.);
#1514=VECTOR('',#5238,10.);
#1515=VECTOR('',#5239,10.);
#1516=VECTOR('',#5244,10.);
#1517=VECTOR('',#5247,10.);
#1518=VECTOR('',#5248,10.);
#1519=VECTOR('',#5253,10.);
#1520=VECTOR('',#5256,10.);
#1521=VECTOR('',#5261,10.);
#1522=VECTOR('',#5262,10.);
#1523=VECTOR('',#5263,10.);
#1524=VECTOR('',#5266,10.);
#1525=VECTOR('',#5267,10.);
#1526=VECTOR('',#5268,10.);
#1527=VECTOR('',#5275,10.);
#1528=VECTOR('',#5276,10.);
#1529=VECTOR('',#5279,10.);
#1530=VECTOR('',#5280,10.);
#1531=VECTOR('',#5281,10.);
#1532=VECTOR('',#5282,10.);
#1533=VECTOR('',#5283,9.99999999999999);
#1534=VECTOR('',#5284,10.);
#1535=VECTOR('',#5285,10.);
#1536=VECTOR('',#5288,10.);
#1537=VECTOR('',#5289,10.);
#1538=VECTOR('',#5290,10.);
#1539=VECTOR('',#5291,10.);
#1540=VECTOR('',#5292,10.);
#1541=VECTOR('',#5293,10.);
#1542=VECTOR('',#5294,10.);
#1543=VECTOR('',#5295,9.99999999999999);
#1544=VECTOR('',#5296,10.);
#1545=VECTOR('',#5297,10.);
#1546=VECTOR('',#5300,10.);
#1547=VECTOR('',#5301,10.);
#1548=VECTOR('',#5306,10.);
#1549=VECTOR('',#5309,10.);
#1550=VECTOR('',#5312,10.);
#1551=VECTOR('',#5313,10.);
#1552=VECTOR('',#5314,10.);
#1553=VECTOR('',#5315,10.);
#1554=VECTOR('',#5316,10.);
#1555=VECTOR('',#5317,9.99999999999999);
#1556=VECTOR('',#5318,10.);
#1557=VECTOR('',#5319,10.);
#1558=VECTOR('',#5322,10.);
#1559=VECTOR('',#5323,10.);
#1560=VECTOR('',#5332,10.);
#1561=VECTOR('',#5333,10.);
#1562=VECTOR('',#5334,10.);
#1563=VECTOR('',#5335,10.);
#1564=VECTOR('',#5336,10.);
#1565=VECTOR('',#5339,10.);
#1566=VECTOR('',#5340,10.);
#1567=VECTOR('',#5341,10.);
#1568=VECTOR('',#5342,9.99999999999999);
#1569=VECTOR('',#5343,10.);
#1570=VECTOR('',#5344,10.);
#1571=VECTOR('',#5347,10.);
#1572=VECTOR('',#5348,10.);
#1573=VECTOR('',#5349,10.);
#1574=VECTOR('',#5352,10.);
#1575=VECTOR('',#5357,10.);
#1576=VECTOR('',#5360,10.);
#1577=VECTOR('',#5365,9.99999999999999);
#1578=VECTOR('',#5366,10.);
#1579=VECTOR('',#5369,10.);
#1580=VECTOR('',#5370,9.99999999999999);
#1581=VECTOR('',#5375,10.);
#1582=VECTOR('',#5378,10.);
#1583=VECTOR('',#5381,10.);
#1584=VECTOR('',#5382,10.);
#1585=VECTOR('',#5383,10.);
#1586=VECTOR('',#5384,10.);
#1587=VECTOR('',#5385,10.);
#1588=VECTOR('',#5386,10.);
#1589=VECTOR('',#5387,10.);
#1590=VECTOR('',#5388,10.);
#1591=VECTOR('',#5389,10.);
#1592=VECTOR('',#5392,10.);
#1593=VECTOR('',#5393,10.);
#1594=VECTOR('',#5394,10.);
#1595=VECTOR('',#5395,10.);
#1596=VECTOR('',#5398,10.);
#1597=VECTOR('',#5399,10.);
#1598=VECTOR('',#5400,10.);
#1599=VECTOR('',#5403,10.);
#1600=VECTOR('',#5404,10.);
#1601=VECTOR('',#5405,10.);
#1602=VECTOR('',#5408,10.);
#1603=VECTOR('',#5409,10.);
#1604=VECTOR('',#5410,10.);
#1605=VECTOR('',#5413,10.);
#1606=VECTOR('',#5418,7.05);
#1607=VECTOR('',#5421,10.);
#1608=VECTOR('',#5422,10.);
#1609=VECTOR('',#5423,10.);
#1610=VECTOR('',#5424,10.);
#1611=VECTOR('',#5425,10.);
#1612=VECTOR('',#5426,10.);
#1613=VECTOR('',#5427,10.);
#1614=VECTOR('',#5428,10.);
#1615=VECTOR('',#5431,10.);
#1616=VECTOR('',#5436,10.);
#1617=VECTOR('',#5439,10.);
#1618=VECTOR('',#5442,10.);
#1619=VECTOR('',#5445,10.);
#1620=VECTOR('',#5448,10.);
#1621=VECTOR('',#5451,10.);
#1622=VECTOR('',#5454,10.);
#1623=VECTOR('',#5457,10.);
#1624=VECTOR('',#5460,10.);
#1625=VECTOR('',#5463,10.);
#1626=VECTOR('',#5466,10.);
#1627=VECTOR('',#5469,10.);
#1628=VECTOR('',#5472,10.);
#1629=VECTOR('',#5475,10.);
#1630=VECTOR('',#5478,10.);
#1631=VECTOR('',#5479,10.);
#1632=VECTOR('',#5482,10.);
#1633=VECTOR('',#5485,10.);
#1634=VECTOR('',#5488,10.);
#1635=VECTOR('',#5491,10.);
#1636=VECTOR('',#5494,10.);
#1637=VECTOR('',#5495,10.);
#1638=VECTOR('',#5496,10.);
#1639=VECTOR('',#5497,10.);
#1640=VECTOR('',#5498,10.);
#1641=VECTOR('',#5501,10.);
#1642=VECTOR('',#5504,10.);
#1643=VECTOR('',#5507,10.);
#1644=VECTOR('',#5510,10.);
#1645=VECTOR('',#5513,10.);
#1646=VECTOR('',#5516,10.);
#1647=VECTOR('',#5519,10.);
#1648=VECTOR('',#5522,10.);
#1649=VECTOR('',#5527,10.);
#1650=VECTOR('',#5530,10.);
#1651=VECTOR('',#5533,10.);
#1652=VECTOR('',#5536,10.);
#1653=VECTOR('',#5539,10.);
#1654=VECTOR('',#5542,10.);
#1655=VECTOR('',#5545,10.);
#1656=VECTOR('',#5546,10.);
#1657=VECTOR('',#5549,10.);
#1658=VECTOR('',#5552,10.);
#1659=VECTOR('',#5555,10.);
#1660=VECTOR('',#5558,10.);
#1661=VECTOR('',#5561,10.);
#1662=VECTOR('',#5564,10.);
#1663=VECTOR('',#5567,10.);
#1664=VECTOR('',#5570,10.);
#1665=VECTOR('',#5573,10.);
#1666=VECTOR('',#5576,10.);
#1667=VECTOR('',#5583,10.);
#1668=VECTOR('',#5586,10.);
#1669=VECTOR('',#5589,10.);
#1670=VECTOR('',#5590,10.);
#1671=VECTOR('',#5593,10.);
#1672=VECTOR('',#5596,10.);
#1673=VECTOR('',#5601,10.);
#1674=VECTOR('',#5602,10.);
#1675=VECTOR('',#5603,10.);
#1676=VECTOR('',#5604,10.);
#1677=VECTOR('',#5605,10.);
#1678=VECTOR('',#5606,10.);
#1679=VECTOR('',#5607,10.);
#1680=VECTOR('',#5610,10.);
#1681=VECTOR('',#5611,10.);
#1682=VECTOR('',#5614,10.);
#1683=VECTOR('',#5615,10.);
#1684=VECTOR('',#5618,10.);
#1685=VECTOR('',#5619,10.);
#1686=VECTOR('',#5622,10.);
#1687=VECTOR('',#5623,10.);
#1688=VECTOR('',#5624,10.);
#1689=VECTOR('',#5625,10.);
#1690=VECTOR('',#5628,10.);
#1691=VECTOR('',#5629,10.);
#1692=VECTOR('',#5636,10.);
#1693=VECTOR('',#5639,10.);
#1694=VECTOR('',#5642,10.);
#1695=VECTOR('',#5645,10.);
#1696=VECTOR('',#5646,10.);
#1697=VECTOR('',#5649,10.);
#1698=VECTOR('',#5652,10.);
#1699=VECTOR('',#5655,10.);
#1700=VECTOR('',#5658,10.);
#1701=VECTOR('',#5665,10.);
#1702=VECTOR('',#5668,10.);
#1703=VECTOR('',#5671,10.);
#1704=VECTOR('',#5672,10.);
#1705=VECTOR('',#5675,10.);
#1706=VECTOR('',#5678,10.);
#1707=VECTOR('',#5685,10.);
#1708=VECTOR('',#5686,10.);
#1709=VECTOR('',#5689,10.);
#1710=VECTOR('',#5692,10.);
#1711=VECTOR('',#5695,10.);
#1712=VECTOR('',#5696,10.);
#1713=VECTOR('',#5697,10.);
#1714=VECTOR('',#5698,10.);
#1715=VECTOR('',#5701,10.);
#1716=VECTOR('',#5702,10.);
#1717=VECTOR('',#5703,10.);
#1718=VECTOR('',#5706,10.);
#1719=VECTOR('',#5707,10.);
#1720=VECTOR('',#5710,10.);
#1721=VECTOR('',#5713,10.);
#1722=VECTOR('',#5716,10.);
#1723=VECTOR('',#5723,10.);
#1724=VECTOR('',#5726,10.);
#1725=VECTOR('',#5729,10.);
#1726=VECTOR('',#5732,10.);
#1727=VECTOR('',#5733,10.);
#1728=VECTOR('',#5736,10.);
#1729=VECTOR('',#5739,10.);
#1730=VECTOR('',#5742,10.);
#1731=VECTOR('',#5745,10.);
#1732=VECTOR('',#5752,10.);
#1733=VECTOR('',#5755,10.);
#1734=VECTOR('',#5758,10.);
#1735=VECTOR('',#5761,10.);
#1736=VECTOR('',#5764,10.);
#1737=VECTOR('',#5765,10.);
#1738=VECTOR('',#5766,10.);
#1739=VECTOR('',#5769,10.);
#1740=VECTOR('',#5772,10.);
#1741=VECTOR('',#5775,10.);
#1742=VECTOR('',#5778,10.);
#1743=VECTOR('',#5779,10.);
#1744=VECTOR('',#5782,10.);
#1745=VECTOR('',#5785,10.);
#1746=VECTOR('',#5790,10.);
#1747=VECTOR('',#5791,10.);
#1748=VECTOR('',#5792,10.);
#1749=VECTOR('',#5793,10.);
#1750=VECTOR('',#5794,10.);
#1751=VECTOR('',#5795,10.);
#1752=VECTOR('',#5796,10.);
#1753=VECTOR('',#5797,10.);
#1754=VECTOR('',#5798,10.);
#1755=VECTOR('',#5799,10.);
#1756=VECTOR('',#5800,10.);
#1757=VECTOR('',#5801,9.99999999999999);
#1758=VECTOR('',#5802,9.99999999999999);
#1759=VECTOR('',#5805,10.);
#1760=VECTOR('',#5806,9.99999999999999);
#1761=VECTOR('',#5809,10.);
#1762=VECTOR('',#5810,10.);
#1763=VECTOR('',#5811,10.);
#1764=VECTOR('',#5814,10.);
#1765=VECTOR('',#5815,10.);
#1766=VECTOR('',#5818,10.);
#1767=VECTOR('',#5819,10.);
#1768=VECTOR('',#5822,10.);
#1769=VECTOR('',#5823,10.);
#1770=VECTOR('',#5826,10.);
#1771=VECTOR('',#5827,10.);
#1772=VECTOR('',#5830,10.);
#1773=VECTOR('',#5831,10.);
#1774=VECTOR('',#5834,10.);
#1775=VECTOR('',#5835,9.99999999999999);
#1776=VECTOR('',#5836,10.);
#1777=VECTOR('',#5837,10.);
#1778=VECTOR('',#5838,9.99999999999999);
#1779=VECTOR('',#5839,9.99999999999999);
#1780=VECTOR('',#5842,10.);
#1781=VECTOR('',#5843,9.99999999999999);
#1782=VECTOR('',#5850,10.);
#1783=VECTOR('',#5855,10.);
#1784=VECTOR('',#5860,10.);
#1785=VECTOR('',#5861,10.);
#1786=VECTOR('',#5862,10.);
#1787=VECTOR('',#5863,10.);
#1788=VECTOR('',#5866,10.);
#1789=VECTOR('',#5867,10.);
#1790=VECTOR('',#5868,10.);
#1791=VECTOR('',#5871,10.);
#1792=VECTOR('',#5874,10.);
#1793=VECTOR('',#5879,10.);
#1794=VECTOR('',#5882,10.);
#1795=VECTOR('',#5883,10.);
#1796=VECTOR('',#5884,10.);
#1797=VECTOR('',#5885,10.);
#1798=VECTOR('',#5886,10.);
#1799=VECTOR('',#5887,10.);
#1800=VECTOR('',#5888,10.);
#1801=VECTOR('',#5889,10.);
#1802=VECTOR('',#5890,10.);
#1803=VECTOR('',#5893,10.);
#1804=VECTOR('',#5896,10.);
#1805=VECTOR('',#5899,10.);
#1806=VECTOR('',#5900,10.);
#1807=VECTOR('',#5901,10.);
#1808=VECTOR('',#5902,9.99999999999999);
#1809=VECTOR('',#5903,10.);
#1810=VECTOR('',#5904,10.);
#1811=VECTOR('',#5905,10.);
#1812=VECTOR('',#5906,10.);
#1813=VECTOR('',#5907,10.);
#1814=VECTOR('',#5908,10.);
#1815=VECTOR('',#5909,10.);
#1816=VECTOR('',#5910,10.);
#1817=VECTOR('',#5915,10.);
#1818=VECTOR('',#5918,10.);
#1819=VECTOR('',#5921,10.);
#1820=VECTOR('',#5924,10.);
#1821=VECTOR('',#5925,10.);
#1822=VECTOR('',#5928,10.);
#1823=VECTOR('',#5931,10.);
#1824=VECTOR('',#5934,10.);
#1825=VECTOR('',#5937,10.);
#1826=VECTOR('',#5942,10.);
#1827=VECTOR('',#5943,10.);
#1828=VECTOR('',#5944,10.);
#1829=VECTOR('',#5945,10.);
#1830=VECTOR('',#5946,10.);
#1831=VECTOR('',#5947,10.);
#1832=VECTOR('',#5948,10.);
#1833=VECTOR('',#5949,10.);
#1834=VECTOR('',#5950,9.99999999999999);
#1835=VECTOR('',#5951,10.);
#1836=VECTOR('',#5952,10.);
#1837=VECTOR('',#5953,10.);
#1838=VECTOR('',#5954,10.);
#1839=VECTOR('',#5955,10.);
#1840=VECTOR('',#5956,10.);
#1841=VECTOR('',#5957,10.);
#1842=VECTOR('',#5958,10.);
#1843=VECTOR('',#5959,10.);
#1844=VECTOR('',#5960,10.);
#1845=VECTOR('',#5961,10.);
#1846=VECTOR('',#5962,10.);
#1847=VECTOR('',#5963,10.);
#1848=VECTOR('',#5964,10.);
#1849=VECTOR('',#5965,10.);
#1850=VECTOR('',#5966,10.);
#1851=VECTOR('',#5967,10.);
#1852=VECTOR('',#5968,10.);
#1853=VECTOR('',#5969,10.);
#1854=VECTOR('',#5976,7.);
#1855=VECTOR('',#5989,7.);
#1856=VECTOR('',#5996,7.05);
#1857=VECTOR('',#6007,7.);
#1858=VECTOR('',#6014,7.05);
#1859=VECTOR('',#6025,4.9);
#1860=VECTOR('',#6032,7.);
#1861=VECTOR('',#6043,4.9);
#1862=VECTOR('',#6050,7.);
#1863=CIRCLE('',#4886,4.3);
#1864=CIRCLE('',#4887,4.3);
#1865=CIRCLE('',#4890,2.6);
#1866=CIRCLE('',#4891,2.6);
#1867=CIRCLE('',#4894,7.);
#1868=CIRCLE('',#4895,7.);
#1869=CIRCLE('',#4899,7.06);
#1870=CIRCLE('',#4900,7.06);
#1871=CIRCLE('',#4901,7.06);
#1872=CIRCLE('',#4902,7.06);
#1873=CIRCLE('',#4903,7.06);
#1874=CIRCLE('',#4904,7.06);
#1875=CIRCLE('',#4906,7.05);
#1876=CIRCLE('',#4909,7.05);
#1877=CIRCLE('',#4912,7.05);
#1878=CIRCLE('',#4915,7.05);
#1879=CIRCLE('',#4918,7.05);
#1880=CIRCLE('',#4921,7.05);
#1881=CIRCLE('',#4924,7.06);
#1882=CIRCLE('',#4925,7.06);
#1883=CIRCLE('',#4926,7.06);
#1884=CIRCLE('',#4928,7.05);
#1885=CIRCLE('',#4933,7.05);
#1886=CIRCLE('',#4938,7.05);
#1887=CIRCLE('',#4945,7.06);
#1888=CIRCLE('',#4946,7.06);
#1889=CIRCLE('',#4948,7.05);
#1890=CIRCLE('',#4951,7.05);
#1891=CIRCLE('',#4960,7.05);
#1892=CIRCLE('',#4961,7.05);
#1893=CIRCLE('',#4962,7.05);
#1894=CIRCLE('',#4963,7.05);
#1895=CIRCLE('',#4964,7.05);
#1896=CIRCLE('',#4965,7.05);
#1897=CIRCLE('',#4966,7.05);
#1898=CIRCLE('',#4967,7.05);
#1899=CIRCLE('',#4968,7.05);
#1900=CIRCLE('',#4969,7.05);
#1901=CIRCLE('',#4970,7.05);
#1902=CIRCLE('',#4971,7.05);
#1903=CIRCLE('',#4972,7.05);
#1904=CIRCLE('',#4973,7.05);
#1905=CIRCLE('',#4974,7.05);
#1906=CIRCLE('',#4975,7.05);
#1907=CIRCLE('',#4976,7.05);
#1908=CIRCLE('',#4977,7.05);
#1909=CIRCLE('',#4978,7.05);
#1910=CIRCLE('',#4979,7.05);
#1911=CIRCLE('',#4980,7.05);
#1912=CIRCLE('',#4981,7.05);
#1913=CIRCLE('',#4982,7.05);
#1914=CIRCLE('',#4983,7.05);
#1915=CIRCLE('',#4984,7.05);
#1916=CIRCLE('',#4985,7.05);
#1917=CIRCLE('',#4986,7.05);
#1918=CIRCLE('',#4987,7.05);
#1919=CIRCLE('',#4988,7.05);
#1920=CIRCLE('',#4989,7.05);
#1921=CIRCLE('',#4990,7.05);
#1922=CIRCLE('',#4991,7.05);
#1923=CIRCLE('',#4993,7.06);
#1924=CIRCLE('',#4994,7.06);
#1925=CIRCLE('',#4995,7.06);
#1926=CIRCLE('',#4996,7.06);
#1927=CIRCLE('',#4997,7.06);
#1928=CIRCLE('',#4998,7.06);
#1929=CIRCLE('',#5012,7.06);
#1930=CIRCLE('',#5013,7.06);
#1931=CIRCLE('',#5026,7.06);
#1932=CIRCLE('',#5027,7.06);
#1933=CIRCLE('',#5028,7.06);
#1934=CIRCLE('',#5036,7.06);
#1935=CIRCLE('',#5037,7.06);
#1936=CIRCLE('',#5043,7.06);
#1937=CIRCLE('',#5044,7.06);
#1938=CIRCLE('',#5045,7.06);
#1939=CIRCLE('',#5054,7.06);
#1940=CIRCLE('',#5055,7.06);
#1941=CIRCLE('',#5056,7.06);
#1942=CIRCLE('',#5064,7.06);
#1943=CIRCLE('',#5065,7.06);
#1944=CIRCLE('',#5066,7.06);
#1945=CIRCLE('',#5067,7.06);
#1946=CIRCLE('',#5089,7.06);
#1947=CIRCLE('',#5090,7.06);
#1948=CIRCLE('',#5091,7.06);
#1949=CIRCLE('',#5098,7.06);
#1950=CIRCLE('',#5103,7.06);
#1951=CIRCLE('',#5104,7.06);
#1952=CIRCLE('',#5105,7.06);
#1953=CIRCLE('',#5115,7.);
#1954=CIRCLE('',#5116,7.);
#1955=CIRCLE('',#5121,7.);
#1956=CIRCLE('',#5122,7.);
#1957=CIRCLE('',#5124,7.05);
#1958=CIRCLE('',#5125,7.05);
#1959=CIRCLE('',#5129,7.);
#1960=CIRCLE('',#5130,7.);
#1961=CIRCLE('',#5132,7.05);
#1962=CIRCLE('',#5133,7.05);
#1963=CIRCLE('',#5137,4.9);
#1964=CIRCLE('',#5138,4.9);
#1965=CIRCLE('',#5140,7.);
#1966=CIRCLE('',#5141,7.);
#1967=CIRCLE('',#5145,4.9);
#1968=CIRCLE('',#5146,4.9);
#1969=CIRCLE('',#5148,7.);
#1970=CIRCLE('',#5149,7.);
#1971=VERTEX_POINT('',#6059);
#1972=VERTEX_POINT('',#6061);
#1973=VERTEX_POINT('',#6066);
#1974=VERTEX_POINT('',#6068);
#1975=VERTEX_POINT('',#6073);
#1976=VERTEX_POINT('',#6075);
#1977=VERTEX_POINT('',#6081);
#1978=VERTEX_POINT('',#6082);
#1979=VERTEX_POINT('',#6084);
#1980=VERTEX_POINT('',#6086);
#1981=VERTEX_POINT('',#6088);
#1982=VERTEX_POINT('',#6090);
#1983=VERTEX_POINT('',#6092);
#1984=VERTEX_POINT('',#6094);
#1985=VERTEX_POINT('',#6096);
#1986=VERTEX_POINT('',#6098);
#1987=VERTEX_POINT('',#6100);
#1988=VERTEX_POINT('',#6102);
#1989=VERTEX_POINT('',#6106);
#1990=VERTEX_POINT('',#6107);
#1991=VERTEX_POINT('',#6112);
#1992=VERTEX_POINT('',#6116);
#1993=VERTEX_POINT('',#6120);
#1994=VERTEX_POINT('',#6124);
#1995=VERTEX_POINT('',#6128);
#1996=VERTEX_POINT('',#6132);
#1997=VERTEX_POINT('',#6136);
#1998=VERTEX_POINT('',#6140);
#1999=VERTEX_POINT('',#6144);
#2000=VERTEX_POINT('',#6148);
#2001=VERTEX_POINT('',#6154);
#2002=VERTEX_POINT('',#6155);
#2003=VERTEX_POINT('',#6157);
#2004=VERTEX_POINT('',#6159);
#2005=VERTEX_POINT('',#6167);
#2006=VERTEX_POINT('',#6173);
#2007=VERTEX_POINT('',#6180);
#2008=VERTEX_POINT('',#6187);
#2009=VERTEX_POINT('',#6194);
#2010=VERTEX_POINT('',#6196);
#2011=VERTEX_POINT('',#6201);
#2012=VERTEX_POINT('',#6208);
#2013=VERTEX_POINT('',#6219);
#2014=VERTEX_POINT('',#6226);
#2015=VERTEX_POINT('',#6233);
#2016=VERTEX_POINT('',#6240);
#2017=VERTEX_POINT('',#6249);
#2018=VERTEX_POINT('',#6256);
#2019=VERTEX_POINT('',#6258);
#2020=VERTEX_POINT('',#6261);
#2021=VERTEX_POINT('',#6262);
#2022=VERTEX_POINT('',#6264);
#2023=VERTEX_POINT('',#6271);
#2024=VERTEX_POINT('',#6278);
#2025=VERTEX_POINT('',#6285);
#2026=VERTEX_POINT('',#6292);
#2027=VERTEX_POINT('',#6298);
#2028=VERTEX_POINT('',#6302);
#2029=VERTEX_POINT('',#6303);
#2030=VERTEX_POINT('',#6308);
#2031=VERTEX_POINT('',#6331);
#2032=VERTEX_POINT('',#6358);
#2033=VERTEX_POINT('',#6387);
#2034=VERTEX_POINT('',#6415);
#2035=VERTEX_POINT('',#6443);
#2036=VERTEX_POINT('',#6452);
#2037=VERTEX_POINT('',#6471);
#2038=VERTEX_POINT('',#6497);
#2039=VERTEX_POINT('',#6525);
#2040=VERTEX_POINT('',#6553);
#2041=VERTEX_POINT('',#6581);
#2042=VERTEX_POINT('',#6609);
#2043=VERTEX_POINT('',#6637);
#2044=VERTEX_POINT('',#6672);
#2045=VERTEX_POINT('',#6681);
#2046=VERTEX_POINT('',#6685);
#2047=VERTEX_POINT('',#6691);
#2048=VERTEX_POINT('',#6692);
#2049=VERTEX_POINT('',#6716);
#2050=VERTEX_POINT('',#6744);
#2051=VERTEX_POINT('',#6772);
#2052=VERTEX_POINT('',#6800);
#2053=VERTEX_POINT('',#6828);
#2054=VERTEX_POINT('',#6841);
#2055=VERTEX_POINT('',#6848);
#2056=VERTEX_POINT('',#6849);
#2057=VERTEX_POINT('',#6854);
#2058=VERTEX_POINT('',#6856);
#2059=VERTEX_POINT('',#6861);
#2060=VERTEX_POINT('',#6869);
#2061=VERTEX_POINT('',#6877);
#2062=VERTEX_POINT('',#6882);
#2063=VERTEX_POINT('',#6884);
#2064=VERTEX_POINT('',#6906);
#2065=VERTEX_POINT('',#6907);
#2066=VERTEX_POINT('',#6924);
#2067=VERTEX_POINT('',#6943);
#2068=VERTEX_POINT('',#6975);
#2069=VERTEX_POINT('',#7002);
#2070=VERTEX_POINT('',#7025);
#2071=VERTEX_POINT('',#7038);
#2072=VERTEX_POINT('',#7057);
#2073=VERTEX_POINT('',#7075);
#2074=VERTEX_POINT('',#7076);
#2075=VERTEX_POINT('',#7078);
#2076=VERTEX_POINT('',#7080);
#2077=VERTEX_POINT('',#7084);
#2078=VERTEX_POINT('',#7085);
#2079=VERTEX_POINT('',#7090);
#2080=VERTEX_POINT('',#7094);
#2081=VERTEX_POINT('',#7100);
#2082=VERTEX_POINT('',#7101);
#2083=VERTEX_POINT('',#7106);
#2084=VERTEX_POINT('',#7108);
#2085=VERTEX_POINT('',#7113);
#2086=VERTEX_POINT('',#7115);
#2087=VERTEX_POINT('',#7120);
#2088=VERTEX_POINT('',#7122);
#2089=VERTEX_POINT('',#7128);
#2090=VERTEX_POINT('',#7129);
#2091=VERTEX_POINT('',#7136);
#2092=VERTEX_POINT('',#7147);
#2093=VERTEX_POINT('',#7154);
#2094=VERTEX_POINT('',#7180);
#2095=VERTEX_POINT('',#7181);
#2096=VERTEX_POINT('',#7210);
#2097=VERTEX_POINT('',#7234);
#2098=VERTEX_POINT('',#7243);
#2099=VERTEX_POINT('',#7282);
#2100=VERTEX_POINT('',#7283);
#2101=VERTEX_POINT('',#7294);
#2102=VERTEX_POINT('',#7313);
#2103=VERTEX_POINT('',#7323);
#2104=VERTEX_POINT('',#7342);
#2105=VERTEX_POINT('',#7358);
#2106=VERTEX_POINT('',#7377);
#2107=VERTEX_POINT('',#7395);
#2108=VERTEX_POINT('',#7397);
#2109=VERTEX_POINT('',#7400);
#2110=VERTEX_POINT('',#7401);
#2111=VERTEX_POINT('',#7403);
#2112=VERTEX_POINT('',#7417);
#2113=VERTEX_POINT('',#7431);
#2114=VERTEX_POINT('',#7433);
#2115=VERTEX_POINT('',#7447);
#2116=VERTEX_POINT('',#7449);
#2117=VERTEX_POINT('',#7457);
#2118=VERTEX_POINT('',#7459);
#2119=VERTEX_POINT('',#7467);
#2120=VERTEX_POINT('',#7469);
#2121=VERTEX_POINT('',#7477);
#2122=VERTEX_POINT('',#7479);
#2123=VERTEX_POINT('',#7487);
#2124=VERTEX_POINT('',#7502);
#2125=VERTEX_POINT('',#7503);
#2126=VERTEX_POINT('',#7505);
#2127=VERTEX_POINT('',#7507);
#2128=VERTEX_POINT('',#7509);
#2129=VERTEX_POINT('',#7511);
#2130=VERTEX_POINT('',#7518);
#2131=VERTEX_POINT('',#7525);
#2132=VERTEX_POINT('',#7527);
#2133=VERTEX_POINT('',#7540);
#2134=VERTEX_POINT('',#7541);
#2135=VERTEX_POINT('',#7548);
#2136=VERTEX_POINT('',#7555);
#2137=VERTEX_POINT('',#7562);
#2138=VERTEX_POINT('',#7569);
#2139=VERTEX_POINT('',#7576);
#2140=VERTEX_POINT('',#7583);
#2141=VERTEX_POINT('',#7590);
#2142=VERTEX_POINT('',#7597);
#2143=VERTEX_POINT('',#7604);
#2144=VERTEX_POINT('',#7611);
#2145=VERTEX_POINT('',#7618);
#2146=VERTEX_POINT('',#7623);
#2147=VERTEX_POINT('',#7631);
#2148=VERTEX_POINT('',#7633);
#2149=VERTEX_POINT('',#7635);
#2150=VERTEX_POINT('',#7637);
#2151=VERTEX_POINT('',#7644);
#2152=VERTEX_POINT('',#7651);
#2153=VERTEX_POINT('',#7660);
#2154=VERTEX_POINT('',#7667);
#2155=VERTEX_POINT('',#7682);
#2156=VERTEX_POINT('',#7683);
#2157=VERTEX_POINT('',#7685);
#2158=VERTEX_POINT('',#7687);
#2159=VERTEX_POINT('',#7689);
#2160=VERTEX_POINT('',#7691);
#2161=VERTEX_POINT('',#7694);
#2162=VERTEX_POINT('',#7695);
#2163=VERTEX_POINT('',#7702);
#2164=VERTEX_POINT('',#7709);
#2165=VERTEX_POINT('',#7716);
#2166=VERTEX_POINT('',#7723);
#2167=VERTEX_POINT('',#7730);
#2168=VERTEX_POINT('',#7737);
#2169=VERTEX_POINT('',#7744);
#2170=VERTEX_POINT('',#7751);
#2171=VERTEX_POINT('',#7758);
#2172=VERTEX_POINT('',#7765);
#2173=VERTEX_POINT('',#7774);
#2174=VERTEX_POINT('',#7781);
#2175=VERTEX_POINT('',#7788);
#2176=VERTEX_POINT('',#7795);
#2177=VERTEX_POINT('',#7802);
#2178=VERTEX_POINT('',#7811);
#2179=VERTEX_POINT('',#7818);
#2180=VERTEX_POINT('',#7833);
#2181=VERTEX_POINT('',#7834);
#2182=VERTEX_POINT('',#7836);
#2183=VERTEX_POINT('',#7838);
#2184=VERTEX_POINT('',#7840);
#2185=VERTEX_POINT('',#7842);
#2186=VERTEX_POINT('',#7853);
#2187=VERTEX_POINT('',#7855);
#2188=VERTEX_POINT('',#7857);
#2189=VERTEX_POINT('',#7859);
#2190=VERTEX_POINT('',#7871);
#2191=VERTEX_POINT('',#7872);
#2192=VERTEX_POINT('',#7874);
#2193=VERTEX_POINT('',#7876);
#2194=VERTEX_POINT('',#7878);
#2195=VERTEX_POINT('',#7880);
#2196=VERTEX_POINT('',#7883);
#2197=VERTEX_POINT('',#7884);
#2198=VERTEX_POINT('',#7886);
#2199=VERTEX_POINT('',#7888);
#2200=VERTEX_POINT('',#7890);
#2201=VERTEX_POINT('',#7892);
#2202=VERTEX_POINT('',#7894);
#2203=VERTEX_POINT('',#7902);
#2204=VERTEX_POINT('',#7904);
#2205=VERTEX_POINT('',#7912);
#2206=VERTEX_POINT('',#7920);
#2207=VERTEX_POINT('',#7922);
#2208=VERTEX_POINT('',#7936);
#2209=VERTEX_POINT('',#7937);
#2210=VERTEX_POINT('',#7939);
#2211=VERTEX_POINT('',#7941);
#2212=VERTEX_POINT('',#7944);
#2213=VERTEX_POINT('',#7945);
#2214=VERTEX_POINT('',#7947);
#2215=VERTEX_POINT('',#7949);
#2216=VERTEX_POINT('',#7951);
#2217=VERTEX_POINT('',#7953);
#2218=VERTEX_POINT('',#7956);
#2219=VERTEX_POINT('',#7957);
#2220=VERTEX_POINT('',#7965);
#2221=VERTEX_POINT('',#7967);
#2222=VERTEX_POINT('',#7981);
#2223=VERTEX_POINT('',#7983);
#2224=VERTEX_POINT('',#7997);
#2225=VERTEX_POINT('',#7999);
#2226=VERTEX_POINT('',#8008);
#2227=VERTEX_POINT('',#8009);
#2228=VERTEX_POINT('',#8011);
#2229=VERTEX_POINT('',#8013);
#2230=VERTEX_POINT('',#8016);
#2231=VERTEX_POINT('',#8017);
#2232=VERTEX_POINT('',#8019);
#2233=VERTEX_POINT('',#8021);
#2234=VERTEX_POINT('',#8023);
#2235=VERTEX_POINT('',#8025);
#2236=VERTEX_POINT('',#8027);
#2237=VERTEX_POINT('',#8029);
#2238=VERTEX_POINT('',#8031);
#2239=VERTEX_POINT('',#8033);
#2240=VERTEX_POINT('',#8035);
#2241=VERTEX_POINT('',#8037);
#2242=VERTEX_POINT('',#8041);
#2243=VERTEX_POINT('',#8042);
#2244=VERTEX_POINT('',#8044);
#2245=VERTEX_POINT('',#8046);
#2246=VERTEX_POINT('',#8048);
#2247=VERTEX_POINT('',#8050);
#2248=VERTEX_POINT('',#8052);
#2249=VERTEX_POINT('',#8054);
#2250=VERTEX_POINT('',#8056);
#2251=VERTEX_POINT('',#8058);
#2252=VERTEX_POINT('',#8060);
#2253=VERTEX_POINT('',#8062);
#2254=VERTEX_POINT('',#8090);
#2255=VERTEX_POINT('',#8091);
#2256=VERTEX_POINT('',#8093);
#2257=VERTEX_POINT('',#8095);
#2258=VERTEX_POINT('',#8107);
#2259=VERTEX_POINT('',#8108);
#2260=VERTEX_POINT('',#8113);
#2261=VERTEX_POINT('',#8115);
#2262=VERTEX_POINT('',#8120);
#2263=VERTEX_POINT('',#8122);
#2264=VERTEX_POINT('',#8127);
#2265=VERTEX_POINT('',#8129);
#2266=VERTEX_POINT('',#8135);
#2267=VERTEX_POINT('',#8136);
#2268=VERTEX_POINT('',#8143);
#2269=VERTEX_POINT('',#8154);
#2270=VERTEX_POINT('',#8161);
#2271=VERTEX_POINT('',#8263);
#2272=VERTEX_POINT('',#8264);
#2273=VERTEX_POINT('',#8293);
#2274=VERTEX_POINT('',#8317);
#2275=VERTEX_POINT('',#8326);
#2276=VERTEX_POINT('',#8351);
#2277=VERTEX_POINT('',#8352);
#2278=VERTEX_POINT('',#8354);
#2279=VERTEX_POINT('',#8356);
#2280=VERTEX_POINT('',#8358);
#2281=VERTEX_POINT('',#8360);
#2282=VERTEX_POINT('',#8376);
#2283=VERTEX_POINT('',#8377);
#2284=VERTEX_POINT('',#8379);
#2285=VERTEX_POINT('',#8381);
#2286=VERTEX_POINT('',#8393);
#2287=VERTEX_POINT('',#8394);
#2288=VERTEX_POINT('',#8396);
#2289=VERTEX_POINT('',#8403);
#2290=VERTEX_POINT('',#8410);
#2291=VERTEX_POINT('',#8412);
#2292=VERTEX_POINT('',#8417);
#2293=VERTEX_POINT('',#8424);
#2294=VERTEX_POINT('',#8426);
#2295=VERTEX_POINT('',#8433);
#2296=VERTEX_POINT('',#8435);
#2297=VERTEX_POINT('',#8437);
#2298=VERTEX_POINT('',#8540);
#2299=VERTEX_POINT('',#8541);
#2300=VERTEX_POINT('',#8543);
#2301=VERTEX_POINT('',#8545);
#2302=VERTEX_POINT('',#8547);
#2303=VERTEX_POINT('',#8549);
#2304=VERTEX_POINT('',#8565);
#2305=VERTEX_POINT('',#8566);
#2306=VERTEX_POINT('',#8568);
#2307=VERTEX_POINT('',#8573);
#2308=VERTEX_POINT('',#8575);
#2309=VERTEX_POINT('',#8577);
#2310=VERTEX_POINT('',#8579);
#2311=VERTEX_POINT('',#8581);
#2312=VERTEX_POINT('',#8586);
#2313=VERTEX_POINT('',#8588);
#2314=VERTEX_POINT('',#8642);
#2315=VERTEX_POINT('',#8643);
#2316=VERTEX_POINT('',#8645);
#2317=VERTEX_POINT('',#8650);
#2318=VERTEX_POINT('',#8652);
#2319=VERTEX_POINT('',#8657);
#2320=VERTEX_POINT('',#8659);
#2321=VERTEX_POINT('',#8664);
#2322=VERTEX_POINT('',#8666);
#2323=VERTEX_POINT('',#8671);
#2324=VERTEX_POINT('',#8673);
#2325=VERTEX_POINT('',#8678);
#2326=VERTEX_POINT('',#8680);
#2327=VERTEX_POINT('',#8685);
#2328=VERTEX_POINT('',#8687);
#2329=VERTEX_POINT('',#8696);
#2330=VERTEX_POINT('',#8697);
#2331=VERTEX_POINT('',#8704);
#2332=VERTEX_POINT('',#8715);
#2333=VERTEX_POINT('',#8722);
#2334=VERTEX_POINT('',#8728);
#2335=VERTEX_POINT('',#8729);
#2336=VERTEX_POINT('',#8736);
#2337=VERTEX_POINT('',#8747);
#2338=VERTEX_POINT('',#8754);
#2339=VERTEX_POINT('',#8780);
#2340=VERTEX_POINT('',#8781);
#2341=VERTEX_POINT('',#8810);
#2342=VERTEX_POINT('',#8834);
#2343=VERTEX_POINT('',#8843);
#2344=VERTEX_POINT('',#9036);
#2345=VERTEX_POINT('',#9037);
#2346=VERTEX_POINT('',#9066);
#2347=VERTEX_POINT('',#9090);
#2348=VERTEX_POINT('',#9099);
#2349=VERTEX_POINT('',#9125);
#2350=VERTEX_POINT('',#9126);
#2351=VERTEX_POINT('',#9128);
#2352=VERTEX_POINT('',#9135);
#2353=VERTEX_POINT('',#9142);
#2354=VERTEX_POINT('',#9144);
#2355=VERTEX_POINT('',#9151);
#2356=VERTEX_POINT('',#9158);
#2357=VERTEX_POINT('',#9160);
#2358=VERTEX_POINT('',#9258);
#2359=VERTEX_POINT('',#9259);
#2360=VERTEX_POINT('',#9266);
#2361=VERTEX_POINT('',#9272);
#2362=VERTEX_POINT('',#9279);
#2363=VERTEX_POINT('',#9286);
#2364=VERTEX_POINT('',#9292);
#2365=VERTEX_POINT('',#9299);
#2366=VERTEX_POINT('',#9306);
#2367=VERTEX_POINT('',#9308);
#2368=VERTEX_POINT('',#9310);
#2369=VERTEX_POINT('',#9312);
#2370=VERTEX_POINT('',#9319);
#2371=VERTEX_POINT('',#9324);
#2372=VERTEX_POINT('',#9331);
#2373=VERTEX_POINT('',#9338);
#2374=VERTEX_POINT('',#9345);
#2375=VERTEX_POINT('',#9352);
#2376=VERTEX_POINT('',#9359);
#2377=VERTEX_POINT('',#9366);
#2378=VERTEX_POINT('',#9373);
#2379=VERTEX_POINT('',#9380);
#2380=VERTEX_POINT('',#9783);
#2381=VERTEX_POINT('',#9784);
#2382=VERTEX_POINT('',#9786);
#2383=VERTEX_POINT('',#9788);
#2384=VERTEX_POINT('',#9790);
#2385=VERTEX_POINT('',#9792);
#2386=VERTEX_POINT('',#9808);
#2387=VERTEX_POINT('',#9809);
#2388=VERTEX_POINT('',#9816);
#2389=VERTEX_POINT('',#9822);
#2390=VERTEX_POINT('',#9828);
#2391=VERTEX_POINT('',#9834);
#2392=VERTEX_POINT('',#9840);
#2393=VERTEX_POINT('',#9847);
#2394=VERTEX_POINT('',#9854);
#2395=VERTEX_POINT('',#9861);
#2396=VERTEX_POINT('',#9868);
#2397=VERTEX_POINT('',#9874);
#2398=VERTEX_POINT('',#9881);
#2399=VERTEX_POINT('',#9888);
#2400=VERTEX_POINT('',#9895);
#2401=VERTEX_POINT('',#9902);
#2402=VERTEX_POINT('',#9909);
#2403=VERTEX_POINT('',#9916);
#2404=VERTEX_POINT('',#9923);
#2405=VERTEX_POINT('',#9936);
#2406=VERTEX_POINT('',#9937);
#2407=VERTEX_POINT('',#9944);
#2408=VERTEX_POINT('',#9951);
#2409=VERTEX_POINT('',#9958);
#2410=VERTEX_POINT('',#9965);
#2411=VERTEX_POINT('',#9972);
#2412=VERTEX_POINT('',#9979);
#2413=VERTEX_POINT('',#9986);
#2414=VERTEX_POINT('',#10019);
#2415=VERTEX_POINT('',#10020);
#2416=VERTEX_POINT('',#10049);
#2417=VERTEX_POINT('',#10077);
#2418=VERTEX_POINT('',#10105);
#2419=VERTEX_POINT('',#10133);
#2420=VERTEX_POINT('',#10161);
#2421=VERTEX_POINT('',#10189);
#2422=VERTEX_POINT('',#10217);
#2423=VERTEX_POINT('',#10648);
#2424=VERTEX_POINT('',#10650);
#2425=VERTEX_POINT('',#10657);
#2426=VERTEX_POINT('',#10659);
#2427=VERTEX_POINT('',#10663);
#2428=VERTEX_POINT('',#10665);
#2429=VERTEX_POINT('',#10671);
#2430=VERTEX_POINT('',#10673);
#2431=VERTEX_POINT('',#10677);
#2432=VERTEX_POINT('',#10679);
#2433=VERTEX_POINT('',#10685);
#2434=VERTEX_POINT('',#10687);
#2435=VERTEX_POINT('',#10691);
#2436=VERTEX_POINT('',#10693);
#2437=VERTEX_POINT('',#10699);
#2438=VERTEX_POINT('',#10701);
#2439=VERTEX_POINT('',#10705);
#2440=VERTEX_POINT('',#10707);
#2441=EDGE_CURVE('',#1971,#1971,#1863,.T.);
#2442=EDGE_CURVE('',#1971,#1972,#1125,.T.);
#2443=EDGE_CURVE('',#1972,#1972,#1864,.T.);
#2444=EDGE_CURVE('',#1973,#1973,#1865,.T.);
#2445=EDGE_CURVE('',#1973,#1974,#1126,.T.);
#2446=EDGE_CURVE('',#1974,#1974,#1866,.T.);
#2447=EDGE_CURVE('',#1975,#1975,#1867,.T.);
#2448=EDGE_CURVE('',#1975,#1976,#1127,.T.);
#2449=EDGE_CURVE('',#1976,#1976,#1868,.T.);
#2450=EDGE_CURVE('',#1977,#1978,#1869,.T.);
#2451=EDGE_CURVE('',#1979,#1977,#1128,.T.);
#2452=EDGE_CURVE('',#1980,#1979,#1870,.T.);
#2453=EDGE_CURVE('',#1981,#1980,#1129,.T.);
#2454=EDGE_CURVE('',#1982,#1981,#1871,.T.);
#2455=EDGE_CURVE('',#1983,#1982,#1130,.T.);
#2456=EDGE_CURVE('',#1984,#1983,#1872,.T.);
#2457=EDGE_CURVE('',#1985,#1984,#1131,.T.);
#2458=EDGE_CURVE('',#1986,#1985,#1873,.T.);
#2459=EDGE_CURVE('',#1987,#1986,#1132,.T.);
#2460=EDGE_CURVE('',#1988,#1987,#1874,.T.);
#2461=EDGE_CURVE('',#1978,#1988,#1133,.T.);
#2462=EDGE_CURVE('',#1989,#1990,#1875,.T.);
#2463=EDGE_CURVE('',#1989,#1977,#1134,.T.);
#2464=EDGE_CURVE('',#1990,#1978,#1135,.T.);
#2465=EDGE_CURVE('',#1991,#1989,#1136,.T.);
#2466=EDGE_CURVE('',#1991,#1979,#1137,.T.);
#2467=EDGE_CURVE('',#1992,#1991,#1876,.T.);
#2468=EDGE_CURVE('',#1992,#1980,#1138,.T.);
#2469=EDGE_CURVE('',#1993,#1992,#1139,.T.);
#2470=EDGE_CURVE('',#1993,#1981,#1140,.T.);
#2471=EDGE_CURVE('',#1994,#1993,#1877,.T.);
#2472=EDGE_CURVE('',#1994,#1982,#1141,.T.);
#2473=EDGE_CURVE('',#1995,#1994,#1142,.T.);
#2474=EDGE_CURVE('',#1995,#1983,#1143,.T.);
#2475=EDGE_CURVE('',#1996,#1995,#1878,.T.);
#2476=EDGE_CURVE('',#1996,#1984,#1144,.T.);
#2477=EDGE_CURVE('',#1997,#1996,#1145,.T.);
#2478=EDGE_CURVE('',#1997,#1985,#1146,.T.);
#2479=EDGE_CURVE('',#1998,#1997,#1879,.T.);
#2480=EDGE_CURVE('',#1998,#1986,#1147,.T.);
#2481=EDGE_CURVE('',#1999,#1998,#1148,.T.);
#2482=EDGE_CURVE('',#1999,#1987,#1149,.T.);
#2483=EDGE_CURVE('',#2000,#1999,#1880,.T.);
#2484=EDGE_CURVE('',#2000,#1988,#1150,.T.);
#2485=EDGE_CURVE('',#1990,#2000,#1151,.T.);
#2486=EDGE_CURVE('',#2001,#2002,#1881,.T.);
#2487=EDGE_CURVE('',#2003,#2001,#1152,.T.);
#2488=EDGE_CURVE('',#2004,#2003,#127,.T.);
#2489=EDGE_CURVE('',#2005,#2004,#128,.T.);
#2490=EDGE_CURVE('',#2006,#2005,#129,.T.);
#2491=EDGE_CURVE('',#2007,#2006,#130,.T.);
#2492=EDGE_CURVE('',#2008,#2007,#131,.T.);
#2493=EDGE_CURVE('',#2009,#2008,#1153,.T.);
#2494=EDGE_CURVE('',#2010,#2009,#132,.T.);
#2495=EDGE_CURVE('',#2011,#2010,#133,.T.);
#2496=EDGE_CURVE('',#2012,#2011,#134,.T.);
#2497=EDGE_CURVE('',#2013,#2012,#135,.T.);
#2498=EDGE_CURVE('',#2014,#2013,#136,.T.);
#2499=EDGE_CURVE('',#2015,#2014,#137,.T.);
#2500=EDGE_CURVE('',#2016,#2015,#138,.T.);
#2501=EDGE_CURVE('',#2017,#2016,#139,.T.);
#2502=EDGE_CURVE('',#2018,#2017,#1154,.T.);
#2503=EDGE_CURVE('',#2019,#2018,#1882,.T.);
#2504=EDGE_CURVE('',#2002,#2019,#1155,.T.);
#2505=EDGE_CURVE('',#2020,#2021,#1156,.T.);
#2506=EDGE_CURVE('',#2022,#2020,#140,.T.);
#2507=EDGE_CURVE('',#2023,#2022,#141,.T.);
#2508=EDGE_CURVE('',#2024,#2023,#142,.T.);
#2509=EDGE_CURVE('',#2025,#2024,#143,.T.);
#2510=EDGE_CURVE('',#2026,#2025,#144,.T.);
#2511=EDGE_CURVE('',#2027,#2026,#1157,.T.);
#2512=EDGE_CURVE('',#2021,#2027,#1883,.T.);
#2513=EDGE_CURVE('',#2028,#2029,#1884,.T.);
#2514=EDGE_CURVE('',#2028,#2001,#1158,.T.);
#2515=EDGE_CURVE('',#2029,#2002,#1159,.T.);
#2516=EDGE_CURVE('',#2030,#2028,#1160,.T.);
#2517=EDGE_CURVE('',#2030,#2003,#1161,.T.);
#2518=EDGE_CURVE('',#2031,#2030,#145,.T.);
#2519=EDGE_CURVE('',#2031,#2004,#1162,.T.);
#2520=EDGE_CURVE('',#2032,#2031,#146,.T.);
#2521=EDGE_CURVE('',#2032,#2005,#1163,.T.);
#2522=EDGE_CURVE('',#2033,#2032,#147,.T.);
#2523=EDGE_CURVE('',#2033,#2006,#1164,.T.);
#2524=EDGE_CURVE('',#2034,#2033,#148,.T.);
#2525=EDGE_CURVE('',#2034,#2007,#1165,.T.);
#2526=EDGE_CURVE('',#2035,#2034,#149,.T.);
#2527=EDGE_CURVE('',#2035,#2008,#1166,.T.);
#2528=EDGE_CURVE('',#2036,#2035,#1167,.T.);
#2529=EDGE_CURVE('',#2036,#2009,#1168,.T.);
#2530=EDGE_CURVE('',#2037,#2036,#150,.T.);
#2531=EDGE_CURVE('',#2037,#2010,#1169,.T.);
#2532=EDGE_CURVE('',#2038,#2037,#151,.T.);
#2533=EDGE_CURVE('',#2038,#2011,#1170,.T.);
#2534=EDGE_CURVE('',#2039,#2038,#152,.T.);
#2535=EDGE_CURVE('',#2039,#2012,#1171,.T.);
#2536=EDGE_CURVE('',#2040,#2039,#153,.T.);
#2537=EDGE_CURVE('',#2040,#2013,#1172,.T.);
#2538=EDGE_CURVE('',#2041,#2040,#154,.T.);
#2539=EDGE_CURVE('',#2041,#2014,#1173,.T.);
#2540=EDGE_CURVE('',#2042,#2041,#155,.T.);
#2541=EDGE_CURVE('',#2042,#2015,#1174,.T.);
#2542=EDGE_CURVE('',#2043,#2042,#156,.T.);
#2543=EDGE_CURVE('',#2043,#2016,#1175,.T.);
#2544=EDGE_CURVE('',#2044,#2043,#157,.T.);
#2545=EDGE_CURVE('',#2044,#2017,#1176,.T.);
#2546=EDGE_CURVE('',#2045,#2044,#1177,.T.);
#2547=EDGE_CURVE('',#2045,#2018,#1178,.T.);
#2548=EDGE_CURVE('',#2046,#2045,#1885,.T.);
#2549=EDGE_CURVE('',#2046,#2019,#1179,.T.);
#2550=EDGE_CURVE('',#2029,#2046,#1180,.T.);
#2551=EDGE_CURVE('',#2047,#2048,#1181,.T.);
#2552=EDGE_CURVE('',#2047,#2020,#1182,.T.);
#2553=EDGE_CURVE('',#2048,#2021,#1183,.T.);
#2554=EDGE_CURVE('',#2049,#2047,#158,.T.);
#2555=EDGE_CURVE('',#2049,#2022,#1184,.T.);
#2556=EDGE_CURVE('',#2050,#2049,#159,.T.);
#2557=EDGE_CURVE('',#2050,#2023,#1185,.T.);
#2558=EDGE_CURVE('',#2051,#2050,#160,.T.);
#2559=EDGE_CURVE('',#2051,#2024,#1186,.T.);
#2560=EDGE_CURVE('',#2052,#2051,#161,.T.);
#2561=EDGE_CURVE('',#2052,#2025,#1187,.T.);
#2562=EDGE_CURVE('',#2053,#2052,#162,.T.);
#2563=EDGE_CURVE('',#2053,#2026,#1188,.T.);
#2564=EDGE_CURVE('',#2054,#2053,#1189,.T.);
#2565=EDGE_CURVE('',#2054,#2027,#1190,.T.);
#2566=EDGE_CURVE('',#2048,#2054,#1886,.T.);
#2567=EDGE_CURVE('',#2055,#2056,#163,.T.);
#2568=EDGE_CURVE('',#2057,#2055,#1191,.T.);
#2569=EDGE_CURVE('',#2058,#2057,#164,.T.);
#2570=EDGE_CURVE('',#2059,#2058,#165,.T.);
#2571=EDGE_CURVE('',#2060,#2059,#166,.T.);
#2572=EDGE_CURVE('',#2061,#2060,#167,.T.);
#2573=EDGE_CURVE('',#2062,#2061,#1192,.T.);
#2574=EDGE_CURVE('',#2063,#2062,#168,.T.);
#2575=EDGE_CURVE('',#2056,#2063,#1193,.T.);
#2576=EDGE_CURVE('',#2064,#2065,#169,.T.);
#2577=EDGE_CURVE('',#2064,#2055,#1194,.T.);
#2578=EDGE_CURVE('',#2065,#2056,#1195,.T.);
#2579=EDGE_CURVE('',#2066,#2064,#1196,.T.);
#2580=EDGE_CURVE('',#2066,#2057,#1197,.T.);
#2581=EDGE_CURVE('',#2067,#2066,#170,.T.);
#2582=EDGE_CURVE('',#2067,#2058,#1198,.T.);
#2583=EDGE_CURVE('',#2068,#2067,#171,.T.);
#2584=EDGE_CURVE('',#2068,#2059,#1199,.T.);
#2585=EDGE_CURVE('',#2069,#2068,#172,.T.);
#2586=EDGE_CURVE('',#2069,#2060,#1200,.T.);
#2587=EDGE_CURVE('',#2070,#2069,#173,.T.);
#2588=EDGE_CURVE('',#2070,#2061,#1201,.T.);
#2589=EDGE_CURVE('',#2071,#2070,#1202,.T.);
#2590=EDGE_CURVE('',#2071,#2062,#1203,.T.);
#2591=EDGE_CURVE('',#2072,#2071,#174,.T.);
#2592=EDGE_CURVE('',#2072,#2063,#1204,.T.);
#2593=EDGE_CURVE('',#2065,#2072,#1205,.T.);
#2594=EDGE_CURVE('',#2073,#2074,#1887,.T.);
#2595=EDGE_CURVE('',#2075,#2073,#1206,.T.);
#2596=EDGE_CURVE('',#2076,#2075,#1888,.T.);
#2597=EDGE_CURVE('',#2074,#2076,#1207,.T.);
#2598=EDGE_CURVE('',#2077,#2078,#1889,.T.);
#2599=EDGE_CURVE('',#2077,#2073,#1208,.T.);
#2600=EDGE_CURVE('',#2078,#2074,#1209,.T.);
#2601=EDGE_CURVE('',#2079,#2077,#1210,.T.);
#2602=EDGE_CURVE('',#2079,#2075,#1211,.T.);
#2603=EDGE_CURVE('',#2080,#2079,#1890,.T.);
#2604=EDGE_CURVE('',#2080,#2076,#1212,.T.);
#2605=EDGE_CURVE('',#2078,#2080,#1213,.T.);
#2606=EDGE_CURVE('',#2081,#2082,#175,.T.);
#2607=EDGE_CURVE('',#2083,#2081,#1214,.T.);
#2608=EDGE_CURVE('',#2084,#2083,#176,.T.);
#2609=EDGE_CURVE('',#2085,#2084,#1215,.T.);
#2610=EDGE_CURVE('',#2086,#2085,#177,.T.);
#2611=EDGE_CURVE('',#2087,#2086,#1216,.T.);
#2612=EDGE_CURVE('',#2088,#2087,#178,.T.);
#2613=EDGE_CURVE('',#2082,#2088,#1217,.T.);
#2614=EDGE_CURVE('',#2089,#2090,#179,.T.);
#2615=EDGE_CURVE('',#2091,#2089,#180,.T.);
#2616=EDGE_CURVE('',#2092,#2091,#181,.T.);
#2617=EDGE_CURVE('',#2093,#2092,#1218,.T.);
#2618=EDGE_CURVE('',#2090,#2093,#182,.T.);
#2619=EDGE_CURVE('',#2094,#2095,#183,.T.);
#2620=EDGE_CURVE('',#2094,#2089,#1219,.T.);
#2621=EDGE_CURVE('',#2095,#2090,#1220,.T.);
#2622=EDGE_CURVE('',#2096,#2094,#184,.T.);
#2623=EDGE_CURVE('',#2096,#2091,#1221,.T.);
#2624=EDGE_CURVE('',#2097,#2096,#185,.T.);
#2625=EDGE_CURVE('',#2097,#2092,#1222,.T.);
#2626=EDGE_CURVE('',#2098,#2097,#1223,.T.);
#2627=EDGE_CURVE('',#2098,#2093,#1224,.T.);
#2628=EDGE_CURVE('',#2095,#2098,#186,.T.);
#2629=EDGE_CURVE('',#2099,#2100,#187,.T.);
#2630=EDGE_CURVE('',#2099,#2081,#1225,.T.);
#2631=EDGE_CURVE('',#2100,#2082,#1226,.T.);
#2632=EDGE_CURVE('',#2101,#2099,#1227,.T.);
#2633=EDGE_CURVE('',#2101,#2083,#1228,.T.);
#2634=EDGE_CURVE('',#2102,#2101,#188,.T.);
#2635=EDGE_CURVE('',#2102,#2084,#1229,.T.);
#2636=EDGE_CURVE('',#2103,#2102,#1230,.T.);
#2637=EDGE_CURVE('',#2103,#2085,#1231,.T.);
#2638=EDGE_CURVE('',#2104,#2103,#189,.T.);
#2639=EDGE_CURVE('',#2104,#2086,#1232,.T.);
#2640=EDGE_CURVE('',#2105,#2104,#1233,.T.);
#2641=EDGE_CURVE('',#2105,#2087,#1234,.T.);
#2642=EDGE_CURVE('',#2106,#2105,#190,.T.);
#2643=EDGE_CURVE('',#2106,#2088,#1235,.T.);
#2644=EDGE_CURVE('',#2100,#2106,#1236,.T.);
#2645=EDGE_CURVE('',#2107,#2107,#1891,.T.);
#2646=EDGE_CURVE('',#2107,#2108,#1237,.T.);
#2647=EDGE_CURVE('',#2108,#2108,#1892,.T.);
#2648=EDGE_CURVE('',#2109,#2110,#1238,.T.);
#2649=EDGE_CURVE('',#2110,#2111,#191,.T.);
#2650=EDGE_CURVE('',#2111,#2112,#192,.T.);
#2651=EDGE_CURVE('',#2112,#2113,#1239,.T.);
#2652=EDGE_CURVE('',#2113,#2114,#193,.T.);
#2653=EDGE_CURVE('',#2114,#2115,#1240,.T.);
#2654=EDGE_CURVE('',#2115,#2116,#194,.T.);
#2655=EDGE_CURVE('',#2116,#2117,#1241,.T.);
#2656=EDGE_CURVE('',#2117,#2118,#195,.T.);
#2657=EDGE_CURVE('',#2118,#2119,#1242,.T.);
#2658=EDGE_CURVE('',#2119,#2120,#196,.T.);
#2659=EDGE_CURVE('',#2120,#2121,#1243,.T.);
#2660=EDGE_CURVE('',#2121,#2122,#197,.T.);
#2661=EDGE_CURVE('',#2122,#2123,#1244,.T.);
#2662=EDGE_CURVE('',#2123,#2109,#198,.T.);
#2663=EDGE_CURVE('',#2124,#2125,#1245,.T.);
#2664=EDGE_CURVE('',#2125,#2126,#1893,.T.);
#2665=EDGE_CURVE('',#2126,#2127,#1246,.T.);
#2666=EDGE_CURVE('',#2127,#2128,#1894,.T.);
#2667=EDGE_CURVE('',#2128,#2129,#199,.T.);
#2668=EDGE_CURVE('',#2129,#2130,#200,.T.);
#2669=EDGE_CURVE('',#2130,#2131,#1895,.T.);
#2670=EDGE_CURVE('',#2131,#2132,#201,.T.);
#2671=EDGE_CURVE('',#2132,#2124,#202,.T.);
#2672=EDGE_CURVE('',#2133,#2134,#203,.T.);
#2673=EDGE_CURVE('',#2134,#2135,#204,.T.);
#2674=EDGE_CURVE('',#2135,#2136,#205,.T.);
#2675=EDGE_CURVE('',#2136,#2137,#206,.T.);
#2676=EDGE_CURVE('',#2137,#2138,#207,.T.);
#2677=EDGE_CURVE('',#2138,#2139,#208,.T.);
#2678=EDGE_CURVE('',#2139,#2140,#209,.T.);
#2679=EDGE_CURVE('',#2140,#2141,#210,.T.);
#2680=EDGE_CURVE('',#2141,#2142,#211,.T.);
#2681=EDGE_CURVE('',#2142,#2143,#212,.T.);
#2682=EDGE_CURVE('',#2143,#2144,#213,.T.);
#2683=EDGE_CURVE('',#2144,#2145,#214,.T.);
#2684=EDGE_CURVE('',#2145,#2146,#215,.T.);
#2685=EDGE_CURVE('',#2146,#2147,#1247,.T.);
#2686=EDGE_CURVE('',#2147,#2148,#1896,.T.);
#2687=EDGE_CURVE('',#2148,#2149,#1248,.T.);
#2688=EDGE_CURVE('',#2149,#2150,#216,.T.);
#2689=EDGE_CURVE('',#2150,#2151,#217,.T.);
#2690=EDGE_CURVE('',#2151,#2152,#218,.T.);
#2691=EDGE_CURVE('',#2152,#2153,#219,.T.);
#2692=EDGE_CURVE('',#2153,#2154,#220,.T.);
#2693=EDGE_CURVE('',#2154,#2133,#221,.T.);
#2694=EDGE_CURVE('',#2155,#2156,#1897,.T.);
#2695=EDGE_CURVE('',#2156,#2157,#1249,.T.);
#2696=EDGE_CURVE('',#2157,#2158,#1898,.T.);
#2697=EDGE_CURVE('',#2158,#2159,#1250,.T.);
#2698=EDGE_CURVE('',#2159,#2160,#1899,.T.);
#2699=EDGE_CURVE('',#2160,#2155,#1251,.T.);
#2700=EDGE_CURVE('',#2161,#2162,#222,.T.);
#2701=EDGE_CURVE('',#2162,#2163,#223,.T.);
#2702=EDGE_CURVE('',#2163,#2164,#224,.T.);
#2703=EDGE_CURVE('',#2164,#2165,#225,.T.);
#2704=EDGE_CURVE('',#2165,#2166,#226,.T.);
#2705=EDGE_CURVE('',#2166,#2167,#227,.T.);
#2706=EDGE_CURVE('',#2167,#2168,#228,.T.);
#2707=EDGE_CURVE('',#2168,#2169,#229,.T.);
#2708=EDGE_CURVE('',#2169,#2170,#230,.T.);
#2709=EDGE_CURVE('',#2170,#2171,#231,.T.);
#2710=EDGE_CURVE('',#2171,#2172,#232,.T.);
#2711=EDGE_CURVE('',#2172,#2173,#233,.T.);
#2712=EDGE_CURVE('',#2173,#2174,#234,.T.);
#2713=EDGE_CURVE('',#2174,#2175,#235,.T.);
#2714=EDGE_CURVE('',#2175,#2176,#236,.T.);
#2715=EDGE_CURVE('',#2176,#2177,#237,.T.);
#2716=EDGE_CURVE('',#2177,#2178,#238,.T.);
#2717=EDGE_CURVE('',#2178,#2179,#239,.T.);
#2718=EDGE_CURVE('',#2179,#2161,#240,.T.);
#2719=EDGE_CURVE('',#2180,#2181,#1900,.T.);
#2720=EDGE_CURVE('',#2181,#2182,#1252,.T.);
#2721=EDGE_CURVE('',#2182,#2183,#1901,.T.);
#2722=EDGE_CURVE('',#2183,#2184,#1253,.T.);
#2723=EDGE_CURVE('',#2184,#2185,#241,.T.);
#2724=EDGE_CURVE('',#2185,#2186,#1902,.T.);
#2725=EDGE_CURVE('',#2186,#2187,#1254,.T.);
#2726=EDGE_CURVE('',#2187,#2188,#1903,.T.);
#2727=EDGE_CURVE('',#2188,#2189,#1255,.T.);
#2728=EDGE_CURVE('',#2189,#2180,#242,.T.);
#2729=EDGE_CURVE('',#2190,#2191,#1904,.T.);
#2730=EDGE_CURVE('',#2191,#2192,#1256,.T.);
#2731=EDGE_CURVE('',#2192,#2193,#1905,.T.);
#2732=EDGE_CURVE('',#2193,#2194,#1257,.T.);
#2733=EDGE_CURVE('',#2194,#2195,#1906,.T.);
#2734=EDGE_CURVE('',#2195,#2190,#1258,.T.);
#2735=EDGE_CURVE('',#2196,#2197,#1907,.T.);
#2736=EDGE_CURVE('',#2197,#2198,#1259,.T.);
#2737=EDGE_CURVE('',#2198,#2199,#1908,.T.);
#2738=EDGE_CURVE('',#2199,#2200,#1260,.T.);
#2739=EDGE_CURVE('',#2200,#2201,#1909,.T.);
#2740=EDGE_CURVE('',#2201,#2202,#243,.T.);
#2741=EDGE_CURVE('',#2202,#2203,#1261,.T.);
#2742=EDGE_CURVE('',#2203,#2204,#244,.T.);
#2743=EDGE_CURVE('',#2204,#2205,#245,.T.);
#2744=EDGE_CURVE('',#2205,#2206,#1262,.T.);
#2745=EDGE_CURVE('',#2206,#2207,#246,.T.);
#2746=EDGE_CURVE('',#2207,#2196,#247,.T.);
#2747=EDGE_CURVE('',#2208,#2209,#1910,.T.);
#2748=EDGE_CURVE('',#2209,#2210,#1263,.T.);
#2749=EDGE_CURVE('',#2210,#2211,#1911,.T.);
#2750=EDGE_CURVE('',#2211,#2208,#1264,.T.);
#2751=EDGE_CURVE('',#2212,#2213,#1912,.T.);
#2752=EDGE_CURVE('',#2213,#2214,#1265,.T.);
#2753=EDGE_CURVE('',#2214,#2215,#1913,.T.);
#2754=EDGE_CURVE('',#2215,#2216,#1266,.T.);
#2755=EDGE_CURVE('',#2216,#2217,#1914,.T.);
#2756=EDGE_CURVE('',#2217,#2212,#1267,.T.);
#2757=EDGE_CURVE('',#2218,#2219,#248,.T.);
#2758=EDGE_CURVE('',#2219,#2220,#1268,.T.);
#2759=EDGE_CURVE('',#2220,#2221,#249,.T.);
#2760=EDGE_CURVE('',#2221,#2222,#1269,.T.);
#2761=EDGE_CURVE('',#2222,#2223,#250,.T.);
#2762=EDGE_CURVE('',#2223,#2224,#1270,.T.);
#2763=EDGE_CURVE('',#2224,#2225,#251,.T.);
#2764=EDGE_CURVE('',#2225,#2218,#1271,.T.);
#2765=EDGE_CURVE('',#2226,#2227,#1915,.T.);
#2766=EDGE_CURVE('',#2227,#2228,#1272,.T.);
#2767=EDGE_CURVE('',#2228,#2229,#1916,.T.);
#2768=EDGE_CURVE('',#2229,#2226,#1273,.T.);
#2769=EDGE_CURVE('',#2230,#2231,#1917,.T.);
#2770=EDGE_CURVE('',#2231,#2232,#1274,.T.);
#2771=EDGE_CURVE('',#2232,#2233,#1918,.T.);
#2772=EDGE_CURVE('',#2233,#2234,#1275,.T.);
#2773=EDGE_CURVE('',#2234,#2235,#1919,.T.);
#2774=EDGE_CURVE('',#2235,#2236,#1276,.T.);
#2775=EDGE_CURVE('',#2236,#2237,#1920,.T.);
#2776=EDGE_CURVE('',#2237,#2238,#1277,.T.);
#2777=EDGE_CURVE('',#2238,#2239,#1921,.T.);
#2778=EDGE_CURVE('',#2239,#2240,#1278,.T.);
#2779=EDGE_CURVE('',#2240,#2241,#1922,.T.);
#2780=EDGE_CURVE('',#2241,#2230,#1279,.T.);
#2781=EDGE_CURVE('',#2242,#2243,#1923,.T.);
#2782=EDGE_CURVE('',#2244,#2242,#1280,.T.);
#2783=EDGE_CURVE('',#2245,#2244,#1924,.T.);
#2784=EDGE_CURVE('',#2246,#2245,#1281,.T.);
#2785=EDGE_CURVE('',#2247,#2246,#1925,.T.);
#2786=EDGE_CURVE('',#2248,#2247,#1282,.T.);
#2787=EDGE_CURVE('',#2249,#2248,#1926,.T.);
#2788=EDGE_CURVE('',#2250,#2249,#1283,.T.);
#2789=EDGE_CURVE('',#2251,#2250,#1927,.T.);
#2790=EDGE_CURVE('',#2252,#2251,#1284,.T.);
#2791=EDGE_CURVE('',#2253,#2252,#1928,.T.);
#2792=EDGE_CURVE('',#2243,#2253,#1285,.T.);
#2793=EDGE_CURVE('',#2230,#2242,#1286,.T.);
#2794=EDGE_CURVE('',#2231,#2243,#1287,.T.);
#2795=EDGE_CURVE('',#2241,#2244,#1288,.T.);
#2796=EDGE_CURVE('',#2240,#2245,#1289,.T.);
#2797=EDGE_CURVE('',#2239,#2246,#1290,.T.);
#2798=EDGE_CURVE('',#2238,#2247,#1291,.T.);
#2799=EDGE_CURVE('',#2237,#2248,#1292,.T.);
#2800=EDGE_CURVE('',#2236,#2249,#1293,.T.);
#2801=EDGE_CURVE('',#2235,#2250,#1294,.T.);
#2802=EDGE_CURVE('',#2234,#2251,#1295,.T.);
#2803=EDGE_CURVE('',#2233,#2252,#1296,.T.);
#2804=EDGE_CURVE('',#2232,#2253,#1297,.T.);
#2805=EDGE_CURVE('',#2254,#2255,#1929,.T.);
#2806=EDGE_CURVE('',#2256,#2254,#1298,.T.);
#2807=EDGE_CURVE('',#2257,#2256,#1930,.T.);
#2808=EDGE_CURVE('',#2255,#2257,#1299,.T.);
#2809=EDGE_CURVE('',#2226,#2254,#1300,.T.);
#2810=EDGE_CURVE('',#2227,#2255,#1301,.T.);
#2811=EDGE_CURVE('',#2229,#2256,#1302,.T.);
#2812=EDGE_CURVE('',#2228,#2257,#1303,.T.);
#2813=EDGE_CURVE('',#2258,#2259,#252,.T.);
#2814=EDGE_CURVE('',#2260,#2258,#1304,.T.);
#2815=EDGE_CURVE('',#2261,#2260,#253,.T.);
#2816=EDGE_CURVE('',#2262,#2261,#1305,.T.);
#2817=EDGE_CURVE('',#2263,#2262,#254,.T.);
#2818=EDGE_CURVE('',#2264,#2263,#1306,.T.);
#2819=EDGE_CURVE('',#2265,#2264,#255,.T.);
#2820=EDGE_CURVE('',#2259,#2265,#1307,.T.);
#2821=EDGE_CURVE('',#2266,#2267,#256,.T.);
#2822=EDGE_CURVE('',#2268,#2266,#257,.T.);
#2823=EDGE_CURVE('',#2269,#2268,#258,.T.);
#2824=EDGE_CURVE('',#2270,#2269,#1308,.T.);
#2825=EDGE_CURVE('',#2267,#2270,#259,.T.);
#2826=EDGE_CURVE('',#2218,#2258,#1309,.T.);
#2827=EDGE_CURVE('',#2219,#2259,#1310,.T.);
#2828=EDGE_CURVE('',#2225,#2260,#1311,.T.);
#2829=EDGE_CURVE('',#2224,#2261,#1312,.T.);
#2830=EDGE_CURVE('',#2223,#2262,#1313,.T.);
#2831=EDGE_CURVE('',#2222,#2263,#1314,.T.);
#2832=EDGE_CURVE('',#2221,#2264,#1315,.T.);
#2833=EDGE_CURVE('',#2220,#2265,#1316,.T.);
#2834=EDGE_CURVE('',#2271,#2272,#260,.T.);
#2835=EDGE_CURVE('',#2271,#2266,#1317,.T.);
#2836=EDGE_CURVE('',#2272,#2267,#1318,.T.);
#2837=EDGE_CURVE('',#2273,#2271,#261,.T.);
#2838=EDGE_CURVE('',#2273,#2268,#1319,.T.);
#2839=EDGE_CURVE('',#2274,#2273,#262,.T.);
#2840=EDGE_CURVE('',#2274,#2269,#1320,.T.);
#2841=EDGE_CURVE('',#2275,#2274,#1321,.T.);
#2842=EDGE_CURVE('',#2275,#2270,#1322,.T.);
#2843=EDGE_CURVE('',#2272,#2275,#263,.T.);
#2844=EDGE_CURVE('',#2276,#2277,#1931,.T.);
#2845=EDGE_CURVE('',#2278,#2276,#1323,.T.);
#2846=EDGE_CURVE('',#2279,#2278,#1932,.T.);
#2847=EDGE_CURVE('',#2280,#2279,#1324,.T.);
#2848=EDGE_CURVE('',#2281,#2280,#1933,.T.);
#2849=EDGE_CURVE('',#2277,#2281,#1325,.T.);
#2850=EDGE_CURVE('',#2212,#2276,#1326,.T.);
#2851=EDGE_CURVE('',#2213,#2277,#1327,.T.);
#2852=EDGE_CURVE('',#2217,#2278,#1328,.T.);
#2853=EDGE_CURVE('',#2216,#2279,#1329,.T.);
#2854=EDGE_CURVE('',#2215,#2280,#1330,.T.);
#2855=EDGE_CURVE('',#2214,#2281,#1331,.T.);
#2856=EDGE_CURVE('',#2282,#2283,#1934,.T.);
#2857=EDGE_CURVE('',#2284,#2282,#1332,.T.);
#2858=EDGE_CURVE('',#2285,#2284,#1935,.T.);
#2859=EDGE_CURVE('',#2283,#2285,#1333,.T.);
#2860=EDGE_CURVE('',#2208,#2282,#1334,.T.);
#2861=EDGE_CURVE('',#2209,#2283,#1335,.T.);
#2862=EDGE_CURVE('',#2211,#2284,#1336,.T.);
#2863=EDGE_CURVE('',#2210,#2285,#1337,.T.);
#2864=EDGE_CURVE('',#2286,#2287,#1936,.T.);
#2865=EDGE_CURVE('',#2288,#2286,#264,.T.);
#2866=EDGE_CURVE('',#2289,#2288,#265,.T.);
#2867=EDGE_CURVE('',#2290,#2289,#1338,.T.);
#2868=EDGE_CURVE('',#2291,#2290,#266,.T.);
#2869=EDGE_CURVE('',#2292,#2291,#267,.T.);
#2870=EDGE_CURVE('',#2293,#2292,#1339,.T.);
#2871=EDGE_CURVE('',#2294,#2293,#268,.T.);
#2872=EDGE_CURVE('',#2295,#2294,#1937,.T.);
#2873=EDGE_CURVE('',#2296,#2295,#1340,.T.);
#2874=EDGE_CURVE('',#2297,#2296,#1938,.T.);
#2875=EDGE_CURVE('',#2287,#2297,#1341,.T.);
#2876=EDGE_CURVE('',#2196,#2286,#1342,.T.);
#2877=EDGE_CURVE('',#2197,#2287,#1343,.T.);
#2878=EDGE_CURVE('',#2207,#2288,#1344,.T.);
#2879=EDGE_CURVE('',#2206,#2289,#1345,.T.);
#2880=EDGE_CURVE('',#2205,#2290,#1346,.T.);
#2881=EDGE_CURVE('',#2204,#2291,#1347,.T.);
#2882=EDGE_CURVE('',#2203,#2292,#1348,.T.);
#2883=EDGE_CURVE('',#2202,#2293,#1349,.T.);
#2884=EDGE_CURVE('',#2201,#2294,#1350,.T.);
#2885=EDGE_CURVE('',#2200,#2295,#1351,.T.);
#2886=EDGE_CURVE('',#2199,#2296,#1352,.T.);
#2887=EDGE_CURVE('',#2198,#2297,#1353,.T.);
#2888=EDGE_CURVE('',#2298,#2299,#1939,.T.);
#2889=EDGE_CURVE('',#2300,#2298,#1354,.T.);
#2890=EDGE_CURVE('',#2301,#2300,#1940,.T.);
#2891=EDGE_CURVE('',#2302,#2301,#1355,.T.);
#2892=EDGE_CURVE('',#2303,#2302,#1941,.T.);
#2893=EDGE_CURVE('',#2299,#2303,#1356,.T.);
#2894=EDGE_CURVE('',#2190,#2298,#1357,.T.);
#2895=EDGE_CURVE('',#2191,#2299,#1358,.T.);
#2896=EDGE_CURVE('',#2195,#2300,#1359,.T.);
#2897=EDGE_CURVE('',#2194,#2301,#1360,.T.);
#2898=EDGE_CURVE('',#2193,#2302,#1361,.T.);
#2899=EDGE_CURVE('',#2192,#2303,#1362,.T.);
#2900=EDGE_CURVE('',#2304,#2305,#1942,.T.);
#2901=EDGE_CURVE('',#2306,#2304,#269,.T.);
#2902=EDGE_CURVE('',#2307,#2306,#1363,.T.);
#2903=EDGE_CURVE('',#2308,#2307,#1943,.T.);
#2904=EDGE_CURVE('',#2309,#2308,#1364,.T.);
#2905=EDGE_CURVE('',#2310,#2309,#1944,.T.);
#2906=EDGE_CURVE('',#2311,#2310,#270,.T.);
#2907=EDGE_CURVE('',#2312,#2311,#1365,.T.);
#2908=EDGE_CURVE('',#2313,#2312,#1945,.T.);
#2909=EDGE_CURVE('',#2305,#2313,#1366,.T.);
#2910=EDGE_CURVE('',#2180,#2304,#1367,.T.);
#2911=EDGE_CURVE('',#2181,#2305,#1368,.T.);
#2912=EDGE_CURVE('',#2189,#2306,#1369,.T.);
#2913=EDGE_CURVE('',#2188,#2307,#1370,.T.);
#2914=EDGE_CURVE('',#2187,#2308,#1371,.T.);
#2915=EDGE_CURVE('',#2186,#2309,#1372,.T.);
#2916=EDGE_CURVE('',#2185,#2310,#1373,.T.);
#2917=EDGE_CURVE('',#2184,#2311,#1374,.T.);
#2918=EDGE_CURVE('',#2183,#2312,#1375,.T.);
#2919=EDGE_CURVE('',#2182,#2313,#1376,.T.);
#2920=EDGE_CURVE('',#2314,#2315,#1377,.T.);
#2921=EDGE_CURVE('',#2316,#2314,#271,.T.);
#2922=EDGE_CURVE('',#2317,#2316,#1378,.T.);
#2923=EDGE_CURVE('',#2318,#2317,#272,.T.);
#2924=EDGE_CURVE('',#2319,#2318,#1379,.T.);
#2925=EDGE_CURVE('',#2320,#2319,#273,.T.);
#2926=EDGE_CURVE('',#2321,#2320,#1380,.T.);
#2927=EDGE_CURVE('',#2322,#2321,#274,.T.);
#2928=EDGE_CURVE('',#2323,#2322,#1381,.T.);
#2929=EDGE_CURVE('',#2324,#2323,#275,.T.);
#2930=EDGE_CURVE('',#2325,#2324,#1382,.T.);
#2931=EDGE_CURVE('',#2326,#2325,#276,.T.);
#2932=EDGE_CURVE('',#2327,#2326,#1383,.T.);
#2933=EDGE_CURVE('',#2328,#2327,#277,.T.);
#2934=EDGE_CURVE('',#2315,#2328,#278,.T.);
#2935=EDGE_CURVE('',#2329,#2330,#279,.T.);
#2936=EDGE_CURVE('',#2331,#2329,#280,.T.);
#2937=EDGE_CURVE('',#2332,#2331,#281,.T.);
#2938=EDGE_CURVE('',#2333,#2332,#1384,.T.);
#2939=EDGE_CURVE('',#2330,#2333,#282,.T.);
#2940=EDGE_CURVE('',#2334,#2335,#283,.T.);
#2941=EDGE_CURVE('',#2336,#2334,#284,.T.);
#2942=EDGE_CURVE('',#2337,#2336,#285,.T.);
#2943=EDGE_CURVE('',#2338,#2337,#1385,.T.);
#2944=EDGE_CURVE('',#2335,#2338,#286,.T.);
#2945=EDGE_CURVE('',#2339,#2340,#287,.T.);
#2946=EDGE_CURVE('',#2339,#2329,#1386,.T.);
#2947=EDGE_CURVE('',#2340,#2330,#1387,.T.);
#2948=EDGE_CURVE('',#2341,#2339,#288,.T.);
#2949=EDGE_CURVE('',#2341,#2331,#1388,.T.);
#2950=EDGE_CURVE('',#2342,#2341,#289,.T.);
#2951=EDGE_CURVE('',#2342,#2332,#1389,.T.);
#2952=EDGE_CURVE('',#2343,#2342,#1390,.T.);
#2953=EDGE_CURVE('',#2343,#2333,#1391,.T.);
#2954=EDGE_CURVE('',#2340,#2343,#290,.T.);
#2955=EDGE_CURVE('',#2109,#2314,#1392,.T.);
#2956=EDGE_CURVE('',#2110,#2315,#1393,.T.);
#2957=EDGE_CURVE('',#2123,#2316,#1394,.T.);
#2958=EDGE_CURVE('',#2122,#2317,#1395,.T.);
#2959=EDGE_CURVE('',#2121,#2318,#1396,.T.);
#2960=EDGE_CURVE('',#2120,#2319,#1397,.T.);
#2961=EDGE_CURVE('',#2119,#2320,#1398,.T.);
#2962=EDGE_CURVE('',#2118,#2321,#1399,.T.);
#2963=EDGE_CURVE('',#2117,#2322,#1400,.T.);
#2964=EDGE_CURVE('',#2116,#2323,#1401,.T.);
#2965=EDGE_CURVE('',#2115,#2324,#1402,.T.);
#2966=EDGE_CURVE('',#2114,#2325,#1403,.T.);
#2967=EDGE_CURVE('',#2113,#2326,#1404,.T.);
#2968=EDGE_CURVE('',#2112,#2327,#1405,.T.);
#2969=EDGE_CURVE('',#2111,#2328,#1406,.T.);
#2970=EDGE_CURVE('',#2344,#2345,#291,.T.);
#2971=EDGE_CURVE('',#2344,#2334,#1407,.T.);
#2972=EDGE_CURVE('',#2345,#2335,#1408,.T.);
#2973=EDGE_CURVE('',#2346,#2344,#292,.T.);
#2974=EDGE_CURVE('',#2346,#2336,#1409,.T.);
#2975=EDGE_CURVE('',#2347,#2346,#293,.T.);
#2976=EDGE_CURVE('',#2347,#2337,#1410,.T.);
#2977=EDGE_CURVE('',#2348,#2347,#1411,.T.);
#2978=EDGE_CURVE('',#2348,#2338,#1412,.T.);
#2979=EDGE_CURVE('',#2345,#2348,#294,.T.);
#2980=EDGE_CURVE('',#2349,#2350,#1413,.T.);
#2981=EDGE_CURVE('',#2351,#2349,#295,.T.);
#2982=EDGE_CURVE('',#2352,#2351,#296,.T.);
#2983=EDGE_CURVE('',#2353,#2352,#1946,.T.);
#2984=EDGE_CURVE('',#2354,#2353,#297,.T.);
#2985=EDGE_CURVE('',#2355,#2354,#298,.T.);
#2986=EDGE_CURVE('',#2356,#2355,#1947,.T.);
#2987=EDGE_CURVE('',#2357,#2356,#1414,.T.);
#2988=EDGE_CURVE('',#2350,#2357,#1948,.T.);
#2989=EDGE_CURVE('',#2124,#2349,#1415,.T.);
#2990=EDGE_CURVE('',#2125,#2350,#1416,.T.);
#2991=EDGE_CURVE('',#2132,#2351,#1417,.T.);
#2992=EDGE_CURVE('',#2131,#2352,#1418,.T.);
#2993=EDGE_CURVE('',#2130,#2353,#1419,.T.);
#2994=EDGE_CURVE('',#2129,#2354,#1420,.T.);
#2995=EDGE_CURVE('',#2128,#2355,#1421,.T.);
#2996=EDGE_CURVE('',#2127,#2356,#1422,.T.);
#2997=EDGE_CURVE('',#2126,#2357,#1423,.T.);
#2998=EDGE_CURVE('',#2358,#2359,#299,.T.);
#2999=EDGE_CURVE('',#2360,#2358,#300,.T.);
#3000=EDGE_CURVE('',#2361,#2360,#301,.T.);
#3001=EDGE_CURVE('',#2362,#2361,#302,.T.);
#3002=EDGE_CURVE('',#2363,#2362,#303,.T.);
#3003=EDGE_CURVE('',#2364,#2363,#304,.T.);
#3004=EDGE_CURVE('',#2365,#2364,#305,.T.);
#3005=EDGE_CURVE('',#2366,#2365,#1424,.T.);
#3006=EDGE_CURVE('',#2367,#2366,#1949,.T.);
#3007=EDGE_CURVE('',#2368,#2367,#1425,.T.);
#3008=EDGE_CURVE('',#2369,#2368,#306,.T.);
#3009=EDGE_CURVE('',#2370,#2369,#307,.T.);
#3010=EDGE_CURVE('',#2371,#2370,#308,.T.);
#3011=EDGE_CURVE('',#2372,#2371,#309,.T.);
#3012=EDGE_CURVE('',#2373,#2372,#310,.T.);
#3013=EDGE_CURVE('',#2374,#2373,#311,.T.);
#3014=EDGE_CURVE('',#2375,#2374,#312,.T.);
#3015=EDGE_CURVE('',#2376,#2375,#313,.T.);
#3016=EDGE_CURVE('',#2377,#2376,#314,.T.);
#3017=EDGE_CURVE('',#2378,#2377,#315,.T.);
#3018=EDGE_CURVE('',#2379,#2378,#316,.T.);
#3019=EDGE_CURVE('',#2359,#2379,#317,.T.);
#3020=EDGE_CURVE('',#2133,#2358,#1426,.T.);
#3021=EDGE_CURVE('',#2134,#2359,#1427,.T.);
#3022=EDGE_CURVE('',#2154,#2360,#1428,.T.);
#3023=EDGE_CURVE('',#2153,#2361,#1429,.T.);
#3024=EDGE_CURVE('',#2152,#2362,#1430,.T.);
#3025=EDGE_CURVE('',#2151,#2363,#1431,.T.);
#3026=EDGE_CURVE('',#2150,#2364,#1432,.T.);
#3027=EDGE_CURVE('',#2149,#2365,#1433,.T.);
#3028=EDGE_CURVE('',#2148,#2366,#1434,.T.);
#3029=EDGE_CURVE('',#2147,#2367,#1435,.T.);
#3030=EDGE_CURVE('',#2146,#2368,#1436,.T.);
#3031=EDGE_CURVE('',#2145,#2369,#1437,.T.);
#3032=EDGE_CURVE('',#2144,#2370,#1438,.T.);
#3033=EDGE_CURVE('',#2143,#2371,#1439,.T.);
#3034=EDGE_CURVE('',#2142,#2372,#1440,.T.);
#3035=EDGE_CURVE('',#2141,#2373,#1441,.T.);
#3036=EDGE_CURVE('',#2140,#2374,#1442,.T.);
#3037=EDGE_CURVE('',#2139,#2375,#1443,.T.);
#3038=EDGE_CURVE('',#2138,#2376,#1444,.T.);
#3039=EDGE_CURVE('',#2137,#2377,#1445,.T.);
#3040=EDGE_CURVE('',#2136,#2378,#1446,.T.);
#3041=EDGE_CURVE('',#2135,#2379,#1447,.T.);
#3042=EDGE_CURVE('',#2380,#2381,#1950,.T.);
#3043=EDGE_CURVE('',#2382,#2380,#1448,.T.);
#3044=EDGE_CURVE('',#2383,#2382,#1951,.T.);
#3045=EDGE_CURVE('',#2384,#2383,#1449,.T.);
#3046=EDGE_CURVE('',#2385,#2384,#1952,.T.);
#3047=EDGE_CURVE('',#2381,#2385,#1450,.T.);
#3048=EDGE_CURVE('',#2155,#2380,#1451,.T.);
#3049=EDGE_CURVE('',#2156,#2381,#1452,.T.);
#3050=EDGE_CURVE('',#2160,#2382,#1453,.T.);
#3051=EDGE_CURVE('',#2159,#2383,#1454,.T.);
#3052=EDGE_CURVE('',#2158,#2384,#1455,.T.);
#3053=EDGE_CURVE('',#2157,#2385,#1456,.T.);
#3054=EDGE_CURVE('',#2386,#2387,#318,.T.);
#3055=EDGE_CURVE('',#2388,#2386,#319,.T.);
#3056=EDGE_CURVE('',#2389,#2388,#320,.T.);
#3057=EDGE_CURVE('',#2390,#2389,#321,.T.);
#3058=EDGE_CURVE('',#2391,#2390,#322,.T.);
#3059=EDGE_CURVE('',#2392,#2391,#323,.T.);
#3060=EDGE_CURVE('',#2393,#2392,#324,.T.);
#3061=EDGE_CURVE('',#2394,#2393,#325,.T.);
#3062=EDGE_CURVE('',#2395,#2394,#326,.T.);
#3063=EDGE_CURVE('',#2396,#2395,#327,.T.);
#3064=EDGE_CURVE('',#2397,#2396,#328,.T.);
#3065=EDGE_CURVE('',#2398,#2397,#329,.T.);
#3066=EDGE_CURVE('',#2399,#2398,#330,.T.);
#3067=EDGE_CURVE('',#2400,#2399,#331,.T.);
#3068=EDGE_CURVE('',#2401,#2400,#332,.T.);
#3069=EDGE_CURVE('',#2402,#2401,#333,.T.);
#3070=EDGE_CURVE('',#2403,#2402,#334,.T.);
#3071=EDGE_CURVE('',#2404,#2403,#335,.T.);
#3072=EDGE_CURVE('',#2387,#2404,#336,.T.);
#3073=EDGE_CURVE('',#2405,#2406,#337,.T.);
#3074=EDGE_CURVE('',#2407,#2405,#338,.T.);
#3075=EDGE_CURVE('',#2408,#2407,#339,.T.);
#3076=EDGE_CURVE('',#2409,#2408,#340,.T.);
#3077=EDGE_CURVE('',#2410,#2409,#341,.T.);
#3078=EDGE_CURVE('',#2411,#2410,#342,.T.);
#3079=EDGE_CURVE('',#2412,#2411,#343,.T.);
#3080=EDGE_CURVE('',#2413,#2412,#344,.T.);
#3081=EDGE_CURVE('',#2406,#2413,#345,.T.);
#3082=EDGE_CURVE('',#2414,#2415,#346,.T.);
#3083=EDGE_CURVE('',#2414,#2405,#1457,.T.);
#3084=EDGE_CURVE('',#2415,#2406,#1458,.T.);
#3085=EDGE_CURVE('',#2416,#2414,#347,.T.);
#3086=EDGE_CURVE('',#2416,#2407,#1459,.T.);
#3087=EDGE_CURVE('',#2417,#2416,#348,.T.);
#3088=EDGE_CURVE('',#2417,#2408,#1460,.T.);
#3089=EDGE_CURVE('',#2418,#2417,#349,.T.);
#3090=EDGE_CURVE('',#2418,#2409,#1461,.T.);
#3091=EDGE_CURVE('',#2419,#2418,#350,.T.);
#3092=EDGE_CURVE('',#2419,#2410,#1462,.T.);
#3093=EDGE_CURVE('',#2420,#2419,#351,.T.);
#3094=EDGE_CURVE('',#2420,#2411,#1463,.T.);
#3095=EDGE_CURVE('',#2421,#2420,#352,.T.);
#3096=EDGE_CURVE('',#2421,#2412,#1464,.T.);
#3097=EDGE_CURVE('',#2422,#2421,#353,.T.);
#3098=EDGE_CURVE('',#2422,#2413,#1465,.T.);
#3099=EDGE_CURVE('',#2415,#2422,#354,.T.);
#3100=EDGE_CURVE('',#2161,#2386,#1466,.T.);
#3101=EDGE_CURVE('',#2162,#2387,#1467,.T.);
#3102=EDGE_CURVE('',#2179,#2388,#1468,.T.);
#3103=EDGE_CURVE('',#2178,#2389,#1469,.T.);
#3104=EDGE_CURVE('',#2177,#2390,#1470,.T.);
#3105=EDGE_CURVE('',#2176,#2391,#1471,.T.);
#3106=EDGE_CURVE('',#2175,#2392,#1472,.T.);
#3107=EDGE_CURVE('',#2174,#2393,#1473,.T.);
#3108=EDGE_CURVE('',#2173,#2394,#1474,.T.);
#3109=EDGE_CURVE('',#2172,#2395,#1475,.T.);
#3110=EDGE_CURVE('',#2171,#2396,#1476,.T.);
#3111=EDGE_CURVE('',#2170,#2397,#1477,.T.);
#3112=EDGE_CURVE('',#2169,#2398,#1478,.T.);
#3113=EDGE_CURVE('',#2168,#2399,#1479,.T.);
#3114=EDGE_CURVE('',#2167,#2400,#1480,.T.);
#3115=EDGE_CURVE('',#2166,#2401,#1481,.T.);
#3116=EDGE_CURVE('',#2165,#2402,#1482,.T.);
#3117=EDGE_CURVE('',#2164,#2403,#1483,.T.);
#3118=EDGE_CURVE('',#2163,#2404,#1484,.T.);
#3119=EDGE_CURVE('',#2423,#2423,#1953,.T.);
#3120=EDGE_CURVE('',#2423,#2424,#1485,.T.);
#3121=EDGE_CURVE('',#2424,#2424,#1954,.T.);
#3122=EDGE_CURVE('',#2425,#2425,#1955,.T.);
#3123=EDGE_CURVE('',#2425,#2426,#1486,.T.);
#3124=EDGE_CURVE('',#2426,#2426,#1956,.T.);
#3125=EDGE_CURVE('',#2427,#2427,#1957,.T.);
#3126=EDGE_CURVE('',#2427,#2428,#1487,.T.);
#3127=EDGE_CURVE('',#2428,#2428,#1958,.T.);
#3128=EDGE_CURVE('',#2429,#2429,#1959,.T.);
#3129=EDGE_CURVE('',#2429,#2430,#1488,.T.);
#3130=EDGE_CURVE('',#2430,#2430,#1960,.T.);
#3131=EDGE_CURVE('',#2431,#2431,#1961,.T.);
#3132=EDGE_CURVE('',#2431,#2432,#1489,.T.);
#3133=EDGE_CURVE('',#2432,#2432,#1962,.T.);
#3134=EDGE_CURVE('',#2433,#2433,#1963,.T.);
#3135=EDGE_CURVE('',#2433,#2434,#1490,.T.);
#3136=EDGE_CURVE('',#2434,#2434,#1964,.T.);
#3137=EDGE_CURVE('',#2435,#2435,#1965,.T.);
#3138=EDGE_CURVE('',#2435,#2436,#1491,.T.);
#3139=EDGE_CURVE('',#2436,#2436,#1966,.T.);
#3140=EDGE_CURVE('',#2437,#2437,#1967,.T.);
#3141=EDGE_CURVE('',#2437,#2438,#1492,.T.);
#3142=EDGE_CURVE('',#2438,#2438,#1968,.T.);
#3143=EDGE_CURVE('',#2439,#2439,#1969,.T.);
#3144=EDGE_CURVE('',#2439,#2440,#1493,.T.);
#3145=EDGE_CURVE('',#2440,#2440,#1970,.T.);
#3146=ORIENTED_EDGE('',*,*,#2441,.F.);
#3147=ORIENTED_EDGE('',*,*,#2442,.T.);
#3148=ORIENTED_EDGE('',*,*,#2443,.F.);
#3149=ORIENTED_EDGE('',*,*,#2442,.F.);
#3150=ORIENTED_EDGE('',*,*,#2441,.T.);
#3151=ORIENTED_EDGE('',*,*,#2444,.F.);
#3152=ORIENTED_EDGE('',*,*,#2445,.T.);
#3153=ORIENTED_EDGE('',*,*,#2446,.F.);
#3154=ORIENTED_EDGE('',*,*,#2445,.F.);
#3155=ORIENTED_EDGE('',*,*,#2444,.T.);
#3156=ORIENTED_EDGE('',*,*,#2447,.F.);
#3157=ORIENTED_EDGE('',*,*,#2448,.T.);
#3158=ORIENTED_EDGE('',*,*,#2449,.T.);
#3159=ORIENTED_EDGE('',*,*,#2448,.F.);
#3160=ORIENTED_EDGE('',*,*,#2447,.T.);
#3161=ORIENTED_EDGE('',*,*,#2446,.T.);
#3162=ORIENTED_EDGE('',*,*,#2449,.F.);
#3163=ORIENTED_EDGE('',*,*,#2443,.T.);
#3164=ORIENTED_EDGE('',*,*,#2450,.F.);
#3165=ORIENTED_EDGE('',*,*,#2451,.F.);
#3166=ORIENTED_EDGE('',*,*,#2452,.F.);
#3167=ORIENTED_EDGE('',*,*,#2453,.F.);
#3168=ORIENTED_EDGE('',*,*,#2454,.F.);
#3169=ORIENTED_EDGE('',*,*,#2455,.F.);
#3170=ORIENTED_EDGE('',*,*,#2456,.F.);
#3171=ORIENTED_EDGE('',*,*,#2457,.F.);
#3172=ORIENTED_EDGE('',*,*,#2458,.F.);
#3173=ORIENTED_EDGE('',*,*,#2459,.F.);
#3174=ORIENTED_EDGE('',*,*,#2460,.F.);
#3175=ORIENTED_EDGE('',*,*,#2461,.F.);
#3176=ORIENTED_EDGE('',*,*,#2462,.F.);
#3177=ORIENTED_EDGE('',*,*,#2463,.T.);
#3178=ORIENTED_EDGE('',*,*,#2450,.T.);
#3179=ORIENTED_EDGE('',*,*,#2464,.F.);
#3180=ORIENTED_EDGE('',*,*,#2465,.F.);
#3181=ORIENTED_EDGE('',*,*,#2466,.T.);
#3182=ORIENTED_EDGE('',*,*,#2451,.T.);
#3183=ORIENTED_EDGE('',*,*,#2463,.F.);
#3184=ORIENTED_EDGE('',*,*,#2467,.F.);
#3185=ORIENTED_EDGE('',*,*,#2468,.T.);
#3186=ORIENTED_EDGE('',*,*,#2452,.T.);
#3187=ORIENTED_EDGE('',*,*,#2466,.F.);
#3188=ORIENTED_EDGE('',*,*,#2469,.F.);
#3189=ORIENTED_EDGE('',*,*,#2470,.T.);
#3190=ORIENTED_EDGE('',*,*,#2453,.T.);
#3191=ORIENTED_EDGE('',*,*,#2468,.F.);
#3192=ORIENTED_EDGE('',*,*,#2471,.F.);
#3193=ORIENTED_EDGE('',*,*,#2472,.T.);
#3194=ORIENTED_EDGE('',*,*,#2454,.T.);
#3195=ORIENTED_EDGE('',*,*,#2470,.F.);
#3196=ORIENTED_EDGE('',*,*,#2473,.F.);
#3197=ORIENTED_EDGE('',*,*,#2474,.T.);
#3198=ORIENTED_EDGE('',*,*,#2455,.T.);
#3199=ORIENTED_EDGE('',*,*,#2472,.F.);
#3200=ORIENTED_EDGE('',*,*,#2475,.F.);
#3201=ORIENTED_EDGE('',*,*,#2476,.T.);
#3202=ORIENTED_EDGE('',*,*,#2456,.T.);
#3203=ORIENTED_EDGE('',*,*,#2474,.F.);
#3204=ORIENTED_EDGE('',*,*,#2477,.F.);
#3205=ORIENTED_EDGE('',*,*,#2478,.T.);
#3206=ORIENTED_EDGE('',*,*,#2457,.T.);
#3207=ORIENTED_EDGE('',*,*,#2476,.F.);
#3208=ORIENTED_EDGE('',*,*,#2479,.F.);
#3209=ORIENTED_EDGE('',*,*,#2480,.T.);
#3210=ORIENTED_EDGE('',*,*,#2458,.T.);
#3211=ORIENTED_EDGE('',*,*,#2478,.F.);
#3212=ORIENTED_EDGE('',*,*,#2481,.F.);
#3213=ORIENTED_EDGE('',*,*,#2482,.T.);
#3214=ORIENTED_EDGE('',*,*,#2459,.T.);
#3215=ORIENTED_EDGE('',*,*,#2480,.F.);
#3216=ORIENTED_EDGE('',*,*,#2483,.F.);
#3217=ORIENTED_EDGE('',*,*,#2484,.T.);
#3218=ORIENTED_EDGE('',*,*,#2460,.T.);
#3219=ORIENTED_EDGE('',*,*,#2482,.F.);
#3220=ORIENTED_EDGE('',*,*,#2485,.F.);
#3221=ORIENTED_EDGE('',*,*,#2464,.T.);
#3222=ORIENTED_EDGE('',*,*,#2461,.T.);
#3223=ORIENTED_EDGE('',*,*,#2484,.F.);
#3224=ORIENTED_EDGE('',*,*,#2486,.F.);
#3225=ORIENTED_EDGE('',*,*,#2487,.F.);
#3226=ORIENTED_EDGE('',*,*,#2488,.F.);
#3227=ORIENTED_EDGE('',*,*,#2489,.F.);
#3228=ORIENTED_EDGE('',*,*,#2490,.F.);
#3229=ORIENTED_EDGE('',*,*,#2491,.F.);
#3230=ORIENTED_EDGE('',*,*,#2492,.F.);
#3231=ORIENTED_EDGE('',*,*,#2493,.F.);
#3232=ORIENTED_EDGE('',*,*,#2494,.F.);
#3233=ORIENTED_EDGE('',*,*,#2495,.F.);
#3234=ORIENTED_EDGE('',*,*,#2496,.F.);
#3235=ORIENTED_EDGE('',*,*,#2497,.F.);
#3236=ORIENTED_EDGE('',*,*,#2498,.F.);
#3237=ORIENTED_EDGE('',*,*,#2499,.F.);
#3238=ORIENTED_EDGE('',*,*,#2500,.F.);
#3239=ORIENTED_EDGE('',*,*,#2501,.F.);
#3240=ORIENTED_EDGE('',*,*,#2502,.F.);
#3241=ORIENTED_EDGE('',*,*,#2503,.F.);
#3242=ORIENTED_EDGE('',*,*,#2504,.F.);
#3243=ORIENTED_EDGE('',*,*,#2505,.F.);
#3244=ORIENTED_EDGE('',*,*,#2506,.F.);
#3245=ORIENTED_EDGE('',*,*,#2507,.F.);
#3246=ORIENTED_EDGE('',*,*,#2508,.F.);
#3247=ORIENTED_EDGE('',*,*,#2509,.F.);
#3248=ORIENTED_EDGE('',*,*,#2510,.F.);
#3249=ORIENTED_EDGE('',*,*,#2511,.F.);
#3250=ORIENTED_EDGE('',*,*,#2512,.F.);
#3251=ORIENTED_EDGE('',*,*,#2513,.F.);
#3252=ORIENTED_EDGE('',*,*,#2514,.T.);
#3253=ORIENTED_EDGE('',*,*,#2486,.T.);
#3254=ORIENTED_EDGE('',*,*,#2515,.F.);
#3255=ORIENTED_EDGE('',*,*,#2516,.F.);
#3256=ORIENTED_EDGE('',*,*,#2517,.T.);
#3257=ORIENTED_EDGE('',*,*,#2487,.T.);
#3258=ORIENTED_EDGE('',*,*,#2514,.F.);
#3259=ORIENTED_EDGE('',*,*,#2518,.F.);
#3260=ORIENTED_EDGE('',*,*,#2519,.T.);
#3261=ORIENTED_EDGE('',*,*,#2488,.T.);
#3262=ORIENTED_EDGE('',*,*,#2517,.F.);
#3263=ORIENTED_EDGE('',*,*,#2520,.F.);
#3264=ORIENTED_EDGE('',*,*,#2521,.T.);
#3265=ORIENTED_EDGE('',*,*,#2489,.T.);
#3266=ORIENTED_EDGE('',*,*,#2519,.F.);
#3267=ORIENTED_EDGE('',*,*,#2522,.F.);
#3268=ORIENTED_EDGE('',*,*,#2523,.T.);
#3269=ORIENTED_EDGE('',*,*,#2490,.T.);
#3270=ORIENTED_EDGE('',*,*,#2521,.F.);
#3271=ORIENTED_EDGE('',*,*,#2524,.F.);
#3272=ORIENTED_EDGE('',*,*,#2525,.T.);
#3273=ORIENTED_EDGE('',*,*,#2491,.T.);
#3274=ORIENTED_EDGE('',*,*,#2523,.F.);
#3275=ORIENTED_EDGE('',*,*,#2526,.F.);
#3276=ORIENTED_EDGE('',*,*,#2527,.T.);
#3277=ORIENTED_EDGE('',*,*,#2492,.T.);
#3278=ORIENTED_EDGE('',*,*,#2525,.F.);
#3279=ORIENTED_EDGE('',*,*,#2528,.F.);
#3280=ORIENTED_EDGE('',*,*,#2529,.T.);
#3281=ORIENTED_EDGE('',*,*,#2493,.T.);
#3282=ORIENTED_EDGE('',*,*,#2527,.F.);
#3283=ORIENTED_EDGE('',*,*,#2530,.F.);
#3284=ORIENTED_EDGE('',*,*,#2531,.T.);
#3285=ORIENTED_EDGE('',*,*,#2494,.T.);
#3286=ORIENTED_EDGE('',*,*,#2529,.F.);
#3287=ORIENTED_EDGE('',*,*,#2532,.F.);
#3288=ORIENTED_EDGE('',*,*,#2533,.T.);
#3289=ORIENTED_EDGE('',*,*,#2495,.T.);
#3290=ORIENTED_EDGE('',*,*,#2531,.F.);
#3291=ORIENTED_EDGE('',*,*,#2534,.F.);
#3292=ORIENTED_EDGE('',*,*,#2535,.T.);
#3293=ORIENTED_EDGE('',*,*,#2496,.T.);
#3294=ORIENTED_EDGE('',*,*,#2533,.F.);
#3295=ORIENTED_EDGE('',*,*,#2536,.F.);
#3296=ORIENTED_EDGE('',*,*,#2537,.T.);
#3297=ORIENTED_EDGE('',*,*,#2497,.T.);
#3298=ORIENTED_EDGE('',*,*,#2535,.F.);
#3299=ORIENTED_EDGE('',*,*,#2538,.F.);
#3300=ORIENTED_EDGE('',*,*,#2539,.T.);
#3301=ORIENTED_EDGE('',*,*,#2498,.T.);
#3302=ORIENTED_EDGE('',*,*,#2537,.F.);
#3303=ORIENTED_EDGE('',*,*,#2540,.F.);
#3304=ORIENTED_EDGE('',*,*,#2541,.T.);
#3305=ORIENTED_EDGE('',*,*,#2499,.T.);
#3306=ORIENTED_EDGE('',*,*,#2539,.F.);
#3307=ORIENTED_EDGE('',*,*,#2542,.F.);
#3308=ORIENTED_EDGE('',*,*,#2543,.T.);
#3309=ORIENTED_EDGE('',*,*,#2500,.T.);
#3310=ORIENTED_EDGE('',*,*,#2541,.F.);
#3311=ORIENTED_EDGE('',*,*,#2544,.F.);
#3312=ORIENTED_EDGE('',*,*,#2545,.T.);
#3313=ORIENTED_EDGE('',*,*,#2501,.T.);
#3314=ORIENTED_EDGE('',*,*,#2543,.F.);
#3315=ORIENTED_EDGE('',*,*,#2546,.F.);
#3316=ORIENTED_EDGE('',*,*,#2547,.T.);
#3317=ORIENTED_EDGE('',*,*,#2502,.T.);
#3318=ORIENTED_EDGE('',*,*,#2545,.F.);
#3319=ORIENTED_EDGE('',*,*,#2548,.F.);
#3320=ORIENTED_EDGE('',*,*,#2549,.T.);
#3321=ORIENTED_EDGE('',*,*,#2503,.T.);
#3322=ORIENTED_EDGE('',*,*,#2547,.F.);
#3323=ORIENTED_EDGE('',*,*,#2550,.F.);
#3324=ORIENTED_EDGE('',*,*,#2515,.T.);
#3325=ORIENTED_EDGE('',*,*,#2504,.T.);
#3326=ORIENTED_EDGE('',*,*,#2549,.F.);
#3327=ORIENTED_EDGE('',*,*,#2551,.F.);
#3328=ORIENTED_EDGE('',*,*,#2552,.T.);
#3329=ORIENTED_EDGE('',*,*,#2505,.T.);
#3330=ORIENTED_EDGE('',*,*,#2553,.F.);
#3331=ORIENTED_EDGE('',*,*,#2554,.F.);
#3332=ORIENTED_EDGE('',*,*,#2555,.T.);
#3333=ORIENTED_EDGE('',*,*,#2506,.T.);
#3334=ORIENTED_EDGE('',*,*,#2552,.F.);
#3335=ORIENTED_EDGE('',*,*,#2556,.F.);
#3336=ORIENTED_EDGE('',*,*,#2557,.T.);
#3337=ORIENTED_EDGE('',*,*,#2507,.T.);
#3338=ORIENTED_EDGE('',*,*,#2555,.F.);
#3339=ORIENTED_EDGE('',*,*,#2558,.F.);
#3340=ORIENTED_EDGE('',*,*,#2559,.T.);
#3341=ORIENTED_EDGE('',*,*,#2508,.T.);
#3342=ORIENTED_EDGE('',*,*,#2557,.F.);
#3343=ORIENTED_EDGE('',*,*,#2560,.F.);
#3344=ORIENTED_EDGE('',*,*,#2561,.T.);
#3345=ORIENTED_EDGE('',*,*,#2509,.T.);
#3346=ORIENTED_EDGE('',*,*,#2559,.F.);
#3347=ORIENTED_EDGE('',*,*,#2562,.F.);
#3348=ORIENTED_EDGE('',*,*,#2563,.T.);
#3349=ORIENTED_EDGE('',*,*,#2510,.T.);
#3350=ORIENTED_EDGE('',*,*,#2561,.F.);
#3351=ORIENTED_EDGE('',*,*,#2564,.F.);
#3352=ORIENTED_EDGE('',*,*,#2565,.T.);
#3353=ORIENTED_EDGE('',*,*,#2511,.T.);
#3354=ORIENTED_EDGE('',*,*,#2563,.F.);
#3355=ORIENTED_EDGE('',*,*,#2566,.F.);
#3356=ORIENTED_EDGE('',*,*,#2553,.T.);
#3357=ORIENTED_EDGE('',*,*,#2512,.T.);
#3358=ORIENTED_EDGE('',*,*,#2565,.F.);
#3359=ORIENTED_EDGE('',*,*,#2551,.T.);
#3360=ORIENTED_EDGE('',*,*,#2566,.T.);
#3361=ORIENTED_EDGE('',*,*,#2564,.T.);
#3362=ORIENTED_EDGE('',*,*,#2562,.T.);
#3363=ORIENTED_EDGE('',*,*,#2560,.T.);
#3364=ORIENTED_EDGE('',*,*,#2558,.T.);
#3365=ORIENTED_EDGE('',*,*,#2556,.T.);
#3366=ORIENTED_EDGE('',*,*,#2554,.T.);
#3367=ORIENTED_EDGE('',*,*,#2567,.F.);
#3368=ORIENTED_EDGE('',*,*,#2568,.F.);
#3369=ORIENTED_EDGE('',*,*,#2569,.F.);
#3370=ORIENTED_EDGE('',*,*,#2570,.F.);
#3371=ORIENTED_EDGE('',*,*,#2571,.F.);
#3372=ORIENTED_EDGE('',*,*,#2572,.F.);
#3373=ORIENTED_EDGE('',*,*,#2573,.F.);
#3374=ORIENTED_EDGE('',*,*,#2574,.F.);
#3375=ORIENTED_EDGE('',*,*,#2575,.F.);
#3376=ORIENTED_EDGE('',*,*,#2576,.F.);
#3377=ORIENTED_EDGE('',*,*,#2577,.T.);
#3378=ORIENTED_EDGE('',*,*,#2567,.T.);
#3379=ORIENTED_EDGE('',*,*,#2578,.F.);
#3380=ORIENTED_EDGE('',*,*,#2579,.F.);
#3381=ORIENTED_EDGE('',*,*,#2580,.T.);
#3382=ORIENTED_EDGE('',*,*,#2568,.T.);
#3383=ORIENTED_EDGE('',*,*,#2577,.F.);
#3384=ORIENTED_EDGE('',*,*,#2581,.F.);
#3385=ORIENTED_EDGE('',*,*,#2582,.T.);
#3386=ORIENTED_EDGE('',*,*,#2569,.T.);
#3387=ORIENTED_EDGE('',*,*,#2580,.F.);
#3388=ORIENTED_EDGE('',*,*,#2583,.F.);
#3389=ORIENTED_EDGE('',*,*,#2584,.T.);
#3390=ORIENTED_EDGE('',*,*,#2570,.T.);
#3391=ORIENTED_EDGE('',*,*,#2582,.F.);
#3392=ORIENTED_EDGE('',*,*,#2585,.F.);
#3393=ORIENTED_EDGE('',*,*,#2586,.T.);
#3394=ORIENTED_EDGE('',*,*,#2571,.T.);
#3395=ORIENTED_EDGE('',*,*,#2584,.F.);
#3396=ORIENTED_EDGE('',*,*,#2587,.F.);
#3397=ORIENTED_EDGE('',*,*,#2588,.T.);
#3398=ORIENTED_EDGE('',*,*,#2572,.T.);
#3399=ORIENTED_EDGE('',*,*,#2586,.F.);
#3400=ORIENTED_EDGE('',*,*,#2589,.F.);
#3401=ORIENTED_EDGE('',*,*,#2590,.T.);
#3402=ORIENTED_EDGE('',*,*,#2573,.T.);
#3403=ORIENTED_EDGE('',*,*,#2588,.F.);
#3404=ORIENTED_EDGE('',*,*,#2591,.F.);
#3405=ORIENTED_EDGE('',*,*,#2592,.T.);
#3406=ORIENTED_EDGE('',*,*,#2574,.T.);
#3407=ORIENTED_EDGE('',*,*,#2590,.F.);
#3408=ORIENTED_EDGE('',*,*,#2593,.F.);
#3409=ORIENTED_EDGE('',*,*,#2578,.T.);
#3410=ORIENTED_EDGE('',*,*,#2575,.T.);
#3411=ORIENTED_EDGE('',*,*,#2592,.F.);
#3412=ORIENTED_EDGE('',*,*,#2594,.F.);
#3413=ORIENTED_EDGE('',*,*,#2595,.F.);
#3414=ORIENTED_EDGE('',*,*,#2596,.F.);
#3415=ORIENTED_EDGE('',*,*,#2597,.F.);
#3416=ORIENTED_EDGE('',*,*,#2598,.F.);
#3417=ORIENTED_EDGE('',*,*,#2599,.T.);
#3418=ORIENTED_EDGE('',*,*,#2594,.T.);
#3419=ORIENTED_EDGE('',*,*,#2600,.F.);
#3420=ORIENTED_EDGE('',*,*,#2601,.F.);
#3421=ORIENTED_EDGE('',*,*,#2602,.T.);
#3422=ORIENTED_EDGE('',*,*,#2595,.T.);
#3423=ORIENTED_EDGE('',*,*,#2599,.F.);
#3424=ORIENTED_EDGE('',*,*,#2603,.F.);
#3425=ORIENTED_EDGE('',*,*,#2604,.T.);
#3426=ORIENTED_EDGE('',*,*,#2596,.T.);
#3427=ORIENTED_EDGE('',*,*,#2602,.F.);
#3428=ORIENTED_EDGE('',*,*,#2605,.F.);
#3429=ORIENTED_EDGE('',*,*,#2600,.T.);
#3430=ORIENTED_EDGE('',*,*,#2597,.T.);
#3431=ORIENTED_EDGE('',*,*,#2604,.F.);
#3432=ORIENTED_EDGE('',*,*,#2606,.F.);
#3433=ORIENTED_EDGE('',*,*,#2607,.F.);
#3434=ORIENTED_EDGE('',*,*,#2608,.F.);
#3435=ORIENTED_EDGE('',*,*,#2609,.F.);
#3436=ORIENTED_EDGE('',*,*,#2610,.F.);
#3437=ORIENTED_EDGE('',*,*,#2611,.F.);
#3438=ORIENTED_EDGE('',*,*,#2612,.F.);
#3439=ORIENTED_EDGE('',*,*,#2613,.F.);
#3440=ORIENTED_EDGE('',*,*,#2614,.F.);
#3441=ORIENTED_EDGE('',*,*,#2615,.F.);
#3442=ORIENTED_EDGE('',*,*,#2616,.F.);
#3443=ORIENTED_EDGE('',*,*,#2617,.F.);
#3444=ORIENTED_EDGE('',*,*,#2618,.F.);
#3445=ORIENTED_EDGE('',*,*,#2619,.F.);
#3446=ORIENTED_EDGE('',*,*,#2620,.T.);
#3447=ORIENTED_EDGE('',*,*,#2614,.T.);
#3448=ORIENTED_EDGE('',*,*,#2621,.F.);
#3449=ORIENTED_EDGE('',*,*,#2622,.F.);
#3450=ORIENTED_EDGE('',*,*,#2623,.T.);
#3451=ORIENTED_EDGE('',*,*,#2615,.T.);
#3452=ORIENTED_EDGE('',*,*,#2620,.F.);
#3453=ORIENTED_EDGE('',*,*,#2624,.F.);
#3454=ORIENTED_EDGE('',*,*,#2625,.T.);
#3455=ORIENTED_EDGE('',*,*,#2616,.T.);
#3456=ORIENTED_EDGE('',*,*,#2623,.F.);
#3457=ORIENTED_EDGE('',*,*,#2626,.F.);
#3458=ORIENTED_EDGE('',*,*,#2627,.T.);
#3459=ORIENTED_EDGE('',*,*,#2617,.T.);
#3460=ORIENTED_EDGE('',*,*,#2625,.F.);
#3461=ORIENTED_EDGE('',*,*,#2628,.F.);
#3462=ORIENTED_EDGE('',*,*,#2621,.T.);
#3463=ORIENTED_EDGE('',*,*,#2618,.T.);
#3464=ORIENTED_EDGE('',*,*,#2627,.F.);
#3465=ORIENTED_EDGE('',*,*,#2629,.F.);
#3466=ORIENTED_EDGE('',*,*,#2630,.T.);
#3467=ORIENTED_EDGE('',*,*,#2606,.T.);
#3468=ORIENTED_EDGE('',*,*,#2631,.F.);
#3469=ORIENTED_EDGE('',*,*,#2632,.F.);
#3470=ORIENTED_EDGE('',*,*,#2633,.T.);
#3471=ORIENTED_EDGE('',*,*,#2607,.T.);
#3472=ORIENTED_EDGE('',*,*,#2630,.F.);
#3473=ORIENTED_EDGE('',*,*,#2634,.F.);
#3474=ORIENTED_EDGE('',*,*,#2635,.T.);
#3475=ORIENTED_EDGE('',*,*,#2608,.T.);
#3476=ORIENTED_EDGE('',*,*,#2633,.F.);
#3477=ORIENTED_EDGE('',*,*,#2636,.F.);
#3478=ORIENTED_EDGE('',*,*,#2637,.T.);
#3479=ORIENTED_EDGE('',*,*,#2609,.T.);
#3480=ORIENTED_EDGE('',*,*,#2635,.F.);
#3481=ORIENTED_EDGE('',*,*,#2638,.F.);
#3482=ORIENTED_EDGE('',*,*,#2639,.T.);
#3483=ORIENTED_EDGE('',*,*,#2610,.T.);
#3484=ORIENTED_EDGE('',*,*,#2637,.F.);
#3485=ORIENTED_EDGE('',*,*,#2640,.F.);
#3486=ORIENTED_EDGE('',*,*,#2641,.T.);
#3487=ORIENTED_EDGE('',*,*,#2611,.T.);
#3488=ORIENTED_EDGE('',*,*,#2639,.F.);
#3489=ORIENTED_EDGE('',*,*,#2642,.F.);
#3490=ORIENTED_EDGE('',*,*,#2643,.T.);
#3491=ORIENTED_EDGE('',*,*,#2612,.T.);
#3492=ORIENTED_EDGE('',*,*,#2641,.F.);
#3493=ORIENTED_EDGE('',*,*,#2644,.F.);
#3494=ORIENTED_EDGE('',*,*,#2631,.T.);
#3495=ORIENTED_EDGE('',*,*,#2613,.T.);
#3496=ORIENTED_EDGE('',*,*,#2643,.F.);
#3497=ORIENTED_EDGE('',*,*,#2645,.F.);
#3498=ORIENTED_EDGE('',*,*,#2646,.T.);
#3499=ORIENTED_EDGE('',*,*,#2647,.T.);
#3500=ORIENTED_EDGE('',*,*,#2646,.F.);
#3501=ORIENTED_EDGE('',*,*,#2462,.T.);
#3502=ORIENTED_EDGE('',*,*,#2485,.T.);
#3503=ORIENTED_EDGE('',*,*,#2483,.T.);
#3504=ORIENTED_EDGE('',*,*,#2481,.T.);
#3505=ORIENTED_EDGE('',*,*,#2479,.T.);
#3506=ORIENTED_EDGE('',*,*,#2477,.T.);
#3507=ORIENTED_EDGE('',*,*,#2475,.T.);
#3508=ORIENTED_EDGE('',*,*,#2473,.T.);
#3509=ORIENTED_EDGE('',*,*,#2471,.T.);
#3510=ORIENTED_EDGE('',*,*,#2469,.T.);
#3511=ORIENTED_EDGE('',*,*,#2467,.T.);
#3512=ORIENTED_EDGE('',*,*,#2465,.T.);
#3513=ORIENTED_EDGE('',*,*,#2513,.T.);
#3514=ORIENTED_EDGE('',*,*,#2550,.T.);
#3515=ORIENTED_EDGE('',*,*,#2548,.T.);
#3516=ORIENTED_EDGE('',*,*,#2546,.T.);
#3517=ORIENTED_EDGE('',*,*,#2544,.T.);
#3518=ORIENTED_EDGE('',*,*,#2542,.T.);
#3519=ORIENTED_EDGE('',*,*,#2540,.T.);
#3520=ORIENTED_EDGE('',*,*,#2538,.T.);
#3521=ORIENTED_EDGE('',*,*,#2536,.T.);
#3522=ORIENTED_EDGE('',*,*,#2534,.T.);
#3523=ORIENTED_EDGE('',*,*,#2532,.T.);
#3524=ORIENTED_EDGE('',*,*,#2530,.T.);
#3525=ORIENTED_EDGE('',*,*,#2528,.T.);
#3526=ORIENTED_EDGE('',*,*,#2526,.T.);
#3527=ORIENTED_EDGE('',*,*,#2524,.T.);
#3528=ORIENTED_EDGE('',*,*,#2522,.T.);
#3529=ORIENTED_EDGE('',*,*,#2520,.T.);
#3530=ORIENTED_EDGE('',*,*,#2518,.T.);
#3531=ORIENTED_EDGE('',*,*,#2516,.T.);
#3532=ORIENTED_EDGE('',*,*,#2576,.T.);
#3533=ORIENTED_EDGE('',*,*,#2593,.T.);
#3534=ORIENTED_EDGE('',*,*,#2591,.T.);
#3535=ORIENTED_EDGE('',*,*,#2589,.T.);
#3536=ORIENTED_EDGE('',*,*,#2587,.T.);
#3537=ORIENTED_EDGE('',*,*,#2585,.T.);
#3538=ORIENTED_EDGE('',*,*,#2583,.T.);
#3539=ORIENTED_EDGE('',*,*,#2581,.T.);
#3540=ORIENTED_EDGE('',*,*,#2579,.T.);
#3541=ORIENTED_EDGE('',*,*,#2598,.T.);
#3542=ORIENTED_EDGE('',*,*,#2605,.T.);
#3543=ORIENTED_EDGE('',*,*,#2603,.T.);
#3544=ORIENTED_EDGE('',*,*,#2601,.T.);
#3545=ORIENTED_EDGE('',*,*,#2648,.T.);
#3546=ORIENTED_EDGE('',*,*,#2649,.T.);
#3547=ORIENTED_EDGE('',*,*,#2650,.T.);
#3548=ORIENTED_EDGE('',*,*,#2651,.T.);
#3549=ORIENTED_EDGE('',*,*,#2652,.T.);
#3550=ORIENTED_EDGE('',*,*,#2653,.T.);
#3551=ORIENTED_EDGE('',*,*,#2654,.T.);
#3552=ORIENTED_EDGE('',*,*,#2655,.T.);
#3553=ORIENTED_EDGE('',*,*,#2656,.T.);
#3554=ORIENTED_EDGE('',*,*,#2657,.T.);
#3555=ORIENTED_EDGE('',*,*,#2658,.T.);
#3556=ORIENTED_EDGE('',*,*,#2659,.T.);
#3557=ORIENTED_EDGE('',*,*,#2660,.T.);
#3558=ORIENTED_EDGE('',*,*,#2661,.T.);
#3559=ORIENTED_EDGE('',*,*,#2662,.T.);
#3560=ORIENTED_EDGE('',*,*,#2663,.T.);
#3561=ORIENTED_EDGE('',*,*,#2664,.T.);
#3562=ORIENTED_EDGE('',*,*,#2665,.T.);
#3563=ORIENTED_EDGE('',*,*,#2666,.T.);
#3564=ORIENTED_EDGE('',*,*,#2667,.T.);
#3565=ORIENTED_EDGE('',*,*,#2668,.T.);
#3566=ORIENTED_EDGE('',*,*,#2669,.T.);
#3567=ORIENTED_EDGE('',*,*,#2670,.T.);
#3568=ORIENTED_EDGE('',*,*,#2671,.T.);
#3569=ORIENTED_EDGE('',*,*,#2672,.T.);
#3570=ORIENTED_EDGE('',*,*,#2673,.T.);
#3571=ORIENTED_EDGE('',*,*,#2674,.T.);
#3572=ORIENTED_EDGE('',*,*,#2675,.T.);
#3573=ORIENTED_EDGE('',*,*,#2676,.T.);
#3574=ORIENTED_EDGE('',*,*,#2677,.T.);
#3575=ORIENTED_EDGE('',*,*,#2678,.T.);
#3576=ORIENTED_EDGE('',*,*,#2679,.T.);
#3577=ORIENTED_EDGE('',*,*,#2680,.T.);
#3578=ORIENTED_EDGE('',*,*,#2681,.T.);
#3579=ORIENTED_EDGE('',*,*,#2682,.T.);
#3580=ORIENTED_EDGE('',*,*,#2683,.T.);
#3581=ORIENTED_EDGE('',*,*,#2684,.T.);
#3582=ORIENTED_EDGE('',*,*,#2685,.T.);
#3583=ORIENTED_EDGE('',*,*,#2686,.T.);
#3584=ORIENTED_EDGE('',*,*,#2687,.T.);
#3585=ORIENTED_EDGE('',*,*,#2688,.T.);
#3586=ORIENTED_EDGE('',*,*,#2689,.T.);
#3587=ORIENTED_EDGE('',*,*,#2690,.T.);
#3588=ORIENTED_EDGE('',*,*,#2691,.T.);
#3589=ORIENTED_EDGE('',*,*,#2692,.T.);
#3590=ORIENTED_EDGE('',*,*,#2693,.T.);
#3591=ORIENTED_EDGE('',*,*,#2694,.T.);
#3592=ORIENTED_EDGE('',*,*,#2695,.T.);
#3593=ORIENTED_EDGE('',*,*,#2696,.T.);
#3594=ORIENTED_EDGE('',*,*,#2697,.T.);
#3595=ORIENTED_EDGE('',*,*,#2698,.T.);
#3596=ORIENTED_EDGE('',*,*,#2699,.T.);
#3597=ORIENTED_EDGE('',*,*,#2700,.T.);
#3598=ORIENTED_EDGE('',*,*,#2701,.T.);
#3599=ORIENTED_EDGE('',*,*,#2702,.T.);
#3600=ORIENTED_EDGE('',*,*,#2703,.T.);
#3601=ORIENTED_EDGE('',*,*,#2704,.T.);
#3602=ORIENTED_EDGE('',*,*,#2705,.T.);
#3603=ORIENTED_EDGE('',*,*,#2706,.T.);
#3604=ORIENTED_EDGE('',*,*,#2707,.T.);
#3605=ORIENTED_EDGE('',*,*,#2708,.T.);
#3606=ORIENTED_EDGE('',*,*,#2709,.T.);
#3607=ORIENTED_EDGE('',*,*,#2710,.T.);
#3608=ORIENTED_EDGE('',*,*,#2711,.T.);
#3609=ORIENTED_EDGE('',*,*,#2712,.T.);
#3610=ORIENTED_EDGE('',*,*,#2713,.T.);
#3611=ORIENTED_EDGE('',*,*,#2714,.T.);
#3612=ORIENTED_EDGE('',*,*,#2715,.T.);
#3613=ORIENTED_EDGE('',*,*,#2716,.T.);
#3614=ORIENTED_EDGE('',*,*,#2717,.T.);
#3615=ORIENTED_EDGE('',*,*,#2718,.T.);
#3616=ORIENTED_EDGE('',*,*,#2719,.T.);
#3617=ORIENTED_EDGE('',*,*,#2720,.T.);
#3618=ORIENTED_EDGE('',*,*,#2721,.T.);
#3619=ORIENTED_EDGE('',*,*,#2722,.T.);
#3620=ORIENTED_EDGE('',*,*,#2723,.T.);
#3621=ORIENTED_EDGE('',*,*,#2724,.T.);
#3622=ORIENTED_EDGE('',*,*,#2725,.T.);
#3623=ORIENTED_EDGE('',*,*,#2726,.T.);
#3624=ORIENTED_EDGE('',*,*,#2727,.T.);
#3625=ORIENTED_EDGE('',*,*,#2728,.T.);
#3626=ORIENTED_EDGE('',*,*,#2729,.T.);
#3627=ORIENTED_EDGE('',*,*,#2730,.T.);
#3628=ORIENTED_EDGE('',*,*,#2731,.T.);
#3629=ORIENTED_EDGE('',*,*,#2732,.T.);
#3630=ORIENTED_EDGE('',*,*,#2733,.T.);
#3631=ORIENTED_EDGE('',*,*,#2734,.T.);
#3632=ORIENTED_EDGE('',*,*,#2735,.T.);
#3633=ORIENTED_EDGE('',*,*,#2736,.T.);
#3634=ORIENTED_EDGE('',*,*,#2737,.T.);
#3635=ORIENTED_EDGE('',*,*,#2738,.T.);
#3636=ORIENTED_EDGE('',*,*,#2739,.T.);
#3637=ORIENTED_EDGE('',*,*,#2740,.T.);
#3638=ORIENTED_EDGE('',*,*,#2741,.T.);
#3639=ORIENTED_EDGE('',*,*,#2742,.T.);
#3640=ORIENTED_EDGE('',*,*,#2743,.T.);
#3641=ORIENTED_EDGE('',*,*,#2744,.T.);
#3642=ORIENTED_EDGE('',*,*,#2745,.T.);
#3643=ORIENTED_EDGE('',*,*,#2746,.T.);
#3644=ORIENTED_EDGE('',*,*,#2747,.T.);
#3645=ORIENTED_EDGE('',*,*,#2748,.T.);
#3646=ORIENTED_EDGE('',*,*,#2749,.T.);
#3647=ORIENTED_EDGE('',*,*,#2750,.T.);
#3648=ORIENTED_EDGE('',*,*,#2751,.T.);
#3649=ORIENTED_EDGE('',*,*,#2752,.T.);
#3650=ORIENTED_EDGE('',*,*,#2753,.T.);
#3651=ORIENTED_EDGE('',*,*,#2754,.T.);
#3652=ORIENTED_EDGE('',*,*,#2755,.T.);
#3653=ORIENTED_EDGE('',*,*,#2756,.T.);
#3654=ORIENTED_EDGE('',*,*,#2757,.T.);
#3655=ORIENTED_EDGE('',*,*,#2758,.T.);
#3656=ORIENTED_EDGE('',*,*,#2759,.T.);
#3657=ORIENTED_EDGE('',*,*,#2760,.T.);
#3658=ORIENTED_EDGE('',*,*,#2761,.T.);
#3659=ORIENTED_EDGE('',*,*,#2762,.T.);
#3660=ORIENTED_EDGE('',*,*,#2763,.T.);
#3661=ORIENTED_EDGE('',*,*,#2764,.T.);
#3662=ORIENTED_EDGE('',*,*,#2765,.T.);
#3663=ORIENTED_EDGE('',*,*,#2766,.T.);
#3664=ORIENTED_EDGE('',*,*,#2767,.T.);
#3665=ORIENTED_EDGE('',*,*,#2768,.T.);
#3666=ORIENTED_EDGE('',*,*,#2769,.T.);
#3667=ORIENTED_EDGE('',*,*,#2770,.T.);
#3668=ORIENTED_EDGE('',*,*,#2771,.T.);
#3669=ORIENTED_EDGE('',*,*,#2772,.T.);
#3670=ORIENTED_EDGE('',*,*,#2773,.T.);
#3671=ORIENTED_EDGE('',*,*,#2774,.T.);
#3672=ORIENTED_EDGE('',*,*,#2775,.T.);
#3673=ORIENTED_EDGE('',*,*,#2776,.T.);
#3674=ORIENTED_EDGE('',*,*,#2777,.T.);
#3675=ORIENTED_EDGE('',*,*,#2778,.T.);
#3676=ORIENTED_EDGE('',*,*,#2779,.T.);
#3677=ORIENTED_EDGE('',*,*,#2780,.T.);
#3678=ORIENTED_EDGE('',*,*,#2629,.T.);
#3679=ORIENTED_EDGE('',*,*,#2644,.T.);
#3680=ORIENTED_EDGE('',*,*,#2642,.T.);
#3681=ORIENTED_EDGE('',*,*,#2640,.T.);
#3682=ORIENTED_EDGE('',*,*,#2638,.T.);
#3683=ORIENTED_EDGE('',*,*,#2636,.T.);
#3684=ORIENTED_EDGE('',*,*,#2634,.T.);
#3685=ORIENTED_EDGE('',*,*,#2632,.T.);
#3686=ORIENTED_EDGE('',*,*,#2781,.F.);
#3687=ORIENTED_EDGE('',*,*,#2782,.F.);
#3688=ORIENTED_EDGE('',*,*,#2783,.F.);
#3689=ORIENTED_EDGE('',*,*,#2784,.F.);
#3690=ORIENTED_EDGE('',*,*,#2785,.F.);
#3691=ORIENTED_EDGE('',*,*,#2786,.F.);
#3692=ORIENTED_EDGE('',*,*,#2787,.F.);
#3693=ORIENTED_EDGE('',*,*,#2788,.F.);
#3694=ORIENTED_EDGE('',*,*,#2789,.F.);
#3695=ORIENTED_EDGE('',*,*,#2790,.F.);
#3696=ORIENTED_EDGE('',*,*,#2791,.F.);
#3697=ORIENTED_EDGE('',*,*,#2792,.F.);
#3698=ORIENTED_EDGE('',*,*,#2769,.F.);
#3699=ORIENTED_EDGE('',*,*,#2793,.T.);
#3700=ORIENTED_EDGE('',*,*,#2781,.T.);
#3701=ORIENTED_EDGE('',*,*,#2794,.F.);
#3702=ORIENTED_EDGE('',*,*,#2780,.F.);
#3703=ORIENTED_EDGE('',*,*,#2795,.T.);
#3704=ORIENTED_EDGE('',*,*,#2782,.T.);
#3705=ORIENTED_EDGE('',*,*,#2793,.F.);
#3706=ORIENTED_EDGE('',*,*,#2779,.F.);
#3707=ORIENTED_EDGE('',*,*,#2796,.T.);
#3708=ORIENTED_EDGE('',*,*,#2783,.T.);
#3709=ORIENTED_EDGE('',*,*,#2795,.F.);
#3710=ORIENTED_EDGE('',*,*,#2778,.F.);
#3711=ORIENTED_EDGE('',*,*,#2797,.T.);
#3712=ORIENTED_EDGE('',*,*,#2784,.T.);
#3713=ORIENTED_EDGE('',*,*,#2796,.F.);
#3714=ORIENTED_EDGE('',*,*,#2777,.F.);
#3715=ORIENTED_EDGE('',*,*,#2798,.T.);
#3716=ORIENTED_EDGE('',*,*,#2785,.T.);
#3717=ORIENTED_EDGE('',*,*,#2797,.F.);
#3718=ORIENTED_EDGE('',*,*,#2776,.F.);
#3719=ORIENTED_EDGE('',*,*,#2799,.T.);
#3720=ORIENTED_EDGE('',*,*,#2786,.T.);
#3721=ORIENTED_EDGE('',*,*,#2798,.F.);
#3722=ORIENTED_EDGE('',*,*,#2775,.F.);
#3723=ORIENTED_EDGE('',*,*,#2800,.T.);
#3724=ORIENTED_EDGE('',*,*,#2787,.T.);
#3725=ORIENTED_EDGE('',*,*,#2799,.F.);
#3726=ORIENTED_EDGE('',*,*,#2774,.F.);
#3727=ORIENTED_EDGE('',*,*,#2801,.T.);
#3728=ORIENTED_EDGE('',*,*,#2788,.T.);
#3729=ORIENTED_EDGE('',*,*,#2800,.F.);
#3730=ORIENTED_EDGE('',*,*,#2773,.F.);
#3731=ORIENTED_EDGE('',*,*,#2802,.T.);
#3732=ORIENTED_EDGE('',*,*,#2789,.T.);
#3733=ORIENTED_EDGE('',*,*,#2801,.F.);
#3734=ORIENTED_EDGE('',*,*,#2772,.F.);
#3735=ORIENTED_EDGE('',*,*,#2803,.T.);
#3736=ORIENTED_EDGE('',*,*,#2790,.T.);
#3737=ORIENTED_EDGE('',*,*,#2802,.F.);
#3738=ORIENTED_EDGE('',*,*,#2771,.F.);
#3739=ORIENTED_EDGE('',*,*,#2804,.T.);
#3740=ORIENTED_EDGE('',*,*,#2791,.T.);
#3741=ORIENTED_EDGE('',*,*,#2803,.F.);
#3742=ORIENTED_EDGE('',*,*,#2770,.F.);
#3743=ORIENTED_EDGE('',*,*,#2794,.T.);
#3744=ORIENTED_EDGE('',*,*,#2792,.T.);
#3745=ORIENTED_EDGE('',*,*,#2804,.F.);
#3746=ORIENTED_EDGE('',*,*,#2805,.F.);
#3747=ORIENTED_EDGE('',*,*,#2806,.F.);
#3748=ORIENTED_EDGE('',*,*,#2807,.F.);
#3749=ORIENTED_EDGE('',*,*,#2808,.F.);
#3750=ORIENTED_EDGE('',*,*,#2765,.F.);
#3751=ORIENTED_EDGE('',*,*,#2809,.T.);
#3752=ORIENTED_EDGE('',*,*,#2805,.T.);
#3753=ORIENTED_EDGE('',*,*,#2810,.F.);
#3754=ORIENTED_EDGE('',*,*,#2768,.F.);
#3755=ORIENTED_EDGE('',*,*,#2811,.T.);
#3756=ORIENTED_EDGE('',*,*,#2806,.T.);
#3757=ORIENTED_EDGE('',*,*,#2809,.F.);
#3758=ORIENTED_EDGE('',*,*,#2767,.F.);
#3759=ORIENTED_EDGE('',*,*,#2812,.T.);
#3760=ORIENTED_EDGE('',*,*,#2807,.T.);
#3761=ORIENTED_EDGE('',*,*,#2811,.F.);
#3762=ORIENTED_EDGE('',*,*,#2766,.F.);
#3763=ORIENTED_EDGE('',*,*,#2810,.T.);
#3764=ORIENTED_EDGE('',*,*,#2808,.T.);
#3765=ORIENTED_EDGE('',*,*,#2812,.F.);
#3766=ORIENTED_EDGE('',*,*,#2813,.F.);
#3767=ORIENTED_EDGE('',*,*,#2814,.F.);
#3768=ORIENTED_EDGE('',*,*,#2815,.F.);
#3769=ORIENTED_EDGE('',*,*,#2816,.F.);
#3770=ORIENTED_EDGE('',*,*,#2817,.F.);
#3771=ORIENTED_EDGE('',*,*,#2818,.F.);
#3772=ORIENTED_EDGE('',*,*,#2819,.F.);
#3773=ORIENTED_EDGE('',*,*,#2820,.F.);
#3774=ORIENTED_EDGE('',*,*,#2821,.F.);
#3775=ORIENTED_EDGE('',*,*,#2822,.F.);
#3776=ORIENTED_EDGE('',*,*,#2823,.F.);
#3777=ORIENTED_EDGE('',*,*,#2824,.F.);
#3778=ORIENTED_EDGE('',*,*,#2825,.F.);
#3779=ORIENTED_EDGE('',*,*,#2757,.F.);
#3780=ORIENTED_EDGE('',*,*,#2826,.T.);
#3781=ORIENTED_EDGE('',*,*,#2813,.T.);
#3782=ORIENTED_EDGE('',*,*,#2827,.F.);
#3783=ORIENTED_EDGE('',*,*,#2764,.F.);
#3784=ORIENTED_EDGE('',*,*,#2828,.T.);
#3785=ORIENTED_EDGE('',*,*,#2814,.T.);
#3786=ORIENTED_EDGE('',*,*,#2826,.F.);
#3787=ORIENTED_EDGE('',*,*,#2763,.F.);
#3788=ORIENTED_EDGE('',*,*,#2829,.T.);
#3789=ORIENTED_EDGE('',*,*,#2815,.T.);
#3790=ORIENTED_EDGE('',*,*,#2828,.F.);
#3791=ORIENTED_EDGE('',*,*,#2762,.F.);
#3792=ORIENTED_EDGE('',*,*,#2830,.T.);
#3793=ORIENTED_EDGE('',*,*,#2816,.T.);
#3794=ORIENTED_EDGE('',*,*,#2829,.F.);
#3795=ORIENTED_EDGE('',*,*,#2761,.F.);
#3796=ORIENTED_EDGE('',*,*,#2831,.T.);
#3797=ORIENTED_EDGE('',*,*,#2817,.T.);
#3798=ORIENTED_EDGE('',*,*,#2830,.F.);
#3799=ORIENTED_EDGE('',*,*,#2760,.F.);
#3800=ORIENTED_EDGE('',*,*,#2832,.T.);
#3801=ORIENTED_EDGE('',*,*,#2818,.T.);
#3802=ORIENTED_EDGE('',*,*,#2831,.F.);
#3803=ORIENTED_EDGE('',*,*,#2759,.F.);
#3804=ORIENTED_EDGE('',*,*,#2833,.T.);
#3805=ORIENTED_EDGE('',*,*,#2819,.T.);
#3806=ORIENTED_EDGE('',*,*,#2832,.F.);
#3807=ORIENTED_EDGE('',*,*,#2758,.F.);
#3808=ORIENTED_EDGE('',*,*,#2827,.T.);
#3809=ORIENTED_EDGE('',*,*,#2820,.T.);
#3810=ORIENTED_EDGE('',*,*,#2833,.F.);
#3811=ORIENTED_EDGE('',*,*,#2834,.F.);
#3812=ORIENTED_EDGE('',*,*,#2835,.T.);
#3813=ORIENTED_EDGE('',*,*,#2821,.T.);
#3814=ORIENTED_EDGE('',*,*,#2836,.F.);
#3815=ORIENTED_EDGE('',*,*,#2837,.F.);
#3816=ORIENTED_EDGE('',*,*,#2838,.T.);
#3817=ORIENTED_EDGE('',*,*,#2822,.T.);
#3818=ORIENTED_EDGE('',*,*,#2835,.F.);
#3819=ORIENTED_EDGE('',*,*,#2839,.F.);
#3820=ORIENTED_EDGE('',*,*,#2840,.T.);
#3821=ORIENTED_EDGE('',*,*,#2823,.T.);
#3822=ORIENTED_EDGE('',*,*,#2838,.F.);
#3823=ORIENTED_EDGE('',*,*,#2841,.F.);
#3824=ORIENTED_EDGE('',*,*,#2842,.T.);
#3825=ORIENTED_EDGE('',*,*,#2824,.T.);
#3826=ORIENTED_EDGE('',*,*,#2840,.F.);
#3827=ORIENTED_EDGE('',*,*,#2843,.F.);
#3828=ORIENTED_EDGE('',*,*,#2836,.T.);
#3829=ORIENTED_EDGE('',*,*,#2825,.T.);
#3830=ORIENTED_EDGE('',*,*,#2842,.F.);
#3831=ORIENTED_EDGE('',*,*,#2834,.T.);
#3832=ORIENTED_EDGE('',*,*,#2843,.T.);
#3833=ORIENTED_EDGE('',*,*,#2841,.T.);
#3834=ORIENTED_EDGE('',*,*,#2839,.T.);
#3835=ORIENTED_EDGE('',*,*,#2837,.T.);
#3836=ORIENTED_EDGE('',*,*,#2844,.F.);
#3837=ORIENTED_EDGE('',*,*,#2845,.F.);
#3838=ORIENTED_EDGE('',*,*,#2846,.F.);
#3839=ORIENTED_EDGE('',*,*,#2847,.F.);
#3840=ORIENTED_EDGE('',*,*,#2848,.F.);
#3841=ORIENTED_EDGE('',*,*,#2849,.F.);
#3842=ORIENTED_EDGE('',*,*,#2751,.F.);
#3843=ORIENTED_EDGE('',*,*,#2850,.T.);
#3844=ORIENTED_EDGE('',*,*,#2844,.T.);
#3845=ORIENTED_EDGE('',*,*,#2851,.F.);
#3846=ORIENTED_EDGE('',*,*,#2756,.F.);
#3847=ORIENTED_EDGE('',*,*,#2852,.T.);
#3848=ORIENTED_EDGE('',*,*,#2845,.T.);
#3849=ORIENTED_EDGE('',*,*,#2850,.F.);
#3850=ORIENTED_EDGE('',*,*,#2755,.F.);
#3851=ORIENTED_EDGE('',*,*,#2853,.T.);
#3852=ORIENTED_EDGE('',*,*,#2846,.T.);
#3853=ORIENTED_EDGE('',*,*,#2852,.F.);
#3854=ORIENTED_EDGE('',*,*,#2754,.F.);
#3855=ORIENTED_EDGE('',*,*,#2854,.T.);
#3856=ORIENTED_EDGE('',*,*,#2847,.T.);
#3857=ORIENTED_EDGE('',*,*,#2853,.F.);
#3858=ORIENTED_EDGE('',*,*,#2753,.F.);
#3859=ORIENTED_EDGE('',*,*,#2855,.T.);
#3860=ORIENTED_EDGE('',*,*,#2848,.T.);
#3861=ORIENTED_EDGE('',*,*,#2854,.F.);
#3862=ORIENTED_EDGE('',*,*,#2752,.F.);
#3863=ORIENTED_EDGE('',*,*,#2851,.T.);
#3864=ORIENTED_EDGE('',*,*,#2849,.T.);
#3865=ORIENTED_EDGE('',*,*,#2855,.F.);
#3866=ORIENTED_EDGE('',*,*,#2856,.F.);
#3867=ORIENTED_EDGE('',*,*,#2857,.F.);
#3868=ORIENTED_EDGE('',*,*,#2858,.F.);
#3869=ORIENTED_EDGE('',*,*,#2859,.F.);
#3870=ORIENTED_EDGE('',*,*,#2747,.F.);
#3871=ORIENTED_EDGE('',*,*,#2860,.T.);
#3872=ORIENTED_EDGE('',*,*,#2856,.T.);
#3873=ORIENTED_EDGE('',*,*,#2861,.F.);
#3874=ORIENTED_EDGE('',*,*,#2750,.F.);
#3875=ORIENTED_EDGE('',*,*,#2862,.T.);
#3876=ORIENTED_EDGE('',*,*,#2857,.T.);
#3877=ORIENTED_EDGE('',*,*,#2860,.F.);
#3878=ORIENTED_EDGE('',*,*,#2749,.F.);
#3879=ORIENTED_EDGE('',*,*,#2863,.T.);
#3880=ORIENTED_EDGE('',*,*,#2858,.T.);
#3881=ORIENTED_EDGE('',*,*,#2862,.F.);
#3882=ORIENTED_EDGE('',*,*,#2748,.F.);
#3883=ORIENTED_EDGE('',*,*,#2861,.T.);
#3884=ORIENTED_EDGE('',*,*,#2859,.T.);
#3885=ORIENTED_EDGE('',*,*,#2863,.F.);
#3886=ORIENTED_EDGE('',*,*,#2864,.F.);
#3887=ORIENTED_EDGE('',*,*,#2865,.F.);
#3888=ORIENTED_EDGE('',*,*,#2866,.F.);
#3889=ORIENTED_EDGE('',*,*,#2867,.F.);
#3890=ORIENTED_EDGE('',*,*,#2868,.F.);
#3891=ORIENTED_EDGE('',*,*,#2869,.F.);
#3892=ORIENTED_EDGE('',*,*,#2870,.F.);
#3893=ORIENTED_EDGE('',*,*,#2871,.F.);
#3894=ORIENTED_EDGE('',*,*,#2872,.F.);
#3895=ORIENTED_EDGE('',*,*,#2873,.F.);
#3896=ORIENTED_EDGE('',*,*,#2874,.F.);
#3897=ORIENTED_EDGE('',*,*,#2875,.F.);
#3898=ORIENTED_EDGE('',*,*,#2735,.F.);
#3899=ORIENTED_EDGE('',*,*,#2876,.T.);
#3900=ORIENTED_EDGE('',*,*,#2864,.T.);
#3901=ORIENTED_EDGE('',*,*,#2877,.F.);
#3902=ORIENTED_EDGE('',*,*,#2746,.F.);
#3903=ORIENTED_EDGE('',*,*,#2878,.T.);
#3904=ORIENTED_EDGE('',*,*,#2865,.T.);
#3905=ORIENTED_EDGE('',*,*,#2876,.F.);
#3906=ORIENTED_EDGE('',*,*,#2745,.F.);
#3907=ORIENTED_EDGE('',*,*,#2879,.T.);
#3908=ORIENTED_EDGE('',*,*,#2866,.T.);
#3909=ORIENTED_EDGE('',*,*,#2878,.F.);
#3910=ORIENTED_EDGE('',*,*,#2744,.F.);
#3911=ORIENTED_EDGE('',*,*,#2880,.T.);
#3912=ORIENTED_EDGE('',*,*,#2867,.T.);
#3913=ORIENTED_EDGE('',*,*,#2879,.F.);
#3914=ORIENTED_EDGE('',*,*,#2743,.F.);
#3915=ORIENTED_EDGE('',*,*,#2881,.T.);
#3916=ORIENTED_EDGE('',*,*,#2868,.T.);
#3917=ORIENTED_EDGE('',*,*,#2880,.F.);
#3918=ORIENTED_EDGE('',*,*,#2742,.F.);
#3919=ORIENTED_EDGE('',*,*,#2882,.T.);
#3920=ORIENTED_EDGE('',*,*,#2869,.T.);
#3921=ORIENTED_EDGE('',*,*,#2881,.F.);
#3922=ORIENTED_EDGE('',*,*,#2741,.F.);
#3923=ORIENTED_EDGE('',*,*,#2883,.T.);
#3924=ORIENTED_EDGE('',*,*,#2870,.T.);
#3925=ORIENTED_EDGE('',*,*,#2882,.F.);
#3926=ORIENTED_EDGE('',*,*,#2740,.F.);
#3927=ORIENTED_EDGE('',*,*,#2884,.T.);
#3928=ORIENTED_EDGE('',*,*,#2871,.T.);
#3929=ORIENTED_EDGE('',*,*,#2883,.F.);
#3930=ORIENTED_EDGE('',*,*,#2739,.F.);
#3931=ORIENTED_EDGE('',*,*,#2885,.T.);
#3932=ORIENTED_EDGE('',*,*,#2872,.T.);
#3933=ORIENTED_EDGE('',*,*,#2884,.F.);
#3934=ORIENTED_EDGE('',*,*,#2738,.F.);
#3935=ORIENTED_EDGE('',*,*,#2886,.T.);
#3936=ORIENTED_EDGE('',*,*,#2873,.T.);
#3937=ORIENTED_EDGE('',*,*,#2885,.F.);
#3938=ORIENTED_EDGE('',*,*,#2737,.F.);
#3939=ORIENTED_EDGE('',*,*,#2887,.T.);
#3940=ORIENTED_EDGE('',*,*,#2874,.T.);
#3941=ORIENTED_EDGE('',*,*,#2886,.F.);
#3942=ORIENTED_EDGE('',*,*,#2736,.F.);
#3943=ORIENTED_EDGE('',*,*,#2877,.T.);
#3944=ORIENTED_EDGE('',*,*,#2875,.T.);
#3945=ORIENTED_EDGE('',*,*,#2887,.F.);
#3946=ORIENTED_EDGE('',*,*,#2888,.F.);
#3947=ORIENTED_EDGE('',*,*,#2889,.F.);
#3948=ORIENTED_EDGE('',*,*,#2890,.F.);
#3949=ORIENTED_EDGE('',*,*,#2891,.F.);
#3950=ORIENTED_EDGE('',*,*,#2892,.F.);
#3951=ORIENTED_EDGE('',*,*,#2893,.F.);
#3952=ORIENTED_EDGE('',*,*,#2729,.F.);
#3953=ORIENTED_EDGE('',*,*,#2894,.T.);
#3954=ORIENTED_EDGE('',*,*,#2888,.T.);
#3955=ORIENTED_EDGE('',*,*,#2895,.F.);
#3956=ORIENTED_EDGE('',*,*,#2734,.F.);
#3957=ORIENTED_EDGE('',*,*,#2896,.T.);
#3958=ORIENTED_EDGE('',*,*,#2889,.T.);
#3959=ORIENTED_EDGE('',*,*,#2894,.F.);
#3960=ORIENTED_EDGE('',*,*,#2733,.F.);
#3961=ORIENTED_EDGE('',*,*,#2897,.T.);
#3962=ORIENTED_EDGE('',*,*,#2890,.T.);
#3963=ORIENTED_EDGE('',*,*,#2896,.F.);
#3964=ORIENTED_EDGE('',*,*,#2732,.F.);
#3965=ORIENTED_EDGE('',*,*,#2898,.T.);
#3966=ORIENTED_EDGE('',*,*,#2891,.T.);
#3967=ORIENTED_EDGE('',*,*,#2897,.F.);
#3968=ORIENTED_EDGE('',*,*,#2731,.F.);
#3969=ORIENTED_EDGE('',*,*,#2899,.T.);
#3970=ORIENTED_EDGE('',*,*,#2892,.T.);
#3971=ORIENTED_EDGE('',*,*,#2898,.F.);
#3972=ORIENTED_EDGE('',*,*,#2730,.F.);
#3973=ORIENTED_EDGE('',*,*,#2895,.T.);
#3974=ORIENTED_EDGE('',*,*,#2893,.T.);
#3975=ORIENTED_EDGE('',*,*,#2899,.F.);
#3976=ORIENTED_EDGE('',*,*,#2900,.F.);
#3977=ORIENTED_EDGE('',*,*,#2901,.F.);
#3978=ORIENTED_EDGE('',*,*,#2902,.F.);
#3979=ORIENTED_EDGE('',*,*,#2903,.F.);
#3980=ORIENTED_EDGE('',*,*,#2904,.F.);
#3981=ORIENTED_EDGE('',*,*,#2905,.F.);
#3982=ORIENTED_EDGE('',*,*,#2906,.F.);
#3983=ORIENTED_EDGE('',*,*,#2907,.F.);
#3984=ORIENTED_EDGE('',*,*,#2908,.F.);
#3985=ORIENTED_EDGE('',*,*,#2909,.F.);
#3986=ORIENTED_EDGE('',*,*,#2719,.F.);
#3987=ORIENTED_EDGE('',*,*,#2910,.T.);
#3988=ORIENTED_EDGE('',*,*,#2900,.T.);
#3989=ORIENTED_EDGE('',*,*,#2911,.F.);
#3990=ORIENTED_EDGE('',*,*,#2728,.F.);
#3991=ORIENTED_EDGE('',*,*,#2912,.T.);
#3992=ORIENTED_EDGE('',*,*,#2901,.T.);
#3993=ORIENTED_EDGE('',*,*,#2910,.F.);
#3994=ORIENTED_EDGE('',*,*,#2727,.F.);
#3995=ORIENTED_EDGE('',*,*,#2913,.T.);
#3996=ORIENTED_EDGE('',*,*,#2902,.T.);
#3997=ORIENTED_EDGE('',*,*,#2912,.F.);
#3998=ORIENTED_EDGE('',*,*,#2726,.F.);
#3999=ORIENTED_EDGE('',*,*,#2914,.T.);
#4000=ORIENTED_EDGE('',*,*,#2903,.T.);
#4001=ORIENTED_EDGE('',*,*,#2913,.F.);
#4002=ORIENTED_EDGE('',*,*,#2725,.F.);
#4003=ORIENTED_EDGE('',*,*,#2915,.T.);
#4004=ORIENTED_EDGE('',*,*,#2904,.T.);
#4005=ORIENTED_EDGE('',*,*,#2914,.F.);
#4006=ORIENTED_EDGE('',*,*,#2724,.F.);
#4007=ORIENTED_EDGE('',*,*,#2916,.T.);
#4008=ORIENTED_EDGE('',*,*,#2905,.T.);
#4009=ORIENTED_EDGE('',*,*,#2915,.F.);
#4010=ORIENTED_EDGE('',*,*,#2723,.F.);
#4011=ORIENTED_EDGE('',*,*,#2917,.T.);
#4012=ORIENTED_EDGE('',*,*,#2906,.T.);
#4013=ORIENTED_EDGE('',*,*,#2916,.F.);
#4014=ORIENTED_EDGE('',*,*,#2722,.F.);
#4015=ORIENTED_EDGE('',*,*,#2918,.T.);
#4016=ORIENTED_EDGE('',*,*,#2907,.T.);
#4017=ORIENTED_EDGE('',*,*,#2917,.F.);
#4018=ORIENTED_EDGE('',*,*,#2721,.F.);
#4019=ORIENTED_EDGE('',*,*,#2919,.T.);
#4020=ORIENTED_EDGE('',*,*,#2908,.T.);
#4021=ORIENTED_EDGE('',*,*,#2918,.F.);
#4022=ORIENTED_EDGE('',*,*,#2720,.F.);
#4023=ORIENTED_EDGE('',*,*,#2911,.T.);
#4024=ORIENTED_EDGE('',*,*,#2909,.T.);
#4025=ORIENTED_EDGE('',*,*,#2919,.F.);
#4026=ORIENTED_EDGE('',*,*,#2920,.F.);
#4027=ORIENTED_EDGE('',*,*,#2921,.F.);
#4028=ORIENTED_EDGE('',*,*,#2922,.F.);
#4029=ORIENTED_EDGE('',*,*,#2923,.F.);
#4030=ORIENTED_EDGE('',*,*,#2924,.F.);
#4031=ORIENTED_EDGE('',*,*,#2925,.F.);
#4032=ORIENTED_EDGE('',*,*,#2926,.F.);
#4033=ORIENTED_EDGE('',*,*,#2927,.F.);
#4034=ORIENTED_EDGE('',*,*,#2928,.F.);
#4035=ORIENTED_EDGE('',*,*,#2929,.F.);
#4036=ORIENTED_EDGE('',*,*,#2930,.F.);
#4037=ORIENTED_EDGE('',*,*,#2931,.F.);
#4038=ORIENTED_EDGE('',*,*,#2932,.F.);
#4039=ORIENTED_EDGE('',*,*,#2933,.F.);
#4040=ORIENTED_EDGE('',*,*,#2934,.F.);
#4041=ORIENTED_EDGE('',*,*,#2935,.F.);
#4042=ORIENTED_EDGE('',*,*,#2936,.F.);
#4043=ORIENTED_EDGE('',*,*,#2937,.F.);
#4044=ORIENTED_EDGE('',*,*,#2938,.F.);
#4045=ORIENTED_EDGE('',*,*,#2939,.F.);
#4046=ORIENTED_EDGE('',*,*,#2940,.F.);
#4047=ORIENTED_EDGE('',*,*,#2941,.F.);
#4048=ORIENTED_EDGE('',*,*,#2942,.F.);
#4049=ORIENTED_EDGE('',*,*,#2943,.F.);
#4050=ORIENTED_EDGE('',*,*,#2944,.F.);
#4051=ORIENTED_EDGE('',*,*,#2945,.F.);
#4052=ORIENTED_EDGE('',*,*,#2946,.T.);
#4053=ORIENTED_EDGE('',*,*,#2935,.T.);
#4054=ORIENTED_EDGE('',*,*,#2947,.F.);
#4055=ORIENTED_EDGE('',*,*,#2948,.F.);
#4056=ORIENTED_EDGE('',*,*,#2949,.T.);
#4057=ORIENTED_EDGE('',*,*,#2936,.T.);
#4058=ORIENTED_EDGE('',*,*,#2946,.F.);
#4059=ORIENTED_EDGE('',*,*,#2950,.F.);
#4060=ORIENTED_EDGE('',*,*,#2951,.T.);
#4061=ORIENTED_EDGE('',*,*,#2937,.T.);
#4062=ORIENTED_EDGE('',*,*,#2949,.F.);
#4063=ORIENTED_EDGE('',*,*,#2952,.F.);
#4064=ORIENTED_EDGE('',*,*,#2953,.T.);
#4065=ORIENTED_EDGE('',*,*,#2938,.T.);
#4066=ORIENTED_EDGE('',*,*,#2951,.F.);
#4067=ORIENTED_EDGE('',*,*,#2954,.F.);
#4068=ORIENTED_EDGE('',*,*,#2947,.T.);
#4069=ORIENTED_EDGE('',*,*,#2939,.T.);
#4070=ORIENTED_EDGE('',*,*,#2953,.F.);
#4071=ORIENTED_EDGE('',*,*,#2648,.F.);
#4072=ORIENTED_EDGE('',*,*,#2955,.T.);
#4073=ORIENTED_EDGE('',*,*,#2920,.T.);
#4074=ORIENTED_EDGE('',*,*,#2956,.F.);
#4075=ORIENTED_EDGE('',*,*,#2662,.F.);
#4076=ORIENTED_EDGE('',*,*,#2957,.T.);
#4077=ORIENTED_EDGE('',*,*,#2921,.T.);
#4078=ORIENTED_EDGE('',*,*,#2955,.F.);
#4079=ORIENTED_EDGE('',*,*,#2661,.F.);
#4080=ORIENTED_EDGE('',*,*,#2958,.T.);
#4081=ORIENTED_EDGE('',*,*,#2922,.T.);
#4082=ORIENTED_EDGE('',*,*,#2957,.F.);
#4083=ORIENTED_EDGE('',*,*,#2660,.F.);
#4084=ORIENTED_EDGE('',*,*,#2959,.T.);
#4085=ORIENTED_EDGE('',*,*,#2923,.T.);
#4086=ORIENTED_EDGE('',*,*,#2958,.F.);
#4087=ORIENTED_EDGE('',*,*,#2659,.F.);
#4088=ORIENTED_EDGE('',*,*,#2960,.T.);
#4089=ORIENTED_EDGE('',*,*,#2924,.T.);
#4090=ORIENTED_EDGE('',*,*,#2959,.F.);
#4091=ORIENTED_EDGE('',*,*,#2658,.F.);
#4092=ORIENTED_EDGE('',*,*,#2961,.T.);
#4093=ORIENTED_EDGE('',*,*,#2925,.T.);
#4094=ORIENTED_EDGE('',*,*,#2960,.F.);
#4095=ORIENTED_EDGE('',*,*,#2657,.F.);
#4096=ORIENTED_EDGE('',*,*,#2962,.T.);
#4097=ORIENTED_EDGE('',*,*,#2926,.T.);
#4098=ORIENTED_EDGE('',*,*,#2961,.F.);
#4099=ORIENTED_EDGE('',*,*,#2656,.F.);
#4100=ORIENTED_EDGE('',*,*,#2963,.T.);
#4101=ORIENTED_EDGE('',*,*,#2927,.T.);
#4102=ORIENTED_EDGE('',*,*,#2962,.F.);
#4103=ORIENTED_EDGE('',*,*,#2655,.F.);
#4104=ORIENTED_EDGE('',*,*,#2964,.T.);
#4105=ORIENTED_EDGE('',*,*,#2928,.T.);
#4106=ORIENTED_EDGE('',*,*,#2963,.F.);
#4107=ORIENTED_EDGE('',*,*,#2654,.F.);
#4108=ORIENTED_EDGE('',*,*,#2965,.T.);
#4109=ORIENTED_EDGE('',*,*,#2929,.T.);
#4110=ORIENTED_EDGE('',*,*,#2964,.F.);
#4111=ORIENTED_EDGE('',*,*,#2653,.F.);
#4112=ORIENTED_EDGE('',*,*,#2966,.T.);
#4113=ORIENTED_EDGE('',*,*,#2930,.T.);
#4114=ORIENTED_EDGE('',*,*,#2965,.F.);
#4115=ORIENTED_EDGE('',*,*,#2652,.F.);
#4116=ORIENTED_EDGE('',*,*,#2967,.T.);
#4117=ORIENTED_EDGE('',*,*,#2931,.T.);
#4118=ORIENTED_EDGE('',*,*,#2966,.F.);
#4119=ORIENTED_EDGE('',*,*,#2651,.F.);
#4120=ORIENTED_EDGE('',*,*,#2968,.T.);
#4121=ORIENTED_EDGE('',*,*,#2932,.T.);
#4122=ORIENTED_EDGE('',*,*,#2967,.F.);
#4123=ORIENTED_EDGE('',*,*,#2650,.F.);
#4124=ORIENTED_EDGE('',*,*,#2969,.T.);
#4125=ORIENTED_EDGE('',*,*,#2933,.T.);
#4126=ORIENTED_EDGE('',*,*,#2968,.F.);
#4127=ORIENTED_EDGE('',*,*,#2649,.F.);
#4128=ORIENTED_EDGE('',*,*,#2956,.T.);
#4129=ORIENTED_EDGE('',*,*,#2934,.T.);
#4130=ORIENTED_EDGE('',*,*,#2969,.F.);
#4131=ORIENTED_EDGE('',*,*,#2970,.F.);
#4132=ORIENTED_EDGE('',*,*,#2971,.T.);
#4133=ORIENTED_EDGE('',*,*,#2940,.T.);
#4134=ORIENTED_EDGE('',*,*,#2972,.F.);
#4135=ORIENTED_EDGE('',*,*,#2973,.F.);
#4136=ORIENTED_EDGE('',*,*,#2974,.T.);
#4137=ORIENTED_EDGE('',*,*,#2941,.T.);
#4138=ORIENTED_EDGE('',*,*,#2971,.F.);
#4139=ORIENTED_EDGE('',*,*,#2975,.F.);
#4140=ORIENTED_EDGE('',*,*,#2976,.T.);
#4141=ORIENTED_EDGE('',*,*,#2942,.T.);
#4142=ORIENTED_EDGE('',*,*,#2974,.F.);
#4143=ORIENTED_EDGE('',*,*,#2977,.F.);
#4144=ORIENTED_EDGE('',*,*,#2978,.T.);
#4145=ORIENTED_EDGE('',*,*,#2943,.T.);
#4146=ORIENTED_EDGE('',*,*,#2976,.F.);
#4147=ORIENTED_EDGE('',*,*,#2979,.F.);
#4148=ORIENTED_EDGE('',*,*,#2972,.T.);
#4149=ORIENTED_EDGE('',*,*,#2944,.T.);
#4150=ORIENTED_EDGE('',*,*,#2978,.F.);
#4151=ORIENTED_EDGE('',*,*,#2970,.T.);
#4152=ORIENTED_EDGE('',*,*,#2979,.T.);
#4153=ORIENTED_EDGE('',*,*,#2977,.T.);
#4154=ORIENTED_EDGE('',*,*,#2975,.T.);
#4155=ORIENTED_EDGE('',*,*,#2973,.T.);
#4156=ORIENTED_EDGE('',*,*,#2619,.T.);
#4157=ORIENTED_EDGE('',*,*,#2628,.T.);
#4158=ORIENTED_EDGE('',*,*,#2626,.T.);
#4159=ORIENTED_EDGE('',*,*,#2624,.T.);
#4160=ORIENTED_EDGE('',*,*,#2622,.T.);
#4161=ORIENTED_EDGE('',*,*,#2980,.F.);
#4162=ORIENTED_EDGE('',*,*,#2981,.F.);
#4163=ORIENTED_EDGE('',*,*,#2982,.F.);
#4164=ORIENTED_EDGE('',*,*,#2983,.F.);
#4165=ORIENTED_EDGE('',*,*,#2984,.F.);
#4166=ORIENTED_EDGE('',*,*,#2985,.F.);
#4167=ORIENTED_EDGE('',*,*,#2986,.F.);
#4168=ORIENTED_EDGE('',*,*,#2987,.F.);
#4169=ORIENTED_EDGE('',*,*,#2988,.F.);
#4170=ORIENTED_EDGE('',*,*,#2663,.F.);
#4171=ORIENTED_EDGE('',*,*,#2989,.T.);
#4172=ORIENTED_EDGE('',*,*,#2980,.T.);
#4173=ORIENTED_EDGE('',*,*,#2990,.F.);
#4174=ORIENTED_EDGE('',*,*,#2671,.F.);
#4175=ORIENTED_EDGE('',*,*,#2991,.T.);
#4176=ORIENTED_EDGE('',*,*,#2981,.T.);
#4177=ORIENTED_EDGE('',*,*,#2989,.F.);
#4178=ORIENTED_EDGE('',*,*,#2670,.F.);
#4179=ORIENTED_EDGE('',*,*,#2992,.T.);
#4180=ORIENTED_EDGE('',*,*,#2982,.T.);
#4181=ORIENTED_EDGE('',*,*,#2991,.F.);
#4182=ORIENTED_EDGE('',*,*,#2669,.F.);
#4183=ORIENTED_EDGE('',*,*,#2993,.T.);
#4184=ORIENTED_EDGE('',*,*,#2983,.T.);
#4185=ORIENTED_EDGE('',*,*,#2992,.F.);
#4186=ORIENTED_EDGE('',*,*,#2668,.F.);
#4187=ORIENTED_EDGE('',*,*,#2994,.T.);
#4188=ORIENTED_EDGE('',*,*,#2984,.T.);
#4189=ORIENTED_EDGE('',*,*,#2993,.F.);
#4190=ORIENTED_EDGE('',*,*,#2667,.F.);
#4191=ORIENTED_EDGE('',*,*,#2995,.T.);
#4192=ORIENTED_EDGE('',*,*,#2985,.T.);
#4193=ORIENTED_EDGE('',*,*,#2994,.F.);
#4194=ORIENTED_EDGE('',*,*,#2666,.F.);
#4195=ORIENTED_EDGE('',*,*,#2996,.T.);
#4196=ORIENTED_EDGE('',*,*,#2986,.T.);
#4197=ORIENTED_EDGE('',*,*,#2995,.F.);
#4198=ORIENTED_EDGE('',*,*,#2665,.F.);
#4199=ORIENTED_EDGE('',*,*,#2997,.T.);
#4200=ORIENTED_EDGE('',*,*,#2987,.T.);
#4201=ORIENTED_EDGE('',*,*,#2996,.F.);
#4202=ORIENTED_EDGE('',*,*,#2664,.F.);
#4203=ORIENTED_EDGE('',*,*,#2990,.T.);
#4204=ORIENTED_EDGE('',*,*,#2988,.T.);
#4205=ORIENTED_EDGE('',*,*,#2997,.F.);
#4206=ORIENTED_EDGE('',*,*,#2998,.F.);
#4207=ORIENTED_EDGE('',*,*,#2999,.F.);
#4208=ORIENTED_EDGE('',*,*,#3000,.F.);
#4209=ORIENTED_EDGE('',*,*,#3001,.F.);
#4210=ORIENTED_EDGE('',*,*,#3002,.F.);
#4211=ORIENTED_EDGE('',*,*,#3003,.F.);
#4212=ORIENTED_EDGE('',*,*,#3004,.F.);
#4213=ORIENTED_EDGE('',*,*,#3005,.F.);
#4214=ORIENTED_EDGE('',*,*,#3006,.F.);
#4215=ORIENTED_EDGE('',*,*,#3007,.F.);
#4216=ORIENTED_EDGE('',*,*,#3008,.F.);
#4217=ORIENTED_EDGE('',*,*,#3009,.F.);
#4218=ORIENTED_EDGE('',*,*,#3010,.F.);
#4219=ORIENTED_EDGE('',*,*,#3011,.F.);
#4220=ORIENTED_EDGE('',*,*,#3012,.F.);
#4221=ORIENTED_EDGE('',*,*,#3013,.F.);
#4222=ORIENTED_EDGE('',*,*,#3014,.F.);
#4223=ORIENTED_EDGE('',*,*,#3015,.F.);
#4224=ORIENTED_EDGE('',*,*,#3016,.F.);
#4225=ORIENTED_EDGE('',*,*,#3017,.F.);
#4226=ORIENTED_EDGE('',*,*,#3018,.F.);
#4227=ORIENTED_EDGE('',*,*,#3019,.F.);
#4228=ORIENTED_EDGE('',*,*,#2672,.F.);
#4229=ORIENTED_EDGE('',*,*,#3020,.T.);
#4230=ORIENTED_EDGE('',*,*,#2998,.T.);
#4231=ORIENTED_EDGE('',*,*,#3021,.F.);
#4232=ORIENTED_EDGE('',*,*,#2693,.F.);
#4233=ORIENTED_EDGE('',*,*,#3022,.T.);
#4234=ORIENTED_EDGE('',*,*,#2999,.T.);
#4235=ORIENTED_EDGE('',*,*,#3020,.F.);
#4236=ORIENTED_EDGE('',*,*,#2692,.F.);
#4237=ORIENTED_EDGE('',*,*,#3023,.T.);
#4238=ORIENTED_EDGE('',*,*,#3000,.T.);
#4239=ORIENTED_EDGE('',*,*,#3022,.F.);
#4240=ORIENTED_EDGE('',*,*,#2691,.F.);
#4241=ORIENTED_EDGE('',*,*,#3024,.T.);
#4242=ORIENTED_EDGE('',*,*,#3001,.T.);
#4243=ORIENTED_EDGE('',*,*,#3023,.F.);
#4244=ORIENTED_EDGE('',*,*,#2690,.F.);
#4245=ORIENTED_EDGE('',*,*,#3025,.T.);
#4246=ORIENTED_EDGE('',*,*,#3002,.T.);
#4247=ORIENTED_EDGE('',*,*,#3024,.F.);
#4248=ORIENTED_EDGE('',*,*,#2689,.F.);
#4249=ORIENTED_EDGE('',*,*,#3026,.T.);
#4250=ORIENTED_EDGE('',*,*,#3003,.T.);
#4251=ORIENTED_EDGE('',*,*,#3025,.F.);
#4252=ORIENTED_EDGE('',*,*,#2688,.F.);
#4253=ORIENTED_EDGE('',*,*,#3027,.T.);
#4254=ORIENTED_EDGE('',*,*,#3004,.T.);
#4255=ORIENTED_EDGE('',*,*,#3026,.F.);
#4256=ORIENTED_EDGE('',*,*,#2687,.F.);
#4257=ORIENTED_EDGE('',*,*,#3028,.T.);
#4258=ORIENTED_EDGE('',*,*,#3005,.T.);
#4259=ORIENTED_EDGE('',*,*,#3027,.F.);
#4260=ORIENTED_EDGE('',*,*,#2686,.F.);
#4261=ORIENTED_EDGE('',*,*,#3029,.T.);
#4262=ORIENTED_EDGE('',*,*,#3006,.T.);
#4263=ORIENTED_EDGE('',*,*,#3028,.F.);
#4264=ORIENTED_EDGE('',*,*,#2685,.F.);
#4265=ORIENTED_EDGE('',*,*,#3030,.T.);
#4266=ORIENTED_EDGE('',*,*,#3007,.T.);
#4267=ORIENTED_EDGE('',*,*,#3029,.F.);
#4268=ORIENTED_EDGE('',*,*,#2684,.F.);
#4269=ORIENTED_EDGE('',*,*,#3031,.T.);
#4270=ORIENTED_EDGE('',*,*,#3008,.T.);
#4271=ORIENTED_EDGE('',*,*,#3030,.F.);
#4272=ORIENTED_EDGE('',*,*,#2683,.F.);
#4273=ORIENTED_EDGE('',*,*,#3032,.T.);
#4274=ORIENTED_EDGE('',*,*,#3009,.T.);
#4275=ORIENTED_EDGE('',*,*,#3031,.F.);
#4276=ORIENTED_EDGE('',*,*,#2682,.F.);
#4277=ORIENTED_EDGE('',*,*,#3033,.T.);
#4278=ORIENTED_EDGE('',*,*,#3010,.T.);
#4279=ORIENTED_EDGE('',*,*,#3032,.F.);
#4280=ORIENTED_EDGE('',*,*,#2681,.F.);
#4281=ORIENTED_EDGE('',*,*,#3034,.T.);
#4282=ORIENTED_EDGE('',*,*,#3011,.T.);
#4283=ORIENTED_EDGE('',*,*,#3033,.F.);
#4284=ORIENTED_EDGE('',*,*,#2680,.F.);
#4285=ORIENTED_EDGE('',*,*,#3035,.T.);
#4286=ORIENTED_EDGE('',*,*,#3012,.T.);
#4287=ORIENTED_EDGE('',*,*,#3034,.F.);
#4288=ORIENTED_EDGE('',*,*,#2679,.F.);
#4289=ORIENTED_EDGE('',*,*,#3036,.T.);
#4290=ORIENTED_EDGE('',*,*,#3013,.T.);
#4291=ORIENTED_EDGE('',*,*,#3035,.F.);
#4292=ORIENTED_EDGE('',*,*,#2678,.F.);
#4293=ORIENTED_EDGE('',*,*,#3037,.T.);
#4294=ORIENTED_EDGE('',*,*,#3014,.T.);
#4295=ORIENTED_EDGE('',*,*,#3036,.F.);
#4296=ORIENTED_EDGE('',*,*,#2677,.F.);
#4297=ORIENTED_EDGE('',*,*,#3038,.T.);
#4298=ORIENTED_EDGE('',*,*,#3015,.T.);
#4299=ORIENTED_EDGE('',*,*,#3037,.F.);
#4300=ORIENTED_EDGE('',*,*,#2676,.F.);
#4301=ORIENTED_EDGE('',*,*,#3039,.T.);
#4302=ORIENTED_EDGE('',*,*,#3016,.T.);
#4303=ORIENTED_EDGE('',*,*,#3038,.F.);
#4304=ORIENTED_EDGE('',*,*,#2675,.F.);
#4305=ORIENTED_EDGE('',*,*,#3040,.T.);
#4306=ORIENTED_EDGE('',*,*,#3017,.T.);
#4307=ORIENTED_EDGE('',*,*,#3039,.F.);
#4308=ORIENTED_EDGE('',*,*,#2674,.F.);
#4309=ORIENTED_EDGE('',*,*,#3041,.T.);
#4310=ORIENTED_EDGE('',*,*,#3018,.T.);
#4311=ORIENTED_EDGE('',*,*,#3040,.F.);
#4312=ORIENTED_EDGE('',*,*,#2673,.F.);
#4313=ORIENTED_EDGE('',*,*,#3021,.T.);
#4314=ORIENTED_EDGE('',*,*,#3019,.T.);
#4315=ORIENTED_EDGE('',*,*,#3041,.F.);
#4316=ORIENTED_EDGE('',*,*,#3042,.F.);
#4317=ORIENTED_EDGE('',*,*,#3043,.F.);
#4318=ORIENTED_EDGE('',*,*,#3044,.F.);
#4319=ORIENTED_EDGE('',*,*,#3045,.F.);
#4320=ORIENTED_EDGE('',*,*,#3046,.F.);
#4321=ORIENTED_EDGE('',*,*,#3047,.F.);
#4322=ORIENTED_EDGE('',*,*,#2694,.F.);
#4323=ORIENTED_EDGE('',*,*,#3048,.T.);
#4324=ORIENTED_EDGE('',*,*,#3042,.T.);
#4325=ORIENTED_EDGE('',*,*,#3049,.F.);
#4326=ORIENTED_EDGE('',*,*,#2699,.F.);
#4327=ORIENTED_EDGE('',*,*,#3050,.T.);
#4328=ORIENTED_EDGE('',*,*,#3043,.T.);
#4329=ORIENTED_EDGE('',*,*,#3048,.F.);
#4330=ORIENTED_EDGE('',*,*,#2698,.F.);
#4331=ORIENTED_EDGE('',*,*,#3051,.T.);
#4332=ORIENTED_EDGE('',*,*,#3044,.T.);
#4333=ORIENTED_EDGE('',*,*,#3050,.F.);
#4334=ORIENTED_EDGE('',*,*,#2697,.F.);
#4335=ORIENTED_EDGE('',*,*,#3052,.T.);
#4336=ORIENTED_EDGE('',*,*,#3045,.T.);
#4337=ORIENTED_EDGE('',*,*,#3051,.F.);
#4338=ORIENTED_EDGE('',*,*,#2696,.F.);
#4339=ORIENTED_EDGE('',*,*,#3053,.T.);
#4340=ORIENTED_EDGE('',*,*,#3046,.T.);
#4341=ORIENTED_EDGE('',*,*,#3052,.F.);
#4342=ORIENTED_EDGE('',*,*,#2695,.F.);
#4343=ORIENTED_EDGE('',*,*,#3049,.T.);
#4344=ORIENTED_EDGE('',*,*,#3047,.T.);
#4345=ORIENTED_EDGE('',*,*,#3053,.F.);
#4346=ORIENTED_EDGE('',*,*,#3054,.F.);
#4347=ORIENTED_EDGE('',*,*,#3055,.F.);
#4348=ORIENTED_EDGE('',*,*,#3056,.F.);
#4349=ORIENTED_EDGE('',*,*,#3057,.F.);
#4350=ORIENTED_EDGE('',*,*,#3058,.F.);
#4351=ORIENTED_EDGE('',*,*,#3059,.F.);
#4352=ORIENTED_EDGE('',*,*,#3060,.F.);
#4353=ORIENTED_EDGE('',*,*,#3061,.F.);
#4354=ORIENTED_EDGE('',*,*,#3062,.F.);
#4355=ORIENTED_EDGE('',*,*,#3063,.F.);
#4356=ORIENTED_EDGE('',*,*,#3064,.F.);
#4357=ORIENTED_EDGE('',*,*,#3065,.F.);
#4358=ORIENTED_EDGE('',*,*,#3066,.F.);
#4359=ORIENTED_EDGE('',*,*,#3067,.F.);
#4360=ORIENTED_EDGE('',*,*,#3068,.F.);
#4361=ORIENTED_EDGE('',*,*,#3069,.F.);
#4362=ORIENTED_EDGE('',*,*,#3070,.F.);
#4363=ORIENTED_EDGE('',*,*,#3071,.F.);
#4364=ORIENTED_EDGE('',*,*,#3072,.F.);
#4365=ORIENTED_EDGE('',*,*,#3073,.F.);
#4366=ORIENTED_EDGE('',*,*,#3074,.F.);
#4367=ORIENTED_EDGE('',*,*,#3075,.F.);
#4368=ORIENTED_EDGE('',*,*,#3076,.F.);
#4369=ORIENTED_EDGE('',*,*,#3077,.F.);
#4370=ORIENTED_EDGE('',*,*,#3078,.F.);
#4371=ORIENTED_EDGE('',*,*,#3079,.F.);
#4372=ORIENTED_EDGE('',*,*,#3080,.F.);
#4373=ORIENTED_EDGE('',*,*,#3081,.F.);
#4374=ORIENTED_EDGE('',*,*,#3082,.F.);
#4375=ORIENTED_EDGE('',*,*,#3083,.T.);
#4376=ORIENTED_EDGE('',*,*,#3073,.T.);
#4377=ORIENTED_EDGE('',*,*,#3084,.F.);
#4378=ORIENTED_EDGE('',*,*,#3085,.F.);
#4379=ORIENTED_EDGE('',*,*,#3086,.T.);
#4380=ORIENTED_EDGE('',*,*,#3074,.T.);
#4381=ORIENTED_EDGE('',*,*,#3083,.F.);
#4382=ORIENTED_EDGE('',*,*,#3087,.F.);
#4383=ORIENTED_EDGE('',*,*,#3088,.T.);
#4384=ORIENTED_EDGE('',*,*,#3075,.T.);
#4385=ORIENTED_EDGE('',*,*,#3086,.F.);
#4386=ORIENTED_EDGE('',*,*,#3089,.F.);
#4387=ORIENTED_EDGE('',*,*,#3090,.T.);
#4388=ORIENTED_EDGE('',*,*,#3076,.T.);
#4389=ORIENTED_EDGE('',*,*,#3088,.F.);
#4390=ORIENTED_EDGE('',*,*,#3091,.F.);
#4391=ORIENTED_EDGE('',*,*,#3092,.T.);
#4392=ORIENTED_EDGE('',*,*,#3077,.T.);
#4393=ORIENTED_EDGE('',*,*,#3090,.F.);
#4394=ORIENTED_EDGE('',*,*,#3093,.F.);
#4395=ORIENTED_EDGE('',*,*,#3094,.T.);
#4396=ORIENTED_EDGE('',*,*,#3078,.T.);
#4397=ORIENTED_EDGE('',*,*,#3092,.F.);
#4398=ORIENTED_EDGE('',*,*,#3095,.F.);
#4399=ORIENTED_EDGE('',*,*,#3096,.T.);
#4400=ORIENTED_EDGE('',*,*,#3079,.T.);
#4401=ORIENTED_EDGE('',*,*,#3094,.F.);
#4402=ORIENTED_EDGE('',*,*,#3097,.F.);
#4403=ORIENTED_EDGE('',*,*,#3098,.T.);
#4404=ORIENTED_EDGE('',*,*,#3080,.T.);
#4405=ORIENTED_EDGE('',*,*,#3096,.F.);
#4406=ORIENTED_EDGE('',*,*,#3099,.F.);
#4407=ORIENTED_EDGE('',*,*,#3084,.T.);
#4408=ORIENTED_EDGE('',*,*,#3081,.T.);
#4409=ORIENTED_EDGE('',*,*,#3098,.F.);
#4410=ORIENTED_EDGE('',*,*,#2700,.F.);
#4411=ORIENTED_EDGE('',*,*,#3100,.T.);
#4412=ORIENTED_EDGE('',*,*,#3054,.T.);
#4413=ORIENTED_EDGE('',*,*,#3101,.F.);
#4414=ORIENTED_EDGE('',*,*,#2718,.F.);
#4415=ORIENTED_EDGE('',*,*,#3102,.T.);
#4416=ORIENTED_EDGE('',*,*,#3055,.T.);
#4417=ORIENTED_EDGE('',*,*,#3100,.F.);
#4418=ORIENTED_EDGE('',*,*,#2717,.F.);
#4419=ORIENTED_EDGE('',*,*,#3103,.T.);
#4420=ORIENTED_EDGE('',*,*,#3056,.T.);
#4421=ORIENTED_EDGE('',*,*,#3102,.F.);
#4422=ORIENTED_EDGE('',*,*,#2716,.F.);
#4423=ORIENTED_EDGE('',*,*,#3104,.T.);
#4424=ORIENTED_EDGE('',*,*,#3057,.T.);
#4425=ORIENTED_EDGE('',*,*,#3103,.F.);
#4426=ORIENTED_EDGE('',*,*,#2715,.F.);
#4427=ORIENTED_EDGE('',*,*,#3105,.T.);
#4428=ORIENTED_EDGE('',*,*,#3058,.T.);
#4429=ORIENTED_EDGE('',*,*,#3104,.F.);
#4430=ORIENTED_EDGE('',*,*,#2714,.F.);
#4431=ORIENTED_EDGE('',*,*,#3106,.T.);
#4432=ORIENTED_EDGE('',*,*,#3059,.T.);
#4433=ORIENTED_EDGE('',*,*,#3105,.F.);
#4434=ORIENTED_EDGE('',*,*,#2713,.F.);
#4435=ORIENTED_EDGE('',*,*,#3107,.T.);
#4436=ORIENTED_EDGE('',*,*,#3060,.T.);
#4437=ORIENTED_EDGE('',*,*,#3106,.F.);
#4438=ORIENTED_EDGE('',*,*,#2712,.F.);
#4439=ORIENTED_EDGE('',*,*,#3108,.T.);
#4440=ORIENTED_EDGE('',*,*,#3061,.T.);
#4441=ORIENTED_EDGE('',*,*,#3107,.F.);
#4442=ORIENTED_EDGE('',*,*,#2711,.F.);
#4443=ORIENTED_EDGE('',*,*,#3109,.T.);
#4444=ORIENTED_EDGE('',*,*,#3062,.T.);
#4445=ORIENTED_EDGE('',*,*,#3108,.F.);
#4446=ORIENTED_EDGE('',*,*,#2710,.F.);
#4447=ORIENTED_EDGE('',*,*,#3110,.T.);
#4448=ORIENTED_EDGE('',*,*,#3063,.T.);
#4449=ORIENTED_EDGE('',*,*,#3109,.F.);
#4450=ORIENTED_EDGE('',*,*,#2709,.F.);
#4451=ORIENTED_EDGE('',*,*,#3111,.T.);
#4452=ORIENTED_EDGE('',*,*,#3064,.T.);
#4453=ORIENTED_EDGE('',*,*,#3110,.F.);
#4454=ORIENTED_EDGE('',*,*,#2708,.F.);
#4455=ORIENTED_EDGE('',*,*,#3112,.T.);
#4456=ORIENTED_EDGE('',*,*,#3065,.T.);
#4457=ORIENTED_EDGE('',*,*,#3111,.F.);
#4458=ORIENTED_EDGE('',*,*,#2707,.F.);
#4459=ORIENTED_EDGE('',*,*,#3113,.T.);
#4460=ORIENTED_EDGE('',*,*,#3066,.T.);
#4461=ORIENTED_EDGE('',*,*,#3112,.F.);
#4462=ORIENTED_EDGE('',*,*,#2706,.F.);
#4463=ORIENTED_EDGE('',*,*,#3114,.T.);
#4464=ORIENTED_EDGE('',*,*,#3067,.T.);
#4465=ORIENTED_EDGE('',*,*,#3113,.F.);
#4466=ORIENTED_EDGE('',*,*,#2705,.F.);
#4467=ORIENTED_EDGE('',*,*,#3115,.T.);
#4468=ORIENTED_EDGE('',*,*,#3068,.T.);
#4469=ORIENTED_EDGE('',*,*,#3114,.F.);
#4470=ORIENTED_EDGE('',*,*,#2704,.F.);
#4471=ORIENTED_EDGE('',*,*,#3116,.T.);
#4472=ORIENTED_EDGE('',*,*,#3069,.T.);
#4473=ORIENTED_EDGE('',*,*,#3115,.F.);
#4474=ORIENTED_EDGE('',*,*,#2703,.F.);
#4475=ORIENTED_EDGE('',*,*,#3117,.T.);
#4476=ORIENTED_EDGE('',*,*,#3070,.T.);
#4477=ORIENTED_EDGE('',*,*,#3116,.F.);
#4478=ORIENTED_EDGE('',*,*,#2702,.F.);
#4479=ORIENTED_EDGE('',*,*,#3118,.T.);
#4480=ORIENTED_EDGE('',*,*,#3071,.T.);
#4481=ORIENTED_EDGE('',*,*,#3117,.F.);
#4482=ORIENTED_EDGE('',*,*,#2701,.F.);
#4483=ORIENTED_EDGE('',*,*,#3101,.T.);
#4484=ORIENTED_EDGE('',*,*,#3072,.T.);
#4485=ORIENTED_EDGE('',*,*,#3118,.F.);
#4486=ORIENTED_EDGE('',*,*,#2945,.T.);
#4487=ORIENTED_EDGE('',*,*,#2954,.T.);
#4488=ORIENTED_EDGE('',*,*,#2952,.T.);
#4489=ORIENTED_EDGE('',*,*,#2950,.T.);
#4490=ORIENTED_EDGE('',*,*,#2948,.T.);
#4491=ORIENTED_EDGE('',*,*,#3119,.T.);
#4492=ORIENTED_EDGE('',*,*,#3120,.T.);
#4493=ORIENTED_EDGE('',*,*,#3121,.F.);
#4494=ORIENTED_EDGE('',*,*,#3120,.F.);
#4495=ORIENTED_EDGE('',*,*,#3082,.T.);
#4496=ORIENTED_EDGE('',*,*,#3099,.T.);
#4497=ORIENTED_EDGE('',*,*,#3097,.T.);
#4498=ORIENTED_EDGE('',*,*,#3095,.T.);
#4499=ORIENTED_EDGE('',*,*,#3093,.T.);
#4500=ORIENTED_EDGE('',*,*,#3091,.T.);
#4501=ORIENTED_EDGE('',*,*,#3089,.T.);
#4502=ORIENTED_EDGE('',*,*,#3087,.T.);
#4503=ORIENTED_EDGE('',*,*,#3085,.T.);
#4504=ORIENTED_EDGE('',*,*,#2645,.T.);
#4505=ORIENTED_EDGE('',*,*,#3121,.T.);
#4506=ORIENTED_EDGE('',*,*,#2647,.F.);
#4507=ORIENTED_EDGE('',*,*,#3119,.F.);
#4508=ORIENTED_EDGE('',*,*,#3122,.T.);
#4509=ORIENTED_EDGE('',*,*,#3123,.T.);
#4510=ORIENTED_EDGE('',*,*,#3124,.F.);
#4511=ORIENTED_EDGE('',*,*,#3123,.F.);
#4512=ORIENTED_EDGE('',*,*,#3125,.F.);
#4513=ORIENTED_EDGE('',*,*,#3126,.T.);
#4514=ORIENTED_EDGE('',*,*,#3127,.T.);
#4515=ORIENTED_EDGE('',*,*,#3126,.F.);
#4516=ORIENTED_EDGE('',*,*,#3125,.T.);
#4517=ORIENTED_EDGE('',*,*,#3124,.T.);
#4518=ORIENTED_EDGE('',*,*,#3127,.F.);
#4519=ORIENTED_EDGE('',*,*,#3122,.F.);
#4520=ORIENTED_EDGE('',*,*,#3128,.T.);
#4521=ORIENTED_EDGE('',*,*,#3129,.T.);
#4522=ORIENTED_EDGE('',*,*,#3130,.F.);
#4523=ORIENTED_EDGE('',*,*,#3129,.F.);
#4524=ORIENTED_EDGE('',*,*,#3131,.F.);
#4525=ORIENTED_EDGE('',*,*,#3132,.T.);
#4526=ORIENTED_EDGE('',*,*,#3133,.T.);
#4527=ORIENTED_EDGE('',*,*,#3132,.F.);
#4528=ORIENTED_EDGE('',*,*,#3131,.T.);
#4529=ORIENTED_EDGE('',*,*,#3130,.T.);
#4530=ORIENTED_EDGE('',*,*,#3133,.F.);
#4531=ORIENTED_EDGE('',*,*,#3128,.F.);
#4532=ORIENTED_EDGE('',*,*,#3134,.T.);
#4533=ORIENTED_EDGE('',*,*,#3135,.T.);
#4534=ORIENTED_EDGE('',*,*,#3136,.F.);
#4535=ORIENTED_EDGE('',*,*,#3135,.F.);
#4536=ORIENTED_EDGE('',*,*,#3137,.F.);
#4537=ORIENTED_EDGE('',*,*,#3138,.T.);
#4538=ORIENTED_EDGE('',*,*,#3139,.T.);
#4539=ORIENTED_EDGE('',*,*,#3138,.F.);
#4540=ORIENTED_EDGE('',*,*,#3137,.T.);
#4541=ORIENTED_EDGE('',*,*,#3136,.T.);
#4542=ORIENTED_EDGE('',*,*,#3139,.F.);
#4543=ORIENTED_EDGE('',*,*,#3134,.F.);
#4544=ORIENTED_EDGE('',*,*,#3140,.T.);
#4545=ORIENTED_EDGE('',*,*,#3141,.T.);
#4546=ORIENTED_EDGE('',*,*,#3142,.F.);
#4547=ORIENTED_EDGE('',*,*,#3141,.F.);
#4548=ORIENTED_EDGE('',*,*,#3143,.F.);
#4549=ORIENTED_EDGE('',*,*,#3144,.T.);
#4550=ORIENTED_EDGE('',*,*,#3145,.T.);
#4551=ORIENTED_EDGE('',*,*,#3144,.F.);
#4552=ORIENTED_EDGE('',*,*,#3143,.T.);
#4553=ORIENTED_EDGE('',*,*,#3142,.T.);
#4554=ORIENTED_EDGE('',*,*,#3145,.F.);
#4555=ORIENTED_EDGE('',*,*,#3140,.F.);
#4556=CYLINDRICAL_SURFACE('',#4885,4.3);
#4557=CYLINDRICAL_SURFACE('',#4889,2.6);
#4558=CYLINDRICAL_SURFACE('',#4893,7.);
#4559=CYLINDRICAL_SURFACE('',#4898,7.06);
#4560=CYLINDRICAL_SURFACE('',#4923,7.06);
#4561=CYLINDRICAL_SURFACE('',#4939,7.05);
#4562=CYLINDRICAL_SURFACE('',#4940,7.06);
#4563=CYLINDRICAL_SURFACE('',#4944,7.06);
#4564=CYLINDRICAL_SURFACE('',#4953,7.06);
#4565=CYLINDRICAL_SURFACE('',#4959,7.05);
#4566=CYLINDRICAL_SURFACE('',#4992,7.06);
#4567=CYLINDRICAL_SURFACE('',#5011,7.06);
#4568=CYLINDRICAL_SURFACE('',#5018,7.06);
#4569=CYLINDRICAL_SURFACE('',#5024,7.05);
#4570=CYLINDRICAL_SURFACE('',#5025,7.06);
#4571=CYLINDRICAL_SURFACE('',#5035,7.06);
#4572=CYLINDRICAL_SURFACE('',#5042,7.06);
#4573=CYLINDRICAL_SURFACE('',#5053,7.06);
#4574=CYLINDRICAL_SURFACE('',#5063,7.06);
#4575=CYLINDRICAL_SURFACE('',#5076,7.06);
#4576=CYLINDRICAL_SURFACE('',#5086,7.05);
#4577=CYLINDRICAL_SURFACE('',#5087,7.05);
#4578=CYLINDRICAL_SURFACE('',#5088,7.06);
#4579=CYLINDRICAL_SURFACE('',#5097,7.06);
#4580=CYLINDRICAL_SURFACE('',#5102,7.06);
#4581=CYLINDRICAL_SURFACE('',#5112,7.06);
#4582=CYLINDRICAL_SURFACE('',#5113,7.05);
#4583=CYLINDRICAL_SURFACE('',#5114,7.);
#4584=CYLINDRICAL_SURFACE('',#5117,7.05);
#4585=CYLINDRICAL_SURFACE('',#5120,7.);
#4586=CYLINDRICAL_SURFACE('',#5123,7.05);
#4587=CYLINDRICAL_SURFACE('',#5128,7.);
#4588=CYLINDRICAL_SURFACE('',#5131,7.05);
#4589=CYLINDRICAL_SURFACE('',#5136,4.9);
#4590=CYLINDRICAL_SURFACE('',#5139,7.);
#4591=CYLINDRICAL_SURFACE('',#5144,4.9);
#4592=CYLINDRICAL_SURFACE('',#5147,7.);
#4593=ADVANCED_FACE('',(#543),#4556,.T.);
#4594=ADVANCED_FACE('',(#544),#421,.F.);
#4595=ADVANCED_FACE('',(#545),#4557,.T.);
#4596=ADVANCED_FACE('',(#546),#422,.T.);
#4597=ADVANCED_FACE('',(#547),#4558,.T.);
#4598=ADVANCED_FACE('',(#548,#385),#423,.T.);
#4599=ADVANCED_FACE('',(#549,#386),#424,.F.);
#4600=ADVANCED_FACE('',(#550),#4559,.T.);
#4601=ADVANCED_FACE('',(#551),#425,.F.);
#4602=ADVANCED_FACE('',(#552),#426,.F.);
#4603=ADVANCED_FACE('',(#553),#427,.F.);
#4604=ADVANCED_FACE('',(#554),#428,.F.);
#4605=ADVANCED_FACE('',(#555),#429,.F.);
#4606=ADVANCED_FACE('',(#556),#430,.F.);
#4607=ADVANCED_FACE('',(#557),#431,.F.);
#4608=ADVANCED_FACE('',(#558),#432,.F.);
#4609=ADVANCED_FACE('',(#559),#433,.F.);
#4610=ADVANCED_FACE('',(#560),#434,.F.);
#4611=ADVANCED_FACE('',(#561),#435,.F.);
#4612=ADVANCED_FACE('',(#562),#436,.F.);
#4613=ADVANCED_FACE('',(#563,#387),#4560,.T.);
#4614=ADVANCED_FACE('',(#564),#437,.F.);
#4615=ADVANCED_FACE('',(#565),#438,.F.);
#4616=ADVANCED_FACE('',(#566),#13,.F.);
#4617=ADVANCED_FACE('',(#567),#14,.F.);
#4618=ADVANCED_FACE('',(#568),#15,.F.);
#4619=ADVANCED_FACE('',(#569),#16,.F.);
#4620=ADVANCED_FACE('',(#570),#17,.F.);
#4621=ADVANCED_FACE('',(#571),#439,.F.);
#4622=ADVANCED_FACE('',(#572),#18,.F.);
#4623=ADVANCED_FACE('',(#573),#19,.F.);
#4624=ADVANCED_FACE('',(#574),#20,.F.);
#4625=ADVANCED_FACE('',(#575),#21,.F.);
#4626=ADVANCED_FACE('',(#576),#22,.F.);
#4627=ADVANCED_FACE('',(#577),#23,.F.);
#4628=ADVANCED_FACE('',(#578),#24,.F.);
#4629=ADVANCED_FACE('',(#579),#25,.F.);
#4630=ADVANCED_FACE('',(#580),#440,.F.);
#4631=ADVANCED_FACE('',(#581),#441,.F.);
#4632=ADVANCED_FACE('',(#582),#442,.F.);
#4633=ADVANCED_FACE('',(#583),#443,.F.);
#4634=ADVANCED_FACE('',(#584),#26,.F.);
#4635=ADVANCED_FACE('',(#585),#27,.F.);
#4636=ADVANCED_FACE('',(#586),#28,.F.);
#4637=ADVANCED_FACE('',(#587),#29,.F.);
#4638=ADVANCED_FACE('',(#588),#30,.F.);
#4639=ADVANCED_FACE('',(#589),#444,.F.);
#4640=ADVANCED_FACE('',(#590),#445,.F.);
#4641=ADVANCED_FACE('',(#591),#4561,.T.);
#4642=ADVANCED_FACE('',(#592),#4562,.T.);
#4643=ADVANCED_FACE('',(#593),#31,.F.);
#4644=ADVANCED_FACE('',(#594),#446,.F.);
#4645=ADVANCED_FACE('',(#595),#32,.F.);
#4646=ADVANCED_FACE('',(#596),#33,.F.);
#4647=ADVANCED_FACE('',(#597),#34,.F.);
#4648=ADVANCED_FACE('',(#598),#35,.F.);
#4649=ADVANCED_FACE('',(#599),#447,.F.);
#4650=ADVANCED_FACE('',(#600),#36,.F.);
#4651=ADVANCED_FACE('',(#601),#448,.F.);
#4652=ADVANCED_FACE('',(#602),#4563,.T.);
#4653=ADVANCED_FACE('',(#603),#449,.F.);
#4654=ADVANCED_FACE('',(#604),#450,.F.);
#4655=ADVANCED_FACE('',(#605),#451,.F.);
#4656=ADVANCED_FACE('',(#606),#452,.F.);
#4657=ADVANCED_FACE('',(#607,#388),#4564,.T.);
#4658=ADVANCED_FACE('',(#608),#37,.F.);
#4659=ADVANCED_FACE('',(#609),#38,.F.);
#4660=ADVANCED_FACE('',(#610),#39,.F.);
#4661=ADVANCED_FACE('',(#611),#453,.F.);
#4662=ADVANCED_FACE('',(#612),#40,.F.);
#4663=ADVANCED_FACE('',(#613),#41,.F.);
#4664=ADVANCED_FACE('',(#614),#454,.F.);
#4665=ADVANCED_FACE('',(#615),#42,.F.);
#4666=ADVANCED_FACE('',(#616),#455,.F.);
#4667=ADVANCED_FACE('',(#617),#43,.F.);
#4668=ADVANCED_FACE('',(#618),#456,.F.);
#4669=ADVANCED_FACE('',(#619),#44,.F.);
#4670=ADVANCED_FACE('',(#620),#457,.F.);
#4671=ADVANCED_FACE('',(#621,#389,#390,#391,#392,#393,#394,#395,#396,#397,
#398,#399,#400,#401,#402,#403,#404,#405,#406),#4565,.T.);
#4672=ADVANCED_FACE('',(#622),#4566,.T.);
#4673=ADVANCED_FACE('',(#623),#458,.F.);
#4674=ADVANCED_FACE('',(#624),#459,.F.);
#4675=ADVANCED_FACE('',(#625),#460,.F.);
#4676=ADVANCED_FACE('',(#626),#461,.F.);
#4677=ADVANCED_FACE('',(#627),#462,.F.);
#4678=ADVANCED_FACE('',(#628),#463,.F.);
#4679=ADVANCED_FACE('',(#629),#464,.F.);
#4680=ADVANCED_FACE('',(#630),#465,.F.);
#4681=ADVANCED_FACE('',(#631),#466,.F.);
#4682=ADVANCED_FACE('',(#632),#467,.F.);
#4683=ADVANCED_FACE('',(#633),#468,.F.);
#4684=ADVANCED_FACE('',(#634),#469,.F.);
#4685=ADVANCED_FACE('',(#635),#4567,.T.);
#4686=ADVANCED_FACE('',(#636),#470,.F.);
#4687=ADVANCED_FACE('',(#637),#471,.F.);
#4688=ADVANCED_FACE('',(#638),#472,.F.);
#4689=ADVANCED_FACE('',(#639),#473,.F.);
#4690=ADVANCED_FACE('',(#640,#407),#4568,.T.);
#4691=ADVANCED_FACE('',(#641),#45,.F.);
#4692=ADVANCED_FACE('',(#642),#474,.F.);
#4693=ADVANCED_FACE('',(#643),#46,.F.);
#4694=ADVANCED_FACE('',(#644),#475,.F.);
#4695=ADVANCED_FACE('',(#645),#47,.F.);
#4696=ADVANCED_FACE('',(#646),#476,.F.);
#4697=ADVANCED_FACE('',(#647),#48,.F.);
#4698=ADVANCED_FACE('',(#648),#477,.F.);
#4699=ADVANCED_FACE('',(#649),#49,.F.);
#4700=ADVANCED_FACE('',(#650),#50,.F.);
#4701=ADVANCED_FACE('',(#651),#51,.F.);
#4702=ADVANCED_FACE('',(#652),#478,.F.);
#4703=ADVANCED_FACE('',(#653),#52,.F.);
#4704=ADVANCED_FACE('',(#654),#4569,.T.);
#4705=ADVANCED_FACE('',(#655),#4570,.T.);
#4706=ADVANCED_FACE('',(#656),#479,.F.);
#4707=ADVANCED_FACE('',(#657),#480,.F.);
#4708=ADVANCED_FACE('',(#658),#481,.F.);
#4709=ADVANCED_FACE('',(#659),#482,.F.);
#4710=ADVANCED_FACE('',(#660),#483,.F.);
#4711=ADVANCED_FACE('',(#661),#484,.F.);
#4712=ADVANCED_FACE('',(#662),#4571,.T.);
#4713=ADVANCED_FACE('',(#663),#485,.F.);
#4714=ADVANCED_FACE('',(#664),#486,.F.);
#4715=ADVANCED_FACE('',(#665),#487,.F.);
#4716=ADVANCED_FACE('',(#666),#488,.F.);
#4717=ADVANCED_FACE('',(#667),#4572,.T.);
#4718=ADVANCED_FACE('',(#668),#489,.F.);
#4719=ADVANCED_FACE('',(#669),#53,.F.);
#4720=ADVANCED_FACE('',(#670),#54,.F.);
#4721=ADVANCED_FACE('',(#671),#490,.F.);
#4722=ADVANCED_FACE('',(#672),#55,.F.);
#4723=ADVANCED_FACE('',(#673),#56,.F.);
#4724=ADVANCED_FACE('',(#674),#491,.F.);
#4725=ADVANCED_FACE('',(#675),#57,.F.);
#4726=ADVANCED_FACE('',(#676),#492,.F.);
#4727=ADVANCED_FACE('',(#677),#493,.F.);
#4728=ADVANCED_FACE('',(#678),#494,.F.);
#4729=ADVANCED_FACE('',(#679),#495,.F.);
#4730=ADVANCED_FACE('',(#680),#4573,.T.);
#4731=ADVANCED_FACE('',(#681),#496,.F.);
#4732=ADVANCED_FACE('',(#682),#497,.F.);
#4733=ADVANCED_FACE('',(#683),#498,.F.);
#4734=ADVANCED_FACE('',(#684),#499,.F.);
#4735=ADVANCED_FACE('',(#685),#500,.F.);
#4736=ADVANCED_FACE('',(#686),#501,.F.);
#4737=ADVANCED_FACE('',(#687),#4574,.T.);
#4738=ADVANCED_FACE('',(#688),#502,.F.);
#4739=ADVANCED_FACE('',(#689),#58,.F.);
#4740=ADVANCED_FACE('',(#690),#503,.F.);
#4741=ADVANCED_FACE('',(#691),#504,.F.);
#4742=ADVANCED_FACE('',(#692),#505,.F.);
#4743=ADVANCED_FACE('',(#693),#506,.F.);
#4744=ADVANCED_FACE('',(#694),#59,.F.);
#4745=ADVANCED_FACE('',(#695),#507,.F.);
#4746=ADVANCED_FACE('',(#696),#508,.F.);
#4747=ADVANCED_FACE('',(#697),#509,.F.);
#4748=ADVANCED_FACE('',(#698,#408,#409),#4575,.T.);
#4749=ADVANCED_FACE('',(#699),#60,.F.);
#4750=ADVANCED_FACE('',(#700),#61,.F.);
#4751=ADVANCED_FACE('',(#701),#62,.F.);
#4752=ADVANCED_FACE('',(#702),#510,.F.);
#4753=ADVANCED_FACE('',(#703),#63,.F.);
#4754=ADVANCED_FACE('',(#704),#511,.F.);
#4755=ADVANCED_FACE('',(#705),#64,.F.);
#4756=ADVANCED_FACE('',(#706),#512,.F.);
#4757=ADVANCED_FACE('',(#707),#65,.F.);
#4758=ADVANCED_FACE('',(#708),#513,.F.);
#4759=ADVANCED_FACE('',(#709),#66,.F.);
#4760=ADVANCED_FACE('',(#710),#514,.F.);
#4761=ADVANCED_FACE('',(#711),#67,.F.);
#4762=ADVANCED_FACE('',(#712),#515,.F.);
#4763=ADVANCED_FACE('',(#713),#68,.F.);
#4764=ADVANCED_FACE('',(#714),#516,.F.);
#4765=ADVANCED_FACE('',(#715),#69,.F.);
#4766=ADVANCED_FACE('',(#716),#517,.F.);
#4767=ADVANCED_FACE('',(#717),#70,.F.);
#4768=ADVANCED_FACE('',(#718),#71,.F.);
#4769=ADVANCED_FACE('',(#719),#72,.F.);
#4770=ADVANCED_FACE('',(#720),#73,.F.);
#4771=ADVANCED_FACE('',(#721),#74,.F.);
#4772=ADVANCED_FACE('',(#722),#518,.F.);
#4773=ADVANCED_FACE('',(#723),#75,.F.);
#4774=ADVANCED_FACE('',(#724),#4576,.T.);
#4775=ADVANCED_FACE('',(#725),#4577,.T.);
#4776=ADVANCED_FACE('',(#726),#4578,.T.);
#4777=ADVANCED_FACE('',(#727),#519,.F.);
#4778=ADVANCED_FACE('',(#728),#76,.F.);
#4779=ADVANCED_FACE('',(#729),#77,.F.);
#4780=ADVANCED_FACE('',(#730),#520,.F.);
#4781=ADVANCED_FACE('',(#731),#78,.F.);
#4782=ADVANCED_FACE('',(#732),#79,.F.);
#4783=ADVANCED_FACE('',(#733),#521,.F.);
#4784=ADVANCED_FACE('',(#734),#522,.F.);
#4785=ADVANCED_FACE('',(#735),#523,.F.);
#4786=ADVANCED_FACE('',(#736),#4579,.T.);
#4787=ADVANCED_FACE('',(#737),#80,.F.);
#4788=ADVANCED_FACE('',(#738),#81,.F.);
#4789=ADVANCED_FACE('',(#739),#82,.F.);
#4790=ADVANCED_FACE('',(#740),#83,.F.);
#4791=ADVANCED_FACE('',(#741),#84,.F.);
#4792=ADVANCED_FACE('',(#742),#85,.F.);
#4793=ADVANCED_FACE('',(#743),#86,.F.);
#4794=ADVANCED_FACE('',(#744),#524,.F.);
#4795=ADVANCED_FACE('',(#745),#525,.F.);
#4796=ADVANCED_FACE('',(#746),#526,.F.);
#4797=ADVANCED_FACE('',(#747),#87,.F.);
#4798=ADVANCED_FACE('',(#748),#88,.F.);
#4799=ADVANCED_FACE('',(#749),#89,.F.);
#4800=ADVANCED_FACE('',(#750),#90,.F.);
#4801=ADVANCED_FACE('',(#751),#91,.F.);
#4802=ADVANCED_FACE('',(#752),#92,.F.);
#4803=ADVANCED_FACE('',(#753),#93,.F.);
#4804=ADVANCED_FACE('',(#754),#94,.F.);
#4805=ADVANCED_FACE('',(#755),#95,.F.);
#4806=ADVANCED_FACE('',(#756),#96,.F.);
#4807=ADVANCED_FACE('',(#757),#97,.F.);
#4808=ADVANCED_FACE('',(#758),#98,.F.);
#4809=ADVANCED_FACE('',(#759),#4580,.T.);
#4810=ADVANCED_FACE('',(#760),#527,.F.);
#4811=ADVANCED_FACE('',(#761),#528,.F.);
#4812=ADVANCED_FACE('',(#762),#529,.F.);
#4813=ADVANCED_FACE('',(#763),#530,.F.);
#4814=ADVANCED_FACE('',(#764),#531,.F.);
#4815=ADVANCED_FACE('',(#765),#532,.F.);
#4816=ADVANCED_FACE('',(#766,#410),#4581,.T.);
#4817=ADVANCED_FACE('',(#767),#99,.F.);
#4818=ADVANCED_FACE('',(#768),#100,.F.);
#4819=ADVANCED_FACE('',(#769),#101,.F.);
#4820=ADVANCED_FACE('',(#770),#102,.F.);
#4821=ADVANCED_FACE('',(#771),#103,.F.);
#4822=ADVANCED_FACE('',(#772),#104,.F.);
#4823=ADVANCED_FACE('',(#773),#105,.F.);
#4824=ADVANCED_FACE('',(#774),#106,.F.);
#4825=ADVANCED_FACE('',(#775),#107,.F.);
#4826=ADVANCED_FACE('',(#776),#108,.F.);
#4827=ADVANCED_FACE('',(#777),#109,.F.);
#4828=ADVANCED_FACE('',(#778),#110,.F.);
#4829=ADVANCED_FACE('',(#779),#111,.F.);
#4830=ADVANCED_FACE('',(#780),#112,.F.);
#4831=ADVANCED_FACE('',(#781),#113,.F.);
#4832=ADVANCED_FACE('',(#782),#114,.F.);
#4833=ADVANCED_FACE('',(#783),#115,.F.);
#4834=ADVANCED_FACE('',(#784),#116,.F.);
#4835=ADVANCED_FACE('',(#785),#117,.F.);
#4836=ADVANCED_FACE('',(#786),#118,.F.);
#4837=ADVANCED_FACE('',(#787),#119,.F.);
#4838=ADVANCED_FACE('',(#788),#120,.F.);
#4839=ADVANCED_FACE('',(#789),#121,.F.);
#4840=ADVANCED_FACE('',(#790),#122,.F.);
#4841=ADVANCED_FACE('',(#791),#123,.F.);
#4842=ADVANCED_FACE('',(#792),#124,.F.);
#4843=ADVANCED_FACE('',(#793),#125,.F.);
#4844=ADVANCED_FACE('',(#794),#126,.F.);
#4845=ADVANCED_FACE('',(#795),#4582,.T.);
#4846=ADVANCED_FACE('',(#796),#4583,.F.);
#4847=ADVANCED_FACE('',(#797),#4584,.T.);
#4848=ADVANCED_FACE('',(#798,#411),#533,.T.);
#4849=ADVANCED_FACE('',(#799,#412),#534,.F.);
#4850=ADVANCED_FACE('',(#800),#4585,.F.);
#4851=ADVANCED_FACE('',(#801),#4586,.T.);
#4852=ADVANCED_FACE('',(#802,#413),#535,.T.);
#4853=ADVANCED_FACE('',(#803,#414),#536,.F.);
#4854=ADVANCED_FACE('',(#804),#4587,.F.);
#4855=ADVANCED_FACE('',(#805),#4588,.T.);
#4856=ADVANCED_FACE('',(#806,#415),#537,.T.);
#4857=ADVANCED_FACE('',(#807,#416),#538,.F.);
#4858=ADVANCED_FACE('',(#808),#4589,.F.);
#4859=ADVANCED_FACE('',(#809),#4590,.T.);
#4860=ADVANCED_FACE('',(#810,#417),#539,.T.);
#4861=ADVANCED_FACE('',(#811,#418),#540,.F.);
#4862=ADVANCED_FACE('',(#812),#4591,.F.);
#4863=ADVANCED_FACE('',(#813),#4592,.T.);
#4864=ADVANCED_FACE('',(#814,#419),#541,.T.);
#4865=ADVANCED_FACE('',(#815,#420),#542,.F.);
#4866=CLOSED_SHELL('',(#4593,#4594,#4595,#4596,#4597,#4598,#4599));
#4867=CLOSED_SHELL('',(#4600,#4601,#4602,#4603,#4604,#4605,#4606,#4607,
#4608,#4609,#4610,#4611,#4612,#4613,#4614,#4615,#4616,#4617,#4618,#4619,
#4620,#4621,#4622,#4623,#4624,#4625,#4626,#4627,#4628,#4629,#4630,#4631,
#4632,#4633,#4634,#4635,#4636,#4637,#4638,#4639,#4640,#4641,#4642,#4643,
#4644,#4645,#4646,#4647,#4648,#4649,#4650,#4651,#4652,#4653,#4654,#4655,
#4656,#4657,#4658,#4659,#4660,#4661,#4662,#4663,#4664,#4665,#4666,#4667,
#4668,#4669,#4670,#4671,#4672,#4673,#4674,#4675,#4676,#4677,#4678,#4679,
#4680,#4681,#4682,#4683,#4684,#4685,#4686,#4687,#4688,#4689,#4690,#4691,
#4692,#4693,#4694,#4695,#4696,#4697,#4698,#4699,#4700,#4701,#4702,#4703,
#4704,#4705,#4706,#4707,#4708,#4709,#4710,#4711,#4712,#4713,#4714,#4715,
#4716,#4717,#4718,#4719,#4720,#4721,#4722,#4723,#4724,#4725,#4726,#4727,
#4728,#4729,#4730,#4731,#4732,#4733,#4734,#4735,#4736,#4737,#4738,#4739,
#4740,#4741,#4742,#4743,#4744,#4745,#4746,#4747,#4748,#4749,#4750,#4751,
#4752,#4753,#4754,#4755,#4756,#4757,#4758,#4759,#4760,#4761,#4762,#4763,
#4764,#4765,#4766,#4767,#4768,#4769,#4770,#4771,#4772,#4773,#4774,#4775,
#4776,#4777,#4778,#4779,#4780,#4781,#4782,#4783,#4784,#4785,#4786,#4787,
#4788,#4789,#4790,#4791,#4792,#4793,#4794,#4795,#4796,#4797,#4798,#4799,
#4800,#4801,#4802,#4803,#4804,#4805,#4806,#4807,#4808,#4809,#4810,#4811,
#4812,#4813,#4814,#4815,#4816,#4817,#4818,#4819,#4820,#4821,#4822,#4823,
#4824,#4825,#4826,#4827,#4828,#4829,#4830,#4831,#4832,#4833,#4834,#4835,
#4836,#4837,#4838,#4839,#4840,#4841,#4842,#4843,#4844,#4845,#4846,#4847,
#4848,#4849));
#4868=CLOSED_SHELL('',(#4850,#4851,#4852,#4853));
#4869=CLOSED_SHELL('',(#4854,#4855,#4856,#4857));
#4870=CLOSED_SHELL('',(#4858,#4859,#4860,#4861));
#4871=CLOSED_SHELL('',(#4862,#4863,#4864,#4865));
#4872=DERIVED_UNIT_ELEMENT(#4874,1.);
#4873=DERIVED_UNIT_ELEMENT(#10717,-3.);
#4874=(
MASS_UNIT()
NAMED_UNIT(*)
SI_UNIT(.KILO.,.GRAM.)
);
#4875=DERIVED_UNIT((#4872,#4873));
#4876=MEASURE_REPRESENTATION_ITEM('density measure',
POSITIVE_RATIO_MEASURE(7850.),#4875);
#4877=PROPERTY_DEFINITION_REPRESENTATION(#4882,#4879);
#4878=PROPERTY_DEFINITION_REPRESENTATION(#4883,#4880);
#4879=REPRESENTATION('material name',(#4881),#10714);
#4880=REPRESENTATION('density',(#4876),#10714);
#4881=DESCRIPTIVE_REPRESENTATION_ITEM('Steel','Steel');
#4882=PROPERTY_DEFINITION('material property','material name',#10724);
#4883=PROPERTY_DEFINITION('material property','density of part',#10724);
#4884=AXIS2_PLACEMENT_3D('',#6057,#5152,#5153);
#4885=AXIS2_PLACEMENT_3D('',#6058,#5154,#5155);
#4886=AXIS2_PLACEMENT_3D('',#6060,#5156,#5157);
#4887=AXIS2_PLACEMENT_3D('',#6063,#5159,#5160);
#4888=AXIS2_PLACEMENT_3D('',#6064,#5161,#5162);
#4889=AXIS2_PLACEMENT_3D('',#6065,#5163,#5164);
#4890=AXIS2_PLACEMENT_3D('',#6067,#5165,#5166);
#4891=AXIS2_PLACEMENT_3D('',#6070,#5168,#5169);
#4892=AXIS2_PLACEMENT_3D('',#6071,#5170,#5171);
#4893=AXIS2_PLACEMENT_3D('',#6072,#5172,#5173);
#4894=AXIS2_PLACEMENT_3D('',#6074,#5174,#5175);
#4895=AXIS2_PLACEMENT_3D('',#6077,#5177,#5178);
#4896=AXIS2_PLACEMENT_3D('',#6078,#5179,#5180);
#4897=AXIS2_PLACEMENT_3D('',#6079,#5181,#5182);
#4898=AXIS2_PLACEMENT_3D('',#6080,#5183,#5184);
#4899=AXIS2_PLACEMENT_3D('',#6083,#5185,#5186);
#4900=AXIS2_PLACEMENT_3D('',#6087,#5188,#5189);
#4901=AXIS2_PLACEMENT_3D('',#6091,#5191,#5192);
#4902=AXIS2_PLACEMENT_3D('',#6095,#5194,#5195);
#4903=AXIS2_PLACEMENT_3D('',#6099,#5197,#5198);
#4904=AXIS2_PLACEMENT_3D('',#6103,#5200,#5201);
#4905=AXIS2_PLACEMENT_3D('',#6105,#5203,#5204);
#4906=AXIS2_PLACEMENT_3D('',#6108,#5205,#5206);
#4907=AXIS2_PLACEMENT_3D('',#6111,#5209,#5210);
#4908=AXIS2_PLACEMENT_3D('',#6115,#5213,#5214);
#4909=AXIS2_PLACEMENT_3D('',#6117,#5215,#5216);
#4910=AXIS2_PLACEMENT_3D('',#6119,#5218,#5219);
#4911=AXIS2_PLACEMENT_3D('',#6123,#5222,#5223);
#4912=AXIS2_PLACEMENT_3D('',#6125,#5224,#5225);
#4913=AXIS2_PLACEMENT_3D('',#6127,#5227,#5228);
#4914=AXIS2_PLACEMENT_3D('',#6131,#5231,#5232);
#4915=AXIS2_PLACEMENT_3D('',#6133,#5233,#5234);
#4916=AXIS2_PLACEMENT_3D('',#6135,#5236,#5237);
#4917=AXIS2_PLACEMENT_3D('',#6139,#5240,#5241);
#4918=AXIS2_PLACEMENT_3D('',#6141,#5242,#5243);
#4919=AXIS2_PLACEMENT_3D('',#6143,#5245,#5246);
#4920=AXIS2_PLACEMENT_3D('',#6147,#5249,#5250);
#4921=AXIS2_PLACEMENT_3D('',#6149,#5251,#5252);
#4922=AXIS2_PLACEMENT_3D('',#6151,#5254,#5255);
#4923=AXIS2_PLACEMENT_3D('',#6153,#5257,#5258);
#4924=AXIS2_PLACEMENT_3D('',#6156,#5259,#5260);
#4925=AXIS2_PLACEMENT_3D('',#6259,#5264,#5265);
#4926=AXIS2_PLACEMENT_3D('',#6300,#5269,#5270);
#4927=AXIS2_PLACEMENT_3D('',#6301,#5271,#5272);
#4928=AXIS2_PLACEMENT_3D('',#6304,#5273,#5274);
#4929=AXIS2_PLACEMENT_3D('',#6307,#5277,#5278);
#4930=AXIS2_PLACEMENT_3D('',#6451,#5286,#5287);
#4931=AXIS2_PLACEMENT_3D('',#6680,#5298,#5299);
#4932=AXIS2_PLACEMENT_3D('',#6684,#5302,#5303);
#4933=AXIS2_PLACEMENT_3D('',#6686,#5304,#5305);
#4934=AXIS2_PLACEMENT_3D('',#6688,#5307,#5308);
#4935=AXIS2_PLACEMENT_3D('',#6690,#5310,#5311);
#4936=AXIS2_PLACEMENT_3D('',#6840,#5320,#5321);
#4937=AXIS2_PLACEMENT_3D('',#6844,#5324,#5325);
#4938=AXIS2_PLACEMENT_3D('',#6845,#5326,#5327);
#4939=AXIS2_PLACEMENT_3D('',#6846,#5328,#5329);
#4940=AXIS2_PLACEMENT_3D('',#6847,#5330,#5331);
#4941=AXIS2_PLACEMENT_3D('',#6923,#5337,#5338);
#4942=AXIS2_PLACEMENT_3D('',#7037,#5345,#5346);
#4943=AXIS2_PLACEMENT_3D('',#7072,#5350,#5351);
#4944=AXIS2_PLACEMENT_3D('',#7074,#5353,#5354);
#4945=AXIS2_PLACEMENT_3D('',#7077,#5355,#5356);
#4946=AXIS2_PLACEMENT_3D('',#7081,#5358,#5359);
#4947=AXIS2_PLACEMENT_3D('',#7083,#5361,#5362);
#4948=AXIS2_PLACEMENT_3D('',#7086,#5363,#5364);
#4949=AXIS2_PLACEMENT_3D('',#7089,#5367,#5368);
#4950=AXIS2_PLACEMENT_3D('',#7093,#5371,#5372);
#4951=AXIS2_PLACEMENT_3D('',#7095,#5373,#5374);
#4952=AXIS2_PLACEMENT_3D('',#7097,#5376,#5377);
#4953=AXIS2_PLACEMENT_3D('',#7099,#5379,#5380);
#4954=AXIS2_PLACEMENT_3D('',#7242,#5390,#5391);
#4955=AXIS2_PLACEMENT_3D('',#7293,#5396,#5397);
#4956=AXIS2_PLACEMENT_3D('',#7322,#5401,#5402);
#4957=AXIS2_PLACEMENT_3D('',#7357,#5406,#5407);
#4958=AXIS2_PLACEMENT_3D('',#7392,#5411,#5412);
#4959=AXIS2_PLACEMENT_3D('',#7394,#5414,#5415);
#4960=AXIS2_PLACEMENT_3D('',#7396,#5416,#5417);
#4961=AXIS2_PLACEMENT_3D('',#7399,#5419,#5420);
#4962=AXIS2_PLACEMENT_3D('',#7506,#5429,#5430);
#4963=AXIS2_PLACEMENT_3D('',#7510,#5432,#5433);
#4964=AXIS2_PLACEMENT_3D('',#7526,#5434,#5435);
#4965=AXIS2_PLACEMENT_3D('',#7634,#5437,#5438);
#4966=AXIS2_PLACEMENT_3D('',#7684,#5440,#5441);
#4967=AXIS2_PLACEMENT_3D('',#7688,#5443,#5444);
#4968=AXIS2_PLACEMENT_3D('',#7692,#5446,#5447);
#4969=AXIS2_PLACEMENT_3D('',#7835,#5449,#5450);
#4970=AXIS2_PLACEMENT_3D('',#7839,#5452,#5453);
#4971=AXIS2_PLACEMENT_3D('',#7854,#5455,#5456);
#4972=AXIS2_PLACEMENT_3D('',#7858,#5458,#5459);
#4973=AXIS2_PLACEMENT_3D('',#7873,#5461,#5462);
#4974=AXIS2_PLACEMENT_3D('',#7877,#5464,#5465);
#4975=AXIS2_PLACEMENT_3D('',#7881,#5467,#5468);
#4976=AXIS2_PLACEMENT_3D('',#7885,#5470,#5471);
#4977=AXIS2_PLACEMENT_3D('',#7889,#5473,#5474);
#4978=AXIS2_PLACEMENT_3D('',#7893,#5476,#5477);
#4979=AXIS2_PLACEMENT_3D('',#7938,#5480,#5481);
#4980=AXIS2_PLACEMENT_3D('',#7942,#5483,#5484);
#4981=AXIS2_PLACEMENT_3D('',#7946,#5486,#5487);
#4982=AXIS2_PLACEMENT_3D('',#7950,#5489,#5490);
#4983=AXIS2_PLACEMENT_3D('',#7954,#5492,#5493);
#4984=AXIS2_PLACEMENT_3D('',#8010,#5499,#5500);
#4985=AXIS2_PLACEMENT_3D('',#8014,#5502,#5503);
#4986=AXIS2_PLACEMENT_3D('',#8018,#5505,#5506);
#4987=AXIS2_PLACEMENT_3D('',#8022,#5508,#5509);
#4988=AXIS2_PLACEMENT_3D('',#8026,#5511,#5512);
#4989=AXIS2_PLACEMENT_3D('',#8030,#5514,#5515);
#4990=AXIS2_PLACEMENT_3D('',#8034,#5517,#5518);
#4991=AXIS2_PLACEMENT_3D('',#8038,#5520,#5521);
#4992=AXIS2_PLACEMENT_3D('',#8040,#5523,#5524);
#4993=AXIS2_PLACEMENT_3D('',#8043,#5525,#5526);
#4994=AXIS2_PLACEMENT_3D('',#8047,#5528,#5529);
#4995=AXIS2_PLACEMENT_3D('',#8051,#5531,#5532);
#4996=AXIS2_PLACEMENT_3D('',#8055,#5534,#5535);
#4997=AXIS2_PLACEMENT_3D('',#8059,#5537,#5538);
#4998=AXIS2_PLACEMENT_3D('',#8063,#5540,#5541);
#4999=AXIS2_PLACEMENT_3D('',#8065,#5543,#5544);
#5000=AXIS2_PLACEMENT_3D('',#8068,#5547,#5548);
#5001=AXIS2_PLACEMENT_3D('',#8070,#5550,#5551);
#5002=AXIS2_PLACEMENT_3D('',#8072,#5553,#5554);
#5003=AXIS2_PLACEMENT_3D('',#8074,#5556,#5557);
#5004=AXIS2_PLACEMENT_3D('',#8076,#5559,#5560);
#5005=AXIS2_PLACEMENT_3D('',#8078,#5562,#5563);
#5006=AXIS2_PLACEMENT_3D('',#8080,#5565,#5566);
#5007=AXIS2_PLACEMENT_3D('',#8082,#5568,#5569);
#5008=AXIS2_PLACEMENT_3D('',#8084,#5571,#5572);
#5009=AXIS2_PLACEMENT_3D('',#8086,#5574,#5575);
#5010=AXIS2_PLACEMENT_3D('',#8088,#5577,#5578);
#5011=AXIS2_PLACEMENT_3D('',#8089,#5579,#5580);
#5012=AXIS2_PLACEMENT_3D('',#8092,#5581,#5582);
#5013=AXIS2_PLACEMENT_3D('',#8096,#5584,#5585);
#5014=AXIS2_PLACEMENT_3D('',#8098,#5587,#5588);
#5015=AXIS2_PLACEMENT_3D('',#8101,#5591,#5592);
#5016=AXIS2_PLACEMENT_3D('',#8103,#5594,#5595);
#5017=AXIS2_PLACEMENT_3D('',#8105,#5597,#5598);
#5018=AXIS2_PLACEMENT_3D('',#8106,#5599,#5600);
#5019=AXIS2_PLACEMENT_3D('',#8185,#5608,#5609);
#5020=AXIS2_PLACEMENT_3D('',#8204,#5612,#5613);
#5021=AXIS2_PLACEMENT_3D('',#8223,#5616,#5617);
#5022=AXIS2_PLACEMENT_3D('',#8242,#5620,#5621);
#5023=AXIS2_PLACEMENT_3D('',#8325,#5626,#5627);
#5024=AXIS2_PLACEMENT_3D('',#8349,#5630,#5631);
#5025=AXIS2_PLACEMENT_3D('',#8350,#5632,#5633);
#5026=AXIS2_PLACEMENT_3D('',#8353,#5634,#5635);
#5027=AXIS2_PLACEMENT_3D('',#8357,#5637,#5638);
#5028=AXIS2_PLACEMENT_3D('',#8361,#5640,#5641);
#5029=AXIS2_PLACEMENT_3D('',#8363,#5643,#5644);
#5030=AXIS2_PLACEMENT_3D('',#8366,#5647,#5648);
#5031=AXIS2_PLACEMENT_3D('',#8368,#5650,#5651);
#5032=AXIS2_PLACEMENT_3D('',#8370,#5653,#5654);
#5033=AXIS2_PLACEMENT_3D('',#8372,#5656,#5657);
#5034=AXIS2_PLACEMENT_3D('',#8374,#5659,#5660);
#5035=AXIS2_PLACEMENT_3D('',#8375,#5661,#5662);
#5036=AXIS2_PLACEMENT_3D('',#8378,#5663,#5664);
#5037=AXIS2_PLACEMENT_3D('',#8382,#5666,#5667);
#5038=AXIS2_PLACEMENT_3D('',#8384,#5669,#5670);
#5039=AXIS2_PLACEMENT_3D('',#8387,#5673,#5674);
#5040=AXIS2_PLACEMENT_3D('',#8389,#5676,#5677);
#5041=AXIS2_PLACEMENT_3D('',#8391,#5679,#5680);
#5042=AXIS2_PLACEMENT_3D('',#8392,#5681,#5682);
#5043=AXIS2_PLACEMENT_3D('',#8395,#5683,#5684);
#5044=AXIS2_PLACEMENT_3D('',#8434,#5687,#5688);
#5045=AXIS2_PLACEMENT_3D('',#8438,#5690,#5691);
#5046=AXIS2_PLACEMENT_3D('',#8440,#5693,#5694);
#5047=AXIS2_PLACEMENT_3D('',#8477,#5699,#5700);
#5048=AXIS2_PLACEMENT_3D('',#8513,#5704,#5705);
#5049=AXIS2_PLACEMENT_3D('',#8532,#5708,#5709);
#5050=AXIS2_PLACEMENT_3D('',#8534,#5711,#5712);
#5051=AXIS2_PLACEMENT_3D('',#8536,#5714,#5715);
#5052=AXIS2_PLACEMENT_3D('',#8538,#5717,#5718);
#5053=AXIS2_PLACEMENT_3D('',#8539,#5719,#5720);
#5054=AXIS2_PLACEMENT_3D('',#8542,#5721,#5722);
#5055=AXIS2_PLACEMENT_3D('',#8546,#5724,#5725);
#5056=AXIS2_PLACEMENT_3D('',#8550,#5727,#5728);
#5057=AXIS2_PLACEMENT_3D('',#8552,#5730,#5731);
#5058=AXIS2_PLACEMENT_3D('',#8555,#5734,#5735);
#5059=AXIS2_PLACEMENT_3D('',#8557,#5737,#5738);
#5060=AXIS2_PLACEMENT_3D('',#8559,#5740,#5741);
#5061=AXIS2_PLACEMENT_3D('',#8561,#5743,#5744);
#5062=AXIS2_PLACEMENT_3D('',#8563,#5746,#5747);
#5063=AXIS2_PLACEMENT_3D('',#8564,#5748,#5749);
#5064=AXIS2_PLACEMENT_3D('',#8567,#5750,#5751);
#5065=AXIS2_PLACEMENT_3D('',#8576,#5753,#5754);
#5066=AXIS2_PLACEMENT_3D('',#8580,#5756,#5757);
#5067=AXIS2_PLACEMENT_3D('',#8589,#5759,#5760);
#5068=AXIS2_PLACEMENT_3D('',#8591,#5762,#5763);
#5069=AXIS2_PLACEMENT_3D('',#8611,#5767,#5768);
#5070=AXIS2_PLACEMENT_3D('',#8613,#5770,#5771);
#5071=AXIS2_PLACEMENT_3D('',#8615,#5773,#5774);
#5072=AXIS2_PLACEMENT_3D('',#8617,#5776,#5777);
#5073=AXIS2_PLACEMENT_3D('',#8636,#5780,#5781);
#5074=AXIS2_PLACEMENT_3D('',#8638,#5783,#5784);
#5075=AXIS2_PLACEMENT_3D('',#8640,#5786,#5787);
#5076=AXIS2_PLACEMENT_3D('',#8641,#5788,#5789);
#5077=AXIS2_PLACEMENT_3D('',#8842,#5803,#5804);
#5078=AXIS2_PLACEMENT_3D('',#8866,#5807,#5808);
#5079=AXIS2_PLACEMENT_3D('',#8886,#5812,#5813);
#5080=AXIS2_PLACEMENT_3D('',#8905,#5816,#5817);
#5081=AXIS2_PLACEMENT_3D('',#8924,#5820,#5821);
#5082=AXIS2_PLACEMENT_3D('',#8943,#5824,#5825);
#5083=AXIS2_PLACEMENT_3D('',#8962,#5828,#5829);
#5084=AXIS2_PLACEMENT_3D('',#8981,#5832,#5833);
#5085=AXIS2_PLACEMENT_3D('',#9098,#5840,#5841);
#5086=AXIS2_PLACEMENT_3D('',#9122,#5844,#5845);
#5087=AXIS2_PLACEMENT_3D('',#9123,#5846,#5847);
#5088=AXIS2_PLACEMENT_3D('',#9124,#5848,#5849);
#5089=AXIS2_PLACEMENT_3D('',#9143,#5851,#5852);
#5090=AXIS2_PLACEMENT_3D('',#9159,#5853,#5854);
#5091=AXIS2_PLACEMENT_3D('',#9162,#5856,#5857);
#5092=AXIS2_PLACEMENT_3D('',#9163,#5858,#5859);
#5093=AXIS2_PLACEMENT_3D('',#9208,#5864,#5865);
#5094=AXIS2_PLACEMENT_3D('',#9252,#5869,#5870);
#5095=AXIS2_PLACEMENT_3D('',#9254,#5872,#5873);
#5096=AXIS2_PLACEMENT_3D('',#9256,#5875,#5876);
#5097=AXIS2_PLACEMENT_3D('',#9257,#5877,#5878);
#5098=AXIS2_PLACEMENT_3D('',#9309,#5880,#5881);
#5099=AXIS2_PLACEMENT_3D('',#9537,#5891,#5892);
#5100=AXIS2_PLACEMENT_3D('',#9539,#5894,#5895);
#5101=AXIS2_PLACEMENT_3D('',#9541,#5897,#5898);
#5102=AXIS2_PLACEMENT_3D('',#9782,#5911,#5912);
#5103=AXIS2_PLACEMENT_3D('',#9785,#5913,#5914);
#5104=AXIS2_PLACEMENT_3D('',#9789,#5916,#5917);
#5105=AXIS2_PLACEMENT_3D('',#9793,#5919,#5920);
#5106=AXIS2_PLACEMENT_3D('',#9795,#5922,#5923);
#5107=AXIS2_PLACEMENT_3D('',#9798,#5926,#5927);
#5108=AXIS2_PLACEMENT_3D('',#9800,#5929,#5930);
#5109=AXIS2_PLACEMENT_3D('',#9802,#5932,#5933);
#5110=AXIS2_PLACEMENT_3D('',#9804,#5935,#5936);
#5111=AXIS2_PLACEMENT_3D('',#9806,#5938,#5939);
#5112=AXIS2_PLACEMENT_3D('',#9807,#5940,#5941);
#5113=AXIS2_PLACEMENT_3D('',#10646,#5970,#5971);
#5114=AXIS2_PLACEMENT_3D('',#10647,#5972,#5973);
#5115=AXIS2_PLACEMENT_3D('',#10649,#5974,#5975);
#5116=AXIS2_PLACEMENT_3D('',#10652,#5977,#5978);
#5117=AXIS2_PLACEMENT_3D('',#10653,#5979,#5980);
#5118=AXIS2_PLACEMENT_3D('',#10654,#5981,#5982);
#5119=AXIS2_PLACEMENT_3D('',#10655,#5983,#5984);
#5120=AXIS2_PLACEMENT_3D('',#10656,#5985,#5986);
#5121=AXIS2_PLACEMENT_3D('',#10658,#5987,#5988);
#5122=AXIS2_PLACEMENT_3D('',#10661,#5990,#5991);
#5123=AXIS2_PLACEMENT_3D('',#10662,#5992,#5993);
#5124=AXIS2_PLACEMENT_3D('',#10664,#5994,#5995);
#5125=AXIS2_PLACEMENT_3D('',#10667,#5997,#5998);
#5126=AXIS2_PLACEMENT_3D('',#10668,#5999,#6000);
#5127=AXIS2_PLACEMENT_3D('',#10669,#6001,#6002);
#5128=AXIS2_PLACEMENT_3D('',#10670,#6003,#6004);
#5129=AXIS2_PLACEMENT_3D('',#10672,#6005,#6006);
#5130=AXIS2_PLACEMENT_3D('',#10675,#6008,#6009);
#5131=AXIS2_PLACEMENT_3D('',#10676,#6010,#6011);
#5132=AXIS2_PLACEMENT_3D('',#10678,#6012,#6013);
#5133=AXIS2_PLACEMENT_3D('',#10681,#6015,#6016);
#5134=AXIS2_PLACEMENT_3D('',#10682,#6017,#6018);
#5135=AXIS2_PLACEMENT_3D('',#10683,#6019,#6020);
#5136=AXIS2_PLACEMENT_3D('',#10684,#6021,#6022);
#5137=AXIS2_PLACEMENT_3D('',#10686,#6023,#6024);
#5138=AXIS2_PLACEMENT_3D('',#10689,#6026,#6027);
#5139=AXIS2_PLACEMENT_3D('',#10690,#6028,#6029);
#5140=AXIS2_PLACEMENT_3D('',#10692,#6030,#6031);
#5141=AXIS2_PLACEMENT_3D('',#10695,#6033,#6034);
#5142=AXIS2_PLACEMENT_3D('',#10696,#6035,#6036);
#5143=AXIS2_PLACEMENT_3D('',#10697,#6037,#6038);
#5144=AXIS2_PLACEMENT_3D('',#10698,#6039,#6040);
#5145=AXIS2_PLACEMENT_3D('',#10700,#6041,#6042);
#5146=AXIS2_PLACEMENT_3D('',#10703,#6044,#6045);
#5147=AXIS2_PLACEMENT_3D('',#10704,#6046,#6047);
#5148=AXIS2_PLACEMENT_3D('',#10706,#6048,#6049);
#5149=AXIS2_PLACEMENT_3D('',#10709,#6051,#6052);
#5150=AXIS2_PLACEMENT_3D('',#10710,#6053,#6054);
#5151=AXIS2_PLACEMENT_3D('',#10711,#6055,#6056);
#5152=DIRECTION('axis',(0.,0.,1.));
#5153=DIRECTION('refdir',(1.,0.,0.));
#5154=DIRECTION('center_axis',(0.,0.,-1.));
#5155=DIRECTION('ref_axis',(1.,0.,0.));
#5156=DIRECTION('center_axis',(0.,0.,-1.));
#5157=DIRECTION('ref_axis',(1.,0.,0.));
#5158=DIRECTION('',(0.,0.,1.));
#5159=DIRECTION('center_axis',(0.,0.,1.));
#5160=DIRECTION('ref_axis',(1.,0.,0.));
#5161=DIRECTION('center_axis',(0.,0.,1.));
#5162=DIRECTION('ref_axis',(1.,0.,0.));
#5163=DIRECTION('center_axis',(0.,0.,1.));
#5164=DIRECTION('ref_axis',(1.,0.,0.));
#5165=DIRECTION('center_axis',(0.,0.,1.));
#5166=DIRECTION('ref_axis',(1.,0.,0.));
#5167=DIRECTION('',(0.,0.,-1.));
#5168=DIRECTION('center_axis',(0.,0.,-1.));
#5169=DIRECTION('ref_axis',(1.,0.,0.));
#5170=DIRECTION('center_axis',(0.,0.,1.));
#5171=DIRECTION('ref_axis',(1.,0.,0.));
#5172=DIRECTION('center_axis',(0.,0.,1.));
#5173=DIRECTION('ref_axis',(1.,0.,0.));
#5174=DIRECTION('center_axis',(0.,0.,1.));
#5175=DIRECTION('ref_axis',(1.,0.,0.));
#5176=DIRECTION('',(0.,0.,-1.));
#5177=DIRECTION('center_axis',(0.,0.,1.));
#5178=DIRECTION('ref_axis',(1.,0.,0.));
#5179=DIRECTION('center_axis',(0.,0.,1.));
#5180=DIRECTION('ref_axis',(1.,0.,0.));
#5181=DIRECTION('center_axis',(0.,0.,1.));
#5182=DIRECTION('ref_axis',(1.,0.,0.));
#5183=DIRECTION('center_axis',(0.,0.,1.));
#5184=DIRECTION('ref_axis',(1.,0.,0.));
#5185=DIRECTION('center_axis',(0.,0.,-1.));
#5186=DIRECTION('ref_axis',(0.0206577397669662,-0.999786606125387,0.));
#5187=DIRECTION('',(-6.65953445609146E-17,0.,1.));
#5188=DIRECTION('center_axis',(0.,0.,-1.));
#5189=DIRECTION('ref_axis',(0.121320281992092,-0.992613413760543,0.));
#5190=DIRECTION('',(0.,0.,-1.));
#5191=DIRECTION('center_axis',(0.,0.,-1.));
#5192=DIRECTION('ref_axis',(0.264686176433059,-0.964334603758077,0.));
#5193=DIRECTION('',(0.,0.,-1.));
#5194=DIRECTION('center_axis',(0.,0.,1.));
#5195=DIRECTION('ref_axis',(0.121320281992092,-0.992613413760543,0.));
#5196=DIRECTION('',(0.,0.,-1.));
#5197=DIRECTION('center_axis',(0.,0.,1.));
#5198=DIRECTION('ref_axis',(0.0206577397669662,-0.999786606125387,0.));
#5199=DIRECTION('',(-6.67687787650089E-17,0.,1.));
#5200=DIRECTION('center_axis',(0.,0.,1.));
#5201=DIRECTION('ref_axis',(-0.125269421022962,-0.992122760628226,0.));
#5202=DIRECTION('',(0.,0.,1.));
#5203=DIRECTION('center_axis',(0.,0.,1.));
#5204=DIRECTION('ref_axis',(1.,0.,0.));
#5205=DIRECTION('center_axis',(0.,0.,-1.));
#5206=DIRECTION('ref_axis',(1.,0.,0.));
#5207=DIRECTION('',(0.0206577397669662,-0.999786606125387,0.));
#5208=DIRECTION('',(-0.125269421022962,-0.992122760628226,0.));
#5209=DIRECTION('center_axis',(0.999786606125387,0.0206577397669662,6.65953445609146E-17));
#5210=DIRECTION('ref_axis',(6.66095586327175E-17,0.,-1.));
#5211=DIRECTION('',(0.,0.,1.));
#5212=DIRECTION('',(0.0206577397669662,-0.999786606125387,0.));
#5213=DIRECTION('center_axis',(0.,0.,1.));
#5214=DIRECTION('ref_axis',(1.,0.,0.));
#5215=DIRECTION('center_axis',(0.,0.,-1.));
#5216=DIRECTION('ref_axis',(1.,0.,0.));
#5217=DIRECTION('',(0.121320281992092,-0.992613413760543,0.));
#5218=DIRECTION('center_axis',(-0.992613413760543,-0.121320281992092,0.));
#5219=DIRECTION('ref_axis',(0.,0.,1.));
#5220=DIRECTION('',(0.,0.,-1.));
#5221=DIRECTION('',(0.121320281992092,-0.992613413760543,0.));
#5222=DIRECTION('center_axis',(0.,0.,1.));
#5223=DIRECTION('ref_axis',(1.,0.,0.));
#5224=DIRECTION('center_axis',(0.,0.,-1.));
#5225=DIRECTION('ref_axis',(1.,0.,0.));
#5226=DIRECTION('',(0.264686176433059,-0.964334603758077,0.));
#5227=DIRECTION('center_axis',(-0.964334603758077,-0.264686176433059,0.));
#5228=DIRECTION('ref_axis',(0.,0.,1.));
#5229=DIRECTION('',(0.,0.,-1.));
#5230=DIRECTION('',(0.264686176433059,-0.964334603758077,0.));
#5231=DIRECTION('center_axis',(0.,0.,-1.));
#5232=DIRECTION('ref_axis',(-1.,0.,0.));
#5233=DIRECTION('center_axis',(0.,0.,1.));
#5234=DIRECTION('ref_axis',(1.,0.,0.));
#5235=DIRECTION('',(0.121320281992092,-0.992613413760543,0.));
#5236=DIRECTION('center_axis',(-0.992613413760543,-0.121320281992092,0.));
#5237=DIRECTION('ref_axis',(0.,0.,1.));
#5238=DIRECTION('',(0.,0.,-1.));
#5239=DIRECTION('',(0.121320281992092,-0.992613413760543,0.));
#5240=DIRECTION('center_axis',(0.,0.,-1.));
#5241=DIRECTION('ref_axis',(-1.,0.,0.));
#5242=DIRECTION('center_axis',(0.,0.,1.));
#5243=DIRECTION('ref_axis',(1.,0.,0.));
#5244=DIRECTION('',(0.0206577397669662,-0.999786606125387,0.));
#5245=DIRECTION('center_axis',(0.999786606125387,0.0206577397669662,6.67687787650089E-17));
#5246=DIRECTION('ref_axis',(6.6783029854508E-17,1.15555796663234E-33,-1.));
#5247=DIRECTION('',(0.,0.,1.));
#5248=DIRECTION('',(0.0206577397669663,-0.999786606125387,0.));
#5249=DIRECTION('center_axis',(0.,0.,-1.));
#5250=DIRECTION('ref_axis',(-1.,0.,0.));
#5251=DIRECTION('center_axis',(0.,0.,1.));
#5252=DIRECTION('ref_axis',(1.,0.,0.));
#5253=DIRECTION('',(-0.125269421022962,-0.992122760628226,0.));
#5254=DIRECTION('center_axis',(0.992122760628226,-0.125269421022962,0.));
#5255=DIRECTION('ref_axis',(0.,0.,-1.));
#5256=DIRECTION('',(0.,0.,1.));
#5257=DIRECTION('center_axis',(0.,0.,1.));
#5258=DIRECTION('ref_axis',(1.,0.,0.));
#5259=DIRECTION('center_axis',(0.,0.,-1.));
#5260=DIRECTION('ref_axis',(-0.165557342395422,-0.986200165472996,0.));
#5261=DIRECTION('',(0.,0.,1.));
#5262=DIRECTION('',(0.,0.,1.));
#5263=DIRECTION('',(0.,0.,-1.));
#5264=DIRECTION('center_axis',(0.,0.,1.));
#5265=DIRECTION('ref_axis',(-0.288154653197149,-0.957583884493067,0.));
#5266=DIRECTION('',(0.,0.,1.));
#5267=DIRECTION('',(0.,0.,1.));
#5268=DIRECTION('',(0.,0.,-1.));
#5269=DIRECTION('center_axis',(0.,0.,-1.));
#5270=DIRECTION('ref_axis',(-0.0399494612973311,-0.999201701630883,0.));
#5271=DIRECTION('center_axis',(0.,0.,1.));
#5272=DIRECTION('ref_axis',(1.,0.,0.));
#5273=DIRECTION('center_axis',(0.,0.,-1.));
#5274=DIRECTION('ref_axis',(1.,0.,0.));
#5275=DIRECTION('',(-0.165557342395422,-0.986200165472996,0.));
#5276=DIRECTION('',(-0.288154653197149,-0.957583884493067,0.));
#5277=DIRECTION('center_axis',(0.986200165472996,-0.165557342395422,0.));
#5278=DIRECTION('ref_axis',(0.,0.,-1.));
#5279=DIRECTION('',(0.,0.,1.));
#5280=DIRECTION('',(-0.165557342395422,-0.986200165472996,0.));
#5281=DIRECTION('',(-0.166893086513812,-0.985974998503458,0.));
#5282=DIRECTION('',(-0.174329379478959,-0.984687395801572,0.));
#5283=DIRECTION('',(-0.192970691311614,-0.981204521134467,0.));
#5284=DIRECTION('',(-0.231168131589331,-0.972913816808816,0.));
#5285=DIRECTION('',(-0.288154653197149,-0.957583884493067,0.));
#5286=DIRECTION('center_axis',(0.957583884493067,-0.288154653197149,0.));
#5287=DIRECTION('ref_axis',(0.,0.,-1.));
#5288=DIRECTION('',(0.,0.,1.));
#5289=DIRECTION('',(-0.288154653197149,-0.957583884493067,0.));
#5290=DIRECTION('',(-0.213433494428401,-0.976957595526071,0.));
#5291=DIRECTION('',(-0.176424992935344,-0.984314087000569,0.));
#5292=DIRECTION('',(-0.162503135777295,-0.986708027160287,0.));
#5293=DIRECTION('',(-0.136482066702697,-0.990642541721564,0.));
#5294=DIRECTION('',(-0.0859098567457569,-0.996302914034644,0.));
#5295=DIRECTION('',(-0.043236366650918,-0.999064871066352,0.));
#5296=DIRECTION('',(-0.016254231727365,-0.999867891249115,0.));
#5297=DIRECTION('',(-0.00861115837767396,-0.999962923288356,0.));
#5298=DIRECTION('center_axis',(-0.999962923288356,0.00861115837767396,0.));
#5299=DIRECTION('ref_axis',(0.,0.,1.));
#5300=DIRECTION('',(0.,0.,-1.));
#5301=DIRECTION('',(-0.00861115837767392,-0.999962923288356,0.));
#5302=DIRECTION('center_axis',(0.,0.,-1.));
#5303=DIRECTION('ref_axis',(-1.,0.,0.));
#5304=DIRECTION('center_axis',(0.,0.,1.));
#5305=DIRECTION('ref_axis',(1.,0.,0.));
#5306=DIRECTION('',(-0.288154653197149,-0.957583884493067,0.));
#5307=DIRECTION('center_axis',(0.957583884493067,-0.288154653197149,0.));
#5308=DIRECTION('ref_axis',(0.,0.,-1.));
#5309=DIRECTION('',(0.,0.,1.));
#5310=DIRECTION('center_axis',(0.999201701630884,-0.0399494612973311,0.));
#5311=DIRECTION('ref_axis',(0.,0.,-1.));
#5312=DIRECTION('',(0.,0.,1.));
#5313=DIRECTION('',(-0.0399494612973311,-0.999201701630884,0.));
#5314=DIRECTION('',(-0.0399494612973311,-0.999201701630884,0.));
#5315=DIRECTION('',(-0.052900711151281,-0.998599777067714,0.));
#5316=DIRECTION('',(-0.0859098567457569,-0.996302914034644,0.));
#5317=DIRECTION('',(-0.111232015190204,-0.993794465066457,0.));
#5318=DIRECTION('',(-0.128138400403886,-0.991756295841843,0.));
#5319=DIRECTION('',(-0.133414245228139,-0.99106036101249,0.));
#5320=DIRECTION('center_axis',(-0.99106036101249,0.133414245228139,0.));
#5321=DIRECTION('ref_axis',(0.,0.,1.));
#5322=DIRECTION('',(0.,0.,-1.));
#5323=DIRECTION('',(-0.133414245228139,-0.99106036101249,0.));
#5324=DIRECTION('center_axis',(0.,0.,1.));
#5325=DIRECTION('ref_axis',(1.,0.,0.));
#5326=DIRECTION('center_axis',(0.,0.,-1.));
#5327=DIRECTION('ref_axis',(1.,0.,0.));
#5328=DIRECTION('center_axis',(0.,0.,1.));
#5329=DIRECTION('ref_axis',(1.,0.,0.));
#5330=DIRECTION('center_axis',(0.,0.,1.));
#5331=DIRECTION('ref_axis',(1.,0.,0.));
#5332=DIRECTION('',(0.,0.,-1.));
#5333=DIRECTION('',(0.,0.,-1.));
#5334=DIRECTION('',(0.,0.,1.));
#5335=DIRECTION('',(-0.00861115837767396,-0.999962923288356,0.));
#5336=DIRECTION('',(-0.288154653197149,-0.957583884493067,0.));
#5337=DIRECTION('center_axis',(-0.999962923288356,0.00861115837767396,0.));
#5338=DIRECTION('ref_axis',(0.,0.,1.));
#5339=DIRECTION('',(0.,0.,-1.));
#5340=DIRECTION('',(-0.00861115837767387,-0.999962923288356,0.));
#5341=DIRECTION('',(-0.213055347271578,-0.977040131723865,0.));
#5342=DIRECTION('',(-0.258185741365858,-0.966095297036148,0.));
#5343=DIRECTION('',(-0.213055347271579,-0.977040131723865,0.));
#5344=DIRECTION('',(-0.00861115837767396,-0.999962923288356,0.));
#5345=DIRECTION('center_axis',(-0.999962923288356,0.00861115837767396,0.));
#5346=DIRECTION('ref_axis',(0.,0.,1.));
#5347=DIRECTION('',(0.,0.,-1.));
#5348=DIRECTION('',(-0.00861115837767384,-0.999962923288356,0.));
#5349=DIRECTION('',(-0.288154653197149,-0.957583884493067,0.));
#5350=DIRECTION('center_axis',(0.957583884493067,-0.288154653197149,0.));
#5351=DIRECTION('ref_axis',(0.,0.,-1.));
#5352=DIRECTION('',(0.,0.,1.));
#5353=DIRECTION('center_axis',(0.,0.,1.));
#5354=DIRECTION('ref_axis',(1.,0.,0.));
#5355=DIRECTION('center_axis',(0.,0.,-1.));
#5356=DIRECTION('ref_axis',(-0.249950661303232,-0.968258574407724,0.));
#5357=DIRECTION('',(0.,0.,-1.));
#5358=DIRECTION('center_axis',(0.,0.,1.));
#5359=DIRECTION('ref_axis',(-0.288154653197149,-0.957583884493067,0.));
#5360=DIRECTION('',(0.,0.,1.));
#5361=DIRECTION('center_axis',(0.,0.,1.));
#5362=DIRECTION('ref_axis',(1.,0.,0.));
#5363=DIRECTION('center_axis',(0.,0.,-1.));
#5364=DIRECTION('ref_axis',(1.,0.,0.));
#5365=DIRECTION('',(-0.249950661303232,-0.968258574407723,0.));
#5366=DIRECTION('',(-0.288154653197149,-0.957583884493067,0.));
#5367=DIRECTION('center_axis',(-0.968258574407724,0.249950661303232,0.));
#5368=DIRECTION('ref_axis',(0.,0.,1.));
#5369=DIRECTION('',(0.,0.,-1.));
#5370=DIRECTION('',(-0.249950661303232,-0.968258574407723,0.));
#5371=DIRECTION('center_axis',(0.,0.,-1.));
#5372=DIRECTION('ref_axis',(-1.,0.,0.));
#5373=DIRECTION('center_axis',(0.,0.,1.));
#5374=DIRECTION('ref_axis',(1.,0.,0.));
#5375=DIRECTION('',(-0.288154653197149,-0.957583884493067,0.));
#5376=DIRECTION('center_axis',(0.957583884493067,-0.288154653197149,0.));
#5377=DIRECTION('ref_axis',(0.,0.,-1.));
#5378=DIRECTION('',(0.,0.,1.));
#5379=DIRECTION('center_axis',(0.,0.,1.));
#5380=DIRECTION('ref_axis',(1.,0.,0.));
#5381=DIRECTION('',(0.,0.,1.));
#5382=DIRECTION('',(0.,0.,1.));
#5383=DIRECTION('',(0.,0.,-1.));
#5384=DIRECTION('',(0.,0.,1.));
#5385=DIRECTION('',(0.,0.,-1.));
#5386=DIRECTION('',(0.393414230978558,-0.919361323345479,0.));
#5387=DIRECTION('',(0.343047267413509,-0.939318142228779,0.));
#5388=DIRECTION('',(0.338681107305737,-0.940901220933505,0.));
#5389=DIRECTION('',(0.263789854763553,-0.964580174233238,0.));
#5390=DIRECTION('center_axis',(-0.964580174233238,-0.263789854763553,0.));
#5391=DIRECTION('ref_axis',(0.,0.,1.));
#5392=DIRECTION('',(0.,0.,-1.));
#5393=DIRECTION('',(0.263789854763553,-0.964580174233238,0.));
#5394=DIRECTION('',(0.234179300295818,-0.972193424845571,0.));
#5395=DIRECTION('',(0.149888191439457,-0.988702953402592,0.));
#5396=DIRECTION('center_axis',(0.972193424845571,0.234179300295818,0.));
#5397=DIRECTION('ref_axis',(0.,0.,-1.));
#5398=DIRECTION('',(0.,0.,1.));
#5399=DIRECTION('',(0.234179300295818,-0.972193424845571,0.));
#5400=DIRECTION('',(0.149888191439457,-0.988702953402592,0.));
#5401=DIRECTION('center_axis',(0.988702953402592,0.149888191439457,0.));
#5402=DIRECTION('ref_axis',(0.,0.,-1.));
#5403=DIRECTION('',(0.,0.,1.));
#5404=DIRECTION('',(0.149888191439457,-0.988702953402592,0.));
#5405=DIRECTION('',(0.420633160748395,-0.90723081080771,0.));
#5406=DIRECTION('center_axis',(-0.90723081080771,-0.420633160748395,0.));
#5407=DIRECTION('ref_axis',(0.,0.,1.));
#5408=DIRECTION('',(0.,0.,-1.));
#5409=DIRECTION('',(0.420633160748395,-0.90723081080771,0.));
#5410=DIRECTION('',(0.149888191439457,-0.988702953402592,0.));
#5411=DIRECTION('center_axis',(0.988702953402592,0.149888191439457,0.));
#5412=DIRECTION('ref_axis',(0.,0.,-1.));
#5413=DIRECTION('',(0.,0.,1.));
#5414=DIRECTION('center_axis',(0.,0.,1.));
#5415=DIRECTION('ref_axis',(1.,0.,0.));
#5416=DIRECTION('center_axis',(0.,0.,1.));
#5417=DIRECTION('ref_axis',(1.,0.,0.));
#5418=DIRECTION('',(0.,0.,-1.));
#5419=DIRECTION('center_axis',(0.,0.,1.));
#5420=DIRECTION('ref_axis',(1.,0.,0.));
#5421=DIRECTION('',(0.,0.,-1.));
#5422=DIRECTION('',(0.,0.,-1.));
#5423=DIRECTION('',(0.,0.,1.));
#5424=DIRECTION('',(0.,0.,1.));
#5425=DIRECTION('',(0.,0.,1.));
#5426=DIRECTION('',(0.,0.,1.));
#5427=DIRECTION('',(0.,0.,1.));
#5428=DIRECTION('',(0.,0.,-1.));
#5429=DIRECTION('center_axis',(0.,0.,-1.));
#5430=DIRECTION('ref_axis',(1.,0.,0.));
#5431=DIRECTION('',(0.,0.,1.));
#5432=DIRECTION('center_axis',(0.,0.,1.));
#5433=DIRECTION('ref_axis',(1.,0.,0.));
#5434=DIRECTION('center_axis',(0.,0.,1.));
#5435=DIRECTION('ref_axis',(1.,0.,0.));
#5436=DIRECTION('',(0.,0.,-1.));
#5437=DIRECTION('center_axis',(0.,0.,-1.));
#5438=DIRECTION('ref_axis',(1.,0.,0.));
#5439=DIRECTION('',(0.,0.,1.));
#5440=DIRECTION('center_axis',(0.,0.,-1.));
#5441=DIRECTION('ref_axis',(1.,0.,0.));
#5442=DIRECTION('',(0.,0.,1.));
#5443=DIRECTION('center_axis',(0.,0.,1.));
#5444=DIRECTION('ref_axis',(1.,0.,0.));
#5445=DIRECTION('',(0.,0.,-1.));
#5446=DIRECTION('center_axis',(0.,0.,-1.));
#5447=DIRECTION('ref_axis',(1.,0.,0.));
#5448=DIRECTION('',(0.,0.,-1.));
#5449=DIRECTION('center_axis',(0.,0.,-1.));
#5450=DIRECTION('ref_axis',(1.,0.,0.));
#5451=DIRECTION('',(0.,0.,1.));
#5452=DIRECTION('center_axis',(0.,0.,1.));
#5453=DIRECTION('ref_axis',(1.,0.,0.));
#5454=DIRECTION('',(0.,0.,-1.));
#5455=DIRECTION('center_axis',(0.,0.,1.));
#5456=DIRECTION('ref_axis',(1.,0.,0.));
#5457=DIRECTION('',(0.,0.,-1.));
#5458=DIRECTION('center_axis',(0.,0.,-1.));
#5459=DIRECTION('ref_axis',(1.,0.,0.));
#5460=DIRECTION('',(0.,0.,1.));
#5461=DIRECTION('center_axis',(0.,0.,-1.));
#5462=DIRECTION('ref_axis',(1.,0.,0.));
#5463=DIRECTION('',(0.,0.,1.));
#5464=DIRECTION('center_axis',(0.,0.,1.));
#5465=DIRECTION('ref_axis',(1.,0.,0.));
#5466=DIRECTION('',(0.,0.,-1.));
#5467=DIRECTION('center_axis',(0.,0.,-1.));
#5468=DIRECTION('ref_axis',(1.,0.,0.));
#5469=DIRECTION('',(0.,0.,-1.));
#5470=DIRECTION('center_axis',(0.,0.,-1.));
#5471=DIRECTION('ref_axis',(1.,0.,0.));
#5472=DIRECTION('',(0.,0.,1.));
#5473=DIRECTION('center_axis',(0.,0.,1.));
#5474=DIRECTION('ref_axis',(1.,0.,0.));
#5475=DIRECTION('',(0.,0.,-1.));
#5476=DIRECTION('center_axis',(0.,0.,-1.));
#5477=DIRECTION('ref_axis',(1.,0.,0.));
#5478=DIRECTION('',(0.,0.,-1.));
#5479=DIRECTION('',(0.,0.,1.));
#5480=DIRECTION('center_axis',(0.,0.,-1.));
#5481=DIRECTION('ref_axis',(1.,0.,0.));
#5482=DIRECTION('',(0.,0.,1.));
#5483=DIRECTION('center_axis',(0.,0.,1.));
#5484=DIRECTION('ref_axis',(1.,0.,0.));
#5485=DIRECTION('',(0.,0.,-1.));
#5486=DIRECTION('center_axis',(0.,0.,-1.));
#5487=DIRECTION('ref_axis',(1.,0.,0.));
#5488=DIRECTION('',(0.,0.,1.));
#5489=DIRECTION('center_axis',(0.,0.,1.));
#5490=DIRECTION('ref_axis',(1.,0.,0.));
#5491=DIRECTION('',(0.,0.,-1.));
#5492=DIRECTION('center_axis',(0.,0.,-1.));
#5493=DIRECTION('ref_axis',(1.,0.,0.));
#5494=DIRECTION('',(0.,0.,-1.));
#5495=DIRECTION('',(0.,0.,1.));
#5496=DIRECTION('',(0.,0.,-1.));
#5497=DIRECTION('',(0.,0.,1.));
#5498=DIRECTION('',(0.,0.,1.));
#5499=DIRECTION('center_axis',(0.,0.,-1.));
#5500=DIRECTION('ref_axis',(1.,0.,0.));
#5501=DIRECTION('',(0.,0.,1.));
#5502=DIRECTION('center_axis',(0.,0.,1.));
#5503=DIRECTION('ref_axis',(1.,0.,0.));
#5504=DIRECTION('',(0.,0.,-1.));
#5505=DIRECTION('center_axis',(0.,0.,-1.));
#5506=DIRECTION('ref_axis',(1.,0.,0.));
#5507=DIRECTION('',(0.,0.,1.));
#5508=DIRECTION('center_axis',(0.,0.,1.));
#5509=DIRECTION('ref_axis',(1.,0.,0.));
#5510=DIRECTION('',(0.,0.,-1.));
#5511=DIRECTION('center_axis',(0.,0.,-1.));
#5512=DIRECTION('ref_axis',(1.,0.,0.));
#5513=DIRECTION('',(0.,0.,1.));
#5514=DIRECTION('center_axis',(0.,0.,-1.));
#5515=DIRECTION('ref_axis',(1.,0.,0.));
#5516=DIRECTION('',(0.,0.,-1.));
#5517=DIRECTION('center_axis',(0.,0.,-1.));
#5518=DIRECTION('ref_axis',(1.,0.,0.));
#5519=DIRECTION('',(0.,0.,1.));
#5520=DIRECTION('center_axis',(0.,0.,-1.));
#5521=DIRECTION('ref_axis',(1.,0.,0.));
#5522=DIRECTION('',(0.,0.,-1.));
#5523=DIRECTION('center_axis',(0.,0.,1.));
#5524=DIRECTION('ref_axis',(1.,0.,0.));
#5525=DIRECTION('center_axis',(0.,0.,-1.));
#5526=DIRECTION('ref_axis',(0.182897346139426,-0.98313201594453,0.));
#5527=DIRECTION('',(0.,0.,-1.));
#5528=DIRECTION('center_axis',(0.,0.,-1.));
#5529=DIRECTION('ref_axis',(0.276831274788726,-0.960918542488826,0.));
#5530=DIRECTION('',(0.,0.,1.));
#5531=DIRECTION('center_axis',(0.,0.,-1.));
#5532=DIRECTION('ref_axis',(0.308655251304071,-0.951173977694102,0.));
#5533=DIRECTION('',(0.,0.,-1.));
#5534=DIRECTION('center_axis',(0.,0.,-1.));
#5535=DIRECTION('ref_axis',(0.390031346348047,-0.920801579530536,0.));
#5536=DIRECTION('',(0.,0.,1.));
#5537=DIRECTION('center_axis',(0.,0.,-1.));
#5538=DIRECTION('ref_axis',(0.420633160748395,-0.90723081080771,0.));
#5539=DIRECTION('',(0.,0.,-1.));
#5540=DIRECTION('center_axis',(0.,0.,1.));
#5541=DIRECTION('ref_axis',(0.149888191439457,-0.988702953402592,0.));
#5542=DIRECTION('',(0.,0.,1.));
#5543=DIRECTION('center_axis',(0.,0.,1.));
#5544=DIRECTION('ref_axis',(1.,0.,0.));
#5545=DIRECTION('',(0.182897346139426,-0.98313201594453,0.));
#5546=DIRECTION('',(0.149888191439457,-0.988702953402592,0.));
#5547=DIRECTION('center_axis',(-0.98313201594453,-0.182897346139426,0.));
#5548=DIRECTION('ref_axis',(0.,0.,1.));
#5549=DIRECTION('',(0.182897346139426,-0.98313201594453,0.));
#5550=DIRECTION('center_axis',(0.,0.,1.));
#5551=DIRECTION('ref_axis',(1.,0.,0.));
#5552=DIRECTION('',(0.276831274788726,-0.960918542488826,0.));
#5553=DIRECTION('center_axis',(0.960918542488826,0.276831274788726,0.));
#5554=DIRECTION('ref_axis',(0.,0.,-1.));
#5555=DIRECTION('',(0.276831274788726,-0.960918542488826,0.));
#5556=DIRECTION('center_axis',(0.,0.,1.));
#5557=DIRECTION('ref_axis',(1.,0.,0.));
#5558=DIRECTION('',(0.308655251304071,-0.951173977694102,0.));
#5559=DIRECTION('center_axis',(-0.951173977694103,-0.308655251304071,0.));
#5560=DIRECTION('ref_axis',(0.,0.,1.));
#5561=DIRECTION('',(0.308655251304071,-0.951173977694102,0.));
#5562=DIRECTION('center_axis',(0.,0.,1.));
#5563=DIRECTION('ref_axis',(1.,0.,0.));
#5564=DIRECTION('',(0.390031346348048,-0.920801579530536,0.));
#5565=DIRECTION('center_axis',(0.920801579530536,0.390031346348048,0.));
#5566=DIRECTION('ref_axis',(0.,0.,-1.));
#5567=DIRECTION('',(0.390031346348048,-0.920801579530536,0.));
#5568=DIRECTION('center_axis',(0.,0.,1.));
#5569=DIRECTION('ref_axis',(1.,0.,0.));
#5570=DIRECTION('',(0.420633160748395,-0.90723081080771,0.));
#5571=DIRECTION('center_axis',(-0.90723081080771,-0.420633160748395,0.));
#5572=DIRECTION('ref_axis',(0.,0.,1.));
#5573=DIRECTION('',(0.420633160748395,-0.90723081080771,0.));
#5574=DIRECTION('center_axis',(0.,0.,-1.));
#5575=DIRECTION('ref_axis',(-1.,0.,0.));
#5576=DIRECTION('',(0.149888191439457,-0.988702953402592,0.));
#5577=DIRECTION('center_axis',(0.988702953402592,0.149888191439457,0.));
#5578=DIRECTION('ref_axis',(0.,0.,-1.));
#5579=DIRECTION('center_axis',(0.,0.,1.));
#5580=DIRECTION('ref_axis',(1.,0.,0.));
#5581=DIRECTION('center_axis',(0.,0.,-1.));
#5582=DIRECTION('ref_axis',(0.420633160748395,-0.90723081080771,0.));
#5583=DIRECTION('',(0.,0.,-1.));
#5584=DIRECTION('center_axis',(0.,0.,1.));
#5585=DIRECTION('ref_axis',(0.149888191439457,-0.988702953402592,0.));
#5586=DIRECTION('',(0.,0.,1.));
#5587=DIRECTION('center_axis',(0.,0.,1.));
#5588=DIRECTION('ref_axis',(1.,0.,0.));
#5589=DIRECTION('',(0.420633160748395,-0.90723081080771,0.));
#5590=DIRECTION('',(0.149888191439457,-0.988702953402592,0.));
#5591=DIRECTION('center_axis',(-0.90723081080771,-0.420633160748395,0.));
#5592=DIRECTION('ref_axis',(0.,0.,1.));
#5593=DIRECTION('',(0.420633160748395,-0.90723081080771,0.));
#5594=DIRECTION('center_axis',(0.,0.,-1.));
#5595=DIRECTION('ref_axis',(-1.,0.,0.));
#5596=DIRECTION('',(0.149888191439457,-0.988702953402592,0.));
#5597=DIRECTION('center_axis',(0.988702953402592,0.149888191439457,0.));
#5598=DIRECTION('ref_axis',(0.,0.,-1.));
#5599=DIRECTION('center_axis',(0.,0.,1.));
#5600=DIRECTION('ref_axis',(1.,0.,0.));
#5601=DIRECTION('',(0.,0.,1.));
#5602=DIRECTION('',(0.,0.,1.));
#5603=DIRECTION('',(0.,0.,-1.));
#5604=DIRECTION('',(0.,0.,1.));
#5605=DIRECTION('',(0.,0.,-1.));
#5606=DIRECTION('',(0.234179300295818,-0.972193424845571,0.));
#5607=DIRECTION('',(0.149888191439457,-0.988702953402592,0.));
#5608=DIRECTION('center_axis',(0.972193424845571,0.234179300295818,0.));
#5609=DIRECTION('ref_axis',(0.,0.,-1.));
#5610=DIRECTION('',(0.234179300295818,-0.972193424845571,0.));
#5611=DIRECTION('',(0.149888191439457,-0.988702953402592,0.));
#5612=DIRECTION('center_axis',(0.988702953402592,0.149888191439457,0.));
#5613=DIRECTION('ref_axis',(0.,0.,-1.));
#5614=DIRECTION('',(0.149888191439457,-0.988702953402592,0.));
#5615=DIRECTION('',(0.420633160748395,-0.90723081080771,0.));
#5616=DIRECTION('center_axis',(-0.90723081080771,-0.420633160748395,0.));
#5617=DIRECTION('ref_axis',(0.,0.,1.));
#5618=DIRECTION('',(0.420633160748395,-0.90723081080771,0.));
#5619=DIRECTION('',(0.149888191439457,-0.988702953402592,0.));
#5620=DIRECTION('center_axis',(0.988702953402592,0.149888191439457,0.));
#5621=DIRECTION('ref_axis',(0.,0.,-1.));
#5622=DIRECTION('',(0.393414230978558,-0.919361323345479,0.));
#5623=DIRECTION('',(0.343047267413509,-0.939318142228779,0.));
#5624=DIRECTION('',(0.338681107305737,-0.940901220933505,0.));
#5625=DIRECTION('',(0.263789854763553,-0.964580174233238,0.));
#5626=DIRECTION('center_axis',(-0.964580174233238,-0.263789854763553,0.));
#5627=DIRECTION('ref_axis',(0.,0.,1.));
#5628=DIRECTION('',(0.,0.,-1.));
#5629=DIRECTION('',(0.263789854763553,-0.964580174233238,0.));
#5630=DIRECTION('center_axis',(0.,0.,1.));
#5631=DIRECTION('ref_axis',(1.,0.,0.));
#5632=DIRECTION('center_axis',(0.,0.,1.));
#5633=DIRECTION('ref_axis',(1.,0.,0.));
#5634=DIRECTION('center_axis',(0.,0.,-1.));
#5635=DIRECTION('ref_axis',(0.182897346139426,-0.98313201594453,0.));
#5636=DIRECTION('',(0.,0.,-1.));
#5637=DIRECTION('center_axis',(0.,0.,-1.));
#5638=DIRECTION('ref_axis',(0.420633160748395,-0.90723081080771,0.));
#5639=DIRECTION('',(0.,0.,-1.));
#5640=DIRECTION('center_axis',(0.,0.,1.));
#5641=DIRECTION('ref_axis',(0.149888191439457,-0.988702953402592,0.));
#5642=DIRECTION('',(0.,0.,1.));
#5643=DIRECTION('center_axis',(0.,0.,1.));
#5644=DIRECTION('ref_axis',(1.,0.,0.));
#5645=DIRECTION('',(0.182897346139426,-0.98313201594453,0.));
#5646=DIRECTION('',(0.149888191439457,-0.988702953402592,0.));
#5647=DIRECTION('center_axis',(-0.98313201594453,-0.182897346139426,0.));
#5648=DIRECTION('ref_axis',(0.,0.,1.));
#5649=DIRECTION('',(0.182897346139426,-0.98313201594453,0.));
#5650=DIRECTION('center_axis',(0.,0.,1.));
#5651=DIRECTION('ref_axis',(1.,0.,0.));
#5652=DIRECTION('',(0.420633160748395,-0.90723081080771,0.));
#5653=DIRECTION('center_axis',(-0.90723081080771,-0.420633160748395,0.));
#5654=DIRECTION('ref_axis',(0.,0.,1.));
#5655=DIRECTION('',(0.420633160748395,-0.90723081080771,0.));
#5656=DIRECTION('center_axis',(0.,0.,-1.));
#5657=DIRECTION('ref_axis',(-1.,0.,0.));
#5658=DIRECTION('',(0.149888191439457,-0.988702953402592,0.));
#5659=DIRECTION('center_axis',(0.988702953402592,0.149888191439457,0.));
#5660=DIRECTION('ref_axis',(0.,0.,-1.));
#5661=DIRECTION('center_axis',(0.,0.,1.));
#5662=DIRECTION('ref_axis',(1.,0.,0.));
#5663=DIRECTION('center_axis',(0.,0.,-1.));
#5664=DIRECTION('ref_axis',(0.160841671861273,-0.986980220973486,0.));
#5665=DIRECTION('',(0.,0.,-1.));
#5666=DIRECTION('center_axis',(0.,0.,1.));
#5667=DIRECTION('ref_axis',(0.0536471031002722,-0.99855995730299,0.));
#5668=DIRECTION('',(0.,0.,1.));
#5669=DIRECTION('center_axis',(0.,0.,1.));
#5670=DIRECTION('ref_axis',(1.,0.,0.));
#5671=DIRECTION('',(0.160841671861273,-0.986980220973486,0.));
#5672=DIRECTION('',(0.0536471031002722,-0.99855995730299,0.));
#5673=DIRECTION('center_axis',(-0.986980220973486,-0.160841671861273,0.));
#5674=DIRECTION('ref_axis',(0.,0.,1.));
#5675=DIRECTION('',(0.160841671861273,-0.986980220973486,0.));
#5676=DIRECTION('center_axis',(0.,0.,-1.));
#5677=DIRECTION('ref_axis',(-1.,0.,0.));
#5678=DIRECTION('',(0.0536471031002722,-0.99855995730299,0.));
#5679=DIRECTION('center_axis',(0.99855995730299,0.0536471031002722,0.));
#5680=DIRECTION('ref_axis',(0.,0.,-1.));
#5681=DIRECTION('center_axis',(0.,0.,1.));
#5682=DIRECTION('ref_axis',(1.,0.,0.));
#5683=DIRECTION('center_axis',(0.,0.,-1.));
#5684=DIRECTION('ref_axis',(0.246201402013313,-0.969218690310231,0.));
#5685=DIRECTION('',(0.,0.,1.));
#5686=DIRECTION('',(0.,0.,-1.));
#5687=DIRECTION('center_axis',(0.,0.,-1.));
#5688=DIRECTION('ref_axis',(0.420633160748395,-0.90723081080771,0.));
#5689=DIRECTION('',(0.,0.,-1.));
#5690=DIRECTION('center_axis',(0.,0.,1.));
#5691=DIRECTION('ref_axis',(0.149888191439457,-0.988702953402592,0.));
#5692=DIRECTION('',(0.,0.,1.));
#5693=DIRECTION('center_axis',(0.,0.,1.));
#5694=DIRECTION('ref_axis',(1.,0.,0.));
#5695=DIRECTION('',(0.246201402013313,-0.969218690310231,0.));
#5696=DIRECTION('',(0.149888191439457,-0.988702953402592,0.));
#5697=DIRECTION('',(0.289821900099868,-0.957080595468585,0.));
#5698=DIRECTION('',(0.149888191439457,-0.988702953402592,0.));
#5699=DIRECTION('center_axis',(0.988702953402592,0.149888191439457,0.));
#5700=DIRECTION('ref_axis',(0.,0.,-1.));
#5701=DIRECTION('',(0.149888191439457,-0.988702953402592,0.));
#5702=DIRECTION('',(0.313804456361123,-0.949487631919395,0.));
#5703=DIRECTION('',(0.420633160748395,-0.90723081080771,0.));
#5704=DIRECTION('center_axis',(-0.90723081080771,-0.420633160748395,0.));
#5705=DIRECTION('ref_axis',(0.,0.,1.));
#5706=DIRECTION('',(0.420633160748395,-0.90723081080771,0.));
#5707=DIRECTION('',(0.289266235064475,-0.957248685165785,0.));
#5708=DIRECTION('center_axis',(0.,0.,1.));
#5709=DIRECTION('ref_axis',(1.,0.,0.));
#5710=DIRECTION('',(0.420633160748395,-0.90723081080771,0.));
#5711=DIRECTION('center_axis',(-0.90723081080771,-0.420633160748395,0.));
#5712=DIRECTION('ref_axis',(0.,0.,1.));
#5713=DIRECTION('',(0.420633160748395,-0.90723081080771,0.));
#5714=DIRECTION('center_axis',(0.,0.,-1.));
#5715=DIRECTION('ref_axis',(-1.,0.,0.));
#5716=DIRECTION('',(0.149888191439457,-0.988702953402592,0.));
#5717=DIRECTION('center_axis',(0.988702953402592,0.149888191439457,0.));
#5718=DIRECTION('ref_axis',(0.,0.,-1.));
#5719=DIRECTION('center_axis',(0.,0.,1.));
#5720=DIRECTION('ref_axis',(1.,0.,0.));
#5721=DIRECTION('center_axis',(0.,0.,-1.));
#5722=DIRECTION('ref_axis',(0.182897346139426,-0.98313201594453,0.));
#5723=DIRECTION('',(0.,0.,-1.));
#5724=DIRECTION('center_axis',(0.,0.,-1.));
#5725=DIRECTION('ref_axis',(0.420633160748395,-0.90723081080771,0.));
#5726=DIRECTION('',(0.,0.,-1.));
#5727=DIRECTION('center_axis',(0.,0.,1.));
#5728=DIRECTION('ref_axis',(0.149888191439457,-0.988702953402592,0.));
#5729=DIRECTION('',(0.,0.,1.));
#5730=DIRECTION('center_axis',(0.,0.,1.));
#5731=DIRECTION('ref_axis',(1.,0.,0.));
#5732=DIRECTION('',(0.182897346139426,-0.98313201594453,0.));
#5733=DIRECTION('',(0.149888191439457,-0.988702953402592,0.));
#5734=DIRECTION('center_axis',(-0.98313201594453,-0.182897346139426,0.));
#5735=DIRECTION('ref_axis',(0.,0.,1.));
#5736=DIRECTION('',(0.182897346139426,-0.98313201594453,0.));
#5737=DIRECTION('center_axis',(0.,0.,1.));
#5738=DIRECTION('ref_axis',(1.,0.,0.));
#5739=DIRECTION('',(0.420633160748395,-0.90723081080771,0.));
#5740=DIRECTION('center_axis',(-0.90723081080771,-0.420633160748395,0.));
#5741=DIRECTION('ref_axis',(0.,0.,1.));
#5742=DIRECTION('',(0.420633160748395,-0.90723081080771,0.));
#5743=DIRECTION('center_axis',(0.,0.,-1.));
#5744=DIRECTION('ref_axis',(-1.,0.,0.));
#5745=DIRECTION('',(0.149888191439457,-0.988702953402592,0.));
#5746=DIRECTION('center_axis',(0.988702953402592,0.149888191439457,0.));
#5747=DIRECTION('ref_axis',(0.,0.,-1.));
#5748=DIRECTION('center_axis',(0.,0.,1.));
#5749=DIRECTION('ref_axis',(1.,0.,0.));
#5750=DIRECTION('center_axis',(0.,0.,-1.));
#5751=DIRECTION('ref_axis',(0.364765081652507,-0.93109958393667,0.));
#5752=DIRECTION('',(0.,0.,1.));
#5753=DIRECTION('center_axis',(0.,0.,-1.));
#5754=DIRECTION('ref_axis',(0.420633160748395,-0.90723081080771,0.));
#5755=DIRECTION('',(0.,0.,-1.));
#5756=DIRECTION('center_axis',(0.,0.,1.));
#5757=DIRECTION('ref_axis',(0.20983997882388,-0.977735743075394,0.));
#5758=DIRECTION('',(0.,0.,-1.));
#5759=DIRECTION('center_axis',(0.,0.,1.));
#5760=DIRECTION('ref_axis',(0.149888191439457,-0.988702953402592,0.));
#5761=DIRECTION('',(0.,0.,1.));
#5762=DIRECTION('center_axis',(0.,0.,1.));
#5763=DIRECTION('ref_axis',(1.,0.,0.));
#5764=DIRECTION('',(0.364765081652507,-0.93109958393667,0.));
#5765=DIRECTION('',(0.149888191439457,-0.988702953402592,0.));
#5766=DIRECTION('',(0.149888191439457,-0.988702953402592,0.));
#5767=DIRECTION('center_axis',(0.988702953402592,0.149888191439457,0.));
#5768=DIRECTION('ref_axis',(0.,0.,-1.));
#5769=DIRECTION('',(0.149888191439457,-0.988702953402592,0.));
#5770=DIRECTION('center_axis',(0.,0.,1.));
#5771=DIRECTION('ref_axis',(1.,0.,0.));
#5772=DIRECTION('',(0.420633160748395,-0.90723081080771,0.));
#5773=DIRECTION('center_axis',(-0.90723081080771,-0.420633160748395,0.));
#5774=DIRECTION('ref_axis',(0.,0.,1.));
#5775=DIRECTION('',(0.420633160748395,-0.90723081080771,0.));
#5776=DIRECTION('center_axis',(0.,0.,-1.));
#5777=DIRECTION('ref_axis',(-1.,0.,0.));
#5778=DIRECTION('',(0.20983997882388,-0.977735743075394,0.));
#5779=DIRECTION('',(0.420633160748395,-0.90723081080771,0.));
#5780=DIRECTION('center_axis',(-0.90723081080771,-0.420633160748395,0.));
#5781=DIRECTION('ref_axis',(0.,0.,1.));
#5782=DIRECTION('',(0.420633160748395,-0.90723081080771,0.));
#5783=DIRECTION('center_axis',(0.,0.,-1.));
#5784=DIRECTION('ref_axis',(-1.,0.,0.));
#5785=DIRECTION('',(0.149888191439457,-0.988702953402592,0.));
#5786=DIRECTION('center_axis',(0.988702953402592,0.149888191439457,0.));
#5787=DIRECTION('ref_axis',(0.,0.,-1.));
#5788=DIRECTION('center_axis',(0.,0.,1.));
#5789=DIRECTION('ref_axis',(1.,0.,0.));
#5790=DIRECTION('',(0.,0.,-1.));
#5791=DIRECTION('',(0.,0.,1.));
#5792=DIRECTION('',(0.,0.,1.));
#5793=DIRECTION('',(0.,0.,1.));
#5794=DIRECTION('',(0.,0.,1.));
#5795=DIRECTION('',(0.,0.,1.));
#5796=DIRECTION('',(0.,0.,-1.));
#5797=DIRECTION('',(0.,0.,-1.));
#5798=DIRECTION('',(0.,0.,-1.));
#5799=DIRECTION('',(-0.0384026199852109,-0.9992623473234,0.));
#5800=DIRECTION('',(-0.0924630480813869,-0.995716116541004,0.));
#5801=DIRECTION('',(-0.0970863974702804,-0.995275957423991,0.));
#5802=DIRECTION('',(-0.17490103456119,-0.984586018644092,0.));
#5803=DIRECTION('center_axis',(-0.984586018644093,0.17490103456119,0.));
#5804=DIRECTION('ref_axis',(0.,0.,1.));
#5805=DIRECTION('',(0.,0.,-1.));
#5806=DIRECTION('',(-0.17490103456119,-0.984586018644092,0.));
#5807=DIRECTION('center_axis',(-0.999962923288356,0.00861115837767396,0.));
#5808=DIRECTION('ref_axis',(0.,0.,1.));
#5809=DIRECTION('',(-0.00861115837767388,-0.999962923288356,0.));
#5810=DIRECTION('',(-0.00861115837767396,-0.999962923288356,0.));
#5811=DIRECTION('',(-0.288154653197149,-0.957583884493067,0.));
#5812=DIRECTION('center_axis',(0.957583884493067,-0.288154653197149,0.));
#5813=DIRECTION('ref_axis',(0.,0.,-1.));
#5814=DIRECTION('',(-0.288154653197149,-0.957583884493067,0.));
#5815=DIRECTION('',(-0.204918136342843,-0.978779115734381,0.));
#5816=DIRECTION('center_axis',(0.978779115734381,-0.204918136342843,0.));
#5817=DIRECTION('ref_axis',(0.,0.,-1.));
#5818=DIRECTION('',(-0.204918136342843,-0.978779115734381,0.));
#5819=DIRECTION('',(-0.288154653197149,-0.957583884493067,0.));
#5820=DIRECTION('center_axis',(0.957583884493067,-0.288154653197149,0.));
#5821=DIRECTION('ref_axis',(0.,0.,-1.));
#5822=DIRECTION('',(-0.288154653197149,-0.957583884493067,0.));
#5823=DIRECTION('',(-0.204918136342843,-0.978779115734381,0.));
#5824=DIRECTION('center_axis',(0.978779115734381,-0.204918136342843,0.));
#5825=DIRECTION('ref_axis',(0.,0.,-1.));
#5826=DIRECTION('',(-0.204918136342843,-0.978779115734381,0.));
#5827=DIRECTION('',(-0.288154653197149,-0.957583884493067,0.));
#5828=DIRECTION('center_axis',(0.957583884493067,-0.288154653197149,0.));
#5829=DIRECTION('ref_axis',(0.,0.,-1.));
#5830=DIRECTION('',(-0.288154653197149,-0.957583884493067,0.));
#5831=DIRECTION('',(-0.00861115837767396,-0.999962923288356,0.));
#5832=DIRECTION('center_axis',(-0.999962923288356,0.00861115837767396,0.));
#5833=DIRECTION('ref_axis',(0.,0.,1.));
#5834=DIRECTION('',(-0.00861115837767391,-0.999962923288356,0.));
#5835=DIRECTION('',(-0.286752964893992,-0.958004560075006,0.));
#5836=DIRECTION('',(-0.0384026199852109,-0.9992623473234,0.));
#5837=DIRECTION('',(-0.0924630480813869,-0.995716116541004,0.));
#5838=DIRECTION('',(-0.0970863974702804,-0.995275957423991,0.));
#5839=DIRECTION('',(-0.17490103456119,-0.984586018644092,0.));
#5840=DIRECTION('center_axis',(-0.984586018644093,0.17490103456119,0.));
#5841=DIRECTION('ref_axis',(0.,0.,1.));
#5842=DIRECTION('',(0.,0.,-1.));
#5843=DIRECTION('',(-0.17490103456119,-0.984586018644092,0.));
#5844=DIRECTION('center_axis',(0.,0.,1.));
#5845=DIRECTION('ref_axis',(1.,0.,0.));
#5846=DIRECTION('center_axis',(0.,0.,1.));
#5847=DIRECTION('ref_axis',(1.,0.,0.));
#5848=DIRECTION('center_axis',(0.,0.,1.));
#5849=DIRECTION('ref_axis',(1.,0.,0.));
#5850=DIRECTION('',(0.,0.,-1.));
#5851=DIRECTION('center_axis',(0.,0.,1.));
#5852=DIRECTION('ref_axis',(-0.112097388636953,-0.993697225245585,0.));
#5853=DIRECTION('center_axis',(0.,0.,1.));
#5854=DIRECTION('ref_axis',(-0.288154653197149,-0.957583884493067,0.));
#5855=DIRECTION('',(0.,0.,1.));
#5856=DIRECTION('center_axis',(0.,0.,-1.));
#5857=DIRECTION('ref_axis',(-0.0074501312207774,-0.999972247387293,0.));
#5858=DIRECTION('center_axis',(-0.999972247387293,0.0074501312207774,0.));
#5859=DIRECTION('ref_axis',(0.,0.,1.));
#5860=DIRECTION('',(-0.0074501312207774,-0.999972247387293,0.));
#5861=DIRECTION('',(-0.0074501312207774,-0.999972247387293,0.));
#5862=DIRECTION('',(-0.0453628810303927,-0.99897057465404,0.));
#5863=DIRECTION('',(-0.0785813486612439,-0.996907704676105,0.));
#5864=DIRECTION('center_axis',(0.,0.,-1.));
#5865=DIRECTION('ref_axis',(-1.,0.,0.));
#5866=DIRECTION('',(-0.112097388636953,-0.993697225245585,0.));
#5867=DIRECTION('',(-0.0941970010867512,-0.995553577155073,0.));
#5868=DIRECTION('',(-0.0702833930494756,-0.997527064626045,0.));
#5869=DIRECTION('center_axis',(0.,0.,-1.));
#5870=DIRECTION('ref_axis',(-1.,0.,0.));
#5871=DIRECTION('',(-0.288154653197149,-0.957583884493067,0.));
#5872=DIRECTION('center_axis',(0.957583884493067,-0.288154653197149,0.));
#5873=DIRECTION('ref_axis',(0.,0.,-1.));
#5874=DIRECTION('',(-0.288154653197149,-0.957583884493067,0.));
#5875=DIRECTION('center_axis',(0.,0.,1.));
#5876=DIRECTION('ref_axis',(1.,0.,0.));
#5877=DIRECTION('center_axis',(0.,0.,1.));
#5878=DIRECTION('ref_axis',(1.,0.,0.));
#5879=DIRECTION('',(0.,0.,1.));
#5880=DIRECTION('center_axis',(0.,0.,-1.));
#5881=DIRECTION('ref_axis',(-0.0124811844497523,-0.999922106983705,0.));
#5882=DIRECTION('',(0.,0.,-1.));
#5883=DIRECTION('',(-0.292783846657667,-0.956178654403213,0.));
#5884=DIRECTION('',(-0.271993195170516,-0.962299174779306,0.));
#5885=DIRECTION('',(-0.259681057416051,-0.965694438432407,0.));
#5886=DIRECTION('',(-0.194869037674813,-0.980829270645861,0.));
#5887=DIRECTION('',(-0.129577610473032,-0.991569282936951,0.));
#5888=DIRECTION('',(-0.104017464028863,-0.994575470830145,0.));
#5889=DIRECTION('',(-0.121706575688562,-0.992566123456853,0.));
#5890=DIRECTION('',(-0.0457495289199414,-0.998952942136717,0.));
#5891=DIRECTION('center_axis',(0.998952942136717,-0.0457495289199414,0.));
#5892=DIRECTION('ref_axis',(0.,0.,-1.));
#5893=DIRECTION('',(-0.0457495289199414,-0.998952942136717,0.));
#5894=DIRECTION('center_axis',(0.,0.,1.));
#5895=DIRECTION('ref_axis',(1.,0.,0.));
#5896=DIRECTION('',(-0.0124811844497523,-0.999922106983705,0.));
#5897=DIRECTION('center_axis',(-0.999922106983705,0.0124811844497523,0.));
#5898=DIRECTION('ref_axis',(0.,0.,1.));
#5899=DIRECTION('',(-0.0124811844497523,-0.999922106983705,0.));
#5900=DIRECTION('',(-0.157536667549786,-0.98751313833149,0.));
#5901=DIRECTION('',(-0.161739360435063,-0.986833511432428,0.));
#5902=DIRECTION('',(-0.142134997277397,-0.989847282437525,0.));
#5903=DIRECTION('',(-0.134564840206735,-0.990904790471888,0.));
#5904=DIRECTION('',(-0.151609927126335,-0.9884404028553,0.));
#5905=DIRECTION('',(-0.197904970585816,-0.980221211062803,0.));
#5906=DIRECTION('',(-0.246951599848906,-0.969027815561589,0.));
#5907=DIRECTION('',(-0.265282818515687,-0.96417064163994,0.));
#5908=DIRECTION('',(-0.252292081374807,-0.967651128080554,0.));
#5909=DIRECTION('',(-0.213244424843192,-0.976998881920187,0.));
#5910=DIRECTION('',(-0.216268327389563,-0.976333964669939,0.));
#5911=DIRECTION('center_axis',(0.,0.,1.));
#5912=DIRECTION('ref_axis',(1.,0.,0.));
#5913=DIRECTION('center_axis',(0.,0.,-1.));
#5914=DIRECTION('ref_axis',(-0.255941649057846,-0.966692232449165,0.));
#5915=DIRECTION('',(0.,0.,-1.));
#5916=DIRECTION('center_axis',(0.,0.,-1.));
#5917=DIRECTION('ref_axis',(-0.00861115837767396,-0.999962923288356,0.));
#5918=DIRECTION('',(0.,0.,-1.));
#5919=DIRECTION('center_axis',(0.,0.,1.));
#5920=DIRECTION('ref_axis',(-0.288154653197149,-0.957583884493067,0.));
#5921=DIRECTION('',(0.,0.,1.));
#5922=DIRECTION('center_axis',(0.,0.,1.));
#5923=DIRECTION('ref_axis',(1.,0.,0.));
#5924=DIRECTION('',(-0.255941649057846,-0.966692232449165,0.));
#5925=DIRECTION('',(-0.288154653197149,-0.957583884493067,0.));
#5926=DIRECTION('center_axis',(-0.966692232449165,0.255941649057846,0.));
#5927=DIRECTION('ref_axis',(0.,0.,1.));
#5928=DIRECTION('',(-0.255941649057846,-0.966692232449165,0.));
#5929=DIRECTION('center_axis',(0.,0.,1.));
#5930=DIRECTION('ref_axis',(1.,0.,0.));
#5931=DIRECTION('',(-0.00861115837767396,-0.999962923288356,0.));
#5932=DIRECTION('center_axis',(-0.999962923288356,0.00861115837767396,0.));
#5933=DIRECTION('ref_axis',(0.,0.,1.));
#5934=DIRECTION('',(-0.00861115837767392,-0.999962923288356,0.));
#5935=DIRECTION('center_axis',(0.,0.,-1.));
#5936=DIRECTION('ref_axis',(-1.,0.,0.));
#5937=DIRECTION('',(-0.288154653197149,-0.957583884493067,0.));
#5938=DIRECTION('center_axis',(0.957583884493067,-0.288154653197149,0.));
#5939=DIRECTION('ref_axis',(0.,0.,-1.));
#5940=DIRECTION('center_axis',(0.,0.,1.));
#5941=DIRECTION('ref_axis',(1.,0.,0.));
#5942=DIRECTION('',(-0.138590525771603,-0.990349769609884,0.));
#5943=DIRECTION('',(-0.15533874200085,-0.987861263150648,0.));
#5944=DIRECTION('',(-0.15533874200085,-0.987861263150648,0.));
#5945=DIRECTION('',(-0.200938923434878,-0.979603771454986,0.));
#5946=DIRECTION('',(-0.248076537095104,-0.968740435691058,0.));
#5947=DIRECTION('',(-0.265282818515687,-0.96417064163994,0.));
#5948=DIRECTION('',(-0.256970397456103,-0.966419274865342,0.));
#5949=DIRECTION('',(-0.232674035859921,-0.972554776368229,0.));
#5950=DIRECTION('',(-0.199042937144228,-0.979990769942758,0.));
#5951=DIRECTION('',(-0.0074501312207774,-0.999972247387293,0.));
#5952=DIRECTION('',(-0.0262177551193188,-0.999656255578138,0.));
#5953=DIRECTION('',(-0.0399494612973311,-0.999201701630884,0.));
#5954=DIRECTION('',(-0.158874197565537,-0.987298834876202,0.));
#5955=DIRECTION('',(-0.262016246550468,-0.965063462443587,0.));
#5956=DIRECTION('',(-0.292783846657667,-0.956178654403213,0.));
#5957=DIRECTION('',(-0.281105392547091,-0.959676903067353,0.));
#5958=DIRECTION('',(-0.247232844949611,-0.968956098271806,0.));
#5959=DIRECTION('',(-0.19885328083382,-0.980029271349395,0.));
#5960=DIRECTION('',(-0.133510183910499,-0.991047441241934,0.));
#5961=DIRECTION('',(-0.108058318580841,-0.994144556785119,0.));
#5962=DIRECTION('',(-0.117287653294119,-0.993097984281893,0.));
#5963=DIRECTION('',(-0.145486267766975,-0.989360271029333,0.));
#5964=DIRECTION('',(-0.0803173979331815,-0.996769339210052,0.));
#5965=DIRECTION('',(-0.0453628810303927,-0.99897057465404,0.));
#5966=DIRECTION('',(-0.0360821021326579,-0.99934882894097,0.));
#5967=DIRECTION('',(-0.050968158832046,-0.998700278754978,0.));
#5968=DIRECTION('',(-0.0807031912169301,-0.996738177721413,0.));
#5969=DIRECTION('',(-0.0780025561545159,-0.996953158996631,0.));
#5970=DIRECTION('center_axis',(0.,0.,1.));
#5971=DIRECTION('ref_axis',(1.,0.,0.));
#5972=DIRECTION('center_axis',(0.,0.,1.));
#5973=DIRECTION('ref_axis',(1.,0.,0.));
#5974=DIRECTION('center_axis',(0.,0.,-1.));
#5975=DIRECTION('ref_axis',(1.,0.,0.));
#5976=DIRECTION('',(0.,0.,1.));
#5977=DIRECTION('center_axis',(0.,0.,-1.));
#5978=DIRECTION('ref_axis',(1.,0.,0.));
#5979=DIRECTION('center_axis',(0.,0.,1.));
#5980=DIRECTION('ref_axis',(1.,0.,0.));
#5981=DIRECTION('center_axis',(0.,0.,1.));
#5982=DIRECTION('ref_axis',(1.,0.,0.));
#5983=DIRECTION('center_axis',(0.,0.,1.));
#5984=DIRECTION('ref_axis',(1.,0.,0.));
#5985=DIRECTION('center_axis',(0.,0.,1.));
#5986=DIRECTION('ref_axis',(1.,0.,0.));
#5987=DIRECTION('center_axis',(0.,0.,-1.));
#5988=DIRECTION('ref_axis',(1.,0.,0.));
#5989=DIRECTION('',(0.,0.,1.));
#5990=DIRECTION('center_axis',(0.,0.,-1.));
#5991=DIRECTION('ref_axis',(1.,0.,0.));
#5992=DIRECTION('center_axis',(0.,0.,1.));
#5993=DIRECTION('ref_axis',(1.,0.,0.));
#5994=DIRECTION('center_axis',(0.,0.,1.));
#5995=DIRECTION('ref_axis',(1.,0.,0.));
#5996=DIRECTION('',(0.,0.,-1.));
#5997=DIRECTION('center_axis',(0.,0.,1.));
#5998=DIRECTION('ref_axis',(1.,0.,0.));
#5999=DIRECTION('center_axis',(0.,0.,1.));
#6000=DIRECTION('ref_axis',(1.,0.,0.));
#6001=DIRECTION('center_axis',(0.,0.,1.));
#6002=DIRECTION('ref_axis',(1.,0.,0.));
#6003=DIRECTION('center_axis',(0.,0.,1.));
#6004=DIRECTION('ref_axis',(1.,0.,0.));
#6005=DIRECTION('center_axis',(0.,0.,-1.));
#6006=DIRECTION('ref_axis',(1.,0.,0.));
#6007=DIRECTION('',(0.,0.,1.));
#6008=DIRECTION('center_axis',(0.,0.,-1.));
#6009=DIRECTION('ref_axis',(1.,0.,0.));
#6010=DIRECTION('center_axis',(0.,0.,1.));
#6011=DIRECTION('ref_axis',(1.,0.,0.));
#6012=DIRECTION('center_axis',(0.,0.,1.));
#6013=DIRECTION('ref_axis',(1.,0.,0.));
#6014=DIRECTION('',(0.,0.,-1.));
#6015=DIRECTION('center_axis',(0.,0.,1.));
#6016=DIRECTION('ref_axis',(1.,0.,0.));
#6017=DIRECTION('center_axis',(0.,0.,1.));
#6018=DIRECTION('ref_axis',(1.,0.,0.));
#6019=DIRECTION('center_axis',(0.,0.,1.));
#6020=DIRECTION('ref_axis',(1.,0.,0.));
#6021=DIRECTION('center_axis',(0.,0.,1.));
#6022=DIRECTION('ref_axis',(1.,0.,0.));
#6023=DIRECTION('center_axis',(0.,0.,-1.));
#6024=DIRECTION('ref_axis',(1.,0.,0.));
#6025=DIRECTION('',(0.,0.,1.));
#6026=DIRECTION('center_axis',(0.,0.,-1.));
#6027=DIRECTION('ref_axis',(1.,0.,0.));
#6028=DIRECTION('center_axis',(0.,0.,1.));
#6029=DIRECTION('ref_axis',(1.,0.,0.));
#6030=DIRECTION('center_axis',(0.,0.,1.));
#6031=DIRECTION('ref_axis',(1.,0.,0.));
#6032=DIRECTION('',(0.,0.,-1.));
#6033=DIRECTION('center_axis',(0.,0.,1.));
#6034=DIRECTION('ref_axis',(1.,0.,0.));
#6035=DIRECTION('center_axis',(0.,0.,1.));
#6036=DIRECTION('ref_axis',(1.,0.,0.));
#6037=DIRECTION('center_axis',(0.,0.,1.));
#6038=DIRECTION('ref_axis',(1.,0.,0.));
#6039=DIRECTION('center_axis',(0.,0.,1.));
#6040=DIRECTION('ref_axis',(1.,0.,0.));
#6041=DIRECTION('center_axis',(0.,0.,-1.));
#6042=DIRECTION('ref_axis',(1.,0.,0.));
#6043=DIRECTION('',(0.,0.,1.));
#6044=DIRECTION('center_axis',(0.,0.,-1.));
#6045=DIRECTION('ref_axis',(1.,0.,0.));
#6046=DIRECTION('center_axis',(0.,0.,1.));
#6047=DIRECTION('ref_axis',(1.,0.,0.));
#6048=DIRECTION('center_axis',(0.,0.,1.));
#6049=DIRECTION('ref_axis',(1.,0.,0.));
#6050=DIRECTION('',(0.,0.,-1.));
#6051=DIRECTION('center_axis',(0.,0.,1.));
#6052=DIRECTION('ref_axis',(1.,0.,0.));
#6053=DIRECTION('center_axis',(0.,0.,1.));
#6054=DIRECTION('ref_axis',(1.,0.,0.));
#6055=DIRECTION('center_axis',(0.,0.,1.));
#6056=DIRECTION('ref_axis',(1.,0.,0.));
#6057=CARTESIAN_POINT('',(0.,0.,0.));
#6058=CARTESIAN_POINT('Origin',(0.,0.,0.));
#6059=CARTESIAN_POINT('',(-4.3,-5.26598123633362E-16,-0.2));
#6060=CARTESIAN_POINT('Origin',(0.,0.,-0.2));
#6061=CARTESIAN_POINT('',(-4.3,-5.26598123633362E-16,0.));
#6062=CARTESIAN_POINT('',(-4.3,5.26598123633362E-16,0.));
#6063=CARTESIAN_POINT('Origin',(0.,0.,0.));
#6064=CARTESIAN_POINT('Origin',(0.,0.,-0.2));
#6065=CARTESIAN_POINT('Origin',(0.,0.,47.8));
#6066=CARTESIAN_POINT('',(-2.6,-3.18408167778312E-16,49.2));
#6067=CARTESIAN_POINT('Origin',(0.,0.,49.2));
#6068=CARTESIAN_POINT('',(-2.6,-3.18408167778312E-16,47.8));
#6069=CARTESIAN_POINT('',(-2.6,-3.18408167778312E-16,47.8));
#6070=CARTESIAN_POINT('Origin',(0.,0.,47.8));
#6071=CARTESIAN_POINT('Origin',(0.,0.,49.2));
#6072=CARTESIAN_POINT('Origin',(0.,0.,0.));
#6073=CARTESIAN_POINT('',(-7.,-8.57252759403147E-16,47.8));
#6074=CARTESIAN_POINT('Origin',(0.,0.,47.8));
#6075=CARTESIAN_POINT('',(-7.,-8.57252759403147E-16,0.));
#6076=CARTESIAN_POINT('',(-7.,-8.57252759403147E-16,0.));
#6077=CARTESIAN_POINT('Origin',(0.,0.,0.));
#6078=CARTESIAN_POINT('Origin',(0.,0.,47.8));
#6079=CARTESIAN_POINT('Origin',(0.,0.,0.));
#6080=CARTESIAN_POINT('Origin',(0.,0.,0.));
#6081=CARTESIAN_POINT('',(0.145843642754782,-7.05849343924524,31.0522153634558));
#6082=CARTESIAN_POINT('',(-0.884402112422115,-7.00438669003527,31.0522153634558));
#6083=CARTESIAN_POINT('Origin',(0.,0.,31.0522153634558));
#6084=CARTESIAN_POINT('',(0.145843642754782,-7.05849343924523,30.0102665681372));
#6085=CARTESIAN_POINT('',(0.145843642754782,-7.05849343924524,30.0102665681372));
#6086=CARTESIAN_POINT('',(0.856521190864171,-7.00785070114943,30.0102665681372));
#6087=CARTESIAN_POINT('Origin',(0.,0.,30.0102665681372));
#6088=CARTESIAN_POINT('',(0.856521190864171,-7.00785070114944,31.0522153634558));
#6089=CARTESIAN_POINT('',(0.856521190864171,-7.00785070114943,31.0522153634558));
#6090=CARTESIAN_POINT('',(1.8686844056174,-6.80820230253203,31.0522153634558));
#6091=CARTESIAN_POINT('Origin',(0.,0.,31.0522153634558));
#6092=CARTESIAN_POINT('',(1.8686844056174,-6.80820230253202,31.7450433630476));
#6093=CARTESIAN_POINT('',(1.8686844056174,-6.80820230253203,31.7450433630476));
#6094=CARTESIAN_POINT('',(0.856521190864171,-7.00785070114943,31.7450433630476));
#6095=CARTESIAN_POINT('Origin',(0.,0.,31.7450433630476));
#6096=CARTESIAN_POINT('',(0.856521190864171,-7.00785070114944,32.7842856604586));
#6097=CARTESIAN_POINT('',(0.856521190864171,-7.00785070114943,32.7842856604586));
#6098=CARTESIAN_POINT('',(0.145843642754782,-7.05849343924524,32.7842856604586));
#6099=CARTESIAN_POINT('Origin',(0.,0.,32.7842856604586));
#6100=CARTESIAN_POINT('',(0.145843642754782,-7.05849343924524,31.7450433630476));
#6101=CARTESIAN_POINT('',(0.145843642754782,-7.05849343924524,31.7450433630476));
#6102=CARTESIAN_POINT('',(-0.884402112422115,-7.00438669003527,31.7450433630476));
#6103=CARTESIAN_POINT('Origin',(0.,0.,31.7450433630476));
#6104=CARTESIAN_POINT('',(-0.884402112422115,-7.00438669003527,31.0522153634558));
#6105=CARTESIAN_POINT('Origin',(-0.369744412899499,-7.04029751282782,31.0522153634558));
#6106=CARTESIAN_POINT('',(0.145637065357112,-7.04849557318398,31.0522153634558));
#6107=CARTESIAN_POINT('',(-0.883149418211885,-6.99446546242899,31.0522153634558));
#6108=CARTESIAN_POINT('Origin',(0.,0.,31.0522153634558));
#6109=CARTESIAN_POINT('',(0.145637065357112,-7.04849557318398,31.0522153634558));
#6110=CARTESIAN_POINT('',(-0.883149418211885,-6.99446546242899,31.0522153634558));
#6111=CARTESIAN_POINT('Origin',(0.145637065357112,-7.04849557318398,30.5312409657965));
#6112=CARTESIAN_POINT('',(0.145637065357112,-7.04849557318398,30.0102665681372));
#6113=CARTESIAN_POINT('',(0.145637065357114,-7.04849557318398,0.));
#6114=CARTESIAN_POINT('',(0.145637065357112,-7.04849557318398,30.0102665681372));
#6115=CARTESIAN_POINT('Origin',(0.501110872610523,-7.0321680791454,30.0102665681372));
#6116=CARTESIAN_POINT('',(0.85530798804425,-6.99792456701183,30.0102665681372));
#6117=CARTESIAN_POINT('Origin',(0.,0.,30.0102665681372));
#6118=CARTESIAN_POINT('',(0.85530798804425,-6.99792456701183,30.0102665681372));
#6119=CARTESIAN_POINT('Origin',(0.85530798804425,-6.99792456701183,30.5312409657965));
#6120=CARTESIAN_POINT('',(0.85530798804425,-6.99792456701183,31.0522153634558));
#6121=CARTESIAN_POINT('',(0.85530798804425,-6.99792456701183,0.));
#6122=CARTESIAN_POINT('',(0.85530798804425,-6.99792456701183,31.0522153634558));
#6123=CARTESIAN_POINT('Origin',(1.36431925796663,-6.91672848696126,31.0522153634558));
#6124=CARTESIAN_POINT('',(1.86603754385307,-6.79855895649444,31.0522153634558));
#6125=CARTESIAN_POINT('Origin',(0.,0.,31.0522153634558));
#6126=CARTESIAN_POINT('',(1.86603754385307,-6.79855895649444,31.0522153634558));
#6127=CARTESIAN_POINT('Origin',(1.86603754385307,-6.79855895649444,31.3986293632517));
#6128=CARTESIAN_POINT('',(1.86603754385307,-6.79855895649444,31.7450433630476));
#6129=CARTESIAN_POINT('',(1.86603754385307,-6.79855895649444,0.));
#6130=CARTESIAN_POINT('',(1.86603754385307,-6.79855895649444,31.7450433630476));
#6131=CARTESIAN_POINT('Origin',(1.36431925796663,-6.91672848696126,31.7450433630476));
#6132=CARTESIAN_POINT('',(0.85530798804425,-6.99792456701183,31.7450433630476));
#6133=CARTESIAN_POINT('Origin',(0.,0.,31.7450433630476));
#6134=CARTESIAN_POINT('',(0.85530798804425,-6.99792456701183,31.7450433630476));
#6135=CARTESIAN_POINT('Origin',(0.85530798804425,-6.99792456701183,32.2646645117531));
#6136=CARTESIAN_POINT('',(0.85530798804425,-6.99792456701183,32.7842856604586));
#6137=CARTESIAN_POINT('',(0.85530798804425,-6.99792456701183,0.));
#6138=CARTESIAN_POINT('',(0.85530798804425,-6.99792456701183,32.7842856604586));
#6139=CARTESIAN_POINT('Origin',(0.501110872610523,-7.0321680791454,32.7842856604586));
#6140=CARTESIAN_POINT('',(0.145637065357112,-7.04849557318398,32.7842856604586));
#6141=CARTESIAN_POINT('Origin',(0.,0.,32.7842856604586));
#6142=CARTESIAN_POINT('',(0.145637065357112,-7.04849557318398,32.7842856604586));
#6143=CARTESIAN_POINT('Origin',(0.145637065357112,-7.04849557318398,32.2646645117531));
#6144=CARTESIAN_POINT('',(0.145637065357112,-7.04849557318398,31.7450433630476));
#6145=CARTESIAN_POINT('',(0.145637065357114,-7.04849557318398,0.));
#6146=CARTESIAN_POINT('',(0.145637065357112,-7.04849557318398,31.7450433630476));
#6147=CARTESIAN_POINT('Origin',(-0.369744412899498,-7.04029751282782,31.7450433630476));
#6148=CARTESIAN_POINT('',(-0.883149418211885,-6.99446546242899,31.7450433630476));
#6149=CARTESIAN_POINT('Origin',(0.,0.,31.7450433630476));
#6150=CARTESIAN_POINT('',(-0.883149418211885,-6.99446546242899,31.7450433630476));
#6151=CARTESIAN_POINT('Origin',(-0.883149418211885,-6.99446546242899,31.3986293632517));
#6152=CARTESIAN_POINT('',(-0.883149418211885,-6.99446546242899,0.));
#6153=CARTESIAN_POINT('Origin',(0.,0.,0.));
#6154=CARTESIAN_POINT('',(-1.16883483731168,-6.96257316823935,11.9693030999042));
#6155=CARTESIAN_POINT('',(-2.03437185157187,-6.76054222452105,11.9693030999042));
#6156=CARTESIAN_POINT('Origin',(0.,0.,11.9693030999042));
#6157=CARTESIAN_POINT('',(-1.16883483731168,-6.96257316823935,11.6623463318683));
#6158=CARTESIAN_POINT('',(-1.16883483731168,-6.96257316823935,11.6623463318683));
#6159=CARTESIAN_POINT('',(-1.17826519078751,-6.96098348943441,11.5150060341693));
#6160=CARTESIAN_POINT('Ctrl Pts',(-1.17826519078751,-6.96098348943441,11.5150060341693));
#6161=CARTESIAN_POINT('Ctrl Pts',(-1.17553895726984,-6.96144495095931,11.5347600749836));
#6162=CARTESIAN_POINT('Ctrl Pts',(-1.17281239464639,-6.96190446543443,11.5545141157979));
#6163=CARTESIAN_POINT('Ctrl Pts',(-1.171192333121,-6.96217699565578,11.5743508026935));
#6164=CARTESIAN_POINT('Ctrl Pts',(-1.16880656113971,-6.96257833533083,11.6035631573206));
#6165=CARTESIAN_POINT('Ctrl Pts',(-1.16882066491393,-6.9625755474161,11.6329547445945));
#6166=CARTESIAN_POINT('Ctrl Pts',(-1.16883483731168,-6.96257316823935,11.6623463318683));
#6167=CARTESIAN_POINT('',(-1.23076541912145,-6.9518930143591,11.3942708657123));
#6168=CARTESIAN_POINT('Ctrl Pts',(-1.23076541912145,-6.9518930143591,11.3942708657123));
#6169=CARTESIAN_POINT('Ctrl Pts',(-1.21923780763259,-6.95393386647754,11.4138335563608));
#6170=CARTESIAN_POINT('Ctrl Pts',(-1.19680245835737,-6.95783743363599,11.4518871579948));
#6171=CARTESIAN_POINT('Ctrl Pts',(-1.18432759808146,-6.95995732359195,11.4943652068498));
#6172=CARTESIAN_POINT('Ctrl Pts',(-1.17826519078751,-6.96098348943441,11.5150060341693));
#6173=CARTESIAN_POINT('',(-1.36237308066,-6.92730391920933,11.2598910019733));
#6174=CARTESIAN_POINT('Ctrl Pts',(-1.36237308066,-6.92730391920933,11.2598910019733));
#6175=CARTESIAN_POINT('Ctrl Pts',(-1.33651457630655,-6.93238943742077,11.2809473215348));
#6176=CARTESIAN_POINT('Ctrl Pts',(-1.31284780957274,-6.93689369805523,11.3003192246242));
#6177=CARTESIAN_POINT('Ctrl Pts',(-1.26374239646457,-6.94602981945429,11.3495753768214));
#6178=CARTESIAN_POINT('Ctrl Pts',(-1.24459352827054,-6.94944488138044,11.3761588936862));
#6179=CARTESIAN_POINT('Ctrl Pts',(-1.23076541912145,-6.9518930143591,11.3942708657123));
#6180=CARTESIAN_POINT('',(-1.63204700902068,-6.86877154667024,11.068893878255));
#6181=CARTESIAN_POINT('Ctrl Pts',(-1.63204700902068,-6.86877154667024,11.068893878255));
#6182=CARTESIAN_POINT('Ctrl Pts',(-1.58598599445143,-6.8797158240493,11.0994927979215));
#6183=CARTESIAN_POINT('Ctrl Pts',(-1.54048066794669,-6.89003859269435,11.1296489485232));
#6184=CARTESIAN_POINT('Ctrl Pts',(-1.4473377723306,-6.91022603500049,11.1952571585309));
#6185=CARTESIAN_POINT('Ctrl Pts',(-1.40282889093673,-6.91934759052503,11.2291877673528));
#6186=CARTESIAN_POINT('Ctrl Pts',(-1.36237308066,-6.92730391920933,11.2598910019733));
#6187=CARTESIAN_POINT('',(-2.03437185157187,-6.76054222452105,10.8042277977802));
#6188=CARTESIAN_POINT('Ctrl Pts',(-2.03437185157187,-6.76054222452105,10.8042277977802));
#6189=CARTESIAN_POINT('Ctrl Pts',(-1.96785381664711,-6.78055872813551,10.8483492103611));
#6190=CARTESIAN_POINT('Ctrl Pts',(-1.90106569712554,-6.79958588631621,10.8924538253142));
#6191=CARTESIAN_POINT('Ctrl Pts',(-1.76695011489079,-6.83566429117649,10.9806678507208));
#6192=CARTESIAN_POINT('Ctrl Pts',(-1.69962992921583,-6.85271358026155,11.0247724656737));
#6193=CARTESIAN_POINT('Ctrl Pts',(-1.63204700902068,-6.86877154667024,11.068893878255));
#6194=CARTESIAN_POINT('',(-2.03437185157187,-6.76054222452105,10.4713501618244));
#6195=CARTESIAN_POINT('',(-2.03437185157187,-6.76054222452105,10.4713501618244));
#6196=CARTESIAN_POINT('',(-1.50684047066451,-6.89732062441406,10.8192362473346));
#6197=CARTESIAN_POINT('Ctrl Pts',(-1.50684047066451,-6.89732062441406,10.8192362473346));
#6198=CARTESIAN_POINT('Ctrl Pts',(-1.68435703213225,-6.85853902303599,10.7032742188312));
#6199=CARTESIAN_POINT('Ctrl Pts',(-1.86037556015598,-6.81290091791853,10.5873121903278));
#6200=CARTESIAN_POINT('Ctrl Pts',(-2.03437185157187,-6.76054222452105,10.4713501618244));
#6201=CARTESIAN_POINT('',(-1.24556045012353,-6.94925745422402,11.0388817475177));
#6202=CARTESIAN_POINT('Ctrl Pts',(-1.24556045012353,-6.94925745422402,11.0388817475177));
#6203=CARTESIAN_POINT('Ctrl Pts',(-1.27640138922998,-6.94372963283465,11.0075635907981));
#6204=CARTESIAN_POINT('Ctrl Pts',(-1.31860050330933,-6.93596325422332,10.9633592280362));
#6205=CARTESIAN_POINT('Ctrl Pts',(-1.41336365436563,-6.91722324079165,10.8841718004796));
#6206=CARTESIAN_POINT('Ctrl Pts',(-1.45911348485054,-6.90774742022123,10.8524341024557));
#6207=CARTESIAN_POINT('Ctrl Pts',(-1.50684047066451,-6.89732062441406,10.8192362473346));
#6208=CARTESIAN_POINT('',(-1.1472721385877,-6.96615867175163,11.1984982178547));
#6209=CARTESIAN_POINT('Ctrl Pts',(-1.1472721385877,-6.96615867175163,11.1984982178547));
#6210=CARTESIAN_POINT('Ctrl Pts',(-1.16019176414618,-6.964030909933,11.1720364375984));
#6211=CARTESIAN_POINT('Ctrl Pts',(-1.17310614470739,-6.96187116945754,11.145574657342));
#6212=CARTESIAN_POINT('Ctrl Pts',(-1.18799725358836,-6.95932917208739,11.1203892472467));
#6213=CARTESIAN_POINT('Ctrl Pts',(-1.19084872525657,-6.95884240958101,11.1155665383461));
#6214=CARTESIAN_POINT('Ctrl Pts',(-1.19377265336598,-6.95834148212355,11.110790631044));
#6215=CARTESIAN_POINT('Ctrl Pts',(-1.19678291394423,-6.95782370119358,11.1060704872944));
#6216=CARTESIAN_POINT('Ctrl Pts',(-1.2116438901654,-6.95526753374959,11.0827682042524));
#6217=CARTESIAN_POINT('Ctrl Pts',(-1.22860814444528,-6.95229592583488,11.0608249758851));
#6218=CARTESIAN_POINT('Ctrl Pts',(-1.24556045012353,-6.94925745422402,11.0388817475177));
#6219=CARTESIAN_POINT('',(-0.963563390921043,-6.99393634455424,10.7728519127704));
#6220=CARTESIAN_POINT('Ctrl Pts',(-0.963563390921043,-6.99393634455424,
10.7728519127704));
#6221=CARTESIAN_POINT('Ctrl Pts',(-1.0164029005191,-6.98665657897808,10.8398491364893));
#6222=CARTESIAN_POINT('Ctrl Pts',(-1.06027277617304,-6.97999995360278,10.894624953833));
#6223=CARTESIAN_POINT('Ctrl Pts',(-1.11694743678878,-6.97113401115044,11.0315037265712));
#6224=CARTESIAN_POINT('Ctrl Pts',(-1.13081811620492,-6.96886852123065,11.1006343808181));
#6225=CARTESIAN_POINT('Ctrl Pts',(-1.1472721385877,-6.96615867175163,11.1984982178547));
#6226=CARTESIAN_POINT('',(-0.606523588625044,-7.03389857308459,10.6350602791645));
#6227=CARTESIAN_POINT('Ctrl Pts',(-0.606523588625044,-7.03389857308459,
10.6350602791645));
#6228=CARTESIAN_POINT('Ctrl Pts',(-0.676724543900362,-7.02784523937838,
10.6406248496702));
#6229=CARTESIAN_POINT('Ctrl Pts',(-0.741076012455921,-7.02123883158329,
10.6462250956696));
#6230=CARTESIAN_POINT('Ctrl Pts',(-0.865679806442734,-7.00704544764215,
10.6938658087682));
#6231=CARTESIAN_POINT('Ctrl Pts',(-0.922284858942999,-6.99962333972914,
10.7406976441089));
#6232=CARTESIAN_POINT('Ctrl Pts',(-0.963563390921043,-6.99393634455424,
10.7728519127704));
#6233=CARTESIAN_POINT('',(-0.305248748555481,-7.05339798972845,10.7182802841999));
#6234=CARTESIAN_POINT('Ctrl Pts',(-0.305248748555481,-7.05339798972845,
10.7182802841999));
#6235=CARTESIAN_POINT('Ctrl Pts',(-0.349176783863226,-7.05149692334545,
10.6955576381619));
#6236=CARTESIAN_POINT('Ctrl Pts',(-0.397650227502992,-7.0489883450771,10.6699327966986));
#6237=CARTESIAN_POINT('Ctrl Pts',(-0.499549139520818,-7.04247831932857,
10.6419197906708));
#6238=CARTESIAN_POINT('Ctrl Pts',(-0.551738863346139,-7.03862258606725,
10.6384866611854));
#6239=CARTESIAN_POINT('Ctrl Pts',(-0.606523588625044,-7.03389857308459,
10.6350602791645));
#6240=CARTESIAN_POINT('',(-0.114754875995197,-7.05906731221876,10.9406556771137));
#6241=CARTESIAN_POINT('Ctrl Pts',(-0.1147548759952,-7.05906731221876,10.9406556771137));
#6242=CARTESIAN_POINT('Ctrl Pts',(-0.125384220314616,-7.05889451756539,
10.9190932102233));
#6243=CARTESIAN_POINT('Ctrl Pts',(-0.136953022979705,-7.05868240678276,
10.8956088844595));
#6244=CARTESIAN_POINT('Ctrl Pts',(-0.163416368554243,-7.05812251143886,
10.8493577546426));
#6245=CARTESIAN_POINT('Ctrl Pts',(-0.176648214662172,-7.05780364516441,
10.8302166557822));
#6246=CARTESIAN_POINT('Ctrl Pts',(-0.22140135871881,-7.05659164033998,10.7783010502432));
#6247=CARTESIAN_POINT('Ctrl Pts',(-0.259969205991023,-7.05535754506945,
10.7503097567152));
#6248=CARTESIAN_POINT('Ctrl Pts',(-0.305248748555484,-7.05339798972845,
10.7182802841999));
#6249=CARTESIAN_POINT('',(-0.0607947781463782,-7.05973823841579,11.3472022698261));
#6250=CARTESIAN_POINT('Ctrl Pts',(-0.0607947781463782,-7.05973823841579,
11.3472022698261));
#6251=CARTESIAN_POINT('Ctrl Pts',(-0.0613238855078372,-7.05973368201957,
11.2785237887226));
#6252=CARTESIAN_POINT('Ctrl Pts',(-0.0618851567914296,-7.05973360747184,
11.2090036174549));
#6253=CARTESIAN_POINT('Ctrl Pts',(-0.0790215974884483,-7.0595633171295,
11.0688360469254));
#6254=CARTESIAN_POINT('Ctrl Pts',(-0.0949368192747562,-7.05938948206653,
11.0125061365816));
#6255=CARTESIAN_POINT('Ctrl Pts',(-0.114754875995199,-7.05906731221876,
10.9406556771137));
#6256=CARTESIAN_POINT('',(-0.0607947781463778,-7.05973823841579,12.2339691803791));
#6257=CARTESIAN_POINT('',(-0.0607947781463782,-7.05973823841579,12.2339691803791));
#6258=CARTESIAN_POINT('',(-2.03437185157187,-6.76054222452105,12.2339691803791));
#6259=CARTESIAN_POINT('Origin',(0.,0.,12.2339691803791));
#6260=CARTESIAN_POINT('',(-2.03437185157187,-6.76054222452105,11.9693030999042));
#6261=CARTESIAN_POINT('',(-0.282043196759158,-7.05436401351404,11.3362898514606));
#6262=CARTESIAN_POINT('',(-0.282043196759158,-7.05436401351404,11.9693030999042));
#6263=CARTESIAN_POINT('',(-0.282043196759158,-7.05436401351404,11.3362898514606));
#6264=CARTESIAN_POINT('',(-0.373479020728044,-7.05011442609806,11.0109128640033));
#6265=CARTESIAN_POINT('Ctrl Pts',(-0.373479020728044,-7.05011442609806,
11.0109128640033));
#6266=CARTESIAN_POINT('Ctrl Pts',(-0.340549965955154,-7.05185883908015,
11.0644340714641));
#6267=CARTESIAN_POINT('Ctrl Pts',(-0.313778011805893,-7.05303980045116,
11.1068627327207));
#6268=CARTESIAN_POINT('Ctrl Pts',(-0.284622286043947,-7.05427454342056,
11.2188833283696));
#6269=CARTESIAN_POINT('Ctrl Pts',(-0.283300788596558,-7.05431373325895,
11.2769758966657));
#6270=CARTESIAN_POINT('Ctrl Pts',(-0.282043196759158,-7.05436401351404,
11.3362898514606));
#6271=CARTESIAN_POINT('',(-0.606523588625044,-7.03389857308459,10.9079112694599));
#6272=CARTESIAN_POINT('Ctrl Pts',(-0.606523588625043,-7.03389857308459,
10.9079112694599));
#6273=CARTESIAN_POINT('Ctrl Pts',(-0.558969667798978,-7.03799908355015,
10.9122934451636));
#6274=CARTESIAN_POINT('Ctrl Pts',(-0.516013044938288,-7.04121743916599,
10.9167075676325));
#6275=CARTESIAN_POINT('Ctrl Pts',(-0.433396235775344,-7.04682926621985,
10.9530299450887));
#6276=CARTESIAN_POINT('Ctrl Pts',(-0.395939572553208,-7.04892458088511,
10.990322505244));
#6277=CARTESIAN_POINT('Ctrl Pts',(-0.373479020728044,-7.05011442609806,
11.0109128640033));
#6278=CARTESIAN_POINT('',(-0.785298027242838,-7.01618892336919,10.961119143758));
#6279=CARTESIAN_POINT('Ctrl Pts',(-0.785298027242838,-7.01618892336919,
10.961119143758));
#6280=CARTESIAN_POINT('Ctrl Pts',(-0.759041891249019,-7.01912768286158,
10.9465235805176));
#6281=CARTESIAN_POINT('Ctrl Pts',(-0.730480799328316,-7.02217520655939,
10.9304429884727));
#6282=CARTESIAN_POINT('Ctrl Pts',(-0.670409506130396,-7.02815958400559,
10.9125287358898));
#6283=CARTESIAN_POINT('Ctrl Pts',(-0.63926319315803,-7.03107548113562,10.910237440902));
#6284=CARTESIAN_POINT('Ctrl Pts',(-0.606523588625043,-7.03389857308459,
10.9079112694599));
#6285=CARTESIAN_POINT('',(-0.904657106851437,-7.00179944864341,11.1166443512775));
#6286=CARTESIAN_POINT('Ctrl Pts',(-0.904657106851437,-7.00179944864341,
11.1166443512775));
#6287=CARTESIAN_POINT('Ctrl Pts',(-0.878233378013806,-7.00521348731416,
11.0561170698476));
#6288=CARTESIAN_POINT('Ctrl Pts',(-0.861962462229706,-7.00718471391916,
11.0341558570266));
#6289=CARTESIAN_POINT('Ctrl Pts',(-0.838392189588509,-7.01007019040279,
11.0031489859912));
#6290=CARTESIAN_POINT('Ctrl Pts',(-0.813843949364885,-7.0129938759477,10.9836193853642));
#6291=CARTESIAN_POINT('Ctrl Pts',(-0.785298027242838,-7.01618892336919,
10.961119143758));
#6292=CARTESIAN_POINT('',(-0.941904571310661,-6.99688614874818,11.4004101441242));
#6293=CARTESIAN_POINT('Ctrl Pts',(-0.941904571310661,-6.99688614874818,
11.4004101441242));
#6294=CARTESIAN_POINT('Ctrl Pts',(-0.941318109194572,-6.99696509691688,
11.3461589213815));
#6295=CARTESIAN_POINT('Ctrl Pts',(-0.940279608135437,-6.99711817515907,
11.2499297434713));
#6296=CARTESIAN_POINT('Ctrl Pts',(-0.915479873436131,-7.00040110914819,
11.1571274153091));
#6297=CARTESIAN_POINT('Ctrl Pts',(-0.904657106851437,-7.00179944864341,
11.1166443512775));
#6298=CARTESIAN_POINT('',(-0.941904571310661,-6.99688614874818,11.9693030999042));
#6299=CARTESIAN_POINT('',(-0.941904571310661,-6.99688614874818,11.9693030999042));
#6300=CARTESIAN_POINT('Origin',(0.,0.,11.9693030999042));
#6301=CARTESIAN_POINT('Origin',(-1.60251271194704,-6.86545359084512,11.9693030999042));
#6302=CARTESIAN_POINT('',(-1.16717926388772,-6.95271116658462,11.9693030999042));
#6303=CARTESIAN_POINT('',(-2.0314903050399,-6.75096638567612,11.9693030999042));
#6304=CARTESIAN_POINT('Origin',(0.,0.,11.9693030999042));
#6305=CARTESIAN_POINT('',(-1.16717926388772,-6.95271116658462,11.9693030999042));
#6306=CARTESIAN_POINT('',(-2.0314903050399,-6.75096638567612,11.9693030999042));
#6307=CARTESIAN_POINT('Origin',(-1.16717926388772,-6.95271116658462,11.8158247158863));
#6308=CARTESIAN_POINT('',(-1.16717926388772,-6.95271116658462,11.6623463318683));
#6309=CARTESIAN_POINT('',(-1.16717926388772,-6.95271116658462,0.));
#6310=CARTESIAN_POINT('',(-1.16717926388772,-6.95271116658462,11.6623463318683));
#6311=CARTESIAN_POINT('Ctrl Pts',(-1.17659625992237,-6.95112373944938,11.5150060341693));
#6312=CARTESIAN_POINT('Ctrl Pts',(-1.17715257021075,-6.95441032277772,11.5150060341693));
#6313=CARTESIAN_POINT('Ctrl Pts',(-1.17770888049913,-6.95769690610607,11.5150060341693));
#6314=CARTESIAN_POINT('Ctrl Pts',(-1.17826519078751,-6.96098348943441,11.5150060341693));
#6315=CARTESIAN_POINT('Ctrl Pts',(-1.17387388792527,-6.95158454734605,11.5347600749836));
#6316=CARTESIAN_POINT('Ctrl Pts',(-1.17442891105982,-6.95487134866776,11.5347600749836));
#6317=CARTESIAN_POINT('Ctrl Pts',(-1.17498393413529,-6.9581581496376,11.5347600749836));
#6318=CARTESIAN_POINT('Ctrl Pts',(-1.17553895726984,-6.96144495095931,11.5347600749836));
#6319=CARTESIAN_POINT('Ctrl Pts',(-1.16714152138233,-6.95271855683578,11.5836047622662));
#6320=CARTESIAN_POINT('Ctrl Pts',(-1.16769336134434,-6.95600589420999,11.5836047622662));
#6321=CARTESIAN_POINT('Ctrl Pts',(-1.16824520130881,-6.95929323159892,11.5836047622662));
#6322=CARTESIAN_POINT('Ctrl Pts',(-1.16879704127082,-6.96258056897313,11.5836047622662));
#6323=CARTESIAN_POINT('Ctrl Pts',(-1.16716511156419,-6.95271354239144,11.6329547445945));
#6324=CARTESIAN_POINT('Ctrl Pts',(-1.16771696265788,-6.95600087726347,11.6329547445945));
#6325=CARTESIAN_POINT('Ctrl Pts',(-1.16826881382023,-6.95928821254408,11.6329547445945));
#6326=CARTESIAN_POINT('Ctrl Pts',(-1.16882066491393,-6.96257554741611,11.6329547445945));
#6327=CARTESIAN_POINT('Ctrl Pts',(-1.16717926388772,-6.95271116658462,11.6623463318683));
#6328=CARTESIAN_POINT('Ctrl Pts',(-1.16773112169571,-6.95599850046953,11.6623463318683));
#6329=CARTESIAN_POINT('Ctrl Pts',(-1.16828297950369,-6.95928583435444,11.6623463318683));
#6330=CARTESIAN_POINT('Ctrl Pts',(-1.16883483731168,-6.96257316823935,11.6623463318683));
#6331=CARTESIAN_POINT('',(-1.17659625992237,-6.95112373944938,11.5150060341693));
#6332=CARTESIAN_POINT('Ctrl Pts',(-1.17659625992237,-6.95112373944938,11.5150060341693));
#6333=CARTESIAN_POINT('Ctrl Pts',(-1.17387388792527,-6.95158454734605,11.5347600749836));
#6334=CARTESIAN_POINT('Ctrl Pts',(-1.16714152138233,-6.95271855683578,11.5836047622662));
#6335=CARTESIAN_POINT('Ctrl Pts',(-1.16716511156419,-6.95271354239144,11.6329547445945));
#6336=CARTESIAN_POINT('Ctrl Pts',(-1.16717926388772,-6.95271116658462,11.6623463318683));
#6337=CARTESIAN_POINT('',(-1.17659625992237,-6.95112373944938,11.5150060341693));
#6338=CARTESIAN_POINT('Ctrl Pts',(-1.22902212532666,-6.94204614040108,11.3942708657123));
#6339=CARTESIAN_POINT('Ctrl Pts',(-1.22960322325826,-6.94532843172042,11.3942708657123));
#6340=CARTESIAN_POINT('Ctrl Pts',(-1.23018432118985,-6.94861072303976,11.3942708657123));
#6341=CARTESIAN_POINT('Ctrl Pts',(-1.23076541912145,-6.9518930143591,11.3942708657123));
#6342=CARTESIAN_POINT('Ctrl Pts',(-1.2175108418994,-6.94408410179415,11.4138335563608));
#6343=CARTESIAN_POINT('Ctrl Pts',(-1.21808649730961,-6.94736735765707,11.4138335563608));
#6344=CARTESIAN_POINT('Ctrl Pts',(-1.21866215222239,-6.95065061061461,11.4138335563608));
#6345=CARTESIAN_POINT('Ctrl Pts',(-1.21923780763259,-6.95393386647754,11.4138335563608));
#6346=CARTESIAN_POINT('Ctrl Pts',(-1.1951072707393,-6.94798213982065,11.4518871579948));
#6347=CARTESIAN_POINT('Ctrl Pts',(-1.19567233327093,-6.95126723771247,11.4518871579948));
#6348=CARTESIAN_POINT('Ctrl Pts',(-1.19623739582574,-6.95455233574417,11.4518871579948));
#6349=CARTESIAN_POINT('Ctrl Pts',(-1.19680245835737,-6.95783743363599,11.4518871579948));
#6350=CARTESIAN_POINT('Ctrl Pts',(-1.18265008023715,-6.9500990270996,11.4943652068498));
#6351=CARTESIAN_POINT('Ctrl Pts',(-1.18320925271476,-6.9533851251326,11.4943652068498));
#6352=CARTESIAN_POINT('Ctrl Pts',(-1.18376842560385,-6.95667122555895,11.4943652068498));
#6353=CARTESIAN_POINT('Ctrl Pts',(-1.18432759808146,-6.95995732359195,11.4943652068498));
#6354=CARTESIAN_POINT('Ctrl Pts',(-1.17659625992237,-6.95112373944938,11.5150060341693));
#6355=CARTESIAN_POINT('Ctrl Pts',(-1.17715257021075,-6.95441032277772,11.5150060341693));
#6356=CARTESIAN_POINT('Ctrl Pts',(-1.17770888049913,-6.95769690610607,11.5150060341693));
#6357=CARTESIAN_POINT('Ctrl Pts',(-1.17826519078751,-6.96098348943441,11.5150060341693));
#6358=CARTESIAN_POINT('',(-1.22902212532666,-6.94204614040108,11.3942708657123));
#6359=CARTESIAN_POINT('Ctrl Pts',(-1.22902212532666,-6.94204614040108,11.3942708657123));
#6360=CARTESIAN_POINT('Ctrl Pts',(-1.2175108418994,-6.94408410179415,11.4138335563608));
#6361=CARTESIAN_POINT('Ctrl Pts',(-1.20599382516016,-6.94608956553062,11.4333962470092));
#6362=CARTESIAN_POINT('Ctrl Pts',(-1.19710490496734,-6.94762116457879,11.4541282341816));
#6363=CARTESIAN_POINT('Ctrl Pts',(-1.18870298137734,-6.94906885202497,11.4737243795302));
#6364=CARTESIAN_POINT('Ctrl Pts',(-1.18265008023715,-6.9500990270996,11.4943652068498));
#6365=CARTESIAN_POINT('Ctrl Pts',(-1.17659625992237,-6.95112373944938,11.5150060341693));
#6366=CARTESIAN_POINT('',(-1.22902212532666,-6.94204614040108,11.3942708657123));
#6367=CARTESIAN_POINT('Ctrl Pts',(-1.36044256945813,-6.91748778440412,11.2598910019733));
#6368=CARTESIAN_POINT('Ctrl Pts',(-1.36108633191754,-6.92076114488912,11.2598910019733));
#6369=CARTESIAN_POINT('Ctrl Pts',(-1.36173009437694,-6.92403450537413,11.2598910019733));
#6370=CARTESIAN_POINT('Ctrl Pts',(-1.36237385683635,-6.92730786585912,11.2598910019733));
#6371=CARTESIAN_POINT('Ctrl Pts',(-1.33275718785526,-6.92293258934373,11.2824669198207));
#6372=CARTESIAN_POINT('Ctrl Pts',(-1.33338785010157,-6.92620852922718,11.2824669198207));
#6373=CARTESIAN_POINT('Ctrl Pts',(-1.33401851075755,-6.92948446038021,11.2824669198207));
#6374=CARTESIAN_POINT('Ctrl Pts',(-1.33464917300382,-6.93276040026341,11.2824669198207));
#6375=CARTESIAN_POINT('Ctrl Pts',(-1.28391302742557,-6.93220411948745,11.3222453061013));
#6376=CARTESIAN_POINT('Ctrl Pts',(-1.28452057600962,-6.93548444354006,11.3222453061013));
#6377=CARTESIAN_POINT('Ctrl Pts',(-1.28512812470701,-6.93876476823218,11.3222453061013));
#6378=CARTESIAN_POINT('Ctrl Pts',(-1.28573567329106,-6.94204509228481,11.3222453061013));
#6379=CARTESIAN_POINT('Ctrl Pts',(-1.24559930465899,-6.93910707839156,11.372526414496));
#6380=CARTESIAN_POINT('Ctrl Pts',(-1.24618872285084,-6.94239066725098,11.372526414496));
#6381=CARTESIAN_POINT('Ctrl Pts',(-1.24677814208351,-6.94567426178143,11.372526414496));
#6382=CARTESIAN_POINT('Ctrl Pts',(-1.24736756027539,-6.94895785064103,11.372526414496));
#6383=CARTESIAN_POINT('Ctrl Pts',(-1.22902139873364,-6.94204203629083,11.3942708657123));
#6384=CARTESIAN_POINT('Ctrl Pts',(-1.22960297259502,-6.94532701586652,11.3942708657123));
#6385=CARTESIAN_POINT('Ctrl Pts',(-1.2301845464564,-6.9486119954422,11.3942708657123));
#6386=CARTESIAN_POINT('Ctrl Pts',(-1.23076612031778,-6.95189697501789,11.3942708657123));
#6387=CARTESIAN_POINT('',(-1.36044337374688,-6.91749187399799,11.2598910019733));
#6388=CARTESIAN_POINT('Ctrl Pts',(-1.36044337374688,-6.91749187399799,11.2598910019733));
#6389=CARTESIAN_POINT('Ctrl Pts',(-1.33477511232679,-6.92253997767496,11.2808220560163));
#6390=CARTESIAN_POINT('Ctrl Pts',(-1.31105800848041,-6.92705610596526,11.3002493405797));
#6391=CARTESIAN_POINT('Ctrl Pts',(-1.26193847123987,-6.93619485516014,11.3495895409443));
#6392=CARTESIAN_POINT('Ctrl Pts',(-1.24268727682851,-6.93962685749774,11.3763469466195));
#6393=CARTESIAN_POINT('Ctrl Pts',(-1.22902212532666,-6.94204614040108,11.3942708657123));
#6394=CARTESIAN_POINT('',(-1.36044337374688,-6.91749187399799,11.2598910019733));
#6395=CARTESIAN_POINT('Ctrl Pts',(-1.6297372133427,-6.85903865243115,11.0688921288747));
#6396=CARTESIAN_POINT('Ctrl Pts',(-1.63050828545249,-6.86228384641797,11.0688921288747));
#6397=CARTESIAN_POINT('Ctrl Pts',(-1.63127935756235,-6.86552904040515,11.0688921288747));
#6398=CARTESIAN_POINT('Ctrl Pts',(-1.63205042967214,-6.86877423439196,11.0688921288747));
#6399=CARTESIAN_POINT('Ctrl Pts',(-1.57774696165099,-6.87139176128357,11.1034789251854));
#6400=CARTESIAN_POINT('Ctrl Pts',(-1.57849343627886,-6.87464280220056,11.1034789251853));
#6401=CARTESIAN_POINT('Ctrl Pts',(-1.57923990943247,-6.87789383608685,11.1034789251853));
#6402=CARTESIAN_POINT('Ctrl Pts',(-1.5799863840604,-6.8811448770041,11.1034789251853));
#6403=CARTESIAN_POINT('Ctrl Pts',(-1.48615287686894,-6.89203343661435,11.1642448582105));
#6404=CARTESIAN_POINT('Ctrl Pts',(-1.48685601537207,-6.89529424115922,11.1642448582105));
#6405=CARTESIAN_POINT('Ctrl Pts',(-1.4875591539664,-6.89855504616524,11.1642448582105));
#6406=CARTESIAN_POINT('Ctrl Pts',(-1.48826229246955,-6.90181585071008,11.1642448582105));
#6407=CARTESIAN_POINT('Ctrl Pts',(-1.39833398092925,-6.91003677045238,11.2310933113053));
#6408=CARTESIAN_POINT('Ctrl Pts',(-1.39899556966928,-6.91330609143991,11.2310933113053));
#6409=CARTESIAN_POINT('Ctrl Pts',(-1.39965715940886,-6.91657541712906,11.2310933113053));
#6410=CARTESIAN_POINT('Ctrl Pts',(-1.40031874814886,-6.91984473811643,11.2310933113053));
#6411=CARTESIAN_POINT('Ctrl Pts',(-1.36044022049743,-6.91748921405388,11.2598929264587));
#6412=CARTESIAN_POINT('Ctrl Pts',(-1.36108388102291,-6.92076206255939,11.2598929264587));
#6413=CARTESIAN_POINT('Ctrl Pts',(-1.36172754154832,-6.9240349110646,11.2598929264587));
#6414=CARTESIAN_POINT('Ctrl Pts',(-1.3623712020738,-6.9273077595701,11.2598929264587));
#6415=CARTESIAN_POINT('',(-1.62973532770479,-6.85904240850215,11.068893878255));
#6416=CARTESIAN_POINT('Ctrl Pts',(-1.62973532770479,-6.85904240850215,11.068893878255));
#6417=CARTESIAN_POINT('Ctrl Pts',(-1.58778205020413,-6.86901067147295,11.0968035078298));
#6418=CARTESIAN_POINT('Ctrl Pts',(-1.54573638059056,-6.87858973276907,11.1247131374046));
#6419=CARTESIAN_POINT('Ctrl Pts',(-1.50431389971145,-6.88763672758189,11.1536581989687));
#6420=CARTESIAN_POINT('Ctrl Pts',(-1.49440475146858,-6.88980096330244,11.1605824801766));
#6421=CARTESIAN_POINT('Ctrl Pts',(-1.48453131484112,-6.8919349809251,11.1675660159772));
#6422=CARTESIAN_POINT('Ctrl Pts',(-1.47470347234484,-6.89403725466102,11.1746229813434));
#6423=CARTESIAN_POINT('Ctrl Pts',(-1.43616890284329,-6.90228018421741,11.2022930546557));
#6424=CARTESIAN_POINT('Ctrl Pts',(-1.39833630475868,-6.91003957946034,11.2310920283145));
#6425=CARTESIAN_POINT('Ctrl Pts',(-1.36044337374688,-6.91749187399799,11.2598910019733));
#6426=CARTESIAN_POINT('',(-1.62973532770479,-6.85904240850215,11.068893878255));
#6427=CARTESIAN_POINT('Ctrl Pts',(-2.0314903050399,-6.75096638567612,10.8042277977802));
#6428=CARTESIAN_POINT('Ctrl Pts',(-2.03245082055056,-6.75415833195776,10.8042277977802));
#6429=CARTESIAN_POINT('Ctrl Pts',(-2.03341133606121,-6.75735027823941,10.8042277977802));
#6430=CARTESIAN_POINT('Ctrl Pts',(-2.03437185157187,-6.76054222452105,10.8042277977802));
#6431=CARTESIAN_POINT('Ctrl Pts',(-1.89867398298882,-6.7909332667393,10.8924498246051));
#6432=CARTESIAN_POINT('Ctrl Pts',(-1.89957170121594,-6.79414411000768,10.8924498246051));
#6433=CARTESIAN_POINT('Ctrl Pts',(-1.9004694193475,-6.79735495292729,10.8924498246051));
#6434=CARTESIAN_POINT('Ctrl Pts',(-1.90136713757462,-6.80056579619567,10.8924498246051));
#6435=CARTESIAN_POINT('Ctrl Pts',(-1.76467790235936,-6.82697952449761,10.9806718514301));
#6436=CARTESIAN_POINT('Ctrl Pts',(-1.76551226546453,-6.83020741091416,10.9806718514301));
#6437=CARTESIAN_POINT('Ctrl Pts',(-1.76634662847739,-6.83343529698106,10.9806718514301));
#6438=CARTESIAN_POINT('Ctrl Pts',(-1.76718099158257,-6.83666318339761,10.9806718514301));
#6439=CARTESIAN_POINT('Ctrl Pts',(-1.62973532770479,-6.85904240850215,11.068893878255));
#6440=CARTESIAN_POINT('Ctrl Pts',(-1.63050588814342,-6.86228545455818,11.068893878255));
#6441=CARTESIAN_POINT('Ctrl Pts',(-1.63127644858205,-6.86552850061421,11.068893878255));
#6442=CARTESIAN_POINT('Ctrl Pts',(-1.63204700902068,-6.86877154667024,11.068893878255));
#6443=CARTESIAN_POINT('',(-2.0314903050399,-6.75096638567612,10.8042277977802));
#6444=CARTESIAN_POINT('Ctrl Pts',(-2.0314903050399,-6.75096638567612,10.8042277977802));
#6445=CARTESIAN_POINT('Ctrl Pts',(-1.96508093942688,-6.7709501886903,10.8483396113289));
#6446=CARTESIAN_POINT('Ctrl Pts',(-1.89838031688368,-6.78995299900984,10.892449025263));
#6447=CARTESIAN_POINT('Ctrl Pts',(-1.7644401210541,-6.82598422320977,10.9806726507724));
#6448=CARTESIAN_POINT('Ctrl Pts',(-1.69720783890324,-6.8430106757033,11.0247820647067));
#6449=CARTESIAN_POINT('Ctrl Pts',(-1.62973532770479,-6.85904240850215,11.068893878255));
#6450=CARTESIAN_POINT('',(-2.0314903050399,-6.75096638567612,10.8042277977802));
#6451=CARTESIAN_POINT('Origin',(-2.0314903050399,-6.75096638567612,10.6377889798023));
#6452=CARTESIAN_POINT('',(-2.0314903050399,-6.75096638567612,10.4713501618244));
#6453=CARTESIAN_POINT('',(-2.0314903050399,-6.75096638567612,0.));
#6454=CARTESIAN_POINT('',(-2.0314903050399,-6.75096638567612,10.4713501618244));
#6455=CARTESIAN_POINT('Ctrl Pts',(-1.50470613572023,-6.8875510484588,10.8192362473346));
#6456=CARTESIAN_POINT('Ctrl Pts',(-1.50541758070166,-6.89080757377722,10.8192362473346));
#6457=CARTESIAN_POINT('Ctrl Pts',(-1.50612902568309,-6.89406409909564,10.8192362473346));
#6458=CARTESIAN_POINT('Ctrl Pts',(-1.50684047066451,-6.89732062441406,10.8192362473346));
#6459=CARTESIAN_POINT('Ctrl Pts',(-1.6819712572992,-6.84882437852744,10.7032742188312));
#6460=CARTESIAN_POINT('Ctrl Pts',(-1.6827665156634,-6.85206259370588,10.7032742188312));
#6461=CARTESIAN_POINT('Ctrl Pts',(-1.68356177376805,-6.85530080785754,10.7032742188312));
#6462=CARTESIAN_POINT('Ctrl Pts',(-1.68435703213225,-6.85853902303599,10.7032742188312));
#6463=CARTESIAN_POINT('Ctrl Pts',(-1.85774046729457,-6.80325091661836,10.5873121903278));
#6464=CARTESIAN_POINT('Ctrl Pts',(-1.85861883167239,-6.8064675840596,10.5873121903278));
#6465=CARTESIAN_POINT('Ctrl Pts',(-1.85949719577816,-6.80968425047729,10.5873121903278));
#6466=CARTESIAN_POINT('Ctrl Pts',(-1.86037556015598,-6.81290091791853,10.5873121903278));
#6467=CARTESIAN_POINT('Ctrl Pts',(-2.0314903050399,-6.75096638567612,10.4713501618244));
#6468=CARTESIAN_POINT('Ctrl Pts',(-2.03245082055056,-6.75415833195776,10.4713501618244));
#6469=CARTESIAN_POINT('Ctrl Pts',(-2.03341133606122,-6.75735027823941,10.4713501618244));
#6470=CARTESIAN_POINT('Ctrl Pts',(-2.03437185157187,-6.76054222452105,10.4713501618244));
#6471=CARTESIAN_POINT('',(-1.50470613572023,-6.8875510484588,10.8192362473346));
#6472=CARTESIAN_POINT('Ctrl Pts',(-1.50470613572023,-6.8875510484588,10.8192362473346));
#6473=CARTESIAN_POINT('Ctrl Pts',(-1.6819712572992,-6.84882437852744,10.7032742188312));
#6474=CARTESIAN_POINT('Ctrl Pts',(-1.85774046729457,-6.80325091661836,10.5873121903278));
#6475=CARTESIAN_POINT('Ctrl Pts',(-2.0314903050399,-6.75096638567612,10.4713501618244));
#6476=CARTESIAN_POINT('',(-1.50470613572023,-6.8875510484588,10.8192362473346));
#6477=CARTESIAN_POINT('Ctrl Pts',(-1.24379411769731,-6.93940269464307,11.0388817475177));
#6478=CARTESIAN_POINT('Ctrl Pts',(-1.24438353517296,-6.94269118520639,11.0388817475177));
#6479=CARTESIAN_POINT('Ctrl Pts',(-1.2449729526486,-6.9459796757697,11.0388817475177));
#6480=CARTESIAN_POINT('Ctrl Pts',(-1.24556237012425,-6.94926816633301,11.0388817475177));
#6481=CARTESIAN_POINT('Ctrl Pts',(-1.28204053911056,-6.93254754068701,10.9999883648783));
#6482=CARTESIAN_POINT('Ctrl Pts',(-1.28264807995181,-6.9358327770754,10.9999883648783));
#6483=CARTESIAN_POINT('Ctrl Pts',(-1.28325562409813,-6.93911803024888,10.9999883648783));
#6484=CARTESIAN_POINT('Ctrl Pts',(-1.28386316493999,-6.94240326664035,10.9999883648783));
#6485=CARTESIAN_POINT('Ctrl Pts',(-1.36227779947472,-6.91754235900798,10.9182846592498));
#6486=CARTESIAN_POINT('Ctrl Pts',(-1.36292336474915,-6.92082048999269,10.9182846592498));
#6487=CARTESIAN_POINT('Ctrl Pts',(-1.36356893014572,-6.92409862174514,10.9182846592498));
#6488=CARTESIAN_POINT('Ctrl Pts',(-1.36421449542018,-6.92737675272998,10.9182846592498));
#6489=CARTESIAN_POINT('Ctrl Pts',(-1.45581413758382,-6.89822027931428,10.8532910004634));
#6490=CARTESIAN_POINT('Ctrl Pts',(-1.45650402980887,-6.90148926072251,10.8532910004634));
#6491=CARTESIAN_POINT('Ctrl Pts',(-1.45719391819048,-6.90475822224934,10.8532910004634));
#6492=CARTESIAN_POINT('Ctrl Pts',(-1.45788381041482,-6.90802720365392,10.8532910004634));
#6493=CARTESIAN_POINT('Ctrl Pts',(-1.50470361638,-6.8875395165829,10.8192362473346));
#6494=CARTESIAN_POINT('Ctrl Pts',(-1.50541667539398,-6.8908034298765,10.8192362473346));
#6495=CARTESIAN_POINT('Ctrl Pts',(-1.50612973440796,-6.8940673431701,10.8192362473346));
#6496=CARTESIAN_POINT('Ctrl Pts',(-1.50684279342194,-6.89733125646371,10.8192362473346));
#6497=CARTESIAN_POINT('',(-1.24379620019417,-6.93941431335401,11.0388817475177));
#6498=CARTESIAN_POINT('Ctrl Pts',(-1.24379620019417,-6.93941431335401,11.0388817475177));
#6499=CARTESIAN_POINT('Ctrl Pts',(-1.27440815463351,-6.93392753437053,11.0077520255714));
#6500=CARTESIAN_POINT('Ctrl Pts',(-1.31662556210749,-6.92616107343825,10.9634491063362));
#6501=CARTESIAN_POINT('Ctrl Pts',(-1.41136042673726,-6.90742665385228,10.8841730366669));
#6502=CARTESIAN_POINT('Ctrl Pts',(-1.45708798428158,-6.89795406749086,10.8524053814034));
#6503=CARTESIAN_POINT('Ctrl Pts',(-1.50470613572023,-6.8875510484588,10.8192362473346));
#6504=CARTESIAN_POINT('',(-1.24379620019417,-6.93941431335401,11.0388817475177));
#6505=CARTESIAN_POINT('Ctrl Pts',(-1.14564523473062,-6.95628820795248,11.1985008443307));
#6506=CARTESIAN_POINT('Ctrl Pts',(-1.1461872667273,-6.95957939327984,11.1985008443307));
#6507=CARTESIAN_POINT('Ctrl Pts',(-1.14672929872391,-6.96287057860669,11.1985008443307));
#6508=CARTESIAN_POINT('Ctrl Pts',(-1.1472713307206,-6.96616176393405,11.1985008443307));
#6509=CARTESIAN_POINT('Ctrl Pts',(-1.16101743148174,-6.95375652900646,11.166971069856));
#6510=CARTESIAN_POINT('Ctrl Pts',(-1.16156673606945,-6.95704651444728,11.166971069856));
#6511=CARTESIAN_POINT('Ctrl Pts',(-1.16211604173834,-6.96033650614971,11.166971069856));
#6512=CARTESIAN_POINT('Ctrl Pts',(-1.16266534632621,-6.96362649159143,11.166971069856));
#6513=CARTESIAN_POINT('Ctrl Pts',(-1.18857435175561,-6.9491449654578,11.1104250922686));
#6514=CARTESIAN_POINT('Ctrl Pts',(-1.18913669455428,-6.95243277123603,11.1104250922686));
#6515=CARTESIAN_POINT('Ctrl Pts',(-1.1896990373045,-6.95572057674782,11.1104250922686));
#6516=CARTESIAN_POINT('Ctrl Pts',(-1.19026138010316,-6.95900838252601,11.1104250922686));
#6517=CARTESIAN_POINT('Ctrl Pts',(-1.22686845814127,-6.94244468643323,11.0608234399322));
#6518=CARTESIAN_POINT('Ctrl Pts',(-1.22744891905181,-6.94572932367038,11.0608234399322));
#6519=CARTESIAN_POINT('Ctrl Pts',(-1.22802937913526,-6.9490139560841,11.0608234399322));
#6520=CARTESIAN_POINT('Ctrl Pts',(-1.22860984004568,-6.95229859332055,11.0608234399322));
#6521=CARTESIAN_POINT('Ctrl Pts',(-1.24379733489325,-6.93941040908169,11.0388794435859));
#6522=CARTESIAN_POINT('Ctrl Pts',(-1.24438580498191,-6.94269360912081,11.0388794435859));
#6523=CARTESIAN_POINT('Ctrl Pts',(-1.24497427507064,-6.94597680916046,11.0388794435859));
#6524=CARTESIAN_POINT('Ctrl Pts',(-1.24556274515929,-6.94926000919959,11.0388794435859));
#6525=CARTESIAN_POINT('',(-1.14564710722993,-6.95629159148003,11.1984982178547));
#6526=CARTESIAN_POINT('Ctrl Pts',(-1.14564710722993,-6.95629159148003,11.1984982178547));
#6527=CARTESIAN_POINT('Ctrl Pts',(-1.15605759264422,-6.95457706552278,11.1771453753991));
#6528=CARTESIAN_POINT('Ctrl Pts',(-1.17123202197125,-6.95205465728295,11.1452175643987));
#6529=CARTESIAN_POINT('Ctrl Pts',(-1.20784506952264,-6.94578789837383,11.0847853089213));
#6530=CARTESIAN_POINT('Ctrl Pts',(-1.22605976481832,-6.94259332961235,11.0618725257885));
#6531=CARTESIAN_POINT('Ctrl Pts',(-1.24379620019417,-6.93941431335401,11.0388817475177));
#6532=CARTESIAN_POINT('',(-1.14564710722993,-6.95629159148003,11.1984982178547));
#6533=CARTESIAN_POINT('Ctrl Pts',(-0.962193688813493,-6.98399448764949,
10.7728519127704));
#6534=CARTESIAN_POINT('Ctrl Pts',(-0.962651959826085,-6.98732080569021,
10.7728519127704));
#6535=CARTESIAN_POINT('Ctrl Pts',(-0.963110230838674,-6.99064712373094,
10.7728519127704));
#6536=CARTESIAN_POINT('Ctrl Pts',(-0.963568501851264,-6.99397344177168,
10.7728519127704));
#6537=CARTESIAN_POINT('Ctrl Pts',(-1.0064574360001,-6.97789621537716,10.8290554944406));
#6538=CARTESIAN_POINT('Ctrl Pts',(-1.00693679253318,-6.98121965218565,10.8290554944406));
#6539=CARTESIAN_POINT('Ctrl Pts',(-1.0074161380351,-6.98454301976358,10.8290554944406));
#6540=CARTESIAN_POINT('Ctrl Pts',(-1.00789549457187,-6.98786645659518,10.8290554944406));
#6541=CARTESIAN_POINT('Ctrl Pts',(-1.10459110050514,-6.96315110467044,10.9538767069397));
#6542=CARTESIAN_POINT('Ctrl Pts',(-1.10511719212584,-6.96646749534379,10.9538767069397));
#6543=CARTESIAN_POINT('Ctrl Pts',(-1.10564328388572,-6.96978388642593,10.9538767069397));
#6544=CARTESIAN_POINT('Ctrl Pts',(-1.10616937550638,-6.97310027709914,10.9538767069397));
#6545=CARTESIAN_POINT('Ctrl Pts',(-1.13107266448903,-6.95865564110622,11.1117248054417));
#6546=CARTESIAN_POINT('Ctrl Pts',(-1.13161136485498,-6.96196986616368,11.1117248054417));
#6547=CARTESIAN_POINT('Ctrl Pts',(-1.13215007674902,-6.96528416471055,11.1117248054417));
#6548=CARTESIAN_POINT('Ctrl Pts',(-1.13268877711113,-6.96859838974348,11.1117248054417));
#6549=CARTESIAN_POINT('Ctrl Pts',(-1.14564129511548,-6.95625630071499,11.1984982178547));
#6550=CARTESIAN_POINT('Ctrl Pts',(-1.14618693805876,-6.95956940768694,11.1984982178547));
#6551=CARTESIAN_POINT('Ctrl Pts',(-1.14673258100205,-6.96288251465888,11.1984982178547));
#6552=CARTESIAN_POINT('Ctrl Pts',(-1.14727822394534,-6.96619562163082,11.1984982178547));
#6553=CARTESIAN_POINT('',(-0.962198570254016,-6.98402991913703,10.7728519127704));
#6554=CARTESIAN_POINT('Ctrl Pts',(-0.962198570254019,-6.98402991913703,
10.7728519127704));
#6555=CARTESIAN_POINT('Ctrl Pts',(-1.01455917437184,-6.97681613297014,10.8393360842326));
#6556=CARTESIAN_POINT('Ctrl Pts',(-1.05863552252007,-6.97014077999426,10.8942950881863));
#6557=CARTESIAN_POINT('Ctrl Pts',(-1.11490312719117,-6.96133851565461,11.0303833858211));
#6558=CARTESIAN_POINT('Ctrl Pts',(-1.12885347154189,-6.95905737262834,11.0984727785489));
#6559=CARTESIAN_POINT('Ctrl Pts',(-1.14564710722993,-6.95629159148003,11.1984982178547));
#6560=CARTESIAN_POINT('',(-0.962198570254016,-6.98402991913703,10.7728519127704));
#6561=CARTESIAN_POINT('Ctrl Pts',(-0.605661760251846,-7.02390388618672,
10.6350602791645));
#6562=CARTESIAN_POINT('Ctrl Pts',(-0.605949850638346,-7.02724489154335,
10.6350602791645));
#6563=CARTESIAN_POINT('Ctrl Pts',(-0.606237941024844,-7.03058589689997,
10.6350602791645));
#6564=CARTESIAN_POINT('Ctrl Pts',(-0.606526031411344,-7.0339269022566,10.6350602791645));
#6565=CARTESIAN_POINT('Ctrl Pts',(-0.673156392078504,-7.01808391493465,
10.6404179422766));
#6566=CARTESIAN_POINT('Ctrl Pts',(-0.673476589204491,-7.0214221695965,10.6404179422766));
#6567=CARTESIAN_POINT('Ctrl Pts',(-0.673796780082352,-7.02476037167107,
10.6404179422766));
#6568=CARTESIAN_POINT('Ctrl Pts',(-0.674116977204191,-7.02809862629801,
10.6404179422766));
#6569=CARTESIAN_POINT('Ctrl Pts',(-0.805797538817182,-7.00453188018745,
10.6509616619603));
#6570=CARTESIAN_POINT('Ctrl Pts',(-0.806180826138599,-7.00786367059607,
10.6509616619603));
#6571=CARTESIAN_POINT('Ctrl Pts',(-0.806564113709127,-7.01119546224927,
10.6509616619603));
#6572=CARTESIAN_POINT('Ctrl Pts',(-0.806947401030711,-7.01452725265873,
10.6509616619603));
#6573=CARTESIAN_POINT('Ctrl Pts',(-0.910677093924181,-6.99109602239115,
10.7326650896422));
#6574=CARTESIAN_POINT('Ctrl Pts',(-0.911110266732401,-6.99442140619893,
10.7326650896422));
#6575=CARTESIAN_POINT('Ctrl Pts',(-0.911543445004694,-6.99774683795623,
10.7326650896422));
#6576=CARTESIAN_POINT('Ctrl Pts',(-0.911976617816543,-7.00107222179584,
10.7326650896422));
#6577=CARTESIAN_POINT('Ctrl Pts',(-0.962194233504507,-6.98399844123916,
10.7728519127704));
#6578=CARTESIAN_POINT('Ctrl Pts',(-0.962651912900516,-6.98732046508528,
10.7728519127704));
#6579=CARTESIAN_POINT('Ctrl Pts',(-0.963109592296524,-6.99064248893142,
10.7728519127704));
#6580=CARTESIAN_POINT('Ctrl Pts',(-0.963567271692533,-6.99396451277754,
10.7728519127704));
#6581=CARTESIAN_POINT('',(-0.605664490057586,-7.02393554394424,10.6350602791645));
#6582=CARTESIAN_POINT('Ctrl Pts',(-0.605664490057586,-7.02393554394424,
10.6350602791645));
#6583=CARTESIAN_POINT('Ctrl Pts',(-0.675712449956398,-7.01789540282303,
10.6406205980975));
#6584=CARTESIAN_POINT('Ctrl Pts',(-0.740002815207239,-7.01129735075144,
10.6462160547347));
#6585=CARTESIAN_POINT('Ctrl Pts',(-0.864549177613593,-6.99711050870689,
10.6939023481257));
#6586=CARTESIAN_POINT('Ctrl Pts',(-0.921160357455055,-6.9896838052369,10.7408394994454));
#6587=CARTESIAN_POINT('Ctrl Pts',(-0.962198570254015,-6.98402991913703,
10.7728519127704));
#6588=CARTESIAN_POINT('',(-0.605664490057586,-7.02393554394424,10.6350602791645));
#6589=CARTESIAN_POINT('Ctrl Pts',(-0.304815920209635,-7.04339660364929,
10.7182802841999));
#6590=CARTESIAN_POINT('Ctrl Pts',(-0.304960344762702,-7.04673382896826,
10.7182802841999));
#6591=CARTESIAN_POINT('Ctrl Pts',(-0.305104769315769,-7.05007105428725,
10.7182802841999));
#6592=CARTESIAN_POINT('Ctrl Pts',(-0.305249193868835,-7.05340827960623,
10.7182802841999));
#6593=CARTESIAN_POINT('Ctrl Pts',(-0.351673236664609,-7.04136876726498,
10.6940079925232));
#6594=CARTESIAN_POINT('Ctrl Pts',(-0.351839862262627,-7.04470502595892,
10.6940079925232));
#6595=CARTESIAN_POINT('Ctrl Pts',(-0.352006488990399,-7.04804130206794,
10.6940079925232));
#6596=CARTESIAN_POINT('Ctrl Pts',(-0.352173114588519,-7.05137756076344,
10.6940079925232));
#6597=CARTESIAN_POINT('Ctrl Pts',(-0.446161855939494,-7.03639557187636,
10.6450433179366));
#6598=CARTESIAN_POINT('Ctrl Pts',(-0.446373251486805,-7.03972947996401,
10.6450433179366));
#6599=CARTESIAN_POINT('Ctrl Pts',(-0.446584647017985,-7.04306338828772,
10.6450433179366));
#6600=CARTESIAN_POINT('Ctrl Pts',(-0.446796042565296,-7.0463972963754,10.6450433179366));
#6601=CARTESIAN_POINT('Ctrl Pts',(-0.552229422928803,-7.02853239040465,
10.6384069376429));
#6602=CARTESIAN_POINT('Ctrl Pts',(-0.552491074619334,-7.03186257903349,
10.6384069376429));
#6603=CARTESIAN_POINT('Ctrl Pts',(-0.55275272519792,-7.03519274937485,10.6384069376429));
#6604=CARTESIAN_POINT('Ctrl Pts',(-0.553014376888352,-7.03852293800206,
10.6384069376429));
#6605=CARTESIAN_POINT('Ctrl Pts',(-0.605663566748383,-7.02392483625964,
10.6350602791645));
#6606=CARTESIAN_POINT('Ctrl Pts',(-0.605950535650388,-7.02725283567828,
10.6350602791645));
#6607=CARTESIAN_POINT('Ctrl Pts',(-0.606237504552394,-7.03058083509693,
10.6350602791645));
#6608=CARTESIAN_POINT('Ctrl Pts',(-0.6065244734544,-7.03390883451557,10.6350602791645));
#6609=CARTESIAN_POINT('',(-0.304816384888972,-7.04340734101779,10.7182802841999));
#6610=CARTESIAN_POINT('Ctrl Pts',(-0.304816384888975,-7.04340734101779,
10.7182802841999));
#6611=CARTESIAN_POINT('Ctrl Pts',(-0.34866032405988,-7.04150991404951,10.6955689695529));
#6612=CARTESIAN_POINT('Ctrl Pts',(-0.397075394872468,-7.03900485788327,
10.6699359897853));
#6613=CARTESIAN_POINT('Ctrl Pts',(-0.498848037571383,-7.03250289911699,
10.6419180115699));
#6614=CARTESIAN_POINT('Ctrl Pts',(-0.550971114272914,-7.02865167998321,
10.6384857999582));
#6615=CARTESIAN_POINT('Ctrl Pts',(-0.605664490057586,-7.02393554394424,
10.6350602791645));
#6616=CARTESIAN_POINT('',(-0.304816384888972,-7.04340734101779,10.7182802841999));
#6617=CARTESIAN_POINT('Ctrl Pts',(-0.114592333677923,-7.04906863330627,
10.9406556771137));
#6618=CARTESIAN_POINT('Ctrl Pts',(-0.114646623087469,-7.05240820901489,
10.9406556771137));
#6619=CARTESIAN_POINT('Ctrl Pts',(-0.114700912497013,-7.05574778472351,
10.9406556771137));
#6620=CARTESIAN_POINT('Ctrl Pts',(-0.114755201906559,-7.05908736043214,
10.9406556771137));
#6621=CARTESIAN_POINT('Ctrl Pts',(-0.136399883358599,-7.04871412150624,
10.8963545858137));
#6622=CARTESIAN_POINT('Ctrl Pts',(-0.136464504059703,-7.05205351827585,
10.8963545858137));
#6623=CARTESIAN_POINT('Ctrl Pts',(-0.136529125605122,-7.0553929480667,10.8963545858137));
#6624=CARTESIAN_POINT('Ctrl Pts',(-0.13659374630284,-7.05873234470388,10.8963545858137));
#6625=CARTESIAN_POINT('Ctrl Pts',(-0.180838669848393,-7.04789735327379,
10.806078011978));
#6626=CARTESIAN_POINT('Ctrl Pts',(-0.180924344205434,-7.05123637350166,
10.806078011978));
#6627=CARTESIAN_POINT('Ctrl Pts',(-0.181010018565081,-7.05457539545388,
10.806078011978));
#6628=CARTESIAN_POINT('Ctrl Pts',(-0.181095692922111,-7.05791441567485,
10.806078011978));
#6629=CARTESIAN_POINT('Ctrl Pts',(-0.262994541902549,-7.04521725806096,
10.747905840009));
#6630=CARTESIAN_POINT('Ctrl Pts',(-0.263119138831206,-7.04855502217248,
10.747905840009));
#6631=CARTESIAN_POINT('Ctrl Pts',(-0.263243734856674,-7.05189274709961,
10.747905840009));
#6632=CARTESIAN_POINT('Ctrl Pts',(-0.263368331788954,-7.05523051136827,
10.747905840009));
#6633=CARTESIAN_POINT('Ctrl Pts',(-0.304816384888972,-7.04340734101779,
10.7182802841999));
#6634=CARTESIAN_POINT('Ctrl Pts',(-0.30496079508662,-7.04674423462538,10.7182802841999));
#6635=CARTESIAN_POINT('Ctrl Pts',(-0.305105205284267,-7.05008112823298,
10.7182802841999));
#6636=CARTESIAN_POINT('Ctrl Pts',(-0.305249615481914,-7.05341802184058,
10.7182802841999));
#6637=CARTESIAN_POINT('',(-0.114592333677923,-7.04906863330627,10.9406556771137));
#6638=CARTESIAN_POINT('Ctrl Pts',(-0.114592333677923,-7.04906863330627,
10.9406556771137));
#6639=CARTESIAN_POINT('Ctrl Pts',(-0.127364678127108,-7.04886100122987,
10.9147092133503));
#6640=CARTESIAN_POINT('Ctrl Pts',(-0.140136510438916,-7.04862220102937,
10.8887627495869));
#6641=CARTESIAN_POINT('Ctrl Pts',(-0.154733486591484,-7.04830174922493,
10.8643695114617));
#6642=CARTESIAN_POINT('Ctrl Pts',(-0.165059443256869,-7.0480750603949,10.8471136416721));
#6643=CARTESIAN_POINT('Ctrl Pts',(-0.176298737218997,-7.04780694069648,
10.8306350373081));
#6644=CARTESIAN_POINT('Ctrl Pts',(-0.189097180328266,-7.04746353352693,
10.8154835388996));
#6645=CARTESIAN_POINT('Ctrl Pts',(-0.206685162150242,-7.04699161370012,
10.7946619220584));
#6646=CARTESIAN_POINT('Ctrl Pts',(-0.22721740567166,-7.04637145065888,10.7763465490984));
#6647=CARTESIAN_POINT('Ctrl Pts',(-0.249075424793821,-7.04559872777068,
10.7591624238912));
#6648=CARTESIAN_POINT('Ctrl Pts',(-0.26705862816303,-7.04496298704921,10.7450245637037));
#6649=CARTESIAN_POINT('Ctrl Pts',(-0.285939185328571,-7.04422428648867,
10.7316524239518));
#6650=CARTESIAN_POINT('Ctrl Pts',(-0.304816384888972,-7.04340734101779,
10.7182802841999));
#6651=CARTESIAN_POINT('',(-0.114592333677923,-7.04906863330627,10.9406556771137));
#6652=CARTESIAN_POINT('Ctrl Pts',(-0.0607086125729092,-7.04973233967908,
11.3472022698261));
#6653=CARTESIAN_POINT('Ctrl Pts',(-0.0607373496134308,-7.05306940233504,
11.3472022698261));
#6654=CARTESIAN_POINT('Ctrl Pts',(-0.0607660866539524,-7.05640646499099,
11.3472022698261));
#6655=CARTESIAN_POINT('Ctrl Pts',(-0.0607948236944742,-7.05974352764695,
11.3472022698261));
#6656=CARTESIAN_POINT('Ctrl Pts',(-0.061316448416661,-7.0497271053212,11.2681927987104));
#6657=CARTESIAN_POINT('Ctrl Pts',(-0.0613454731474224,-7.05306416181687,
11.2681927987104));
#6658=CARTESIAN_POINT('Ctrl Pts',(-0.0613744979831982,-7.05640122934529,
11.2681927987104));
#6659=CARTESIAN_POINT('Ctrl Pts',(-0.0614035227139802,-7.05973828584312,
11.2681927987104));
#6660=CARTESIAN_POINT('Ctrl Pts',(-0.0623781892658951,-7.04974667097705,
11.1302179362417));
#6661=CARTESIAN_POINT('Ctrl Pts',(-0.0624077166175729,-7.05308374030066,
11.1302179362417));
#6662=CARTESIAN_POINT('Ctrl Pts',(-0.0624372439692156,-7.05642080997245,
11.1302179362417));
#6663=CARTESIAN_POINT('Ctrl Pts',(-0.0624667713208934,-7.05975787929612,
11.1302179362417));
#6664=CARTESIAN_POINT('Ctrl Pts',(-0.0989596713859865,-7.04931649322327,
10.997412041434));
#6665=CARTESIAN_POINT('Ctrl Pts',(-0.0990065149859053,-7.05265336253886,
10.997412041434));
#6666=CARTESIAN_POINT('Ctrl Pts',(-0.0990533584934233,-7.05599022135427,
10.997412041434));
#6667=CARTESIAN_POINT('Ctrl Pts',(-0.0991002020933242,-7.05932709066779,
10.997412041434));
#6668=CARTESIAN_POINT('Ctrl Pts',(-0.114592231768176,-7.04906236439826,
10.9406556771137));
#6669=CARTESIAN_POINT('Ctrl Pts',(-0.114646475169042,-7.05239910991459,
10.9406556771137));
#6670=CARTESIAN_POINT('Ctrl Pts',(-0.114700718569908,-7.05573585543092,
10.9406556771137));
#6671=CARTESIAN_POINT('Ctrl Pts',(-0.114754961970774,-7.05907260094726,
10.9406556771137));
#6672=CARTESIAN_POINT('',(-0.0607086665626014,-7.04973860918291,11.3472022698261));
#6673=CARTESIAN_POINT('Ctrl Pts',(-0.0607086665626014,-7.04973860918291,
11.3472022698261));
#6674=CARTESIAN_POINT('Ctrl Pts',(-0.061237018582052,-7.0497340592913,11.2785245553927));
#6675=CARTESIAN_POINT('Ctrl Pts',(-0.0618056286647738,-7.0497353524577,
11.2089371448691));
#6676=CARTESIAN_POINT('Ctrl Pts',(-0.078956709243237,-7.04956491663416,
11.0684508673167));
#6677=CARTESIAN_POINT('Ctrl Pts',(-0.0949747765800898,-7.04938754375612,
11.0118801087045));
#6678=CARTESIAN_POINT('Ctrl Pts',(-0.114592333677923,-7.04906863330626,
10.9406556771137));
#6679=CARTESIAN_POINT('',(-0.0607086665626014,-7.04973860918291,11.3472022698261));
#6680=CARTESIAN_POINT('Origin',(-0.0607086665626014,-7.04973860918291,11.7905857251026));
#6681=CARTESIAN_POINT('',(-0.0607086665626011,-7.04973860918291,12.2339691803791));
#6682=CARTESIAN_POINT('',(-0.0607086665626014,-7.04973860918291,0.));
#6683=CARTESIAN_POINT('',(-0.0607086665626011,-7.04973860918291,12.2339691803791));
#6684=CARTESIAN_POINT('Origin',(-1.05671204430461,-6.97035577681811,12.2339691803791));
#6685=CARTESIAN_POINT('',(-2.0314903050399,-6.75096638567612,12.2339691803791));
#6686=CARTESIAN_POINT('Origin',(0.,0.,12.2339691803791));
#6687=CARTESIAN_POINT('',(-2.0314903050399,-6.75096638567612,12.2339691803791));
#6688=CARTESIAN_POINT('Origin',(-2.0314903050399,-6.75096638567612,12.1016361401416));
#6689=CARTESIAN_POINT('',(-2.0314903050399,-6.75096638567612,0.));
#6690=CARTESIAN_POINT('Origin',(-0.281643702146184,-7.04437199649773,11.6527964756824));
#6691=CARTESIAN_POINT('',(-0.281643702146184,-7.04437199649773,11.3362898514606));
#6692=CARTESIAN_POINT('',(-0.281643702146184,-7.04437199649773,11.9693030999042));
#6693=CARTESIAN_POINT('',(-0.281643702146184,-7.04437199649773,0.));
#6694=CARTESIAN_POINT('',(-0.281643702146184,-7.04437199649773,11.3362898514606));
#6695=CARTESIAN_POINT('',(-0.281643702146184,-7.04437199649773,11.9693030999042));
#6696=CARTESIAN_POINT('Ctrl Pts',(-0.372949098269106,-7.04011114943426,
11.0109128640033));
#6697=CARTESIAN_POINT('Ctrl Pts',(-0.373126005180079,-7.04345059795991,
11.0109128640033));
#6698=CARTESIAN_POINT('Ctrl Pts',(-0.373302912091053,-7.04679004648556,
11.0109128640033));
#6699=CARTESIAN_POINT('Ctrl Pts',(-0.373479819002027,-7.0501294950112,11.0109128640033));
#6700=CARTESIAN_POINT('Ctrl Pts',(-0.346439069800247,-7.04151551516704,
11.0540621369432));
#6701=CARTESIAN_POINT('Ctrl Pts',(-0.346603402183498,-7.04485563974154,
11.0540621369432));
#6702=CARTESIAN_POINT('Ctrl Pts',(-0.346767733376813,-7.0481957347437,11.0540621369432));
#6703=CARTESIAN_POINT('Ctrl Pts',(-0.346932065759539,-7.05153585930515,
11.0540621369432));
#6704=CARTESIAN_POINT('Ctrl Pts',(-0.285523215312513,-7.04427808148692,
11.1531745772561));
#6705=CARTESIAN_POINT('Ctrl Pts',(-0.285658652097637,-7.04761950624356,
11.1531745772561));
#6706=CARTESIAN_POINT('Ctrl Pts',(-0.285794088907987,-7.05096093200613,
11.1531745772561));
#6707=CARTESIAN_POINT('Ctrl Pts',(-0.285929525693123,-7.05430235676322,
11.1531745772561));
#6708=CARTESIAN_POINT('Ctrl Pts',(-0.283042113436109,-7.04429876919308,
11.2702078228825));
#6709=CARTESIAN_POINT('Ctrl Pts',(-0.283176372913047,-7.04764019407468,
11.2702078228825));
#6710=CARTESIAN_POINT('Ctrl Pts',(-0.283310633633093,-7.05098164892053,
11.2702078228825));
#6711=CARTESIAN_POINT('Ctrl Pts',(-0.283444893110579,-7.05432307381535,
11.2702078228825));
#6712=CARTESIAN_POINT('Ctrl Pts',(-0.281643010895807,-7.04435470718943,
11.3362898514606));
#6713=CARTESIAN_POINT('Ctrl Pts',(-0.281776607129947,-7.0476961686297,11.3362898514606));
#6714=CARTESIAN_POINT('Ctrl Pts',(-0.281910203364088,-7.05103763006997,
11.3362898514606));
#6715=CARTESIAN_POINT('Ctrl Pts',(-0.282043799598229,-7.05437909151025,
11.3362898514606));
#6716=CARTESIAN_POINT('',(-0.372950013616531,-7.04012842832739,11.0109128640033));
#6717=CARTESIAN_POINT('Ctrl Pts',(-0.372950013616534,-7.04012842832739,
11.0109128640033));
#6718=CARTESIAN_POINT('Ctrl Pts',(-0.340311887847726,-7.04185742937812,
11.0640364561687));
#6719=CARTESIAN_POINT('Ctrl Pts',(-0.313401066192545,-7.04305024060727,
11.1066036106731));
#6720=CARTESIAN_POINT('Ctrl Pts',(-0.284242793101934,-7.04428509145536,
11.218792847817));
#6721=CARTESIAN_POINT('Ctrl Pts',(-0.282903593225918,-7.04432162431577,
11.2767831664778));
#6722=CARTESIAN_POINT('Ctrl Pts',(-0.281643702146184,-7.04437199649773,
11.3362898514606));
#6723=CARTESIAN_POINT('',(-0.372950013616531,-7.04012842832739,11.0109128640033));
#6724=CARTESIAN_POINT('Ctrl Pts',(-0.605662921492033,-7.02391735317439,
10.9079112694599));
#6725=CARTESIAN_POINT('Ctrl Pts',(-0.605950253841636,-7.0272495675215,10.9079112694599));
#6726=CARTESIAN_POINT('Ctrl Pts',(-0.606237586191239,-7.03058178186861,
10.9079112694599));
#6727=CARTESIAN_POINT('Ctrl Pts',(-0.606524918540843,-7.03391399621572,
10.9079112694599));
#6728=CARTESIAN_POINT('Ctrl Pts',(-0.560771133396716,-7.02778831147227,
10.9120540036565));
#6729=CARTESIAN_POINT('Ctrl Pts',(-0.561037169266602,-7.03112237180846,
10.9120540036565));
#6730=CARTESIAN_POINT('Ctrl Pts',(-0.561303203287105,-7.03445640354948,
10.9120540036565));
#6731=CARTESIAN_POINT('Ctrl Pts',(-0.561569239155967,-7.03779046386983,
10.9120540036565));
#6732=CARTESIAN_POINT('Ctrl Pts',(-0.471666893900958,-7.0345095983351,10.92026935972));
#6733=CARTESIAN_POINT('Ctrl Pts',(-0.471890657236703,-7.03784683752931,
10.92026935972));
#6734=CARTESIAN_POINT('Ctrl Pts',(-0.472114420578391,-7.04118407737043,
10.92026935972));
#6735=CARTESIAN_POINT('Ctrl Pts',(-0.47233818391414,-7.04452131656499,10.92026935972));
#6736=CARTESIAN_POINT('Ctrl Pts',(-0.405673331716903,-7.03837663039664,
10.9808707594582));
#6737=CARTESIAN_POINT('Ctrl Pts',(-0.405865786473482,-7.04171569556512,
10.9808707594582));
#6738=CARTESIAN_POINT('Ctrl Pts',(-0.406058243013431,-7.04505478702963,
10.9808707594582));
#6739=CARTESIAN_POINT('Ctrl Pts',(-0.406250697770997,-7.04839385221266,
10.9808707594582));
#6740=CARTESIAN_POINT('Ctrl Pts',(-0.372949047740945,-7.04011019562079,
11.0109128640033));
#6741=CARTESIAN_POINT('Ctrl Pts',(-0.373125978377387,-7.04345009200902,
11.0109128640033));
#6742=CARTESIAN_POINT('Ctrl Pts',(-0.373302909013831,-7.04678998839724,
11.0109128640033));
#6743=CARTESIAN_POINT('Ctrl Pts',(-0.373479839650275,-7.05012988478546,
11.0109128640033));
#6744=CARTESIAN_POINT('',(-0.605664490057586,-7.02393554394424,10.9079112694599));
#6745=CARTESIAN_POINT('Ctrl Pts',(-0.605664490057587,-7.02393554394424,
10.9079112694599));
#6746=CARTESIAN_POINT('Ctrl Pts',(-0.55820506915799,-7.02802790580858,10.9122909403324));
#6747=CARTESIAN_POINT('Ctrl Pts',(-0.515294437985814,-7.03124353746909,
10.9167021673153));
#6748=CARTESIAN_POINT('Ctrl Pts',(-0.432683082492291,-7.0368549940744,10.9530736632055));
#6749=CARTESIAN_POINT('Ctrl Pts',(-0.395187083397867,-7.03895042205063,
10.9904984633223));
#6750=CARTESIAN_POINT('Ctrl Pts',(-0.372950013616531,-7.04012842832739,
11.0109128640033));
#6751=CARTESIAN_POINT('',(-0.605664490057586,-7.02393554394424,10.9079112694599));
#6752=CARTESIAN_POINT('Ctrl Pts',(-0.784185233126786,-7.00624674411981,
10.961119143758));
#6753=CARTESIAN_POINT('Ctrl Pts',(-0.784556316167546,-7.0095621589431,10.961119143758));
#6754=CARTESIAN_POINT('Ctrl Pts',(-0.784927399208305,-7.0128775737664,10.961119143758));
#6755=CARTESIAN_POINT('Ctrl Pts',(-0.785298482249065,-7.0161929885897,10.961119143758));
#6756=CARTESIAN_POINT('Ctrl Pts',(-0.75630925733039,-7.00936680674362,10.9456011357669));
#6757=CARTESIAN_POINT('Ctrl Pts',(-0.756667148995404,-7.01268369568059,
10.9456011357669));
#6758=CARTESIAN_POINT('Ctrl Pts',(-0.757025041349205,-7.01600059159003,
10.9456011357669));
#6759=CARTESIAN_POINT('Ctrl Pts',(-0.757382933014241,-7.01931748052724,
10.9456011357669));
#6760=CARTESIAN_POINT('Ctrl Pts',(-0.700725053329934,-7.01527700677406,
10.9146778073623));
#6761=CARTESIAN_POINT('Ctrl Pts',(-0.701056642308763,-7.01859669478145,
10.9146778073623));
#6762=CARTESIAN_POINT('Ctrl Pts',(-0.701388231298527,-7.02191638282501,
10.9146778073623));
#6763=CARTESIAN_POINT('Ctrl Pts',(-0.701719820277356,-7.0252360708324,10.9146778073623));
#6764=CARTESIAN_POINT('Ctrl Pts',(-0.637287154225827,-7.02120448740103,
10.9101612958936));
#6765=CARTESIAN_POINT('Ctrl Pts',(-0.637588724100593,-7.02452698271636,
10.9101612958936));
#6766=CARTESIAN_POINT('Ctrl Pts',(-0.637890293258599,-7.02784947095111,
10.9101612958936));
#6767=CARTESIAN_POINT('Ctrl Pts',(-0.63819186313334,-7.03117196626621,10.9101612958936));
#6768=CARTESIAN_POINT('Ctrl Pts',(-0.605664123992185,-7.02393129865692,
10.9079112694599));
#6769=CARTESIAN_POINT('Ctrl Pts',(-0.605950729344232,-7.02725508196,10.9079112694599));
#6770=CARTESIAN_POINT('Ctrl Pts',(-0.606237334696278,-7.03057886526309,
10.9079112694599));
#6771=CARTESIAN_POINT('Ctrl Pts',(-0.606523940048325,-7.03390264856617,
10.9079112694599));
#6772=CARTESIAN_POINT('',(-0.784185707090936,-7.00625097871853,10.961119143758));
#6773=CARTESIAN_POINT('Ctrl Pts',(-0.784185707090935,-7.00625097871853,
10.961119143758));
#6774=CARTESIAN_POINT('Ctrl Pts',(-0.757969603506478,-7.00918525752027,
10.9465251628333));
#6775=CARTESIAN_POINT('Ctrl Pts',(-0.729447595461422,-7.01222864989033,
10.9304434274949));
#6776=CARTESIAN_POINT('Ctrl Pts',(-0.669459107900228,-7.01820477813533,
10.9125284936953));
#6777=CARTESIAN_POINT('Ctrl Pts',(-0.638355939782623,-7.02111660431943,
10.9102373141506));
#6778=CARTESIAN_POINT('Ctrl Pts',(-0.605664490057586,-7.02393554394424,
10.9079112694599));
#6779=CARTESIAN_POINT('',(-0.784185707090936,-7.00625097871853,10.961119143758));
#6780=CARTESIAN_POINT('Ctrl Pts',(-0.903375480843431,-6.99188001264024,
11.1166443512775));
#6781=CARTESIAN_POINT('Ctrl Pts',(-0.90380306802923,-6.99518942092224,11.1166443512775));
#6782=CARTESIAN_POINT('Ctrl Pts',(-0.904230655215028,-6.99849882920422,
11.1166443512775));
#6783=CARTESIAN_POINT('Ctrl Pts',(-0.904658242400826,-7.0018082374862,11.1166443512775));
#6784=CARTESIAN_POINT('Ctrl Pts',(-0.889515722388402,-6.993670742166,11.0848515770385));
#6785=CARTESIAN_POINT('Ctrl Pts',(-0.88993674882515,-6.99698099294482,11.0848515770385));
#6786=CARTESIAN_POINT('Ctrl Pts',(-0.890357777137843,-7.00029125901124,
11.0848515770385));
#6787=CARTESIAN_POINT('Ctrl Pts',(-0.890778803571977,-7.00360150976876,
11.0848515770385));
#6788=CARTESIAN_POINT('Ctrl Pts',(-0.862550838816108,-6.99712413011595,
11.0230066681124));
#6789=CARTESIAN_POINT('Ctrl Pts',(-0.86295910279887,-7.00043602045654,11.0230066681124));
#6790=CARTESIAN_POINT('Ctrl Pts',(-0.863367366828267,-7.00374791108464,
11.0230066681124));
#6791=CARTESIAN_POINT('Ctrl Pts',(-0.863775630810965,-7.00705980142482,
11.0230066681124));
#6792=CARTESIAN_POINT('Ctrl Pts',(-0.809825501182482,-7.00337930385703,
10.9813575773813));
#6793=CARTESIAN_POINT('Ctrl Pts',(-0.810208809799556,-7.00669416033669,
10.9813575773813));
#6794=CARTESIAN_POINT('Ctrl Pts',(-0.810592116426049,-7.01000900080917,
10.9813575773813));
#6795=CARTESIAN_POINT('Ctrl Pts',(-0.810975425045899,-7.01332385731114,
10.9813575773813));
#6796=CARTESIAN_POINT('Ctrl Pts',(-0.784185497016604,-7.00624910182447,
10.961119143758));
#6797=CARTESIAN_POINT('Ctrl Pts',(-0.784556669000927,-7.00956531130765,
10.961119143758));
#6798=CARTESIAN_POINT('Ctrl Pts',(-0.784927840985249,-7.01288152079084,
10.961119143758));
#6799=CARTESIAN_POINT('Ctrl Pts',(-0.785299012969572,-7.01619773027402,
10.961119143758));
#6800=CARTESIAN_POINT('',(-0.903375722847398,-6.99188188568499,11.1166443512775));
#6801=CARTESIAN_POINT('Ctrl Pts',(-0.903375722847399,-6.99188188568499,
11.1166443512775));
#6802=CARTESIAN_POINT('Ctrl Pts',(-0.876971806493927,-6.99529336451313,
11.0560766632133));
#6803=CARTESIAN_POINT('Ctrl Pts',(-0.860679340049841,-6.99726745225889,
11.0340738503724));
#6804=CARTESIAN_POINT('Ctrl Pts',(-0.837189768858275,-7.00014304925856,
11.0031293132456));
#6805=CARTESIAN_POINT('Ctrl Pts',(-0.812652105764467,-7.00306483208462,
10.9835885303454));
#6806=CARTESIAN_POINT('Ctrl Pts',(-0.784185707090935,-7.00625097871853,
10.961119143758));
#6807=CARTESIAN_POINT('',(-0.903375722847398,-6.99188188568499,11.1166443512775));
#6808=CARTESIAN_POINT('Ctrl Pts',(-0.94057042885838,-6.98697554513805,11.4004101441242));
#6809=CARTESIAN_POINT('Ctrl Pts',(-0.94101514300914,-6.99027907967476,11.4004101441242));
#6810=CARTESIAN_POINT('Ctrl Pts',(-0.941459857159901,-6.99358261421147,
11.4004101441242));
#6811=CARTESIAN_POINT('Ctrl Pts',(-0.941904571310661,-6.99688614874818,
11.4004101441242));
#6812=CARTESIAN_POINT('Ctrl Pts',(-0.939984797425175,-6.98705438148215,
11.3461589213815));
#6813=CARTESIAN_POINT('Ctrl Pts',(-0.94042923446172,-6.99035795165242,11.3461589213815));
#6814=CARTESIAN_POINT('Ctrl Pts',(-0.940873672158028,-6.99366152674661,
11.3461589213815));
#6815=CARTESIAN_POINT('Ctrl Pts',(-0.941318109194572,-6.99696509691688,
11.3461589213815));
#6816=CARTESIAN_POINT('Ctrl Pts',(-0.938947767330712,-6.98720724289964,
11.2499297434713));
#6817=CARTESIAN_POINT('Ctrl Pts',(-0.939391714257805,-6.99051088693063,
11.2499297434713));
#6818=CARTESIAN_POINT('Ctrl Pts',(-0.939835661208343,-6.99381453112808,
11.2499297434713));
#6819=CARTESIAN_POINT('Ctrl Pts',(-0.940279608135437,-6.99711817515907,
11.2499297434713));
#6820=CARTESIAN_POINT('Ctrl Pts',(-0.914183159734381,-6.99048552684062,
11.1571274153091));
#6821=CARTESIAN_POINT('Ctrl Pts',(-0.914615397853693,-6.99379072256922,
11.1571274153091));
#6822=CARTESIAN_POINT('Ctrl Pts',(-0.915047635316819,-6.99709591341959,
11.1571274153091));
#6823=CARTESIAN_POINT('Ctrl Pts',(-0.915479873436131,-7.00040110914819,
11.1571274153091));
#6824=CARTESIAN_POINT('Ctrl Pts',(-0.903375722847398,-6.99188188568499,
11.1166443512775));
#6825=CARTESIAN_POINT('Ctrl Pts',(-0.903802850848745,-6.99518774000447,
11.1166443512775));
#6826=CARTESIAN_POINT('Ctrl Pts',(-0.904229978850091,-6.99849359432394,
11.1166443512775));
#6827=CARTESIAN_POINT('Ctrl Pts',(-0.904657106851437,-7.00179944864341,
11.1166443512775));
#6828=CARTESIAN_POINT('',(-0.94057042885838,-6.98697554513805,11.4004101441242));
#6829=CARTESIAN_POINT('Ctrl Pts',(-0.94057042885838,-6.98697554513805,11.4004101441242));
#6830=CARTESIAN_POINT('Ctrl Pts',(-0.940046729467088,-6.98704604433443,
11.351896128796));
#6831=CARTESIAN_POINT('Ctrl Pts',(-0.939523358177017,-6.98711896826296,
11.303382113468));
#6832=CARTESIAN_POINT('Ctrl Pts',(-0.933607903207637,-6.98790929270467,
11.2556469836849));
#6833=CARTESIAN_POINT('Ctrl Pts',(-0.932908348823586,-6.98800275549508,
11.250001886311));
#6834=CARTESIAN_POINT('Ctrl Pts',(-0.932133377210587,-6.98810618970756,
11.2443676817565));
#6835=CARTESIAN_POINT('Ctrl Pts',(-0.931274060406189,-6.98822070518774,
11.2387456581928));
#6836=CARTESIAN_POINT('Ctrl Pts',(-0.924986617808519,-6.98905859117396,
11.1976104793407));
#6837=CARTESIAN_POINT('Ctrl Pts',(-0.914183159734381,-6.99048552684062,
11.1571274153091));
#6838=CARTESIAN_POINT('Ctrl Pts',(-0.903375722847399,-6.99188188568499,
11.1166443512775));
#6839=CARTESIAN_POINT('',(-0.94057042885838,-6.98697554513805,11.4004101441242));
#6840=CARTESIAN_POINT('Origin',(-0.94057042885838,-6.98697554513805,11.6848566220142));
#6841=CARTESIAN_POINT('',(-0.94057042885838,-6.98697554513805,11.9693030999042));
#6842=CARTESIAN_POINT('',(-0.94057042885838,-6.98697554513805,0.));
#6843=CARTESIAN_POINT('',(-0.94057042885838,-6.98697554513805,11.9693030999042));
#6844=CARTESIAN_POINT('Origin',(-0.611780543711535,-7.02340548212447,11.9693030999042));
#6845=CARTESIAN_POINT('Origin',(0.,0.,11.9693030999042));
#6846=CARTESIAN_POINT('Origin',(0.,0.,0.));
#6847=CARTESIAN_POINT('Origin',(0.,0.,0.));
#6848=CARTESIAN_POINT('',(-0.0607947781463782,-7.05973823841579,16.3581170723774));
#6849=CARTESIAN_POINT('',(-2.03437185157187,-6.76054222452105,17.1412005112506));
#6850=CARTESIAN_POINT('Ctrl Pts',(-0.0607947781463782,-7.05973823841579,
16.3581170723774));
#6851=CARTESIAN_POINT('Ctrl Pts',(-0.728382278630785,-7.05398932356731,
16.6191448853351));
#6852=CARTESIAN_POINT('Ctrl Pts',(-1.39507711667246,-6.95291780185569,16.8801726982929));
#6853=CARTESIAN_POINT('Ctrl Pts',(-2.03437185157187,-6.76054222452105,17.1412005112506));
#6854=CARTESIAN_POINT('',(-0.0607947781463776,-7.05973823841579,16.6282405541278));
#6855=CARTESIAN_POINT('',(-0.0607947781463782,-7.05973823841579,16.6282405541278));
#6856=CARTESIAN_POINT('',(-1.50417075173734,-6.89790332997049,17.168485133443));
#6857=CARTESIAN_POINT('Ctrl Pts',(-1.50417075173734,-6.89790332997049,17.168485133443));
#6858=CARTESIAN_POINT('Ctrl Pts',(-1.03030829024897,-7.00123473675031,16.9884036070046));
#6859=CARTESIAN_POINT('Ctrl Pts',(-0.545774746564348,-7.05556184425079,
16.8083220805662));
#6860=CARTESIAN_POINT('Ctrl Pts',(-0.0607947781463776,-7.05973823841579,
16.6282405541278));
#6861=CARTESIAN_POINT('',(-1.82279133404296,-6.8206327970752,17.2762622521259));
#6862=CARTESIAN_POINT('Ctrl Pts',(-1.82279133404296,-6.8206327970752,17.2762622521259));
#6863=CARTESIAN_POINT('Ctrl Pts',(-1.76981935494622,-6.83478938156191,17.2601064348599));
#6864=CARTESIAN_POINT('Ctrl Pts',(-1.71668144571182,-6.84832470252685,17.2439506175939));
#6865=CARTESIAN_POINT('Ctrl Pts',(-1.66392964304646,-6.86111784937347,17.2261252091266));
#6866=CARTESIAN_POINT('Ctrl Pts',(-1.61045520787659,-6.87408624603677,17.2080556152682));
#6867=CARTESIAN_POINT('Ctrl Pts',(-1.55737959372609,-6.88630050226695,17.1882703743556));
#6868=CARTESIAN_POINT('Ctrl Pts',(-1.50417075173734,-6.89790332997049,17.168485133443));
#6869=CARTESIAN_POINT('',(-1.50417075173734,-6.89790332997049,17.381309478078));
#6870=CARTESIAN_POINT('Ctrl Pts',(-1.50417075173734,-6.89790332997049,17.381309478078));
#6871=CARTESIAN_POINT('Ctrl Pts',(-1.55917106147961,-6.88590985118522,17.3615457743504));
#6872=CARTESIAN_POINT('Ctrl Pts',(-1.61402892030428,-6.87326264397181,17.3417820706228));
#6873=CARTESIAN_POINT('Ctrl Pts',(-1.66923975189044,-6.85982788783427,17.3236694023945));
#6874=CARTESIAN_POINT('Ctrl Pts',(-1.72027523567168,-6.84740914210514,17.3069265141053));
#6875=CARTESIAN_POINT('Ctrl Pts',(-1.77161066555309,-6.83431065978522,17.2915943831156));
#6876=CARTESIAN_POINT('Ctrl Pts',(-1.82279133404296,-6.8206327970752,17.2762622521259));
#6877=CARTESIAN_POINT('',(-0.0607947781463782,-7.05973823841579,17.9010905907489));
#6878=CARTESIAN_POINT('Ctrl Pts',(-0.0607947781463782,-7.05973823841579,
17.9010905907489));
#6879=CARTESIAN_POINT('Ctrl Pts',(-0.545774746564348,-7.05556184425079,
17.7278302198586));
#6880=CARTESIAN_POINT('Ctrl Pts',(-1.03030829024897,-7.00123473675031,17.5545698489683));
#6881=CARTESIAN_POINT('Ctrl Pts',(-1.50417075173734,-6.89790332997049,17.381309478078));
#6882=CARTESIAN_POINT('',(-0.0607947781463773,-7.05973823841579,18.1875850842334));
#6883=CARTESIAN_POINT('',(-0.0607947781463782,-7.05973823841579,18.1875850842334));
#6884=CARTESIAN_POINT('',(-2.03437185157187,-6.76054222452105,17.4126877472736));
#6885=CARTESIAN_POINT('Ctrl Pts',(-2.03437185157187,-6.76054222452105,17.4126877472736));
#6886=CARTESIAN_POINT('Ctrl Pts',(-1.39507711667245,-6.95291780185569,17.6709868595935));
#6887=CARTESIAN_POINT('Ctrl Pts',(-0.728382278630784,-7.05398932356731,
17.9292859719135));
#6888=CARTESIAN_POINT('Ctrl Pts',(-0.0607947781463773,-7.05973823841579,
18.1875850842334));
#6889=CARTESIAN_POINT('',(-2.03437185157187,-6.76054222452105,17.1412005112506));
#6890=CARTESIAN_POINT('Ctrl Pts',(-0.0606239285095532,-7.04962058226535,
16.3580842925134));
#6891=CARTESIAN_POINT('Ctrl Pts',(-0.0606529331805298,-7.0529933747894,
16.3580842925134));
#6892=CARTESIAN_POINT('Ctrl Pts',(-0.0606819378547478,-7.05636616733861,
16.3580842925134));
#6893=CARTESIAN_POINT('Ctrl Pts',(-0.0607109425257997,-7.05973895986323,
16.3580842925134));
#6894=CARTESIAN_POINT('Ctrl Pts',(-0.727310493161192,-7.04388739373541,
16.6191339587138));
#6895=CARTESIAN_POINT('Ctrl Pts',(-0.727658473615636,-7.04725751245576,
16.6191339587138));
#6896=CARTESIAN_POINT('Ctrl Pts',(-0.728006428258647,-7.05062743072734,
16.6191339587138));
#6897=CARTESIAN_POINT('Ctrl Pts',(-0.728354408114283,-7.05399754479741,
16.6191339587138));
#6898=CARTESIAN_POINT('Ctrl Pts',(-1.39310663391432,-6.94295211532033,16.8801836249142));
#6899=CARTESIAN_POINT('Ctrl Pts',(-1.39377315832258,-6.94627394249811,16.8801836249142));
#6900=CARTESIAN_POINT('Ctrl Pts',(-1.39443964797152,-6.94959557058365,16.8801836249142));
#6901=CARTESIAN_POINT('Ctrl Pts',(-1.39510617157339,-6.95291739314262,16.8801836249142));
#6902=CARTESIAN_POINT('Ctrl Pts',(-2.03153625357754,-6.75082854655688,17.1412332911146));
#6903=CARTESIAN_POINT('Ctrl Pts',(-2.03250821372993,-6.75405838620357,17.1412332911146));
#6904=CARTESIAN_POINT('Ctrl Pts',(-2.03348017388669,-6.75728822587528,17.1412332911146));
#6905=CARTESIAN_POINT('Ctrl Pts',(-2.03445213403917,-6.76051806552255,17.1412332911146));
#6906=CARTESIAN_POINT('',(-0.0607086665626014,-7.04973860918291,16.3581170723774));
#6907=CARTESIAN_POINT('',(-2.0314903050399,-6.75096638567612,17.1412005112506));
#6908=CARTESIAN_POINT('Ctrl Pts',(-0.0607086665626014,-7.04973860918291,
16.3581170723774));
#6909=CARTESIAN_POINT('Ctrl Pts',(-0.252516132441557,-7.04808686347491,
16.4332204864324));
#6910=CARTESIAN_POINT('Ctrl Pts',(-0.44425600866334,-7.03860280389491,16.5083239004874));
#6911=CARTESIAN_POINT('Ctrl Pts',(-0.635290213735203,-7.02131799196791,
16.5834273145424));
#6912=CARTESIAN_POINT('Ctrl Pts',(-0.826312583114907,-7.00403425093663,
16.6585260754993));
#6913=CARTESIAN_POINT('Ctrl Pts',(-1.01662908633499,-6.97895075022923,16.7336248364563));
#6914=CARTESIAN_POINT('Ctrl Pts',(-1.20560645707223,-6.94615095363366,16.8087235974132));
#6915=CARTESIAN_POINT('Ctrl Pts',(-1.39458890689421,-6.91335027548837,16.8838243767757));
#6916=CARTESIAN_POINT('Ctrl Pts',(-1.58223187273717,-6.87283293494918,16.9589251561381));
#6917=CARTESIAN_POINT('Ctrl Pts',(-1.76791095077823,-6.82473375818562,17.0340259355006));
#6918=CARTESIAN_POINT('Ctrl Pts',(-1.85623704887216,-6.80185335265002,17.0697507940839));
#6919=CARTESIAN_POINT('Ctrl Pts',(-1.94411890853745,-6.77725805042343,17.1054756526673));
#6920=CARTESIAN_POINT('Ctrl Pts',(-2.0314903050399,-6.75096638567612,17.1412005112506));
#6921=CARTESIAN_POINT('',(-0.0607086665626014,-7.04973860918291,16.3581170723774));
#6922=CARTESIAN_POINT('',(-2.0314903050399,-6.75096638567612,17.1412005112506));
#6923=CARTESIAN_POINT('Origin',(-0.0607086665626014,-7.04973860918291,16.4931788132526));
#6924=CARTESIAN_POINT('',(-0.0607086665626008,-7.04973860918291,16.6282405541278));
#6925=CARTESIAN_POINT('',(-0.0607086665626014,-7.04973860918291,0.));
#6926=CARTESIAN_POINT('',(-0.0607086665626008,-7.04973860918291,16.6282405541278));
#6927=CARTESIAN_POINT('Ctrl Pts',(-1.50205594387306,-6.88809562127453,17.1684938092631));
#6928=CARTESIAN_POINT('Ctrl Pts',(-1.50276848961062,-6.89136319808775,17.1684938092631));
#6929=CARTESIAN_POINT('Ctrl Pts',(-1.50348103534853,-6.89463077490358,17.1684938092631));
#6930=CARTESIAN_POINT('Ctrl Pts',(-1.50419358108609,-6.89789835171681,17.1684938092631));
#6931=CARTESIAN_POINT('Ctrl Pts',(-1.0288520413559,-6.99128506754364,16.9884064989446));
#6932=CARTESIAN_POINT('Ctrl Pts',(-1.02934011082604,-6.99460161357505,16.9884064989446));
#6933=CARTESIAN_POINT('Ctrl Pts',(-1.02982817335065,-6.99791810560705,16.9884064989446));
#6934=CARTESIAN_POINT('Ctrl Pts',(-1.03031624277513,-7.00123465128336,16.9884064989446));
#6935=CARTESIAN_POINT('Ctrl Pts',(-0.544991373060106,-7.04553673057993,
16.8083191886262));
#6936=CARTESIAN_POINT('Ctrl Pts',(-0.545249907972589,-7.04887901259752,
16.8083191886262));
#6937=CARTESIAN_POINT('Ctrl Pts',(-0.545508437699386,-7.0522212404184,16.8083191886262));
#6938=CARTESIAN_POINT('Ctrl Pts',(-0.545766972577769,-7.05556352207961,
16.8083191886262));
#6939=CARTESIAN_POINT('Ctrl Pts',(-0.060685049803903,-7.04970571521082,
16.6282318783077));
#6940=CARTESIAN_POINT('Ctrl Pts',(-0.0607138375954821,-7.05304995666764,
16.6282318783077));
#6941=CARTESIAN_POINT('Ctrl Pts',(-0.0607426253873111,-7.05639419812706,
16.6282318783077));
#6942=CARTESIAN_POINT('Ctrl Pts',(-0.0607714131788918,-7.05973843958388,
16.6282318783077));
#6943=CARTESIAN_POINT('',(-1.50204019826463,-6.88813292865325,17.168485133443));
#6944=CARTESIAN_POINT('Ctrl Pts',(-1.50204019826463,-6.88813292865325,17.168485133443));
#6945=CARTESIAN_POINT('Ctrl Pts',(-1.31464078807307,-6.92899762307108,17.0971668862376));
#6946=CARTESIAN_POINT('Ctrl Pts',(-1.12557293627204,-6.96221042682006,17.0258486390321));
#6947=CARTESIAN_POINT('Ctrl Pts',(-0.935465757601681,-6.98766082579533,
16.9545303918267));
#6948=CARTESIAN_POINT('Ctrl Pts',(-0.745352786116148,-7.01311200027766,
16.8832099714607));
#6949=CARTESIAN_POINT('Ctrl Pts',(-0.55420070553562,-7.03080025901699,16.8118895510947));
#6950=CARTESIAN_POINT('Ctrl Pts',(-0.362645604501842,-7.04066674154767,
16.7405691307287));
#6951=CARTESIAN_POINT('Ctrl Pts',(-0.262080148262982,-7.0458465948213,16.7031262718617));
#6952=CARTESIAN_POINT('Ctrl Pts',(-0.161403700942448,-7.04887147614358,
16.6656834129948));
#6953=CARTESIAN_POINT('Ctrl Pts',(-0.0607086665626014,-7.04973860918291,
16.6282405541278));
#6954=CARTESIAN_POINT('',(-1.50204019826463,-6.88813292865325,17.168485133443));
#6955=CARTESIAN_POINT('Ctrl Pts',(-1.8202094766293,-6.81097184410484,17.2762622521259));
#6956=CARTESIAN_POINT('Ctrl Pts',(-1.82107009576719,-6.81419216176163,17.2762622521259));
#6957=CARTESIAN_POINT('Ctrl Pts',(-1.82193071490507,-6.81741247941842,17.2762622521259));
#6958=CARTESIAN_POINT('Ctrl Pts',(-1.82279133404296,-6.8206327970752,17.2762622521259));
#6959=CARTESIAN_POINT('Ctrl Pts',(-1.76731252866443,-6.82510837677217,17.2601064348599));
#6960=CARTESIAN_POINT('Ctrl Pts',(-1.76814813770913,-6.82833537955117,17.2601064348599));
#6961=CARTESIAN_POINT('Ctrl Pts',(-1.76898374590153,-6.83156237878291,17.2601064348599));
#6962=CARTESIAN_POINT('Ctrl Pts',(-1.76981935494622,-6.83478938156191,17.2601064348599));
#6963=CARTESIAN_POINT('Ctrl Pts',(-1.6604593257626,-6.85232159919897,17.2275734862096));
#6964=CARTESIAN_POINT('Ctrl Pts',(-1.6612444129168,-6.85556146756811,17.2275734862096));
#6965=CARTESIAN_POINT('Ctrl Pts',(-1.66202950006338,-6.85880133593508,17.2275734862096));
#6966=CARTESIAN_POINT('Ctrl Pts',(-1.66281458721758,-6.86204120430422,17.2275734862096));
#6967=CARTESIAN_POINT('Ctrl Pts',(-1.55517367362166,-6.87654653554986,17.1882703743556));
#6968=CARTESIAN_POINT('Ctrl Pts',(-1.55590898003142,-6.87979785659792,17.1882703743556));
#6969=CARTESIAN_POINT('Ctrl Pts',(-1.55664428731633,-6.8830491812189,17.1882703743556));
#6970=CARTESIAN_POINT('Ctrl Pts',(-1.55737959372609,-6.88630050226695,17.1882703743556));
#6971=CARTESIAN_POINT('Ctrl Pts',(-1.50204019826463,-6.88813292865325,17.168485133443));
#6972=CARTESIAN_POINT('Ctrl Pts',(-1.50275038275553,-6.89138972909233,17.168485133443));
#6973=CARTESIAN_POINT('Ctrl Pts',(-1.50346056724644,-6.89464652953141,17.168485133443));
#6974=CARTESIAN_POINT('Ctrl Pts',(-1.50417075173734,-6.89790332997049,17.168485133443));
#6975=CARTESIAN_POINT('',(-1.8202094766293,-6.81097184410484,17.2762622521259));
#6976=CARTESIAN_POINT('Ctrl Pts',(-1.8202094766293,-6.81097184410484,17.2762622521259));
#6977=CARTESIAN_POINT('Ctrl Pts',(-1.76731252866443,-6.82510837677217,17.2601064348599));
#6978=CARTESIAN_POINT('Ctrl Pts',(-1.6604593257626,-6.85232159919897,17.2275734862096));
#6979=CARTESIAN_POINT('Ctrl Pts',(-1.55517367362166,-6.87654653554986,17.1882703743556));
#6980=CARTESIAN_POINT('Ctrl Pts',(-1.50204019826463,-6.88813292865325,17.168485133443));
#6981=CARTESIAN_POINT('',(-1.8202094766293,-6.81097184410484,17.2762622521259));
#6982=CARTESIAN_POINT('Ctrl Pts',(-1.50204019826463,-6.88813292865325,17.381309478078));
#6983=CARTESIAN_POINT('Ctrl Pts',(-1.50275038275553,-6.89138972909233,17.381309478078));
#6984=CARTESIAN_POINT('Ctrl Pts',(-1.50346056724644,-6.89464652953141,17.381309478078));
#6985=CARTESIAN_POINT('Ctrl Pts',(-1.50417075173734,-6.89790332997049,17.381309478078));
#6986=CARTESIAN_POINT('Ctrl Pts',(-1.55696260388545,-6.87615643779827,17.3615457743504));
#6987=CARTESIAN_POINT('Ctrl Pts',(-1.55769875614698,-6.87940757449901,17.3615457743504));
#6988=CARTESIAN_POINT('Ctrl Pts',(-1.55843490921808,-6.88265871448448,17.3615457743504));
#6989=CARTESIAN_POINT('Ctrl Pts',(-1.55917106147961,-6.88590985118522,17.3615457743504));
#6990=CARTESIAN_POINT('Ctrl Pts',(-1.66238098728564,-6.85185642731014,17.3235130072511));
#6991=CARTESIAN_POINT('Ctrl Pts',(-1.66316698303203,-6.85509607576247,17.3235130072511));
#6992=CARTESIAN_POINT('Ctrl Pts',(-1.66395297875525,-6.85833572414477,17.3235130072511));
#6993=CARTESIAN_POINT('Ctrl Pts',(-1.66473897450164,-6.8615753725971,17.3235130072511));
#6994=CARTESIAN_POINT('Ctrl Pts',(-1.76910130200415,-6.82463033307165,17.2915943831156));
#6995=CARTESIAN_POINT('Ctrl Pts',(-1.76993775676017,-6.82785710963394,17.2915943831156));
#6996=CARTESIAN_POINT('Ctrl Pts',(-1.77077421079706,-6.83108388322293,17.2915943831156));
#6997=CARTESIAN_POINT('Ctrl Pts',(-1.77161066555309,-6.83431065978522,17.2915943831156));
#6998=CARTESIAN_POINT('Ctrl Pts',(-1.8202094766293,-6.81097184410484,17.2762622521259));
#6999=CARTESIAN_POINT('Ctrl Pts',(-1.82107009576719,-6.81419216176163,17.2762622521259));
#7000=CARTESIAN_POINT('Ctrl Pts',(-1.82193071490507,-6.81741247941842,17.2762622521259));
#7001=CARTESIAN_POINT('Ctrl Pts',(-1.82279133404296,-6.8206327970752,17.2762622521259));
#7002=CARTESIAN_POINT('',(-1.50204019826463,-6.88813292865325,17.381309478078));
#7003=CARTESIAN_POINT('Ctrl Pts',(-1.50204019826463,-6.88813292865325,17.381309478078));
#7004=CARTESIAN_POINT('Ctrl Pts',(-1.55696260388545,-6.87615643779827,17.3615457743504));
#7005=CARTESIAN_POINT('Ctrl Pts',(-1.66238098728564,-6.85185642731014,17.3235130072511));
#7006=CARTESIAN_POINT('Ctrl Pts',(-1.76910130200415,-6.82463033307165,17.2915943831156));
#7007=CARTESIAN_POINT('Ctrl Pts',(-1.8202094766293,-6.81097184410484,17.2762622521259));
#7008=CARTESIAN_POINT('',(-1.50204019826463,-6.88813292865325,17.381309478078));
#7009=CARTESIAN_POINT('Ctrl Pts',(-0.0606850498039046,-7.04970571521082,
17.901098937945));
#7010=CARTESIAN_POINT('Ctrl Pts',(-0.0607138375954837,-7.05304995666764,
17.901098937945));
#7011=CARTESIAN_POINT('Ctrl Pts',(-0.0607426253873126,-7.05639419812706,
17.901098937945));
#7012=CARTESIAN_POINT('Ctrl Pts',(-0.0607714131788934,-7.05973843958388,
17.9010989379449));
#7013=CARTESIAN_POINT('Ctrl Pts',(-0.544991373060108,-7.04553673057994,
17.7278330022573));
#7014=CARTESIAN_POINT('Ctrl Pts',(-0.545249907972589,-7.04887901259753,
17.7278330022573));
#7015=CARTESIAN_POINT('Ctrl Pts',(-0.545508437699388,-7.0522212404184,17.7278330022573));
#7016=CARTESIAN_POINT('Ctrl Pts',(-0.54576697257777,-7.05556352207961,17.7278330022573));
#7017=CARTESIAN_POINT('Ctrl Pts',(-1.0288520413559,-6.99128506754365,17.5545670665696));
#7018=CARTESIAN_POINT('Ctrl Pts',(-1.02934011082604,-6.99460161357505,17.5545670665696));
#7019=CARTESIAN_POINT('Ctrl Pts',(-1.02982817335065,-6.99791810560705,17.5545670665696));
#7020=CARTESIAN_POINT('Ctrl Pts',(-1.03031624277513,-7.00123465128336,17.5545670665696));
#7021=CARTESIAN_POINT('Ctrl Pts',(-1.50205594387306,-6.88809562127454,17.381301130882));
#7022=CARTESIAN_POINT('Ctrl Pts',(-1.50276848961062,-6.89136319808776,17.381301130882));
#7023=CARTESIAN_POINT('Ctrl Pts',(-1.50348103534853,-6.89463077490358,17.381301130882));
#7024=CARTESIAN_POINT('Ctrl Pts',(-1.50419358108609,-6.89789835171681,17.381301130882));
#7025=CARTESIAN_POINT('',(-0.0607086665626014,-7.04973860918291,17.9010905907489));
#7026=CARTESIAN_POINT('Ctrl Pts',(-0.0607086665626014,-7.04973860918291,
17.9010905907489));
#7027=CARTESIAN_POINT('Ctrl Pts',(-0.252504741210237,-7.04808696157024,
17.8324737469979));
#7028=CARTESIAN_POINT('Ctrl Pts',(-0.444233234258313,-7.03860393087795,
17.7638569032468));
#7029=CARTESIAN_POINT('Ctrl Pts',(-0.635256177803069,-7.02132107146248,
17.6952400594958));
#7030=CARTESIAN_POINT('Ctrl Pts',(-0.826284942067343,-7.00403768541563,
17.6266211248996));
#7031=CARTESIAN_POINT('Ctrl Pts',(-1.01660783130175,-6.9789540205926,17.5580021903033));
#7032=CARTESIAN_POINT('Ctrl Pts',(-1.20559151612928,-6.94615354683706,17.4893832557071));
#7033=CARTESIAN_POINT('Ctrl Pts',(-1.30480699190511,-6.92893346451992,17.4533586631641));
#7034=CARTESIAN_POINT('Ctrl Pts',(-1.40365346075367,-6.90958733963054,17.417334070621));
#7035=CARTESIAN_POINT('Ctrl Pts',(-1.50204019826463,-6.88813292865325,17.381309478078));
#7036=CARTESIAN_POINT('',(-0.0607086665626014,-7.04973860918291,17.9010905907489));
#7037=CARTESIAN_POINT('Origin',(-0.0607086665626014,-7.04973860918291,18.0443378374912));
#7038=CARTESIAN_POINT('',(-0.0607086665626005,-7.04973860918291,18.1875850842334));
#7039=CARTESIAN_POINT('',(-0.0607086665626014,-7.04973860918291,0.));
#7040=CARTESIAN_POINT('',(-0.0607086665626005,-7.04973860918291,18.1875850842334));
#7041=CARTESIAN_POINT('Ctrl Pts',(-2.03153625357754,-6.75082854655688,17.4126553100798));
#7042=CARTESIAN_POINT('Ctrl Pts',(-2.03250821372993,-6.75405838620357,17.4126553100798));
#7043=CARTESIAN_POINT('Ctrl Pts',(-2.03348017388668,-6.75728822587527,17.4126553100798));
#7044=CARTESIAN_POINT('Ctrl Pts',(-2.03445213403917,-6.76051806552254,17.4126553100798));
#7045=CARTESIAN_POINT('Ctrl Pts',(-1.39310663391432,-6.94295211532033,17.6709760471956));
#7046=CARTESIAN_POINT('Ctrl Pts',(-1.39377315832258,-6.94627394249811,17.6709760471956));
#7047=CARTESIAN_POINT('Ctrl Pts',(-1.39443964797152,-6.94959557058365,17.6709760471956));
#7048=CARTESIAN_POINT('Ctrl Pts',(-1.39510617157338,-6.95291739314261,17.6709760471956));
#7049=CARTESIAN_POINT('Ctrl Pts',(-0.72731049316119,-7.0438873937354,17.9292967843115));
#7050=CARTESIAN_POINT('Ctrl Pts',(-0.727658473615635,-7.04725751245575,
17.9292967843115));
#7051=CARTESIAN_POINT('Ctrl Pts',(-0.728006428258646,-7.05062743072734,
17.9292967843115));
#7052=CARTESIAN_POINT('Ctrl Pts',(-0.728354408114282,-7.05399754479741,
17.9292967843114));
#7053=CARTESIAN_POINT('Ctrl Pts',(-0.0606239285095514,-7.04962058226535,
18.1876175214273));
#7054=CARTESIAN_POINT('Ctrl Pts',(-0.0606529331805281,-7.05299337478938,
18.1876175214272));
#7055=CARTESIAN_POINT('Ctrl Pts',(-0.0606819378547461,-7.05636616733861,
18.1876175214272));
#7056=CARTESIAN_POINT('Ctrl Pts',(-0.0607109425257979,-7.05973895986323,
18.1876175214272));
#7057=CARTESIAN_POINT('',(-2.0314903050399,-6.75096638567612,17.4126877472736));
#7058=CARTESIAN_POINT('Ctrl Pts',(-2.0314903050399,-6.75096638567612,17.4126877472736));
#7059=CARTESIAN_POINT('Ctrl Pts',(-1.84781175659215,-6.80623864880087,17.4870060544409));
#7060=CARTESIAN_POINT('Ctrl Pts',(-1.66187634226166,-6.85401049424801,17.5613243616082));
#7061=CARTESIAN_POINT('Ctrl Pts',(-1.47430282716432,-6.89412294449521,17.6356426687756));
#7062=CARTESIAN_POINT('Ctrl Pts',(-1.286740933349,-6.9342329095403,17.7099563714868));
#7063=CARTESIAN_POINT('Ctrl Pts',(-1.09754141923176,-6.96668436965378,17.7842700741981));
#7064=CARTESIAN_POINT('Ctrl Pts',(-0.907333834424097,-6.99136934462121,
17.8585837769094));
#7065=CARTESIAN_POINT('Ctrl Pts',(-0.717121137467749,-7.01605498303886,
17.9328994769263));
#7066=CARTESIAN_POINT('Ctrl Pts',(-0.525900596894793,-7.03297368209303,
18.0072151769433));
#7067=CARTESIAN_POINT('Ctrl Pts',(-0.334308521324702,-7.04206914284216,
18.0815308769603));
#7068=CARTESIAN_POINT('Ctrl Pts',(-0.243169656142125,-7.04639578301515,
18.1168822793847));
#7069=CARTESIAN_POINT('Ctrl Pts',(-0.151946790421096,-7.04895291411729,
18.152233681809));
#7070=CARTESIAN_POINT('Ctrl Pts',(-0.0607086665625999,-7.04973860918291,
18.1875850842334));
#7071=CARTESIAN_POINT('',(-2.0314903050399,-6.75096638567612,17.4126877472736));
#7072=CARTESIAN_POINT('Origin',(-2.0314903050399,-6.75096638567612,17.2769441292621));
#7073=CARTESIAN_POINT('',(-2.0314903050399,-6.75096638567612,0.));
#7074=CARTESIAN_POINT('Origin',(0.,0.,0.));
#7075=CARTESIAN_POINT('',(-1.76465166880082,-6.83590553531853,19.9965896294452));
#7076=CARTESIAN_POINT('',(-2.03437185157187,-6.76054222452105,19.9965896294452));
#7077=CARTESIAN_POINT('Origin',(0.,0.,19.9965896294452));
#7078=CARTESIAN_POINT('',(-1.76465166880082,-6.83590553531853,20.2762617752887));
#7079=CARTESIAN_POINT('',(-1.76465166880082,-6.83590553531853,20.2762617752887));
#7080=CARTESIAN_POINT('',(-2.03437185157187,-6.76054222452105,20.2762617752887));
#7081=CARTESIAN_POINT('Origin',(0.,0.,20.2762617752887));
#7082=CARTESIAN_POINT('',(-2.03437185157187,-6.76054222452105,19.9965896294452));
#7083=CARTESIAN_POINT('Origin',(-1.89719442332376,-6.78993028830998,19.9965896294452));
#7084=CARTESIAN_POINT('',(-1.76215216218779,-6.82622294957445,19.9965896294452));
#7085=CARTESIAN_POINT('',(-2.0314903050399,-6.75096638567612,19.9965896294452));
#7086=CARTESIAN_POINT('Origin',(0.,0.,19.9965896294452));
#7087=CARTESIAN_POINT('',(-1.76215216218779,-6.82622294957445,19.9965896294452));
#7088=CARTESIAN_POINT('',(-2.0314903050399,-6.75096638567612,19.9965896294452));
#7089=CARTESIAN_POINT('Origin',(-1.76215216218779,-6.82622294957445,20.136425702367));
#7090=CARTESIAN_POINT('',(-1.76215216218779,-6.82622294957445,20.2762617752887));
#7091=CARTESIAN_POINT('',(-1.76215216218779,-6.82622294957445,0.));
#7092=CARTESIAN_POINT('',(-1.76215216218779,-6.82622294957445,20.2762617752887));
#7093=CARTESIAN_POINT('Origin',(-1.89719442332376,-6.78993028830998,20.2762617752887));
#7094=CARTESIAN_POINT('',(-2.0314903050399,-6.75096638567612,20.2762617752887));
#7095=CARTESIAN_POINT('Origin',(0.,0.,20.2762617752887));
#7096=CARTESIAN_POINT('',(-2.0314903050399,-6.75096638567612,20.2762617752887));
#7097=CARTESIAN_POINT('Origin',(-2.0314903050399,-6.75096638567612,20.136425702367));
#7098=CARTESIAN_POINT('',(-2.0314903050399,-6.75096638567612,0.));
#7099=CARTESIAN_POINT('Origin',(0.,0.,0.));
#7100=CARTESIAN_POINT('',(1.65330586008847,-6.86368557940973,24.6152796433307));
#7101=CARTESIAN_POINT('',(1.05821063156257,-6.9802428510223,24.8349239514209));
#7102=CARTESIAN_POINT('Ctrl Pts',(1.65330586008847,-6.86368557940973,24.6152796433307));
#7103=CARTESIAN_POINT('Ctrl Pts',(1.45673191119074,-6.9110357760196,24.6884944126941));
#7104=CARTESIAN_POINT('Ctrl Pts',(1.25812274665229,-6.94993600782484,24.7617091820575));
#7105=CARTESIAN_POINT('Ctrl Pts',(1.05821063156257,-6.9802428510223,24.8349239514209));
#7106=CARTESIAN_POINT('',(1.65330586008847,-6.86368557940973,23.7789895222522));
#7107=CARTESIAN_POINT('',(1.65330586008847,-6.86368557940973,23.7789895222522));
#7108=CARTESIAN_POINT('',(1.05821063156257,-6.9802428510223,23.5457017109729));
#7109=CARTESIAN_POINT('Ctrl Pts',(1.05821063156257,-6.9802428510223,23.5457017109729));
#7110=CARTESIAN_POINT('Ctrl Pts',(1.25812274665229,-6.94993600782485,23.6234643147327));
#7111=CARTESIAN_POINT('Ctrl Pts',(1.45673191119074,-6.9110357760196,23.7012269184925));
#7112=CARTESIAN_POINT('Ctrl Pts',(1.65330586008847,-6.86368557940973,23.7789895222522));
#7113=CARTESIAN_POINT('',(1.05821063156257,-6.9802428510223,23.2442011521198));
#7114=CARTESIAN_POINT('',(1.05821063156257,-6.9802428510223,23.2442011521198));
#7115=CARTESIAN_POINT('',(2.96967011488367,-6.40504952430243,24.0627553150989));
#7116=CARTESIAN_POINT('Ctrl Pts',(2.96967011488367,-6.40504952430243,24.0627553150989));
#7117=CARTESIAN_POINT('Ctrl Pts',(2.3639917089705,-6.685869376584,23.7899039274392));
#7118=CARTESIAN_POINT('Ctrl Pts',(1.71828083817887,-6.88017565778464,23.5170525397795));
#7119=CARTESIAN_POINT('Ctrl Pts',(1.05821063156257,-6.9802428510223,23.2442011521198));
#7120=CARTESIAN_POINT('',(2.96967011488367,-6.40504952430243,24.3478848622181));
#7121=CARTESIAN_POINT('',(2.96967011488367,-6.40504952430243,24.3478848622181));
#7122=CARTESIAN_POINT('',(1.05821063156257,-6.9802428510223,25.1159616396762));
#7123=CARTESIAN_POINT('Ctrl Pts',(1.05821063156257,-6.9802428510223,25.1159616396762));
#7124=CARTESIAN_POINT('Ctrl Pts',(1.71828083817887,-6.88017565778464,24.8599360471902));
#7125=CARTESIAN_POINT('Ctrl Pts',(2.3639917089705,-6.685869376584,24.6039104547041));
#7126=CARTESIAN_POINT('Ctrl Pts',(2.96967011488367,-6.40504952430243,24.3478848622181));
#7127=CARTESIAN_POINT('',(1.05821063156257,-6.9802428510223,24.8349239514209));
#7128=CARTESIAN_POINT('',(2.77750447070862,-6.49069094281908,24.2114593670703));
#7129=CARTESIAN_POINT('',(2.42191370793937,-6.63158608413518,24.3192352936603));
#7130=CARTESIAN_POINT('Ctrl Pts',(2.77750447070862,-6.49069094281908,24.2114593670703));
#7131=CARTESIAN_POINT('Ctrl Pts',(2.71791312169817,-6.51619134635858,24.225692736223));
#7132=CARTESIAN_POINT('Ctrl Pts',(2.65830458024443,-6.54072816056011,24.2398253001456));
#7133=CARTESIAN_POINT('Ctrl Pts',(2.53940782789662,-6.58779749242378,24.2758924273467));
#7134=CARTESIAN_POINT('Ctrl Pts',(2.48045965191047,-6.61020458920336,24.2976908687644));
#7135=CARTESIAN_POINT('Ctrl Pts',(2.42191370793937,-6.63158608413518,24.3192352936603));
#7136=CARTESIAN_POINT('',(2.3910886175785,-6.64276261979055,24.069576470647));
#7137=CARTESIAN_POINT('Ctrl Pts',(2.3910886175785,-6.64276261979054,24.069576470647));
#7138=CARTESIAN_POINT('Ctrl Pts',(2.45024931777291,-6.62146749230527,24.0931026655893));
#7139=CARTESIAN_POINT('Ctrl Pts',(2.50912710863906,-6.59938606034706,24.1166288605317));
#7140=CARTESIAN_POINT('Ctrl Pts',(2.56815183939206,-6.57633607184329,24.138716449485));
#7141=CARTESIAN_POINT('Ctrl Pts',(2.58088566633598,-6.5713633331129,24.1434815628832));
#7142=CARTESIAN_POINT('Ctrl Pts',(2.59362626007224,-6.56634533688473,24.1481797199391));
#7143=CARTESIAN_POINT('Ctrl Pts',(2.60637781318573,-6.5612799585853,24.1527964756825));
#7144=CARTESIAN_POINT('Ctrl Pts',(2.66338254340665,-6.53863561707995,24.1734352883276));
#7145=CARTESIAN_POINT('Ctrl Pts',(2.7206044998383,-6.51503964850662,24.192447327699));
#7146=CARTESIAN_POINT('Ctrl Pts',(2.77750447070862,-6.49069094281908,24.2114593670703));
#7147=CARTESIAN_POINT('',(1.86235637463069,-6.80993603008666,23.8608457730152));
#7148=CARTESIAN_POINT('Ctrl Pts',(1.86235637463069,-6.80993603008666,23.8608457730152));
#7149=CARTESIAN_POINT('Ctrl Pts',(1.95156482653561,-6.78553962924793,23.895648749749));
#7150=CARTESIAN_POINT('Ctrl Pts',(2.04023371409173,-6.7594067749035,23.9304282620953));
#7151=CARTESIAN_POINT('Ctrl Pts',(2.21649480150998,-6.70367692774698,23.9999939815668));
#7152=CARTESIAN_POINT('Ctrl Pts',(2.30407009536801,-6.67408528023849,24.034773493913));
#7153=CARTESIAN_POINT('Ctrl Pts',(2.3910886175785,-6.64276261979054,24.069576470647));
#7154=CARTESIAN_POINT('',(1.86235637463069,-6.80993603008666,24.5388807938434));
#7155=CARTESIAN_POINT('',(1.86235637463069,-6.80993603008666,24.5388807938434));
#7156=CARTESIAN_POINT('Ctrl Pts',(2.42191370793937,-6.63158608413518,24.3192352936603));
#7157=CARTESIAN_POINT('Ctrl Pts',(2.23797564535463,-6.69876188635413,24.392450460388));
#7158=CARTESIAN_POINT('Ctrl Pts',(2.05124126940673,-6.75828048056263,24.4656656271157));
#7159=CARTESIAN_POINT('Ctrl Pts',(1.86235637463069,-6.80993603008666,24.5388807938434));
#7160=CARTESIAN_POINT('Ctrl Pts',(2.77356846356132,-6.48149297168664,24.2114593670703));
#7161=CARTESIAN_POINT('Ctrl Pts',(2.77488108426196,-6.48456040699874,24.2114593670703));
#7162=CARTESIAN_POINT('Ctrl Pts',(2.7761937049626,-6.48762784231085,24.2114593670703));
#7163=CARTESIAN_POINT('Ctrl Pts',(2.77750632566324,-6.49069527762295,24.2114593670703));
#7164=CARTESIAN_POINT('Ctrl Pts',(2.71451129608772,-6.50676478760016,24.2255851648791));
#7165=CARTESIAN_POINT('Ctrl Pts',(2.71579596833883,-6.50984418556388,24.2255851648791));
#7166=CARTESIAN_POINT('Ctrl Pts',(2.71708063764814,-6.51292357604483,24.2255851648791));
#7167=CARTESIAN_POINT('Ctrl Pts',(2.71836530989925,-6.51600297400852,24.2255851648791));
#7168=CARTESIAN_POINT('Ctrl Pts',(2.59480843239865,-6.55603298546336,24.2540477380932));
#7169=CARTESIAN_POINT('Ctrl Pts',(2.59603645302466,-6.55913569762846,24.2540477380932));
#7170=CARTESIAN_POINT('Ctrl Pts',(2.59726447363085,-6.56223840979158,24.2540477380932));
#7171=CARTESIAN_POINT('Ctrl Pts',(2.59849249425685,-6.56534112195667,24.2540477380932));
#7172=CARTESIAN_POINT('Ctrl Pts',(2.47773661559999,-6.60054799942786,24.297398995363));
#7173=CARTESIAN_POINT('Ctrl Pts',(2.47890922973702,-6.60367177628166,24.297398995363));
#7174=CARTESIAN_POINT('Ctrl Pts',(2.48008184688029,-6.60679556066809,24.297398995363));
#7175=CARTESIAN_POINT('Ctrl Pts',(2.48125446101733,-6.60991933752192,24.297398995363));
#7176=CARTESIAN_POINT('Ctrl Pts',(2.41848160917406,-6.62218845021583,24.3192352936603));
#7177=CARTESIAN_POINT('Ctrl Pts',(2.41962618125368,-6.62532247115582,24.3192352936603));
#7178=CARTESIAN_POINT('Ctrl Pts',(2.4207707533333,-6.6284564920958,24.3192352936603));
#7179=CARTESIAN_POINT('Ctrl Pts',(2.42191532541292,-6.63159051303578,24.3192352936603));
#7180=CARTESIAN_POINT('',(2.77357032839883,-6.48149732958563,24.2114593670703));
#7181=CARTESIAN_POINT('',(2.41848323526524,-6.62219290271289,24.3192352936603));
#7182=CARTESIAN_POINT('Ctrl Pts',(2.77357032839883,-6.48149732958563,24.2114593670703));
#7183=CARTESIAN_POINT('Ctrl Pts',(2.7140645402425,-6.50696111981895,24.2256924602369));
#7184=CARTESIAN_POINT('Ctrl Pts',(2.65453860097601,-6.53146399966744,24.2398255115977));
#7185=CARTESIAN_POINT('Ctrl Pts',(2.53580990877579,-6.57846679919428,24.2758927444871));
#7186=CARTESIAN_POINT('Ctrl Pts',(2.47694323255063,-6.60084279626848,24.2976919818305));
#7187=CARTESIAN_POINT('Ctrl Pts',(2.41848323526524,-6.62219290271289,24.3192352936603));
#7188=CARTESIAN_POINT('',(2.77357032839883,-6.48149732958563,24.2114593670703));
#7189=CARTESIAN_POINT('',(2.41848323526524,-6.62219290271289,24.3192352936603));
#7190=CARTESIAN_POINT('Ctrl Pts',(2.38769789331571,-6.63335139196676,24.0695753722135));
#7191=CARTESIAN_POINT('Ctrl Pts',(2.38882756732314,-6.63648978090223,24.0695753722135));
#7192=CARTESIAN_POINT('Ctrl Pts',(2.38995724133047,-6.63962816983744,24.0695753722135));
#7193=CARTESIAN_POINT('Ctrl Pts',(2.39108691533789,-6.64276655877292,24.0695753722135));
#7194=CARTESIAN_POINT('Ctrl Pts',(2.45952077427742,-6.60749849594171,24.0981774074482));
#7195=CARTESIAN_POINT('Ctrl Pts',(2.46068442845997,-6.61062465115887,24.0981774074482));
#7196=CARTESIAN_POINT('Ctrl Pts',(2.46184808521531,-6.61375081275243,24.0981774074482));
#7197=CARTESIAN_POINT('Ctrl Pts',(2.463011739398,-6.61687696796994,24.0981774074482));
#7198=CARTESIAN_POINT('Ctrl Pts',(2.58757576708622,-6.55906588922754,24.1494693423082));
#7199=CARTESIAN_POINT('Ctrl Pts',(2.58880000789714,-6.56216913212184,24.1494693423082));
#7200=CARTESIAN_POINT('Ctrl Pts',(2.59002424855877,-6.56527237467296,24.1494693423082));
#7201=CARTESIAN_POINT('Ctrl Pts',(2.59124848936968,-6.56837561756725,24.1494693423082));
#7202=CARTESIAN_POINT('Ctrl Pts',(2.71675148255769,-6.50580763987741,24.1924479413006));
#7203=CARTESIAN_POINT('Ctrl Pts',(2.7180368398996,-6.50888568653275,24.1924479413006));
#7204=CARTESIAN_POINT('Ctrl Pts',(2.71932219537947,-6.51196372850916,24.1924479413006));
#7205=CARTESIAN_POINT('Ctrl Pts',(2.72060755272128,-6.51504177516423,24.1924479413006));
#7206=CARTESIAN_POINT('Ctrl Pts',(2.77357173757217,-6.48149301747618,24.2114602874734));
#7207=CARTESIAN_POINT('Ctrl Pts',(2.77488397724381,-6.48455955877156,24.2114602874734));
#7208=CARTESIAN_POINT('Ctrl Pts',(2.77619621691554,-6.48762610006719,24.2114602874734));
#7209=CARTESIAN_POINT('Ctrl Pts',(2.77750845658719,-6.49069264136258,24.2114602874734));
#7210=CARTESIAN_POINT('',(2.38770180650544,-6.63335360758121,24.069576470647));
#7211=CARTESIAN_POINT('Ctrl Pts',(2.38770180650544,-6.63335360758121,24.069576470647));
#7212=CARTESIAN_POINT('Ctrl Pts',(2.45188275488776,-6.61025142195062,24.0951352494969));
#7213=CARTESIAN_POINT('Ctrl Pts',(2.51616583144989,-6.58606031362167,24.1208680891838));
#7214=CARTESIAN_POINT('Ctrl Pts',(2.64817330103479,-6.53413988722525,24.169705438987));
#7215=CARTESIAN_POINT('Ctrl Pts',(2.71261065347902,-6.50758326883529,24.191061963561));
#7216=CARTESIAN_POINT('Ctrl Pts',(2.77357032839883,-6.48149732958563,24.2114593670703));
#7217=CARTESIAN_POINT('',(2.38770180650544,-6.63335360758121,24.069576470647));
#7218=CARTESIAN_POINT('Ctrl Pts',(1.85971847608305,-6.80029022834433,23.8608457730152));
#7219=CARTESIAN_POINT('Ctrl Pts',(1.86059777559893,-6.80350549559177,23.8608457730152));
#7220=CARTESIAN_POINT('Ctrl Pts',(1.86147707511481,-6.80672076283922,23.8608457730152));
#7221=CARTESIAN_POINT('Ctrl Pts',(1.86235637463069,-6.80993603008666,23.8608457730152));
#7222=CARTESIAN_POINT('Ctrl Pts',(2.03780829712561,-6.75158687606464,23.9304226722258));
#7223=CARTESIAN_POINT('Ctrl Pts',(2.03877179997843,-6.75477911608391,23.9304226722258));
#7224=CARTESIAN_POINT('Ctrl Pts',(2.03973530249567,-6.75797135501851,23.9304226722258));
#7225=CARTESIAN_POINT('Ctrl Pts',(2.04069880534849,-6.76116359503778,23.9304226722258));
#7226=CARTESIAN_POINT('Ctrl Pts',(2.21398381547585,-6.69588408394988,23.9999995714364));
#7227=CARTESIAN_POINT('Ctrl Pts',(2.21503061645056,-6.69904998695018,23.9999995714364));
#7228=CARTESIAN_POINT('Ctrl Pts',(2.21607741707628,-6.70221588887007,23.9999995714364));
#7229=CARTESIAN_POINT('Ctrl Pts',(2.21712421805099,-6.70538179187037,23.9999995714364));
#7230=CARTESIAN_POINT('Ctrl Pts',(2.38770180650544,-6.63335360758121,24.069576470647));
#7231=CARTESIAN_POINT('Ctrl Pts',(2.3888307435298,-6.63648994498432,24.069576470647));
#7232=CARTESIAN_POINT('Ctrl Pts',(2.38995968055415,-6.63962628238744,24.069576470647));
#7233=CARTESIAN_POINT('Ctrl Pts',(2.3910886175785,-6.64276261979055,24.069576470647));
#7234=CARTESIAN_POINT('',(1.85971847608305,-6.80029022834433,23.8608457730152));
#7235=CARTESIAN_POINT('Ctrl Pts',(1.85971847608305,-6.80029022834433,23.8608457730152));
#7236=CARTESIAN_POINT('Ctrl Pts',(1.94876624875334,-6.77593776947445,23.8956353408172));
#7237=CARTESIAN_POINT('Ctrl Pts',(2.03732710049169,-6.74983857835438,23.9304215564466));
#7238=CARTESIAN_POINT('Ctrl Pts',(2.21337247631887,-6.69417693441942,24.0000006872156));
#7239=CARTESIAN_POINT('Ctrl Pts',(2.30084001910333,-6.6646198507164,24.0347869028451));
#7240=CARTESIAN_POINT('Ctrl Pts',(2.38770180650544,-6.63335360758121,24.069576470647));
#7241=CARTESIAN_POINT('',(1.85971847608305,-6.80029022834433,23.8608457730152));
#7242=CARTESIAN_POINT('Origin',(1.85971847608305,-6.80029022834433,24.1998632834293));
#7243=CARTESIAN_POINT('',(1.85971847608305,-6.80029022834433,24.5388807938434));
#7244=CARTESIAN_POINT('',(1.85971847608305,-6.80029022834433,0.));
#7245=CARTESIAN_POINT('',(1.85971847608305,-6.80029022834433,24.5388807938434));
#7246=CARTESIAN_POINT('Ctrl Pts',(2.41848323526524,-6.62219290271289,24.3192352936603));
#7247=CARTESIAN_POINT('Ctrl Pts',(2.41962672615662,-6.62532396318699,24.3192352936603));
#7248=CARTESIAN_POINT('Ctrl Pts',(2.42077021704799,-6.62845502366108,24.3192352936603));
#7249=CARTESIAN_POINT('Ctrl Pts',(2.42191370793937,-6.63158608413518,24.3192352936603));
#7250=CARTESIAN_POINT('Ctrl Pts',(2.23480570817991,-6.68927355507034,24.392450460388));
#7251=CARTESIAN_POINT('Ctrl Pts',(2.23586235405241,-6.69243633261769,24.392450460388));
#7252=CARTESIAN_POINT('Ctrl Pts',(2.23691899948214,-6.69559910880678,24.392450460388));
#7253=CARTESIAN_POINT('Ctrl Pts',(2.23797564535463,-6.69876188635413,24.392450460388));
#7254=CARTESIAN_POINT('Ctrl Pts',(2.04833582851522,-6.74870784532104,24.4656656271157));
#7255=CARTESIAN_POINT('Ctrl Pts',(2.04930430895402,-6.75189872418955,24.4656656271157));
#7256=CARTESIAN_POINT('Ctrl Pts',(2.05027278896793,-6.75508960169412,24.4656656271157));
#7257=CARTESIAN_POINT('Ctrl Pts',(2.05124126940673,-6.75828048056263,24.4656656271157));
#7258=CARTESIAN_POINT('Ctrl Pts',(1.85971847608305,-6.80029022834433,24.5388807938434));
#7259=CARTESIAN_POINT('Ctrl Pts',(1.86059777559893,-6.80350549559177,24.5388807938434));
#7260=CARTESIAN_POINT('Ctrl Pts',(1.86147707511481,-6.80672076283922,24.5388807938434));
#7261=CARTESIAN_POINT('Ctrl Pts',(1.86235637463069,-6.80993603008666,24.5388807938434));
#7262=CARTESIAN_POINT('Ctrl Pts',(2.41848323526524,-6.62219290271289,24.3192352936603));
#7263=CARTESIAN_POINT('Ctrl Pts',(2.23480570817991,-6.68927355507034,24.392450460388));
#7264=CARTESIAN_POINT('Ctrl Pts',(2.04833582851522,-6.74870784532104,24.4656656271157));
#7265=CARTESIAN_POINT('Ctrl Pts',(1.85971847608305,-6.80029022834433,24.5388807938434));
#7266=CARTESIAN_POINT('Ctrl Pts',(1.65096406708551,-6.85396364516128,24.6152796433307));
#7267=CARTESIAN_POINT('Ctrl Pts',(1.65174466475317,-6.85720428991076,24.6152796433307));
#7268=CARTESIAN_POINT('Ctrl Pts',(1.65252526242082,-6.86044493466025,24.6152796433307));
#7269=CARTESIAN_POINT('Ctrl Pts',(1.65330586008847,-6.86368557940973,24.6152796433307));
#7270=CARTESIAN_POINT('Ctrl Pts',(1.45466855154316,-6.90124677350399,24.6884944126941));
#7271=CARTESIAN_POINT('Ctrl Pts',(1.4553563382,-6.90450977487302,24.6884944126941));
#7272=CARTESIAN_POINT('Ctrl Pts',(1.45604412453391,-6.90777277465057,24.6884944126941));
#7273=CARTESIAN_POINT('Ctrl Pts',(1.45673191119074,-6.9110357760196,24.6884944126941));
#7274=CARTESIAN_POINT('Ctrl Pts',(1.25634070310179,-6.94009190583076,24.7617091820575));
#7275=CARTESIAN_POINT('Ctrl Pts',(1.25693471771906,-6.94337327369403,24.7617091820575));
#7276=CARTESIAN_POINT('Ctrl Pts',(1.25752873203501,-6.94665463996158,24.7617091820575));
#7277=CARTESIAN_POINT('Ctrl Pts',(1.25812274665229,-6.94993600782484,24.7617091820575));
#7278=CARTESIAN_POINT('Ctrl Pts',(1.05671174964817,-6.97035582148828,24.8349239514209));
#7279=CARTESIAN_POINT('Ctrl Pts',(1.05721137695297,-6.97365149799962,24.8349239514209));
#7280=CARTESIAN_POINT('Ctrl Pts',(1.05771100425777,-6.97694717451096,24.8349239514209));
#7281=CARTESIAN_POINT('Ctrl Pts',(1.05821063156257,-6.9802428510223,24.8349239514209));
#7282=CARTESIAN_POINT('',(1.65096406708551,-6.85396364516128,24.6152796433307));
#7283=CARTESIAN_POINT('',(1.05671174964817,-6.97035582148828,24.8349239514209));
#7284=CARTESIAN_POINT('Ctrl Pts',(1.65096406708551,-6.85396364516128,24.6152796433307));
#7285=CARTESIAN_POINT('Ctrl Pts',(1.46449804245024,-6.89887907254649,24.6848281857417));
#7286=CARTESIAN_POINT('Ctrl Pts',(1.27619821381017,-6.93618087228326,24.7543767281527));
#7287=CARTESIAN_POINT('Ctrl Pts',(1.08669111502171,-6.96574492933332,24.8239252705636));
#7288=CARTESIAN_POINT('Ctrl Pts',(1.07670131496021,-6.9673033882028,24.8275914975161));
#7289=CARTESIAN_POINT('Ctrl Pts',(1.06670816233921,-6.96884035699615,24.8312577244685));
#7290=CARTESIAN_POINT('Ctrl Pts',(1.05671174964817,-6.97035582148828,24.8349239514209));
#7291=CARTESIAN_POINT('',(1.65096406708551,-6.85396364516128,24.6152796433307));
#7292=CARTESIAN_POINT('',(1.05671174964817,-6.97035582148828,24.8349239514209));
#7293=CARTESIAN_POINT('Origin',(1.65096406708551,-6.85396364516128,24.1971345827915));
#7294=CARTESIAN_POINT('',(1.65096406708551,-6.85396364516128,23.7789895222522));
#7295=CARTESIAN_POINT('',(1.65096406708551,-6.85396364516128,0.));
#7296=CARTESIAN_POINT('',(1.65096406708551,-6.85396364516128,23.7789895222522));
#7297=CARTESIAN_POINT('Ctrl Pts',(1.05671174964817,-6.97035582148828,23.5457017109729));
#7298=CARTESIAN_POINT('Ctrl Pts',(1.05721137695297,-6.97365149799962,23.5457017109729));
#7299=CARTESIAN_POINT('Ctrl Pts',(1.05771100425777,-6.97694717451096,23.5457017109729));
#7300=CARTESIAN_POINT('Ctrl Pts',(1.05821063156257,-6.9802428510223,23.5457017109729));
#7301=CARTESIAN_POINT('Ctrl Pts',(1.25634070310179,-6.94009190583076,23.6234643147327));
#7302=CARTESIAN_POINT('Ctrl Pts',(1.25693471771906,-6.94337327369403,23.6234643147327));
#7303=CARTESIAN_POINT('Ctrl Pts',(1.25752873203501,-6.94665463996158,23.6234643147327));
#7304=CARTESIAN_POINT('Ctrl Pts',(1.25812274665229,-6.94993600782485,23.6234643147327));
#7305=CARTESIAN_POINT('Ctrl Pts',(1.45466855154316,-6.90124677350399,23.7012269184925));
#7306=CARTESIAN_POINT('Ctrl Pts',(1.4553563382,-6.90450977487302,23.7012269184925));
#7307=CARTESIAN_POINT('Ctrl Pts',(1.45604412453391,-6.90777277465057,23.7012269184925));
#7308=CARTESIAN_POINT('Ctrl Pts',(1.45673191119074,-6.9110357760196,23.7012269184925));
#7309=CARTESIAN_POINT('Ctrl Pts',(1.65096406708551,-6.85396364516128,23.7789895222522));
#7310=CARTESIAN_POINT('Ctrl Pts',(1.65174466475317,-6.85720428991076,23.7789895222522));
#7311=CARTESIAN_POINT('Ctrl Pts',(1.65252526242082,-6.86044493466025,23.7789895222522));
#7312=CARTESIAN_POINT('Ctrl Pts',(1.65330586008847,-6.86368557940973,23.7789895222522));
#7313=CARTESIAN_POINT('',(1.05671174964817,-6.97035582148828,23.5457017109729));
#7314=CARTESIAN_POINT('Ctrl Pts',(1.05671174964817,-6.97035582148828,23.5457017109729));
#7315=CARTESIAN_POINT('Ctrl Pts',(1.24634429041078,-6.94160737032288,23.6195703551358));
#7316=CARTESIAN_POINT('Ctrl Pts',(1.43480286293696,-6.90511605394641,23.6934389992987));
#7317=CARTESIAN_POINT('Ctrl Pts',(1.62146040517855,-6.86100329065934,23.7673076434616));
#7318=CARTESIAN_POINT('Ctrl Pts',(1.63129999186885,-6.85867790185747,23.7712016030585));
#7319=CARTESIAN_POINT('Ctrl Pts',(1.64113457617846,-6.85633134611877,23.7750955626553));
#7320=CARTESIAN_POINT('Ctrl Pts',(1.65096406708551,-6.85396364516128,23.7789895222522));
#7321=CARTESIAN_POINT('',(1.05671174964817,-6.97035582148828,23.5457017109729));
#7322=CARTESIAN_POINT('Origin',(1.05671174964817,-6.97035582148828,23.3949514315464));
#7323=CARTESIAN_POINT('',(1.05671174964817,-6.97035582148828,23.2442011521198));
#7324=CARTESIAN_POINT('',(1.05671174964817,-6.97035582148828,0.));
#7325=CARTESIAN_POINT('',(1.05671174964817,-6.97035582148828,23.2442011521198));
#7326=CARTESIAN_POINT('Ctrl Pts',(2.96548978420809,-6.39583426570488,24.062789579767));
#7327=CARTESIAN_POINT('Ctrl Pts',(2.96690858138508,-6.39889426329503,24.062789579767));
#7328=CARTESIAN_POINT('Ctrl Pts',(2.96832737856993,-6.40195426090932,24.062789579767));
#7329=CARTESIAN_POINT('Ctrl Pts',(2.9697461757471,-6.40501425850003,24.062789579767));
#7330=CARTESIAN_POINT('Ctrl Pts',(2.36063217904613,-6.67628234007063,23.7899153489952));
#7331=CARTESIAN_POINT('Ctrl Pts',(2.36176161213106,-6.67947658043299,23.7899153489952));
#7332=CARTESIAN_POINT('Ctrl Pts',(2.36289098266032,-6.68267062861648,23.7899153489952));
#7333=CARTESIAN_POINT('Ctrl Pts',(2.36402041429399,-6.68586486452042,23.7899153489952));
#7334=CARTESIAN_POINT('Ctrl Pts',(1.71579171938662,-6.87032669854726,23.5170411182235));
#7335=CARTESIAN_POINT('Ctrl Pts',(1.71661263456791,-6.87361377762314,23.5170411182235));
#7336=CARTESIAN_POINT('Ctrl Pts',(1.71743349585978,-6.87690066191228,23.5170411182235));
#7337=CARTESIAN_POINT('Ctrl Pts',(1.71825440979086,-6.88018773646923,23.5170411182235));
#7338=CARTESIAN_POINT('Ctrl Pts',(1.05661117730029,-6.97025095922746,23.2441668874517));
#7339=CARTESIAN_POINT('Ctrl Pts',(1.05711669816212,-6.97358577846385,23.2441668874517));
#7340=CARTESIAN_POINT('Ctrl Pts',(1.05762221903072,-6.97692059772471,23.2441668874517));
#7341=CARTESIAN_POINT('Ctrl Pts',(1.05812773989271,-6.98025541696167,23.2441668874517));
#7342=CARTESIAN_POINT('',(2.96546378327618,-6.39597721619436,24.0627553150989));
#7343=CARTESIAN_POINT('Ctrl Pts',(2.96546378327618,-6.39597721619436,24.0627553150989));
#7344=CARTESIAN_POINT('Ctrl Pts',(2.79144368839495,-6.47666078830371,23.984249999858));
#7345=CARTESIAN_POINT('Ctrl Pts',(2.61412906860112,-6.55023831970452,23.9057446846171));
#7346=CARTESIAN_POINT('Ctrl Pts',(2.43411000030192,-6.61646495542977,23.8272393693762));
#7347=CARTESIAN_POINT('Ctrl Pts',(2.25410208524234,-6.68268748802558,23.7487389180011));
#7348=CARTESIAN_POINT('Ctrl Pts',(2.07139032317315,-6.74155993835048,23.6702384666261));
#7349=CARTESIAN_POINT('Ctrl Pts',(1.88658267611455,-6.79288641198897,23.591738015251));
#7350=CARTESIAN_POINT('Ctrl Pts',(1.70177006203971,-6.84421426511275,23.5132354540443));
#7351=CARTESIAN_POINT('Ctrl Pts',(1.51486172355663,-6.88799565979324,23.4347328928376));
#7352=CARTESIAN_POINT('Ctrl Pts',(1.3264796199301,-6.9240849083406,23.3562303316309));
#7353=CARTESIAN_POINT('Ctrl Pts',(1.23686771351817,-6.94125228412124,23.3188872717939));
#7354=CARTESIAN_POINT('Ctrl Pts',(1.14692249688794,-6.95667979705077,23.2815442119568));
#7355=CARTESIAN_POINT('Ctrl Pts',(1.05671174964817,-6.97035582148828,23.2442011521198));
#7356=CARTESIAN_POINT('',(2.96546378327618,-6.39597721619436,24.0627553150989));
#7357=CARTESIAN_POINT('Origin',(2.96546378327618,-6.39597721619436,24.2053200886585));
#7358=CARTESIAN_POINT('',(2.96546378327618,-6.39597721619436,24.3478848622181));
#7359=CARTESIAN_POINT('',(2.96546378327618,-6.39597721619436,0.));
#7360=CARTESIAN_POINT('',(2.96546378327618,-6.39597721619436,24.3478848622181));
#7361=CARTESIAN_POINT('Ctrl Pts',(1.05661117730029,-6.97025095922746,25.1159937913615));
#7362=CARTESIAN_POINT('Ctrl Pts',(1.05711669816212,-6.97358577846385,25.1159937913615));
#7363=CARTESIAN_POINT('Ctrl Pts',(1.05762221903072,-6.97692059772471,25.1159937913615));
#7364=CARTESIAN_POINT('Ctrl Pts',(1.05812773989271,-6.98025541696167,25.1159937913615));
#7365=CARTESIAN_POINT('Ctrl Pts',(1.71579171938662,-6.87032669854726,24.8599467644186));
#7366=CARTESIAN_POINT('Ctrl Pts',(1.71661263456791,-6.87361377762314,24.8599467644186));
#7367=CARTESIAN_POINT('Ctrl Pts',(1.71743349585978,-6.87690066191228,24.8599467644186));
#7368=CARTESIAN_POINT('Ctrl Pts',(1.71825440979086,-6.88018773646923,24.8599467644186));
#7369=CARTESIAN_POINT('Ctrl Pts',(2.36063217904614,-6.67628234007063,24.6038997374757));
#7370=CARTESIAN_POINT('Ctrl Pts',(2.36176161213106,-6.679476580433,24.6038997374757));
#7371=CARTESIAN_POINT('Ctrl Pts',(2.36289098266032,-6.68267062861648,24.6038997374757));
#7372=CARTESIAN_POINT('Ctrl Pts',(2.36402041429399,-6.68586486452042,24.6038997374757));
#7373=CARTESIAN_POINT('Ctrl Pts',(2.96548978420809,-6.39583426570488,24.3478527105328));
#7374=CARTESIAN_POINT('Ctrl Pts',(2.96690858138508,-6.39889426329503,24.3478527105328));
#7375=CARTESIAN_POINT('Ctrl Pts',(2.96832737856992,-6.40195426090932,24.3478527105328));
#7376=CARTESIAN_POINT('Ctrl Pts',(2.9697461757471,-6.40501425850003,24.3478527105328));
#7377=CARTESIAN_POINT('',(1.05671174964817,-6.97035582148828,25.1159616396762));
#7378=CARTESIAN_POINT('Ctrl Pts',(1.05671174964817,-6.97035582148828,25.1159616396762));
#7379=CARTESIAN_POINT('Ctrl Pts',(1.24635938915824,-6.94160508134019,25.0422974739182));
#7380=CARTESIAN_POINT('Ctrl Pts',(1.43483287334214,-6.90511024226316,24.9686333081603));
#7381=CARTESIAN_POINT('Ctrl Pts',(1.62150499076893,-6.86099275359707,24.8949691424023));
#7382=CARTESIAN_POINT('Ctrl Pts',(1.80816554276054,-6.81687799826878,24.8213095405725));
#7383=CARTESIAN_POINT('Ctrl Pts',(1.99302467527648,-6.76514160362121,24.7476499387427));
#7384=CARTESIAN_POINT('Ctrl Pts',(2.17546728105499,-6.70595571928858,24.6739903369129));
#7385=CARTESIAN_POINT('Ctrl Pts',(2.35791479028536,-6.64676824423577,24.6003287553574));
#7386=CARTESIAN_POINT('Ctrl Pts',(2.53794537299974,-6.58013096636356,24.5266671738019));
#7387=CARTESIAN_POINT('Ctrl Pts',(2.71495995646669,-6.50626562897507,24.4530055922464));
#7388=CARTESIAN_POINT('Ctrl Pts',(2.79916442165634,-6.47112846056198,24.4179653489037));
#7389=CARTESIAN_POINT('Ctrl Pts',(2.88268667708851,-6.43435641958839,24.3829251055609));
#7390=CARTESIAN_POINT('Ctrl Pts',(2.96546378327618,-6.39597721619436,24.3478848622181));
#7391=CARTESIAN_POINT('',(1.05671174964817,-6.97035582148828,25.1159616396762));
#7392=CARTESIAN_POINT('Origin',(1.05671174964817,-6.97035582148828,24.9754427955486));
#7393=CARTESIAN_POINT('',(1.05671174964817,-6.97035582148828,0.));
#7394=CARTESIAN_POINT('Origin',(0.,0.,0.));
#7395=CARTESIAN_POINT('',(-7.05,-8.63375993398884E-16,35.4));
#7396=CARTESIAN_POINT('Origin',(0.,0.,35.4));
#7397=CARTESIAN_POINT('',(-7.05,-8.63375993398884E-16,0.));
#7398=CARTESIAN_POINT('',(-7.05,-8.63375993398884E-16,0.));
#7399=CARTESIAN_POINT('Origin',(0.,0.,0.));
#7400=CARTESIAN_POINT('',(-0.0607086665626008,-7.04973860918291,27.2216912196018));
#7401=CARTESIAN_POINT('',(-0.0607086665626014,-7.04973860918291,26.9365616724826));
#7402=CARTESIAN_POINT('',(-0.0607086665626014,-7.04973860918291,0.));
#7403=CARTESIAN_POINT('',(-2.02160840250265,-6.75393214852879,26.122230758715));
#7404=CARTESIAN_POINT('Ctrl Pts',(-0.0607086665626014,-7.04973860918291,
26.9365616724826));
#7405=CARTESIAN_POINT('Ctrl Pts',(-0.252515884199326,-7.04808686561264,
26.8580565160105));
#7406=CARTESIAN_POINT('Ctrl Pts',(-0.44425551235448,-7.03860282845516,26.7795513595383));
#7407=CARTESIAN_POINT('Ctrl Pts',(-0.635289472010832,-7.02131805907924,
26.7010462030662));
#7408=CARTESIAN_POINT('Ctrl Pts',(-0.826311667331662,-7.00403435414141,
26.6225458811324));
#7409=CARTESIAN_POINT('Ctrl Pts',(-1.0166279986178,-6.97895090382415,26.5440455591986));
#7410=CARTESIAN_POINT('Ctrl Pts',(-1.20560520128311,-6.94615117159417,26.4655452372648));
#7411=CARTESIAN_POINT('Ctrl Pts',(-1.39458724317912,-6.91335059944558,26.3870429051353));
#7412=CARTESIAN_POINT('Ctrl Pts',(-1.58222980836207,-6.87283339847715,26.3085405730057));
#7413=CARTESIAN_POINT('Ctrl Pts',(-1.76790849707437,-6.82473439380407,26.2300382408762));
#7414=CARTESIAN_POINT('Ctrl Pts',(-1.85290619237865,-6.80271622590342,26.1941024134891));
#7415=CARTESIAN_POINT('Ctrl Pts',(-1.93749250381103,-6.77910998624457,26.1581665861021));
#7416=CARTESIAN_POINT('Ctrl Pts',(-2.02160840250265,-6.75393214852879,26.122230758715));
#7417=CARTESIAN_POINT('',(-0.0607086665626011,-7.04973860918291,25.3581168339588));
#7418=CARTESIAN_POINT('Ctrl Pts',(-2.02160840250265,-6.75393214852879,26.122230758715));
#7419=CARTESIAN_POINT('Ctrl Pts',(-1.83784940017181,-6.80893547621671,26.0485667454603));
#7420=CARTESIAN_POINT('Ctrl Pts',(-1.65184451670548,-6.8564351108739,25.9749027322055));
#7421=CARTESIAN_POINT('Ctrl Pts',(-1.46421274680176,-6.89627298126338,25.9012387189508));
#7422=CARTESIAN_POINT('Ctrl Pts',(-1.27659253171851,-6.93610839833996,25.827579242105));
#7423=CARTESIAN_POINT('Ctrl Pts',(-1.08734590814185,-6.96828293639177,25.7539197652593));
#7424=CARTESIAN_POINT('Ctrl Pts',(-0.897102581278593,-6.99268953684227,
25.6802602884135));
#7425=CARTESIAN_POINT('Ctrl Pts',(-0.706854382762391,-7.01709676228439,
25.6065989253339));
#7426=CARTESIAN_POINT('Ctrl Pts',(-0.51560971122687,-7.03373561597115,25.5329375622542));
#7427=CARTESIAN_POINT('Ctrl Pts',(-0.324004952805599,-7.04255073042129,
25.4592761991746));
#7428=CARTESIAN_POINT('Ctrl Pts',(-0.236294494550521,-7.04658600456774,
25.4255564107693));
#7429=CARTESIAN_POINT('Ctrl Pts',(-0.148508645243474,-7.04898252162769,
25.3918366223641));
#7430=CARTESIAN_POINT('Ctrl Pts',(-0.0607086665626014,-7.04973860918291,
25.3581168339588));
#7431=CARTESIAN_POINT('',(-0.0607086665626014,-7.04973860918291,25.0729872868396));
#7432=CARTESIAN_POINT('',(-0.0607086665626014,-7.04973860918291,0.));
#7433=CARTESIAN_POINT('',(-2.0314903050399,-6.75096638567612,24.2544331238605));
#7434=CARTESIAN_POINT('Ctrl Pts',(-0.0607086665626014,-7.04973860918291,
25.0729872868396));
#7435=CARTESIAN_POINT('Ctrl Pts',(-0.252516132441557,-7.04808686347491,
24.9944819715987));
#7436=CARTESIAN_POINT('Ctrl Pts',(-0.44425600866334,-7.03860280389491,24.9159766563578));
#7437=CARTESIAN_POINT('Ctrl Pts',(-0.635290213735203,-7.02131799196791,
24.8374713411169));
#7438=CARTESIAN_POINT('Ctrl Pts',(-0.826312583114907,-7.00403425093663,
24.7589708897419));
#7439=CARTESIAN_POINT('Ctrl Pts',(-1.01662908633499,-6.97895075022923,24.6804704383668));
#7440=CARTESIAN_POINT('Ctrl Pts',(-1.20560645707223,-6.94615095363366,24.6019699869918));
#7441=CARTESIAN_POINT('Ctrl Pts',(-1.39458890689421,-6.91335027548837,24.5234674257851));
#7442=CARTESIAN_POINT('Ctrl Pts',(-1.58223187273717,-6.87283293494918,24.4449648645783));
#7443=CARTESIAN_POINT('Ctrl Pts',(-1.76791095077823,-6.82473375818562,24.3664623033716));
#7444=CARTESIAN_POINT('Ctrl Pts',(-1.85623704887216,-6.80185335265002,24.3291192435346));
#7445=CARTESIAN_POINT('Ctrl Pts',(-1.94411890853745,-6.77725805042343,24.2917761836975));
#7446=CARTESIAN_POINT('Ctrl Pts',(-2.0314903050399,-6.75096638567612,24.2544331238605));
#7447=CARTESIAN_POINT('',(-2.0314903050399,-6.75096638567612,24.5559348748066));
#7448=CARTESIAN_POINT('',(-2.0314903050399,-6.75096638567612,0.));
#7449=CARTESIAN_POINT('',(-1.44467286121704,-6.90039276592738,24.7892226860859));
#7450=CARTESIAN_POINT('Ctrl Pts',(-2.0314903050399,-6.75096638567612,24.5559348748066));
#7451=CARTESIAN_POINT('Ctrl Pts',(-1.84782638011194,-6.80623424831403,24.6298035189695));
#7452=CARTESIAN_POINT('Ctrl Pts',(-1.66190594881321,-6.85400288818584,24.7036721631325));
#7453=CARTESIAN_POINT('Ctrl Pts',(-1.47434762798285,-6.8941133637228,24.7775408072954));
#7454=CARTESIAN_POINT('Ctrl Pts',(-1.46446055706609,-6.89622777333355,24.7814347668922));
#7455=CARTESIAN_POINT('Ctrl Pts',(-1.45456893762757,-6.89832091385928,24.7853287264891));
#7456=CARTESIAN_POINT('Ctrl Pts',(-1.44467286121704,-6.90039276592738,24.7892226860859));
#7457=CARTESIAN_POINT('',(-1.44467286121704,-6.90039276592738,25.625511019025));
#7458=CARTESIAN_POINT('',(-1.44467286121704,-6.90039276592738,0.));
#7459=CARTESIAN_POINT('',(-2.0314903050399,-6.75096638567612,25.8451565192081));
#7460=CARTESIAN_POINT('Ctrl Pts',(-1.44467286121704,-6.90039276592738,25.625511019025));
#7461=CARTESIAN_POINT('Ctrl Pts',(-1.63240201679745,-6.8610896094947,25.6950599389023));
#7462=CARTESIAN_POINT('Ctrl Pts',(-1.81852624636711,-6.81412131277647,25.7646088587796));
#7463=CARTESIAN_POINT('Ctrl Pts',(-2.00242625498471,-6.75964415434333,25.8341577786569));
#7464=CARTESIAN_POINT('Ctrl Pts',(-2.01212047925984,-6.75677241009659,25.8378240255073));
#7465=CARTESIAN_POINT('Ctrl Pts',(-2.02180852583344,-6.75387981161691,25.8414902723577));
#7466=CARTESIAN_POINT('Ctrl Pts',(-2.0314903050399,-6.75096638567612,25.8451565192081));
#7467=CARTESIAN_POINT('',(-2.0314903050399,-6.75096638567612,26.4195086644031));
#7468=CARTESIAN_POINT('',(-2.0314903050399,-6.75096638567612,0.));
#7469=CARTESIAN_POINT('',(-1.44467286121704,-6.90039276592738,26.6527964756824));
#7470=CARTESIAN_POINT('Ctrl Pts',(-2.0314903050399,-6.75096638567612,26.4195086644031));
#7471=CARTESIAN_POINT('Ctrl Pts',(-1.84782638011194,-6.80623424831403,26.493377308566));
#7472=CARTESIAN_POINT('Ctrl Pts',(-1.66190594881321,-6.85400288818584,26.567245952729));
#7473=CARTESIAN_POINT('Ctrl Pts',(-1.47434762798285,-6.8941133637228,26.6411145968919));
#7474=CARTESIAN_POINT('Ctrl Pts',(-1.46446055706609,-6.89622777333355,26.6450085564887));
#7475=CARTESIAN_POINT('Ctrl Pts',(-1.45456893762757,-6.89832091385928,26.6489025160856));
#7476=CARTESIAN_POINT('Ctrl Pts',(-1.44467286121704,-6.90039276592738,26.6527964756824));
#7477=CARTESIAN_POINT('',(-1.44467286121704,-6.90039276592738,27.489085404668));
#7478=CARTESIAN_POINT('',(-1.44467286121704,-6.90039276592738,0.));
#7479=CARTESIAN_POINT('',(-2.0314903050399,-6.75096638567612,27.7087309048511));
#7480=CARTESIAN_POINT('Ctrl Pts',(-1.44467286121704,-6.90039276592738,27.489085404668));
#7481=CARTESIAN_POINT('Ctrl Pts',(-1.63240201679745,-6.8610896094947,27.5586343245453));
#7482=CARTESIAN_POINT('Ctrl Pts',(-1.81852624636711,-6.81412131277647,27.6281832444226));
#7483=CARTESIAN_POINT('Ctrl Pts',(-2.00242625498471,-6.75964415434333,27.6977321642999));
#7484=CARTESIAN_POINT('Ctrl Pts',(-2.01212047925984,-6.75677241009659,27.7013984111503));
#7485=CARTESIAN_POINT('Ctrl Pts',(-2.02180852583344,-6.75387981161691,27.7050646580007));
#7486=CARTESIAN_POINT('Ctrl Pts',(-2.0314903050399,-6.75096638567612,27.7087309048511));
#7487=CARTESIAN_POINT('',(-2.0314903050399,-6.75096638567612,27.98976799706));
#7488=CARTESIAN_POINT('',(-2.0314903050399,-6.75096638567612,0.));
#7489=CARTESIAN_POINT('Ctrl Pts',(-2.0314903050399,-6.75096638567612,27.98976799706));
#7490=CARTESIAN_POINT('Ctrl Pts',(-1.84781175659211,-6.80623864880088,27.916103831302));
#7491=CARTESIAN_POINT('Ctrl Pts',(-1.66187634226159,-6.85401049424803,27.842439665544));
#7492=CARTESIAN_POINT('Ctrl Pts',(-1.47430282716422,-6.89412294449523,27.768775499786));
#7493=CARTESIAN_POINT('Ctrl Pts',(-1.28674093334895,-6.9342329095403,27.6951158979562));
#7494=CARTESIAN_POINT('Ctrl Pts',(-1.09754141923176,-6.96668436965378,27.6214562961264));
#7495=CARTESIAN_POINT('Ctrl Pts',(-0.907333834424147,-6.99136934462121,
27.5477966942966));
#7496=CARTESIAN_POINT('Ctrl Pts',(-0.717121137467844,-7.01605498303885,
27.4741351127411));
#7497=CARTESIAN_POINT('Ctrl Pts',(-0.525900596894932,-7.03297368209302,
27.4004735311856));
#7498=CARTESIAN_POINT('Ctrl Pts',(-0.334308521324887,-7.04206914284215,
27.3268119496302));
#7499=CARTESIAN_POINT('Ctrl Pts',(-0.243169656142249,-7.04639578301515,
27.2917717062874));
#7500=CARTESIAN_POINT('Ctrl Pts',(-0.151946790421159,-7.04895291411729,
27.2567314629446));
#7501=CARTESIAN_POINT('Ctrl Pts',(-0.0607086665626014,-7.04973860918291,
27.2216912196018));
#7502=CARTESIAN_POINT('',(-0.0525234251064807,-7.04980434408041,21.2012281105854));
#7503=CARTESIAN_POINT('',(-0.0525234251064807,-7.04980434408041,21.0429730103351));
#7504=CARTESIAN_POINT('',(-0.0525234251064807,-7.04980434408041,0.));
#7505=CARTESIAN_POINT('',(-2.0314903050399,-6.75096638567612,21.0429730103351));
#7506=CARTESIAN_POINT('Origin',(0.,0.,21.0429730103351));
#7507=CARTESIAN_POINT('',(-2.0314903050399,-6.75096638567612,21.2885393784381));
#7508=CARTESIAN_POINT('',(-2.0314903050399,-6.75096638567612,0.));
#7509=CARTESIAN_POINT('',(-0.495497920998803,-7.03256580561361,21.2885393784381));
#7510=CARTESIAN_POINT('Origin',(0.,0.,21.2885393784381));
#7511=CARTESIAN_POINT('',(-0.664088857661596,-7.01865271894327,21.5211453125812));
#7512=CARTESIAN_POINT('Ctrl Pts',(-0.495497920998804,-7.03256580561361,
21.2885393784381));
#7513=CARTESIAN_POINT('Ctrl Pts',(-0.52532778392867,-7.03046406416192,21.3229071235524));
#7514=CARTESIAN_POINT('Ctrl Pts',(-0.555684398566518,-7.02813457618614,
21.3573110979411));
#7515=CARTESIAN_POINT('Ctrl Pts',(-0.616096258027145,-7.02309235659309,
21.4413578482835));
#7516=CARTESIAN_POINT('Ctrl Pts',(-0.642363752476321,-7.0207082986767,21.4852284763364));
#7517=CARTESIAN_POINT('Ctrl Pts',(-0.664088857661596,-7.01865271894327,
21.5211453125812));
#7518=CARTESIAN_POINT('',(-0.790286589890521,-7.00556543798138,21.7796721146442));
#7519=CARTESIAN_POINT('Ctrl Pts',(-0.664088857661596,-7.01865271894327,
21.5211453125812));
#7520=CARTESIAN_POINT('Ctrl Pts',(-0.688682476139208,-7.01632572704688,
21.5642858015618));
#7521=CARTESIAN_POINT('Ctrl Pts',(-0.711657417108206,-7.01402146571988,
21.6046041283099));
#7522=CARTESIAN_POINT('Ctrl Pts',(-0.759727703121012,-7.00899742612086,
21.7023350161639));
#7523=CARTESIAN_POINT('Ctrl Pts',(-0.780419260934855,-7.00667855551925,
21.7554456752358));
#7524=CARTESIAN_POINT('Ctrl Pts',(-0.790286589890521,-7.00556543798138,
21.7796721146442));
#7525=CARTESIAN_POINT('',(-0.55399850806177,-7.02819931796654,21.7796721146442));
#7526=CARTESIAN_POINT('Origin',(0.,0.,21.7796721146442));
#7527=CARTESIAN_POINT('',(-0.319808311264268,-7.04274255131098,21.4195086644031));
#7528=CARTESIAN_POINT('Ctrl Pts',(-0.55399850806177,-7.02819931796654,21.7796721146442));
#7529=CARTESIAN_POINT('Ctrl Pts',(-0.530207032070641,-7.03007468342039,
21.7326323811412));
#7530=CARTESIAN_POINT('Ctrl Pts',(-0.494174636037597,-7.03279860336119,
21.6591627770158));
#7531=CARTESIAN_POINT('Ctrl Pts',(-0.410427039764658,-7.03815555853392,
21.5298733317976));
#7532=CARTESIAN_POINT('Ctrl Pts',(-0.366824683338097,-7.04060755539921,
21.4768630634174));
#7533=CARTESIAN_POINT('Ctrl Pts',(-0.319808311264268,-7.04274255131098,
21.4195086644031));
#7534=CARTESIAN_POINT('Ctrl Pts',(-0.319808311264268,-7.04274255131098,
21.4195086644031));
#7535=CARTESIAN_POINT('Ctrl Pts',(-0.285057738474975,-7.04432056185421,
21.3821676008791));
#7536=CARTESIAN_POINT('Ctrl Pts',(-0.243318981702291,-7.04595902892568,
21.3366711506804));
#7537=CARTESIAN_POINT('Ctrl Pts',(-0.146696686424671,-7.04865101289608,
21.2565498720388));
#7538=CARTESIAN_POINT('Ctrl Pts',(-0.0986458746673223,-7.04946071624239,
21.2288566790841));
#7539=CARTESIAN_POINT('Ctrl Pts',(-0.0525234251064812,-7.04980434408041,
21.2012281105854));
#7540=CARTESIAN_POINT('',(-2.06412611893655,-6.74105951354265,18.9952244446613));
#7541=CARTESIAN_POINT('',(-1.91755202595213,-6.78420918219411,19.4406547234394));
#7542=CARTESIAN_POINT('Ctrl Pts',(-2.06412611893655,-6.74105951354266,18.9952244446613));
#7543=CARTESIAN_POINT('Ctrl Pts',(-2.05900419113176,-6.74262785824276,19.0848352726167));
#7544=CARTESIAN_POINT('Ctrl Pts',(-2.05360608253059,-6.74431492718151,19.1620308951475));
#7545=CARTESIAN_POINT('Ctrl Pts',(-2.00774584572717,-6.75811157389563,19.3054438173483));
#7546=CARTESIAN_POINT('Ctrl Pts',(-1.96799045023593,-6.76995279650879,19.3657557131619));
#7547=CARTESIAN_POINT('Ctrl Pts',(-1.91755202595213,-6.78420918219411,19.4406547234394));
#7548=CARTESIAN_POINT('',(-1.52469170809642,-6.88315445092307,19.6377887413837));
#7549=CARTESIAN_POINT('Ctrl Pts',(-1.91755202595213,-6.78420918219411,19.4406547234394));
#7550=CARTESIAN_POINT('Ctrl Pts',(-1.88679146816512,-6.79290363254489,19.4699492973572));
#7551=CARTESIAN_POINT('Ctrl Pts',(-1.8217473447529,-6.81107329134028,19.538712710439));
#7552=CARTESIAN_POINT('Ctrl Pts',(-1.67722629709911,-6.84789837512917,19.6103535921345));
#7553=CARTESIAN_POINT('Ctrl Pts',(-1.60488671517914,-6.8653904063703,19.6237385880437));
#7554=CARTESIAN_POINT('Ctrl Pts',(-1.52469170809642,-6.88315445092307,19.6377887413837));
#7555=CARTESIAN_POINT('',(-1.5033731951445,-6.88784211753732,19.3799450085498));
#7556=CARTESIAN_POINT('Ctrl Pts',(-1.52469170809642,-6.88315445092307,19.6377887413837));
#7557=CARTESIAN_POINT('Ctrl Pts',(-1.52113983367362,-6.88394122877605,19.5948147708663));
#7558=CARTESIAN_POINT('Ctrl Pts',(-1.51758735078747,-6.88472525722803,19.5518408067857));
#7559=CARTESIAN_POINT('Ctrl Pts',(-1.51048117980689,-6.88628781276537,19.4658929302115));
#7560=CARTESIAN_POINT('Ctrl Pts',(-1.50692748957762,-6.88706634032187,19.4229189918931));
#7561=CARTESIAN_POINT('Ctrl Pts',(-1.5033731951445,-6.88784211753732,19.3799450085498));
#7562=CARTESIAN_POINT('',(-1.77865917369239,-6.8219404529679,19.2469300911762));
#7563=CARTESIAN_POINT('Ctrl Pts',(-1.5033731951445,-6.88784211753732,19.3799450085498));
#7564=CARTESIAN_POINT('Ctrl Pts',(-1.5580339928135,-6.87591159174441,19.3691193963934));
#7565=CARTESIAN_POINT('Ctrl Pts',(-1.60804476446131,-6.86431517087163,19.3588448473578));
#7566=CARTESIAN_POINT('Ctrl Pts',(-1.70897764760239,-6.83997228723264,19.3116419165491));
#7567=CARTESIAN_POINT('Ctrl Pts',(-1.75002330356883,-6.82940657693118,19.271980743778));
#7568=CARTESIAN_POINT('Ctrl Pts',(-1.77865917369239,-6.8219404529679,19.2469300911762));
#7569=CARTESIAN_POINT('',(-1.87024387053559,-6.79740302356158,18.9952244446613));
#7570=CARTESIAN_POINT('Ctrl Pts',(-1.77865917369239,-6.8219404529679,19.2469300911762));
#7571=CARTESIAN_POINT('Ctrl Pts',(-1.80955869068864,-6.81388413677063,19.2043531887771));
#7572=CARTESIAN_POINT('Ctrl Pts',(-1.83371938161603,-6.8073629472151,19.1696769800294));
#7573=CARTESIAN_POINT('Ctrl Pts',(-1.86190494319296,-6.7997073075179,19.0915961641068));
#7574=CARTESIAN_POINT('Ctrl Pts',(-1.8661266872057,-6.79853582926104,19.0487957441067));
#7575=CARTESIAN_POINT('Ctrl Pts',(-1.87024387053559,-6.79740302356158,18.9952244446613));
#7576=CARTESIAN_POINT('',(-1.74100877893478,-6.83164609970921,18.6950888321735));
#7577=CARTESIAN_POINT('Ctrl Pts',(-1.87024387053559,-6.79740302356158,18.9952244446613));
#7578=CARTESIAN_POINT('Ctrl Pts',(-1.86360229219128,-6.79923039368309,18.9265665808748));
#7579=CARTESIAN_POINT('Ctrl Pts',(-1.85703652564993,-6.80105299841196,18.8756104517128));
#7580=CARTESIAN_POINT('Ctrl Pts',(-1.81761966365459,-6.81169478234973,18.7843095411834));
#7581=CARTESIAN_POINT('Ctrl Pts',(-1.78400929565826,-6.82068764606251,18.7440258866905));
#7582=CARTESIAN_POINT('Ctrl Pts',(-1.74100877893478,-6.83164609970921,18.6950888321735));
#7583=CARTESIAN_POINT('',(-1.39523004263,-6.91055953799276,18.572305648122));
#7584=CARTESIAN_POINT('Ctrl Pts',(-1.74100877893478,-6.83164609970921,18.6950888321735));
#7585=CARTESIAN_POINT('Ctrl Pts',(-1.714624301198,-6.8383700439383,18.67561085271));
#7586=CARTESIAN_POINT('Ctrl Pts',(-1.65466777945223,-6.853492902964,18.6251265556433));
#7587=CARTESIAN_POINT('Ctrl Pts',(-1.5240895797503,-6.88353126278983,18.580195255569));
#7588=CARTESIAN_POINT('Ctrl Pts',(-1.46218761985781,-6.89704091872375,18.5761925600984));
#7589=CARTESIAN_POINT('Ctrl Pts',(-1.39523004263,-6.91055953799276,18.572305648122));
#7590=CARTESIAN_POINT('',(-1.06884998624066,-6.96850484012986,18.6903133080341));
#7591=CARTESIAN_POINT('Ctrl Pts',(-1.39523004263,-6.91055953799276,18.572305648122));
#7592=CARTESIAN_POINT('Ctrl Pts',(-1.33209441147473,-6.92330651294666,18.5758987787674));
#7593=CARTESIAN_POINT('Ctrl Pts',(-1.27359070986609,-6.93421885183403,18.5796212582267));
#7594=CARTESIAN_POINT('Ctrl Pts',(-1.14595101271047,-6.95665144355461,18.6241469307661));
#7595=CARTESIAN_POINT('Ctrl Pts',(-1.08573420112994,-6.96591508906186,18.6775605804053));
#7596=CARTESIAN_POINT('Ctrl Pts',(-1.06884998624066,-6.96850484012986,18.6903133080341));
#7597=CARTESIAN_POINT('',(-0.948682123457478,-6.98587877282681,18.9993180916645));
#7598=CARTESIAN_POINT('Ctrl Pts',(-1.06884998624066,-6.96850484012987,18.6903133080341));
#7599=CARTESIAN_POINT('Ctrl Pts',(-1.02796514737914,-6.97477587824452,18.7410122363022));
#7600=CARTESIAN_POINT('Ctrl Pts',(-0.995667821182451,-6.97936392994805,
18.7820524229778));
#7601=CARTESIAN_POINT('Ctrl Pts',(-0.958178911525045,-6.98460813767148,
18.8803453079701));
#7602=CARTESIAN_POINT('Ctrl Pts',(-0.953322433229272,-6.98524861890188,
18.9346282304783));
#7603=CARTESIAN_POINT('Ctrl Pts',(-0.948682123457478,-6.98587877282681,
18.9993180916645));
#7604=CARTESIAN_POINT('',(-1.00205173080565,-6.97842334118456,19.2135061905719));
#7605=CARTESIAN_POINT('Ctrl Pts',(-0.948682123457478,-6.98587877282681,
18.9993180916645));
#7606=CARTESIAN_POINT('Ctrl Pts',(-0.95094890546462,-6.98557094389964,19.0419474684131));
#7607=CARTESIAN_POINT('Ctrl Pts',(-0.953295156268045,-6.9852556589101,19.0768074715849));
#7608=CARTESIAN_POINT('Ctrl Pts',(-0.969841164313253,-6.98297784903803,
19.1439424531181));
#7609=CARTESIAN_POINT('Ctrl Pts',(-0.984003013231515,-6.98101500806972,
19.1749921839051));
#7610=CARTESIAN_POINT('Ctrl Pts',(-1.00205173080565,-6.97842334118456,19.2135061905719));
#7611=CARTESIAN_POINT('',(-1.1402624910672,-6.95717625559862,19.3635739968158));
#7612=CARTESIAN_POINT('Ctrl Pts',(-1.00205173080565,-6.97842334118456,19.2135061905719));
#7613=CARTESIAN_POINT('Ctrl Pts',(-1.01216235408024,-6.97697152792295,19.2295942083679));
#7614=CARTESIAN_POINT('Ctrl Pts',(-1.03423749782778,-6.97378239410518,19.2670981495429));
#7615=CARTESIAN_POINT('Ctrl Pts',(-1.08466948700535,-6.96609813070286,19.3221044124449));
#7616=CARTESIAN_POINT('Ctrl Pts',(-1.11098027910602,-6.96197553144389,19.3417690991042));
#7617=CARTESIAN_POINT('Ctrl Pts',(-1.1402624910672,-6.95717625559862,19.3635739968158));
#7618=CARTESIAN_POINT('',(-1.11063350622599,-6.961967625237,19.5941331074573));
#7619=CARTESIAN_POINT('Ctrl Pts',(-1.1402624910672,-6.95717625559862,19.3635739968158));
#7620=CARTESIAN_POINT('Ctrl Pts',(-1.1303895774149,-6.95879439961304,19.4404270336963));
#7621=CARTESIAN_POINT('Ctrl Pts',(-1.12051321930049,-6.96039152765036,19.5172800705768));
#7622=CARTESIAN_POINT('Ctrl Pts',(-1.11063350622599,-6.961967625237,19.5941331074573));
#7623=CARTESIAN_POINT('',(-0.087992350370754,-7.04945085423512,19.4004084751941));
#7624=CARTESIAN_POINT('Ctrl Pts',(-1.11063350622599,-6.961967625237,19.5941331074573));
#7625=CARTESIAN_POINT('Ctrl Pts',(-0.921212772852396,-6.99218566481765,
19.5579606021813));
#7626=CARTESIAN_POINT('Ctrl Pts',(-0.730558239821767,-7.01466877353282,
19.5217880969052));
#7627=CARTESIAN_POINT('Ctrl Pts',(-0.539304385586705,-7.02934212993556,
19.4856155916292));
#7628=CARTESIAN_POINT('Ctrl Pts',(-0.389133334377908,-7.04086353620773,
19.4572132194842));
#7629=CARTESIAN_POINT('Ctrl Pts',(-0.238592993454681,-7.04757103340562,
19.4288108473391));
#7630=CARTESIAN_POINT('Ctrl Pts',(-0.087992350370754,-7.04945085423512,
19.4004084751941));
#7631=CARTESIAN_POINT('',(-0.087992350370754,-7.04945085423512,18.4058656380512));
#7632=CARTESIAN_POINT('',(-0.087992350370754,-7.04945085423512,0.));
#7633=CARTESIAN_POINT('',(-0.322534178885587,-7.04261824206386,18.4058656380512));
#7634=CARTESIAN_POINT('Origin',(0.,0.,18.4058656380512));
#7635=CARTESIAN_POINT('',(-0.322534178885587,-7.04261824206386,19.2039551422931));
#7636=CARTESIAN_POINT('',(-0.322534178885587,-7.04261824206386,0.));
#7637=CARTESIAN_POINT('',(-0.85803135860436,-6.99759117037081,19.311732260976));
#7638=CARTESIAN_POINT('Ctrl Pts',(-0.322534178885587,-7.04261824206386,
19.2039551422931));
#7639=CARTESIAN_POINT('Ctrl Pts',(-0.412029264739055,-7.03851959252218,
19.2219185392168));
#7640=CARTESIAN_POINT('Ctrl Pts',(-0.501438094985704,-7.03271540773979,
19.2398803059265));
#7641=CARTESIAN_POINT('Ctrl Pts',(-0.679985802476349,-7.01770229332893,
19.2758070973426));
#7642=CARTESIAN_POINT('Ctrl Pts',(-0.769108460751131,-7.00849472746616,
19.2937688640524));
#7643=CARTESIAN_POINT('Ctrl Pts',(-0.85803135860436,-6.99759117037081,19.311732260976));
#7644=CARTESIAN_POINT('',(-0.733323121403483,-7.01175706935252,18.9338328526355));
#7645=CARTESIAN_POINT('Ctrl Pts',(-0.858031358604363,-6.99759117037081,
19.311732260976));
#7646=CARTESIAN_POINT('Ctrl Pts',(-0.817607788887581,-7.00254783182749,
19.245192806112));
#7647=CARTESIAN_POINT('Ctrl Pts',(-0.785735306937135,-7.00610478424799,
19.1906852230424));
#7648=CARTESIAN_POINT('Ctrl Pts',(-0.747815638095496,-7.01025075551914,
19.0774223069854));
#7649=CARTESIAN_POINT('Ctrl Pts',(-0.74086168916129,-7.01096864984734,19.020237462358));
#7650=CARTESIAN_POINT('Ctrl Pts',(-0.733323121403483,-7.01175706935252,
18.9338328526355));
#7651=CARTESIAN_POINT('',(-0.913522153834876,-6.99056344470551,18.4918131516315));
#7652=CARTESIAN_POINT('Ctrl Pts',(-0.733323121403483,-7.01175706935252,
18.9338328526355));
#7653=CARTESIAN_POINT('Ctrl Pts',(-0.741748321461351,-7.01087592159686,
18.8373888781939));
#7654=CARTESIAN_POINT('Ctrl Pts',(-0.750348828874999,-7.01000996922028,
18.7614376972333));
#7655=CARTESIAN_POINT('Ctrl Pts',(-0.792135845565051,-7.00537141800156,
18.6586039262405));
#7656=CARTESIAN_POINT('Ctrl Pts',(-0.811927364778875,-7.00313600872918,
18.6247727965986));
#7657=CARTESIAN_POINT('Ctrl Pts',(-0.860792956473323,-6.99729286467002,
18.5557997160761));
#7658=CARTESIAN_POINT('Ctrl Pts',(-0.886353552962402,-6.99411381929005,
18.5248104989036));
#7659=CARTESIAN_POINT('Ctrl Pts',(-0.913522153834872,-6.99056344470551,
18.4918131516315));
#7660=CARTESIAN_POINT('',(-1.37382671560743,-6.91484635805332,18.3117320225574));
#7661=CARTESIAN_POINT('Ctrl Pts',(-0.91352215383488,-6.9905634447055,18.4918131516315));
#7662=CARTESIAN_POINT('Ctrl Pts',(-0.957783554539348,-6.98477939447506,
18.4563943461735));
#7663=CARTESIAN_POINT('Ctrl Pts',(-1.03377831051342,-6.97441631221422,18.3892937310907));
#7664=CARTESIAN_POINT('Ctrl Pts',(-1.20058618394448,-6.94743402290371,18.3252386433612));
#7665=CARTESIAN_POINT('Ctrl Pts',(-1.28364739419507,-6.9327629905476,18.3184352029751));
#7666=CARTESIAN_POINT('Ctrl Pts',(-1.37382671560743,-6.91484635805332,18.3117320225574));
#7667=CARTESIAN_POINT('',(-1.83075145478316,-6.80814579094847,18.4699859307148));
#7668=CARTESIAN_POINT('Ctrl Pts',(-1.37382671560743,-6.91484635805332,18.3117320225574));
#7669=CARTESIAN_POINT('Ctrl Pts',(-1.46114516163098,-6.89749811809239,18.3179718795513));
#7670=CARTESIAN_POINT('Ctrl Pts',(-1.54228768370491,-6.87965913286679,18.3242541308522));
#7671=CARTESIAN_POINT('Ctrl Pts',(-1.70033721221245,-6.84242050418331,18.3784292344472));
#7672=CARTESIAN_POINT('Ctrl Pts',(-1.77289063174012,-6.82370491515257,18.4303864538512));
#7673=CARTESIAN_POINT('Ctrl Pts',(-1.83075145478316,-6.80814579094847,18.4699859307148));
#7674=CARTESIAN_POINT('Ctrl Pts',(-1.83075145478316,-6.80814579094847,18.4699859307148));
#7675=CARTESIAN_POINT('Ctrl Pts',(-1.86790175881709,-6.79815585018572,18.5086052551272));
#7676=CARTESIAN_POINT('Ctrl Pts',(-1.90160816953665,-6.78876714869848,18.5439138576056));
#7677=CARTESIAN_POINT('Ctrl Pts',(-1.96834224307136,-6.76975536812605,18.626476303522));
#7678=CARTESIAN_POINT('Ctrl Pts',(-1.99195957207565,-6.76275805936976,18.6652709554016));
#7679=CARTESIAN_POINT('Ctrl Pts',(-2.04415880926878,-6.74724432102464,18.784583964463));
#7680=CARTESIAN_POINT('Ctrl Pts',(-2.05430014248965,-6.74406824749425,18.8791661246742));
#7681=CARTESIAN_POINT('Ctrl Pts',(-2.06412611893655,-6.74105951354266,18.9952244446613));
#7682=CARTESIAN_POINT('',(-1.80438862585782,-6.81518023876661,12.5532068894245));
#7683=CARTESIAN_POINT('',(-2.0314903050399,-6.75096638567612,12.5532068894245));
#7684=CARTESIAN_POINT('Origin',(0.,0.,12.5532068894245));
#7685=CARTESIAN_POINT('',(-2.0314903050399,-6.75096638567612,13.8028659508564));
#7686=CARTESIAN_POINT('',(-2.0314903050399,-6.75096638567612,0.));
#7687=CARTESIAN_POINT('',(-0.0607086665626011,-7.04973860918291,13.8028659508564));
#7688=CARTESIAN_POINT('Origin',(0.,0.,13.8028659508564));
#7689=CARTESIAN_POINT('',(-0.0607086665626014,-7.04973860918291,13.5381998703815));
#7690=CARTESIAN_POINT('',(-0.0607086665626014,-7.04973860918291,0.));
#7691=CARTESIAN_POINT('',(-1.80438862585781,-6.81518023876661,13.5381998703815));
#7692=CARTESIAN_POINT('Origin',(0.,0.,13.5381998703815));
#7693=CARTESIAN_POINT('',(-1.80438862585781,-6.81518023876661,0.));
#7694=CARTESIAN_POINT('',(-0.0525234251064807,-7.04980434408041,9.61323401192204));
#7695=CARTESIAN_POINT('',(-0.184835173591198,-7.04757660182587,9.2264666245319));
#7696=CARTESIAN_POINT('Ctrl Pts',(-0.0525234251064807,-7.04980434408041,
9.61323401192204));
#7697=CARTESIAN_POINT('Ctrl Pts',(-0.0572255549520449,-7.04976931162381,
9.53532070028802));
#7698=CARTESIAN_POINT('Ctrl Pts',(-0.0621845669961212,-7.04975658116117,
9.46842949353833));
#7699=CARTESIAN_POINT('Ctrl Pts',(-0.103628686469387,-7.04927092131141,
9.34412134617359));
#7700=CARTESIAN_POINT('Ctrl Pts',(-0.139497977331264,-7.04876565006391,
9.29162860228059));
#7701=CARTESIAN_POINT('Ctrl Pts',(-0.184835173591198,-7.04757660182587,
9.2264666245319));
#7702=CARTESIAN_POINT('',(-0.549918020889337,-7.02851977092625,9.04570242622868));
#7703=CARTESIAN_POINT('Ctrl Pts',(-0.184835173591196,-7.04757660182587,
9.2264666245319));
#7704=CARTESIAN_POINT('Ctrl Pts',(-0.222759290526466,-7.04658197471743,
9.1919446328365));
#7705=CARTESIAN_POINT('Ctrl Pts',(-0.278445026423333,-7.0448662518336,9.13677619271737));
#7706=CARTESIAN_POINT('Ctrl Pts',(-0.409504420021359,-7.03834661543898,
9.07315461278789));
#7707=CARTESIAN_POINT('Ctrl Pts',(-0.476387696651019,-7.03427285289775,
9.05979950025338));
#7708=CARTESIAN_POINT('Ctrl Pts',(-0.549918020889336,-7.02851977092625,
9.04570242622868));
#7709=CARTESIAN_POINT('',(-0.568957498079357,-7.02700415293596,9.28990504005924));
#7710=CARTESIAN_POINT('Ctrl Pts',(-0.549918020889337,-7.02851977092625,
9.04570242622868));
#7711=CARTESIAN_POINT('Ctrl Pts',(-0.553091608903795,-7.02827146640454,
9.08640288217665));
#7712=CARTESIAN_POINT('Ctrl Pts',(-0.556265026185407,-7.02802101262731,
9.12710330532651));
#7713=CARTESIAN_POINT('Ctrl Pts',(-0.562611519307459,-7.02751580657281,
9.20850416101324));
#7714=CARTESIAN_POINT('Ctrl Pts',(-0.565784594420075,-7.02726105435346,
9.24920458421493));
#7715=CARTESIAN_POINT('Ctrl Pts',(-0.568957498079357,-7.02700415293596,
9.28990504005924));
#7716=CARTESIAN_POINT('',(-0.359325519765924,-7.0408369652226,9.38267370918766));
#7717=CARTESIAN_POINT('Ctrl Pts',(-0.568957498079356,-7.02700415293596,
9.28990504005924));
#7718=CARTESIAN_POINT('Ctrl Pts',(-0.529632300164063,-7.03018820772381,
9.2994517245525));
#7719=CARTESIAN_POINT('Ctrl Pts',(-0.492637330049323,-7.03285152465528,
9.3085562599913));
#7720=CARTESIAN_POINT('Ctrl Pts',(-0.411230123194268,-7.03815343322014,
9.34325140850394));
#7721=CARTESIAN_POINT('Ctrl Pts',(-0.377125519735983,-7.03992855131205,
9.37018035746546));
#7722=CARTESIAN_POINT('Ctrl Pts',(-0.359325519765924,-7.0408369652226,9.38267370918766));
#7723=CARTESIAN_POINT('',(-0.254378820035238,-7.04540924403384,9.62824007729069));
#7724=CARTESIAN_POINT('Ctrl Pts',(-0.359325519765922,-7.0408369652226,9.38267370918766));
#7725=CARTESIAN_POINT('Ctrl Pts',(-0.324197524871668,-7.04262970450715,
9.42306910866853));
#7726=CARTESIAN_POINT('Ctrl Pts',(-0.296689299378454,-7.0437730006607,9.45621592297369));
#7727=CARTESIAN_POINT('Ctrl Pts',(-0.264566266181157,-7.04505208375519,
9.53147473049412));
#7728=CARTESIAN_POINT('Ctrl Pts',(-0.259430304903082,-7.04522685707581,
9.57380274282983));
#7729=CARTESIAN_POINT('Ctrl Pts',(-0.254378820035238,-7.04540924403384,
9.62824007729069));
#7730=CARTESIAN_POINT('',(-0.319808311264268,-7.04274255131098,9.8342432663776));
#7731=CARTESIAN_POINT('Ctrl Pts',(-0.254378820035238,-7.04540924403384,
9.62824007729069));
#7732=CARTESIAN_POINT('Ctrl Pts',(-0.257234113144278,-7.04530615192566,
9.67059403064832));
#7733=CARTESIAN_POINT('Ctrl Pts',(-0.260177562952442,-7.04520460683856,
9.7048679560855));
#7734=CARTESIAN_POINT('Ctrl Pts',(-0.280385238314763,-7.04442959332194,
9.76908423025002));
#7735=CARTESIAN_POINT('Ctrl Pts',(-0.297710298980682,-7.04374601380293,
9.79825402620296));
#7736=CARTESIAN_POINT('Ctrl Pts',(-0.319808311264268,-7.04274255131098,
9.8342432663776));
#7737=CARTESIAN_POINT('',(-0.56623765542893,-7.02722384143086,10.0170530960895));
#7738=CARTESIAN_POINT('Ctrl Pts',(-0.31980831126427,-7.04274255131098,9.8342432663776));
#7739=CARTESIAN_POINT('Ctrl Pts',(-0.338423309197217,-7.04189725120101,
9.85537255058908));
#7740=CARTESIAN_POINT('Ctrl Pts',(-0.37782529637738,-7.04006412323012,9.90450548979353));
#7741=CARTESIAN_POINT('Ctrl Pts',(-0.470143171865941,-7.03442006934461,
9.97199994034926));
#7742=CARTESIAN_POINT('Ctrl Pts',(-0.515745429959794,-7.03129238969575,
9.99356021013373));
#7743=CARTESIAN_POINT('Ctrl Pts',(-0.56623765542893,-7.02722384143087,10.0170530960895));
#7744=CARTESIAN_POINT('',(-1.02567818775718,-6.9749899107568,10.0866307900287));
#7745=CARTESIAN_POINT('Ctrl Pts',(-0.56623765542893,-7.02722384143087,10.0170530960895));
#7746=CARTESIAN_POINT('Ctrl Pts',(-0.611216523972899,-7.02359954688114,
10.0306059042408));
#7747=CARTESIAN_POINT('Ctrl Pts',(-0.691940045505512,-7.01669883564259,
10.0585069941683));
#7748=CARTESIAN_POINT('Ctrl Pts',(-0.869972092294258,-6.99654554022388,
10.0836153903079));
#7749=CARTESIAN_POINT('Ctrl Pts',(-0.947549856724439,-6.98647874816179,
10.0851002088391));
#7750=CARTESIAN_POINT('Ctrl Pts',(-1.02567818775718,-6.9749899107568,10.0866307900287));
#7751=CARTESIAN_POINT('',(-0.826877955723537,-7.00134078918734,9.86971518257633));
#7752=CARTESIAN_POINT('Ctrl Pts',(-1.02567818775718,-6.9749899107568,10.0866307900287));
#7753=CARTESIAN_POINT('Ctrl Pts',(-0.982259901456488,-6.98137460661704,
10.05455774958));
#7754=CARTESIAN_POINT('Ctrl Pts',(-0.944043699564971,-6.98658124774528,
10.0258996711232));
#7755=CARTESIAN_POINT('Ctrl Pts',(-0.873094396043781,-6.99583845095333,
9.94909904931558));
#7756=CARTESIAN_POINT('Ctrl Pts',(-0.84485764291324,-6.99921733777488,9.89933792467543));
#7757=CARTESIAN_POINT('Ctrl Pts',(-0.826877955723536,-7.00134078918734,
9.86971518257633));
#7758=CARTESIAN_POINT('',(-0.76181114599493,-7.00871912533509,9.6009554550983));
#7759=CARTESIAN_POINT('Ctrl Pts',(-0.826877955723539,-7.00134078918735,
9.86971518257633));
#7760=CARTESIAN_POINT('Ctrl Pts',(-0.805277014583318,-7.00389192083335,
9.82062207223301));
#7761=CARTESIAN_POINT('Ctrl Pts',(-0.788381943017929,-7.00578739252729,
9.78079185133483));
#7762=CARTESIAN_POINT('Ctrl Pts',(-0.768493109730027,-7.00799654175394,
9.69893242105202));
#7763=CARTESIAN_POINT('Ctrl Pts',(-0.765167729383188,-7.00835428226007,
9.65703327679546));
#7764=CARTESIAN_POINT('Ctrl Pts',(-0.761811145994931,-7.00871912533509,
9.6009554550983));
#7765=CARTESIAN_POINT('',(-0.941246796569016,-6.98688446075564,9.18280979851261));
#7766=CARTESIAN_POINT('Ctrl Pts',(-0.76181114599493,-7.00871912533509,9.6009554550983));
#7767=CARTESIAN_POINT('Ctrl Pts',(-0.770952764645829,-7.00772547915579,
9.50642380756955));
#7768=CARTESIAN_POINT('Ctrl Pts',(-0.780054135122986,-7.00676533178971,
9.43554652906507));
#7769=CARTESIAN_POINT('Ctrl Pts',(-0.822344442750603,-7.00189138973203,
9.33735803657315));
#7770=CARTESIAN_POINT('Ctrl Pts',(-0.843102155186939,-6.99944339737001,
9.30479141159351));
#7771=CARTESIAN_POINT('Ctrl Pts',(-0.889370230649277,-6.99371706807761,
9.2426866468794));
#7772=CARTESIAN_POINT('Ctrl Pts',(-0.914540083336886,-6.99048228871713,
9.21366258549903));
#7773=CARTESIAN_POINT('Ctrl Pts',(-0.941246796569014,-6.98688446075564,
9.18280979851261));
#7774=CARTESIAN_POINT('',(-1.40191562987843,-6.90920636301323,9.01023289421574));
#7775=CARTESIAN_POINT('Ctrl Pts',(-0.941246796569018,-6.98688446075564,
9.18280979851261));
#7776=CARTESIAN_POINT('Ctrl Pts',(-0.985095582150611,-6.98097731727932,
9.14926032842508));
#7777=CARTESIAN_POINT('Ctrl Pts',(-1.06176072121694,-6.97022805268903,9.08416616902341));
#7778=CARTESIAN_POINT('Ctrl Pts',(-1.22993408367128,-6.94230126684396,9.02258833600263));
#7779=CARTESIAN_POINT('Ctrl Pts',(-1.31259961883477,-6.92732906847342,9.01635182931517));
#7780=CARTESIAN_POINT('Ctrl Pts',(-1.40191562987843,-6.90920636301323,9.01023289421574));
#7781=CARTESIAN_POINT('',(-1.74299155689475,-6.83114049281623,9.09140488365665));
#7782=CARTESIAN_POINT('Ctrl Pts',(-1.40191562987843,-6.90920636301323,9.01023289421574));
#7783=CARTESIAN_POINT('Ctrl Pts',(-1.46286499330118,-6.89683940496854,9.01351664210701));
#7784=CARTESIAN_POINT('Ctrl Pts',(-1.52146863509806,-6.88410892385133,9.01680693623354));
#7785=CARTESIAN_POINT('Ctrl Pts',(-1.63675373312977,-6.85763916327471,9.04409383460616));
#7786=CARTESIAN_POINT('Ctrl Pts',(-1.69197282703695,-6.84415811637106,9.06887074385487));
#7787=CARTESIAN_POINT('Ctrl Pts',(-1.74299155689475,-6.83114049281623,9.09140488365665));
#7788=CARTESIAN_POINT('',(-1.98179301745699,-6.76572216662484,9.3144621537067));
#7789=CARTESIAN_POINT('Ctrl Pts',(-1.74299155689475,-6.83114049281623,9.09140488365665));
#7790=CARTESIAN_POINT('Ctrl Pts',(-1.7944407536027,-6.8180130340024,9.12198914043806));
#7791=CARTESIAN_POINT('Ctrl Pts',(-1.83984365334604,-6.80581062999282,9.14957874825045));
#7792=CARTESIAN_POINT('Ctrl Pts',(-1.92764024788171,-6.78154369828502,9.23110900494748));
#7793=CARTESIAN_POINT('Ctrl Pts',(-1.96493662524774,-6.77065968542285,9.29003394679995));
#7794=CARTESIAN_POINT('Ctrl Pts',(-1.98179301745699,-6.76572216662484,9.3144621537067));
#7795=CARTESIAN_POINT('',(-2.06412611893655,-6.74105951354265,9.63642737129704));
#7796=CARTESIAN_POINT('Ctrl Pts',(-1.98179301745699,-6.76572216662484,9.3144621537067));
#7797=CARTESIAN_POINT('Ctrl Pts',(-2.00971175265854,-6.75754430281134,9.37192839357333));
#7798=CARTESIAN_POINT('Ctrl Pts',(-2.03156281643155,-6.75095807927917,9.41827256162696));
#7799=CARTESIAN_POINT('Ctrl Pts',(-2.05707161827451,-6.74322848728991,9.51930619259117));
#7800=CARTESIAN_POINT('Ctrl Pts',(-2.0606594396216,-6.74212101779219,9.57204478808522));
#7801=CARTESIAN_POINT('Ctrl Pts',(-2.06412611893655,-6.74105951354266,9.63642737129704));
#7802=CARTESIAN_POINT('',(-1.8472145381808,-6.80369741022729,10.1371087715961));
#7803=CARTESIAN_POINT('Ctrl Pts',(-2.06412611893655,-6.74105951354266,9.63642737129704));
#7804=CARTESIAN_POINT('Ctrl Pts',(-2.05419875735851,-6.74409929182739,9.74787861511998));
#7805=CARTESIAN_POINT('Ctrl Pts',(-2.04406366306431,-6.74725790104761,9.83605871917564));
#7806=CARTESIAN_POINT('Ctrl Pts',(-1.99407947771834,-6.76213435698675,9.95233534557104));
#7807=CARTESIAN_POINT('Ctrl Pts',(-1.97058973557648,-6.76906926076209,9.98994404262775));
#7808=CARTESIAN_POINT('Ctrl Pts',(-1.91221350742038,-6.78577671555368,10.0655322442688));
#7809=CARTESIAN_POINT('Ctrl Pts',(-1.88125961384168,-6.79445411868706,10.0997454963981));
#7810=CARTESIAN_POINT('Ctrl Pts',(-1.8472145381808,-6.80369741022729,10.1371087715961));
#7811=CARTESIAN_POINT('',(-1.12006309283704,-6.96045678587723,10.3308334038593));
#7812=CARTESIAN_POINT('Ctrl Pts',(-1.8472145381808,-6.80369741022729,10.1371087715961));
#7813=CARTESIAN_POINT('Ctrl Pts',(-1.80529032126114,-6.81507990100053,10.1621692192616));
#7814=CARTESIAN_POINT('Ctrl Pts',(-1.67848340276925,-6.84961581985919,10.2548759202317));
#7815=CARTESIAN_POINT('Ctrl Pts',(-1.38382014302886,-6.91394037717259,10.3267484183638));
#7816=CARTESIAN_POINT('Ctrl Pts',(-1.25584155139236,-6.93860758187977,10.3289869777642));
#7817=CARTESIAN_POINT('Ctrl Pts',(-1.12006309283704,-6.96045678587723,10.3308334038593));
#7818=CARTESIAN_POINT('',(-0.281643702146184,-7.04437199649773,10.1166453049518));
#7819=CARTESIAN_POINT('Ctrl Pts',(-1.12006309283704,-6.96045678587723,10.3308334038593));
#7820=CARTESIAN_POINT('Ctrl Pts',(-0.967101425677962,-6.98507107819657,
10.3284879668937));
#7821=CARTESIAN_POINT('Ctrl Pts',(-0.821028690695293,-7.00340719243253,
10.3257466692374));
#7822=CARTESIAN_POINT('Ctrl Pts',(-0.48231868877369,-7.0363644076091,10.2462701558186));
#7823=CARTESIAN_POINT('Ctrl Pts',(-0.331595808066905,-7.04237484245071,
10.1444546825636));
#7824=CARTESIAN_POINT('Ctrl Pts',(-0.281643702146184,-7.04437199649773,
10.1166453049518));
#7825=CARTESIAN_POINT('Ctrl Pts',(-0.281643702146184,-7.04437199649773,
10.1166453049518));
#7826=CARTESIAN_POINT('Ctrl Pts',(-0.245430473455348,-7.04581985129589,
10.0793936608012));
#7827=CARTESIAN_POINT('Ctrl Pts',(-0.212476000292585,-7.0468587758569,10.0453308506724));
#7828=CARTESIAN_POINT('Ctrl Pts',(-0.147305086314724,-7.04855176479756,
9.96610972497669));
#7829=CARTESIAN_POINT('Ctrl Pts',(-0.123926364516893,-7.04892978955017,
9.92879975687015));
#7830=CARTESIAN_POINT('Ctrl Pts',(-0.0724158838860339,-7.04971570573202,
9.81427578860752));
#7831=CARTESIAN_POINT('Ctrl Pts',(-0.0623083244935296,-7.04973144327281,
9.724136251322));
#7832=CARTESIAN_POINT('Ctrl Pts',(-0.052523425106481,-7.04980434408041,
9.61323401192204));
#7833=CARTESIAN_POINT('',(2.57159382565017,-6.56425206675352,15.1705326722004));
#7834=CARTESIAN_POINT('',(1.05671174964817,-6.97035582148828,15.1705326722004));
#7835=CARTESIAN_POINT('Origin',(0.,0.,15.1705326722004));
#7836=CARTESIAN_POINT('',(1.05671174964817,-6.97035582148828,15.4242839501239));
#7837=CARTESIAN_POINT('',(1.05671174964817,-6.97035582148828,0.));
#7838=CARTESIAN_POINT('',(2.96546378327618,-6.39597721619436,15.4242839501239));
#7839=CARTESIAN_POINT('Origin',(0.,0.,15.4242839501239));
#7840=CARTESIAN_POINT('',(2.96546378327618,-6.39597721619436,15.152796714101));
#7841=CARTESIAN_POINT('',(2.96546378327618,-6.39597721619436,0.));
#7842=CARTESIAN_POINT('',(1.47937185070835,-6.89303698868153,14.1023196862079));
#7843=CARTESIAN_POINT('Ctrl Pts',(2.96546378327618,-6.39597721619436,15.152796714101));
#7844=CARTESIAN_POINT('Ctrl Pts',(2.79145208274836,-6.4766568963025,15.0244821844165));
#7845=CARTESIAN_POINT('Ctrl Pts',(2.61414617529931,-6.55023122163416,14.8961676547319));
#7846=CARTESIAN_POINT('Ctrl Pts',(2.43413605147585,-6.616455371489,14.7678531250474));
#7847=CARTESIAN_POINT('Ctrl Pts',(2.25411747682479,-6.68268263032938,14.6395325714574));
#7848=CARTESIAN_POINT('Ctrl Pts',(2.07139469799059,-6.74155892521673,14.5112120178674));
#7849=CARTESIAN_POINT('Ctrl Pts',(1.88657578734925,-6.79288832519626,14.3828914642774));
#7850=CARTESIAN_POINT('Ctrl Pts',(1.75187413868169,-6.83029875456393,14.2893675382543));
#7851=CARTESIAN_POINT('Ctrl Pts',(1.61605942781128,-6.86370133384033,14.1958436122311));
#7852=CARTESIAN_POINT('Ctrl Pts',(1.47937185070835,-6.89303698868153,14.1023196862079));
#7853=CARTESIAN_POINT('',(2.96546378327618,-6.39597721619436,14.1023196862079));
#7854=CARTESIAN_POINT('Origin',(0.,0.,14.1023196862079));
#7855=CARTESIAN_POINT('',(2.96546378327618,-6.39597721619436,13.8485660240985));
#7856=CARTESIAN_POINT('',(2.96546378327618,-6.39597721619436,0.));
#7857=CARTESIAN_POINT('',(1.05671174964817,-6.97035582148828,13.8485660240985));
#7858=CARTESIAN_POINT('Origin',(0.,0.,13.8485660240985));
#7859=CARTESIAN_POINT('',(1.05671174964817,-6.97035582148828,14.1200532601215));
#7860=CARTESIAN_POINT('',(1.05671174964817,-6.97035582148828,0.));
#7861=CARTESIAN_POINT('Ctrl Pts',(1.05671174964817,-6.97035582148828,14.1200532601215));
#7862=CARTESIAN_POINT('Ctrl Pts',(1.246350266518,-6.94160646434005,14.2482567305776));
#7863=CARTESIAN_POINT('Ctrl Pts',(1.43481474110278,-6.90511375368511,14.3764602010337));
#7864=CARTESIAN_POINT('Ctrl Pts',(1.62147805223125,-6.8609991201087,14.5046636714898));
#7865=CARTESIAN_POINT('Ctrl Pts',(1.80815016513559,-6.81688240638535,14.6328731871521));
#7866=CARTESIAN_POINT('Ctrl Pts',(1.99302066853904,-6.76514311577679,14.7610827028145));
#7867=CARTESIAN_POINT('Ctrl Pts',(2.17547434235961,-6.70595342853908,14.8892922184768));
#7868=CARTESIAN_POINT('Ctrl Pts',(2.30888449719806,-6.66267391997194,14.9830390363847));
#7869=CARTESIAN_POINT('Ctrl Pts',(2.44100271821759,-6.61541208957765,15.0767858542925));
#7870=CARTESIAN_POINT('Ctrl Pts',(2.57159382565017,-6.56425206675353,15.1705326722004));
#7871=CARTESIAN_POINT('',(1.28942629028295,-6.93108071240894,16.5129604027607));
#7872=CARTESIAN_POINT('',(1.05671174964817,-6.97035582148828,16.5129604027607));
#7873=CARTESIAN_POINT('Origin',(0.,0.,16.5129604027607));
#7874=CARTESIAN_POINT('',(1.05671174964817,-6.97035582148828,17.7626194641925));
#7875=CARTESIAN_POINT('',(1.05671174964817,-6.97035582148828,0.));
#7876=CARTESIAN_POINT('',(2.96546378327618,-6.39597721619436,17.7626194641925));
#7877=CARTESIAN_POINT('Origin',(0.,0.,17.7626194641925));
#7878=CARTESIAN_POINT('',(2.96546378327618,-6.39597721619436,17.4979533837177));
#7879=CARTESIAN_POINT('',(2.96546378327618,-6.39597721619436,0.));
#7880=CARTESIAN_POINT('',(1.28942629028295,-6.93108071240894,17.4979533837177));
#7881=CARTESIAN_POINT('Origin',(0.,0.,17.4979533837177));
#7882=CARTESIAN_POINT('',(1.28942629028295,-6.93108071240894,0.));
#7883=CARTESIAN_POINT('',(1.73571988419386,-6.83299176668713,21.2251021550037));
#7884=CARTESIAN_POINT('',(1.05671174964817,-6.97035582148828,21.2251021550037));
#7885=CARTESIAN_POINT('Origin',(0.,0.,21.2251021550037));
#7886=CARTESIAN_POINT('',(1.05671174964817,-6.97035582148828,21.4897670433857));
#7887=CARTESIAN_POINT('',(1.05671174964817,-6.97035582148828,0.));
#7888=CARTESIAN_POINT('',(2.96546378327618,-6.39597721619436,21.4897670433857));
#7889=CARTESIAN_POINT('Origin',(0.,0.,21.4897670433857));
#7890=CARTESIAN_POINT('',(2.96546378327618,-6.39597721619436,21.2251021550037));
#7891=CARTESIAN_POINT('',(2.96546378327618,-6.39597721619436,0.));
#7892=CARTESIAN_POINT('',(2.03932695720455,-6.74860323041878,21.2251021550037));
#7893=CARTESIAN_POINT('Origin',(0.,0.,21.2251021550037));
#7894=CARTESIAN_POINT('',(2.96546378327619,-6.39597721619436,20.2319230721332));
#7895=CARTESIAN_POINT('Ctrl Pts',(2.03932695720455,-6.74860323041878,21.2251021550037));
#7896=CARTESIAN_POINT('Ctrl Pts',(2.22294083303571,-6.69311786345996,21.0330240513478));
#7897=CARTESIAN_POINT('Ctrl Pts',(2.40428887406963,-6.63013481698293,20.8409459476919));
#7898=CARTESIAN_POINT('Ctrl Pts',(2.58276758375183,-6.55986368824237,20.6488678440361));
#7899=CARTESIAN_POINT('Ctrl Pts',(2.7119090865773,-6.50901774035896,20.5098862534018));
#7900=CARTESIAN_POINT('Ctrl Pts',(2.83954865012833,-6.4543571563497,20.3709046627675));
#7901=CARTESIAN_POINT('Ctrl Pts',(2.96546378327619,-6.39597721619436,20.2319230721332));
#7902=CARTESIAN_POINT('',(2.96546378327618,-6.39597721619436,19.8731233761646));
#7903=CARTESIAN_POINT('',(2.96546378327618,-6.39597721619436,0.));
#7904=CARTESIAN_POINT('',(2.21232141734591,-6.69388780503174,20.712141005788));
#7905=CARTESIAN_POINT('Ctrl Pts',(2.96546378327619,-6.39597721619436,19.8731233761646));
#7906=CARTESIAN_POINT('Ctrl Pts',(2.79145120152868,-6.47665730487573,20.0717106757524));
#7907=CARTESIAN_POINT('Ctrl Pts',(2.61414437947867,-6.55023196677462,20.2702979753403));
#7908=CARTESIAN_POINT('Ctrl Pts',(2.43413331668601,-6.61645637759361,20.4688852749281));
#7909=CARTESIAN_POINT('Ctrl Pts',(2.36063294223546,-6.64349648789266,20.5499705185481));
#7910=CARTESIAN_POINT('Ctrl Pts',(2.28668195599707,-6.66931174145629,20.631055762168));
#7911=CARTESIAN_POINT('Ctrl Pts',(2.21232141734591,-6.69388780503174,20.712141005788));
#7912=CARTESIAN_POINT('',(1.05671174964817,-6.97035582148828,19.8362888977863));
#7913=CARTESIAN_POINT('Ctrl Pts',(2.21232141734592,-6.69388780503173,20.712141005788));
#7914=CARTESIAN_POINT('Ctrl Pts',(2.0240646812797,-6.75610641718802,20.5661656544544));
#7915=CARTESIAN_POINT('Ctrl Pts',(1.83318182406336,-6.81037856174653,20.4201903031208));
#7916=CARTESIAN_POINT('Ctrl Pts',(1.64035151804657,-6.8565112774094,20.2742149517871));
#7917=CARTESIAN_POINT('Ctrl Pts',(1.44752121202978,-6.90264399307228,20.1282396004535));
#7918=CARTESIAN_POINT('Ctrl Pts',(1.2527437828094,-6.94063720194373,19.9822642491199));
#7919=CARTESIAN_POINT('Ctrl Pts',(1.05671174964817,-6.97035582148828,19.8362888977863));
#7920=CARTESIAN_POINT('',(1.05671174964817,-6.97035582148828,20.185538737569));
#7921=CARTESIAN_POINT('',(1.05671174964817,-6.97035582148828,0.));
#7922=CARTESIAN_POINT('',(2.04324439570407,-6.74741819805353,20.8976807282306));
#7923=CARTESIAN_POINT('Ctrl Pts',(1.05671174964817,-6.97035582148828,20.185538737569));
#7924=CARTESIAN_POINT('Ctrl Pts',(1.2463599784602,-6.94160499200152,20.3204815228576));
#7925=CARTESIAN_POINT('Ctrl Pts',(1.43483404464367,-6.90511001543199,20.4554243081461));
#7926=CARTESIAN_POINT('Ctrl Pts',(1.62150673093678,-6.86099234233115,20.5903670934347));
#7927=CARTESIAN_POINT('Ctrl Pts',(1.76321385424138,-6.8275016980052,20.6928049717));
#7928=CARTESIAN_POINT('Ctrl Pts',(1.90388303587862,-6.78961942363092,20.7952428499653));
#7929=CARTESIAN_POINT('Ctrl Pts',(2.04324439570407,-6.74741819805353,20.8976807282306));
#7930=CARTESIAN_POINT('Ctrl Pts',(2.04324439570407,-6.74741819805353,20.8976807282306));
#7931=CARTESIAN_POINT('Ctrl Pts',(1.99232143446081,-6.76283862289143,20.9522515486711));
#7932=CARTESIAN_POINT('Ctrl Pts',(1.9412255370295,-6.77768207810708,21.0068206214103));
#7933=CARTESIAN_POINT('Ctrl Pts',(1.83870751322303,-6.80620934282267,21.1159622618244));
#7934=CARTESIAN_POINT('Ctrl Pts',(1.78728867164611,-6.81989223827543,21.1705313345638));
#7935=CARTESIAN_POINT('Ctrl Pts',(1.73571988419386,-6.83299176668713,21.2251021550037));
#7936=CARTESIAN_POINT('',(1.13393378662197,-6.95821055786308,4.44832816969841));
#7937=CARTESIAN_POINT('',(0.378212076856919,-7.03984769898608,4.44832816969841));
#7938=CARTESIAN_POINT('Origin',(0.,0.,4.44832816969841));
#7939=CARTESIAN_POINT('',(0.378212076856919,-7.03984769898608,5.9422390187928));
#7940=CARTESIAN_POINT('',(0.378212076856919,-7.03984769898608,0.));
#7941=CARTESIAN_POINT('',(1.13393378662197,-6.95821055786307,5.9422390187928));
#7942=CARTESIAN_POINT('Origin',(0.,0.,5.9422390187928));
#7943=CARTESIAN_POINT('',(1.13393378662197,-6.95821055786308,0.));
#7944=CARTESIAN_POINT('',(1.28942629028295,-6.93108071240894,21.7939963028766));
#7945=CARTESIAN_POINT('',(1.05671174964817,-6.97035582148828,21.7939963028766));
#7946=CARTESIAN_POINT('Origin',(0.,0.,21.7939963028766));
#7947=CARTESIAN_POINT('',(1.05671174964817,-6.97035582148828,23.0436553643085));
#7948=CARTESIAN_POINT('',(1.05671174964817,-6.97035582148828,0.));
#7949=CARTESIAN_POINT('',(2.96546378327618,-6.39597721619436,23.0436553643085));
#7950=CARTESIAN_POINT('Origin',(0.,0.,23.0436553643085));
#7951=CARTESIAN_POINT('',(2.96546378327618,-6.39597721619436,22.7789892838337));
#7952=CARTESIAN_POINT('',(2.96546378327618,-6.39597721619436,0.));
#7953=CARTESIAN_POINT('',(1.28942629028295,-6.93108071240894,22.7789892838337));
#7954=CARTESIAN_POINT('Origin',(0.,0.,22.7789892838337));
#7955=CARTESIAN_POINT('',(1.28942629028295,-6.93108071240894,0.));
#7956=CARTESIAN_POINT('',(1.65096406708551,-6.85396364516128,19.3342437432148));
#7957=CARTESIAN_POINT('',(1.05671174964817,-6.97035582148828,19.553888051305));
#7958=CARTESIAN_POINT('Ctrl Pts',(1.65096406708551,-6.85396364516128,19.3342437432148));
#7959=CARTESIAN_POINT('Ctrl Pts',(1.46449804245024,-6.89887907254649,19.4037922856258));
#7960=CARTESIAN_POINT('Ctrl Pts',(1.27619821381017,-6.93618087228326,19.4733408280368));
#7961=CARTESIAN_POINT('Ctrl Pts',(1.08669111502171,-6.96574492933332,19.5428893704477));
#7962=CARTESIAN_POINT('Ctrl Pts',(1.07670131496021,-6.9673033882028,19.5465555974002));
#7963=CARTESIAN_POINT('Ctrl Pts',(1.06670816233921,-6.96884035699615,19.5502218243526));
#7964=CARTESIAN_POINT('Ctrl Pts',(1.05671174964817,-6.97035582148828,19.553888051305));
#7965=CARTESIAN_POINT('',(1.05671174964817,-6.97035582148828,19.8349251435138));
#7966=CARTESIAN_POINT('',(1.05671174964817,-6.97035582148828,0.));
#7967=CARTESIAN_POINT('',(2.96546378327619,-6.39597721619436,19.0668489621021));
#7968=CARTESIAN_POINT('Ctrl Pts',(1.05671174964817,-6.97035582148828,19.8349251435138));
#7969=CARTESIAN_POINT('Ctrl Pts',(1.24635938915821,-6.94160508134019,19.761261034921));
#7970=CARTESIAN_POINT('Ctrl Pts',(1.43483287334209,-6.90511024226317,19.6875969263283));
#7971=CARTESIAN_POINT('Ctrl Pts',(1.62150499076885,-6.86099275359709,19.6139328177355));
#7972=CARTESIAN_POINT('Ctrl Pts',(1.80816554276058,-6.81687799826877,19.5402732730673));
#7973=CARTESIAN_POINT('Ctrl Pts',(1.99302467527664,-6.76514160362117,19.4666137283991));
#7974=CARTESIAN_POINT('Ctrl Pts',(2.17546728105526,-6.70595571928849,19.3929541837309));
#7975=CARTESIAN_POINT('Ctrl Pts',(2.35791479028561,-6.64676824423568,19.3192926593387));
#7976=CARTESIAN_POINT('Ctrl Pts',(2.53794537299997,-6.58013096636348,19.2456311349464));
#7977=CARTESIAN_POINT('Ctrl Pts',(2.7149599564669,-6.50626562897498,19.1719696105541));
#7978=CARTESIAN_POINT('Ctrl Pts',(2.79916442165648,-6.47112846056192,19.1369293944034));
#7979=CARTESIAN_POINT('Ctrl Pts',(2.88268667708859,-6.43435641958836,19.1018891782528));
#7980=CARTESIAN_POINT('Ctrl Pts',(2.96546378327619,-6.39597721619436,19.0668489621021));
#7981=CARTESIAN_POINT('',(2.96546378327618,-6.39597721619436,18.7817194149829));
#7982=CARTESIAN_POINT('',(2.96546378327618,-6.39597721619436,0.));
#7983=CARTESIAN_POINT('',(1.05671174964817,-6.97035582148828,17.9631652520038));
#7984=CARTESIAN_POINT('Ctrl Pts',(2.96546378327618,-6.39597721619436,18.7817194149829));
#7985=CARTESIAN_POINT('Ctrl Pts',(2.79144368839495,-6.47666078830371,18.703214099742));
#7986=CARTESIAN_POINT('Ctrl Pts',(2.61412906860112,-6.55023831970452,18.6247087845011));
#7987=CARTESIAN_POINT('Ctrl Pts',(2.43411000030192,-6.61646495542977,18.5462034692602));
#7988=CARTESIAN_POINT('Ctrl Pts',(2.25410208524234,-6.68268748802558,18.4677030178851));
#7989=CARTESIAN_POINT('Ctrl Pts',(2.07139032317315,-6.74155993835048,18.3892025665101));
#7990=CARTESIAN_POINT('Ctrl Pts',(1.88658267611455,-6.79288641198897,18.310702115135));
#7991=CARTESIAN_POINT('Ctrl Pts',(1.70177006203971,-6.84421426511275,18.2321995539283));
#7992=CARTESIAN_POINT('Ctrl Pts',(1.51486172355663,-6.88799565979324,18.1536969927216));
#7993=CARTESIAN_POINT('Ctrl Pts',(1.3264796199301,-6.9240849083406,18.0751944315149));
#7994=CARTESIAN_POINT('Ctrl Pts',(1.23686771351817,-6.94125228412124,18.0378513716779));
#7995=CARTESIAN_POINT('Ctrl Pts',(1.14692249688794,-6.95667979705077,18.0005083118408));
#7996=CARTESIAN_POINT('Ctrl Pts',(1.05671174964817,-6.97035582148828,17.9631652520038));
#7997=CARTESIAN_POINT('',(1.05671174964817,-6.97035582148828,18.264665810857));
#7998=CARTESIAN_POINT('',(1.05671174964817,-6.97035582148828,0.));
#7999=CARTESIAN_POINT('',(1.65096406708551,-6.85396364516128,18.4979536221363));
#8000=CARTESIAN_POINT('Ctrl Pts',(1.05671174964817,-6.97035582148828,18.264665810857));
#8001=CARTESIAN_POINT('Ctrl Pts',(1.24634429041078,-6.94160737032288,18.3385344550199));
#8002=CARTESIAN_POINT('Ctrl Pts',(1.43480286293696,-6.90511605394641,18.4124030991828));
#8003=CARTESIAN_POINT('Ctrl Pts',(1.62146040517855,-6.86100329065934,18.4862717433457));
#8004=CARTESIAN_POINT('Ctrl Pts',(1.63129999186885,-6.85867790185747,18.4901657029426));
#8005=CARTESIAN_POINT('Ctrl Pts',(1.64113457617846,-6.85633134611877,18.4940596625394));
#8006=CARTESIAN_POINT('Ctrl Pts',(1.65096406708551,-6.85396364516128,18.4979536221363));
#8007=CARTESIAN_POINT('',(1.65096406708551,-6.85396364516128,0.));
#8008=CARTESIAN_POINT('',(2.96546378327618,-6.39597721619436,15.8881308720447));
#8009=CARTESIAN_POINT('',(1.05671174964817,-6.97035582148828,15.8881308720447));
#8010=CARTESIAN_POINT('Origin',(0.,0.,15.8881308720447));
#8011=CARTESIAN_POINT('',(1.05671174964817,-6.97035582148828,16.1527957604267));
#8012=CARTESIAN_POINT('',(1.05671174964817,-6.97035582148828,0.));
#8013=CARTESIAN_POINT('',(2.96546378327618,-6.39597721619436,16.1527957604267));
#8014=CARTESIAN_POINT('Origin',(0.,0.,16.1527957604267));
#8015=CARTESIAN_POINT('',(2.96546378327618,-6.39597721619436,0.));
#8016=CARTESIAN_POINT('',(1.28942629028295,-6.93108071240894,11.9058646843769));
#8017=CARTESIAN_POINT('',(1.05671174964817,-6.97035582148828,11.9058646843769));
#8018=CARTESIAN_POINT('Origin',(0.,0.,11.9058646843769));
#8019=CARTESIAN_POINT('',(1.05671174964817,-6.97035582148828,13.3983626053669));
#8020=CARTESIAN_POINT('',(1.05671174964817,-6.97035582148828,0.));
#8021=CARTESIAN_POINT('',(2.96546378327618,-6.39597721619436,13.3983626053669));
#8022=CARTESIAN_POINT('Origin',(0.,0.,13.3983626053669));
#8023=CARTESIAN_POINT('',(2.96546378327618,-6.39597721619436,11.9522514031269));
#8024=CARTESIAN_POINT('',(2.96546378327618,-6.39597721619436,0.));
#8025=CARTESIAN_POINT('',(2.74972099175374,-6.49165113569028,11.9522514031269));
#8026=CARTESIAN_POINT('Origin',(0.,0.,11.9522514031269));
#8027=CARTESIAN_POINT('',(2.74972099175374,-6.49165113569028,13.133696524892));
#8028=CARTESIAN_POINT('',(2.74972099175374,-6.49165113569028,0.));
#8029=CARTESIAN_POINT('',(2.1760195216937,-6.70577654274342,13.133696524892));
#8030=CARTESIAN_POINT('Origin',(0.,0.,13.133696524892));
#8031=CARTESIAN_POINT('',(2.1760195216937,-6.70577654274342,12.0272864983417));
#8032=CARTESIAN_POINT('',(2.1760195216937,-6.70577654274342,0.));
#8033=CARTESIAN_POINT('',(1.95166048726052,-6.77447572454622,12.0272864983417));
#8034=CARTESIAN_POINT('Origin',(0.,0.,12.0272864983417));
#8035=CARTESIAN_POINT('',(1.95166048726052,-6.77447572454622,13.133696524892));
#8036=CARTESIAN_POINT('',(1.95166048726052,-6.77447572454622,0.));
#8037=CARTESIAN_POINT('',(1.28942629028295,-6.93108071240894,13.133696524892));
#8038=CARTESIAN_POINT('Origin',(0.,0.,13.133696524892));
#8039=CARTESIAN_POINT('',(1.28942629028295,-6.93108071240894,0.));
#8040=CARTESIAN_POINT('Origin',(0.,0.,0.));
#8041=CARTESIAN_POINT('',(1.29125526374435,-6.94091203256838,11.9058646843769));
#8042=CARTESIAN_POINT('',(1.05821063156257,-6.9802428510223,11.9058646843769));
#8043=CARTESIAN_POINT('Origin',(0.,0.,11.9058646843769));
#8044=CARTESIAN_POINT('',(1.29125526374435,-6.94091203256838,13.133696524892));
#8045=CARTESIAN_POINT('',(1.29125526374435,-6.94091203256838,13.133696524892));
#8046=CARTESIAN_POINT('',(1.95442880000841,-6.78408490997111,13.133696524892));
#8047=CARTESIAN_POINT('Origin',(0.,0.,13.133696524892));
#8048=CARTESIAN_POINT('',(1.9544288000084,-6.78408490997111,12.0272864983417));
#8049=CARTESIAN_POINT('',(1.95442880000841,-6.78408490997111,12.0272864983417));
#8050=CARTESIAN_POINT('',(2.17910607420674,-6.71528828252036,12.0272864983417));
#8051=CARTESIAN_POINT('Origin',(0.,0.,12.0272864983417));
#8052=CARTESIAN_POINT('',(2.17910607420674,-6.71528828252036,13.133696524892));
#8053=CARTESIAN_POINT('',(2.17910607420674,-6.71528828252036,13.133696524892));
#8054=CARTESIAN_POINT('',(2.75362130521722,-6.50085915148558,13.133696524892));
#8055=CARTESIAN_POINT('Origin',(0.,0.,13.133696524892));
#8056=CARTESIAN_POINT('',(2.75362130521722,-6.50085915148558,11.9522514031269));
#8057=CARTESIAN_POINT('',(2.75362130521722,-6.50085915148558,11.9522514031269));
#8058=CARTESIAN_POINT('',(2.96967011488367,-6.40504952430243,11.9522514031269));
#8059=CARTESIAN_POINT('Origin',(0.,0.,11.9522514031269));
#8060=CARTESIAN_POINT('',(2.96967011488367,-6.40504952430243,13.3983626053669));
#8061=CARTESIAN_POINT('',(2.96967011488367,-6.40504952430243,13.3983626053669));
#8062=CARTESIAN_POINT('',(1.05821063156257,-6.9802428510223,13.3983626053669));
#8063=CARTESIAN_POINT('Origin',(0.,0.,13.3983626053669));
#8064=CARTESIAN_POINT('',(1.05821063156257,-6.9802428510223,11.9058646843769));
#8065=CARTESIAN_POINT('Origin',(1.17323337795652,-6.95169212788144,11.9058646843769));
#8066=CARTESIAN_POINT('',(1.28942629028295,-6.93108071240894,11.9058646843769));
#8067=CARTESIAN_POINT('',(1.05671174964817,-6.97035582148828,11.9058646843769));
#8068=CARTESIAN_POINT('Origin',(1.28942629028295,-6.93108071240894,12.5197806046344));
#8069=CARTESIAN_POINT('',(1.28942629028295,-6.93108071240894,13.133696524892));
#8070=CARTESIAN_POINT('Origin',(1.62243402190895,-6.86077312294703,13.133696524892));
#8071=CARTESIAN_POINT('',(1.95166048726052,-6.77447572454622,13.133696524892));
#8072=CARTESIAN_POINT('Origin',(1.95166048726052,-6.77447572454622,12.5804915116169));
#8073=CARTESIAN_POINT('',(1.95166048726052,-6.77447572454622,12.0272864983417));
#8074=CARTESIAN_POINT('Origin',(2.0641258339731,-6.74105960079903,12.0272864983417));
#8075=CARTESIAN_POINT('',(2.1760195216937,-6.70577654274342,12.0272864983417));
#8076=CARTESIAN_POINT('Origin',(2.1760195216937,-6.70577654274342,12.5804915116169));
#8077=CARTESIAN_POINT('',(2.1760195216937,-6.70577654274342,13.133696524892));
#8078=CARTESIAN_POINT('Origin',(2.46519620394418,-6.60494569819156,13.133696524892));
#8079=CARTESIAN_POINT('',(2.74972099175374,-6.49165113569028,13.133696524892));
#8080=CARTESIAN_POINT('Origin',(2.74972099175374,-6.49165113569028,12.5429739640094));
#8081=CARTESIAN_POINT('',(2.74972099175374,-6.49165113569028,11.9522514031269));
#8082=CARTESIAN_POINT('Origin',(2.85799276204496,-6.44471701256918,11.9522514031269));
#8083=CARTESIAN_POINT('',(2.96546378327618,-6.39597721619436,11.9522514031269));
#8084=CARTESIAN_POINT('Origin',(2.96546378327618,-6.39597721619436,12.6753070042469));
#8085=CARTESIAN_POINT('',(2.96546378327618,-6.39597721619436,13.3983626053669));
#8086=CARTESIAN_POINT('Origin',(2.03149001965766,-6.75096647155289,13.3983626053669));
#8087=CARTESIAN_POINT('',(1.05671174964817,-6.97035582148828,13.3983626053669));
#8088=CARTESIAN_POINT('Origin',(1.05671174964817,-6.97035582148828,12.6521136448719));
#8089=CARTESIAN_POINT('Origin',(0.,0.,0.));
#8090=CARTESIAN_POINT('',(2.96967011488367,-6.40504952430243,15.8881308720447));
#8091=CARTESIAN_POINT('',(1.05821063156257,-6.9802428510223,15.8881308720447));
#8092=CARTESIAN_POINT('Origin',(0.,0.,15.8881308720447));
#8093=CARTESIAN_POINT('',(2.96967011488367,-6.40504952430243,16.1527957604267));
#8094=CARTESIAN_POINT('',(2.96967011488367,-6.40504952430243,16.1527957604267));
#8095=CARTESIAN_POINT('',(1.05821063156257,-6.9802428510223,16.1527957604267));
#8096=CARTESIAN_POINT('Origin',(0.,0.,16.1527957604267));
#8097=CARTESIAN_POINT('',(1.05821063156257,-6.9802428510223,15.8881308720447));
#8098=CARTESIAN_POINT('Origin',(2.03149001965766,-6.75096647155289,15.8881308720447));
#8099=CARTESIAN_POINT('',(2.96546378327618,-6.39597721619436,15.8881308720447));
#8100=CARTESIAN_POINT('',(1.05671174964817,-6.97035582148828,15.8881308720447));
#8101=CARTESIAN_POINT('Origin',(2.96546378327618,-6.39597721619436,16.0204633162357));
#8102=CARTESIAN_POINT('',(2.96546378327618,-6.39597721619436,16.1527957604267));
#8103=CARTESIAN_POINT('Origin',(2.03149001965766,-6.75096647155289,16.1527957604267));
#8104=CARTESIAN_POINT('',(1.05671174964817,-6.97035582148828,16.1527957604267));
#8105=CARTESIAN_POINT('Origin',(1.05671174964817,-6.97035582148828,16.0204633162357));
#8106=CARTESIAN_POINT('Origin',(0.,0.,0.));
#8107=CARTESIAN_POINT('',(1.65330586008847,-6.86368557940973,19.3342437432148));
#8108=CARTESIAN_POINT('',(1.05821063156257,-6.9802428510223,19.553888051305));
#8109=CARTESIAN_POINT('Ctrl Pts',(1.65330586008847,-6.86368557940973,19.3342437432148));
#8110=CARTESIAN_POINT('Ctrl Pts',(1.45673191119074,-6.9110357760196,19.4074585125782));
#8111=CARTESIAN_POINT('Ctrl Pts',(1.25812274665229,-6.94993600782484,19.4806732819416));
#8112=CARTESIAN_POINT('Ctrl Pts',(1.05821063156257,-6.9802428510223,19.553888051305));
#8113=CARTESIAN_POINT('',(1.65330586008847,-6.86368557940973,18.4979536221363));
#8114=CARTESIAN_POINT('',(1.65330586008847,-6.86368557940973,18.4979536221363));
#8115=CARTESIAN_POINT('',(1.05821063156257,-6.9802428510223,18.264665810857));
#8116=CARTESIAN_POINT('Ctrl Pts',(1.05821063156257,-6.9802428510223,18.264665810857));
#8117=CARTESIAN_POINT('Ctrl Pts',(1.25812274665229,-6.94993600782485,18.3424284146167));
#8118=CARTESIAN_POINT('Ctrl Pts',(1.45673191119074,-6.9110357760196,18.4201910183765));
#8119=CARTESIAN_POINT('Ctrl Pts',(1.65330586008847,-6.86368557940973,18.4979536221363));
#8120=CARTESIAN_POINT('',(1.05821063156257,-6.9802428510223,17.9631652520038));
#8121=CARTESIAN_POINT('',(1.05821063156257,-6.9802428510223,17.9631652520038));
#8122=CARTESIAN_POINT('',(2.96967011488367,-6.40504952430243,18.7817194149829));
#8123=CARTESIAN_POINT('Ctrl Pts',(2.96967011488367,-6.40504952430243,18.7817194149829));
#8124=CARTESIAN_POINT('Ctrl Pts',(2.3639917089705,-6.685869376584,18.5088680273232));
#8125=CARTESIAN_POINT('Ctrl Pts',(1.71828083817887,-6.88017565778464,18.2360166396635));
#8126=CARTESIAN_POINT('Ctrl Pts',(1.05821063156257,-6.9802428510223,17.9631652520038));
#8127=CARTESIAN_POINT('',(2.96967011488367,-6.40504952430243,19.0668489621021));
#8128=CARTESIAN_POINT('',(2.96967011488367,-6.40504952430243,19.0668489621021));
#8129=CARTESIAN_POINT('',(1.05821063156257,-6.9802428510223,19.8349251435138));
#8130=CARTESIAN_POINT('Ctrl Pts',(1.05821063156257,-6.9802428510223,19.8349251435138));
#8131=CARTESIAN_POINT('Ctrl Pts',(1.71828083817887,-6.88017565778464,19.5788997497099));
#8132=CARTESIAN_POINT('Ctrl Pts',(2.3639917089705,-6.685869376584,19.322874355906));
#8133=CARTESIAN_POINT('Ctrl Pts',(2.96967011488367,-6.40504952430243,19.0668489621021));
#8134=CARTESIAN_POINT('',(1.05821063156257,-6.9802428510223,19.553888051305));
#8135=CARTESIAN_POINT('',(2.77750447070862,-6.49069094281908,18.9304222748615));
#8136=CARTESIAN_POINT('',(2.42191370793937,-6.63158608413518,19.0381993935443));
#8137=CARTESIAN_POINT('Ctrl Pts',(2.77750447070862,-6.49069094281908,18.9304222748615));
#8138=CARTESIAN_POINT('Ctrl Pts',(2.71791293252867,-6.51619142730823,18.9446550053266));
#8139=CARTESIAN_POINT('Ctrl Pts',(2.65830423943914,-6.54072830023194,18.9587869129435));
#8140=CARTESIAN_POINT('Ctrl Pts',(2.53940736055692,-6.58779767270697,18.9948544981959));
#8141=CARTESIAN_POINT('Ctrl Pts',(2.48045933186652,-6.61020470608623,19.0166539924941));
#8142=CARTESIAN_POINT('Ctrl Pts',(2.42191370793937,-6.63158608413518,19.0381993935443));
#8143=CARTESIAN_POINT('',(2.3910886175785,-6.64276261979055,18.788540570531));
#8144=CARTESIAN_POINT('Ctrl Pts',(2.3910886175785,-6.64276261979054,18.788540570531));
#8145=CARTESIAN_POINT('Ctrl Pts',(2.45025120416559,-6.62146681329079,18.8120670953499));
#8146=CARTESIAN_POINT('Ctrl Pts',(2.50913086328664,-6.59938465191849,18.8355936201689));
#8147=CARTESIAN_POINT('Ctrl Pts',(2.56815742859361,-6.57633388917864,18.8576815704257));
#8148=CARTESIAN_POINT('Ctrl Pts',(2.58088939722829,-6.57136186367313,18.8624459182818));
#8149=CARTESIAN_POINT('Ctrl Pts',(2.59362812869031,-6.56634459460202,18.8671433349595));
#8150=CARTESIAN_POINT('Ctrl Pts',(2.60637781318599,-6.5612799585852,18.8717593834735));
#8151=CARTESIAN_POINT('Ctrl Pts',(2.66338258462862,-6.53863560070509,18.8923980738345));
#8152=CARTESIAN_POINT('Ctrl Pts',(2.72060452022712,-6.51503963978181,18.911410174348));
#8153=CARTESIAN_POINT('Ctrl Pts',(2.77750447070862,-6.49069094281908,18.9304222748615));
#8154=CARTESIAN_POINT('',(1.86235637463069,-6.80993603008666,18.5798086808063));
#8155=CARTESIAN_POINT('Ctrl Pts',(1.86235637463069,-6.80993603008666,18.5798086808063));
#8156=CARTESIAN_POINT('Ctrl Pts',(1.95156482653587,-6.78553962924786,18.6146118563053));
#8157=CARTESIAN_POINT('Ctrl Pts',(2.04023371409186,-6.75940677490346,18.6493915672826));
#8158=CARTESIAN_POINT('Ctrl Pts',(2.21649480150999,-6.70367692774697,18.7189576840546));
#8159=CARTESIAN_POINT('Ctrl Pts',(2.30407009536803,-6.67408528023848,18.7537373950319));
#8160=CARTESIAN_POINT('Ctrl Pts',(2.3910886175785,-6.64276261979054,18.788540570531));
#8161=CARTESIAN_POINT('',(1.86235637463069,-6.80993603008666,19.2578448937275));
#8162=CARTESIAN_POINT('',(1.86235637463069,-6.80993603008666,19.2578448937275));
#8163=CARTESIAN_POINT('Ctrl Pts',(2.42191370793937,-6.63158608413518,19.0381993935443));
#8164=CARTESIAN_POINT('Ctrl Pts',(2.23797564535463,-6.69876188635413,19.1114145602721));
#8165=CARTESIAN_POINT('Ctrl Pts',(2.05124126940673,-6.75828048056263,19.1846297269998));
#8166=CARTESIAN_POINT('Ctrl Pts',(1.86235637463069,-6.80993603008666,19.2578448937275));
#8167=CARTESIAN_POINT('Ctrl Pts',(1.65096406708551,-6.85396364516128,19.3342437432148));
#8168=CARTESIAN_POINT('Ctrl Pts',(1.65174466475317,-6.85720428991076,19.3342437432148));
#8169=CARTESIAN_POINT('Ctrl Pts',(1.65252526242082,-6.86044493466025,19.3342437432148));
#8170=CARTESIAN_POINT('Ctrl Pts',(1.65330586008847,-6.86368557940973,19.3342437432148));
#8171=CARTESIAN_POINT('Ctrl Pts',(1.45466855154316,-6.90124677350399,19.4074585125782));
#8172=CARTESIAN_POINT('Ctrl Pts',(1.4553563382,-6.90450977487302,19.4074585125782));
#8173=CARTESIAN_POINT('Ctrl Pts',(1.45604412453391,-6.90777277465057,19.4074585125782));
#8174=CARTESIAN_POINT('Ctrl Pts',(1.45673191119074,-6.9110357760196,19.4074585125782));
#8175=CARTESIAN_POINT('Ctrl Pts',(1.25634070310179,-6.94009190583076,19.4806732819416));
#8176=CARTESIAN_POINT('Ctrl Pts',(1.25693471771906,-6.94337327369403,19.4806732819416));
#8177=CARTESIAN_POINT('Ctrl Pts',(1.25752873203501,-6.94665463996158,19.4806732819416));
#8178=CARTESIAN_POINT('Ctrl Pts',(1.25812274665229,-6.94993600782484,19.4806732819416));
#8179=CARTESIAN_POINT('Ctrl Pts',(1.05671174964817,-6.97035582148828,19.553888051305));
#8180=CARTESIAN_POINT('Ctrl Pts',(1.05721137695297,-6.97365149799962,19.553888051305));
#8181=CARTESIAN_POINT('Ctrl Pts',(1.05771100425777,-6.97694717451096,19.553888051305));
#8182=CARTESIAN_POINT('Ctrl Pts',(1.05821063156257,-6.9802428510223,19.553888051305));
#8183=CARTESIAN_POINT('',(1.65096406708551,-6.85396364516128,19.3342437432148));
#8184=CARTESIAN_POINT('',(1.05671174964817,-6.97035582148828,19.553888051305));
#8185=CARTESIAN_POINT('Origin',(1.65096406708551,-6.85396364516128,18.9160986826755));
#8186=CARTESIAN_POINT('',(1.65096406708551,-6.85396364516128,18.4979536221363));
#8187=CARTESIAN_POINT('Ctrl Pts',(1.05671174964817,-6.97035582148828,18.264665810857));
#8188=CARTESIAN_POINT('Ctrl Pts',(1.05721137695297,-6.97365149799962,18.264665810857));
#8189=CARTESIAN_POINT('Ctrl Pts',(1.05771100425777,-6.97694717451096,18.264665810857));
#8190=CARTESIAN_POINT('Ctrl Pts',(1.05821063156257,-6.9802428510223,18.264665810857));
#8191=CARTESIAN_POINT('Ctrl Pts',(1.25634070310179,-6.94009190583076,18.3424284146167));
#8192=CARTESIAN_POINT('Ctrl Pts',(1.25693471771906,-6.94337327369403,18.3424284146167));
#8193=CARTESIAN_POINT('Ctrl Pts',(1.25752873203501,-6.94665463996158,18.3424284146167));
#8194=CARTESIAN_POINT('Ctrl Pts',(1.25812274665229,-6.94993600782485,18.3424284146167));
#8195=CARTESIAN_POINT('Ctrl Pts',(1.45466855154316,-6.90124677350399,18.4201910183765));
#8196=CARTESIAN_POINT('Ctrl Pts',(1.4553563382,-6.90450977487302,18.4201910183765));
#8197=CARTESIAN_POINT('Ctrl Pts',(1.45604412453391,-6.90777277465057,18.4201910183765));
#8198=CARTESIAN_POINT('Ctrl Pts',(1.45673191119074,-6.9110357760196,18.4201910183765));
#8199=CARTESIAN_POINT('Ctrl Pts',(1.65096406708551,-6.85396364516128,18.4979536221363));
#8200=CARTESIAN_POINT('Ctrl Pts',(1.65174466475317,-6.85720428991076,18.4979536221363));
#8201=CARTESIAN_POINT('Ctrl Pts',(1.65252526242082,-6.86044493466025,18.4979536221363));
#8202=CARTESIAN_POINT('Ctrl Pts',(1.65330586008847,-6.86368557940973,18.4979536221363));
#8203=CARTESIAN_POINT('',(1.05671174964817,-6.97035582148828,18.264665810857));
#8204=CARTESIAN_POINT('Origin',(1.05671174964817,-6.97035582148828,18.1139155314304));
#8205=CARTESIAN_POINT('',(1.05671174964817,-6.97035582148828,17.9631652520038));
#8206=CARTESIAN_POINT('Ctrl Pts',(2.96548978420809,-6.39583426570488,18.781753679651));
#8207=CARTESIAN_POINT('Ctrl Pts',(2.96690858138508,-6.39889426329503,18.781753679651));
#8208=CARTESIAN_POINT('Ctrl Pts',(2.96832737856993,-6.40195426090932,18.781753679651));
#8209=CARTESIAN_POINT('Ctrl Pts',(2.9697461757471,-6.40501425850003,18.781753679651));
#8210=CARTESIAN_POINT('Ctrl Pts',(2.36063217904613,-6.67628234007062,18.5088794488792));
#8211=CARTESIAN_POINT('Ctrl Pts',(2.36176161213106,-6.67947658043299,18.5088794488792));
#8212=CARTESIAN_POINT('Ctrl Pts',(2.36289098266032,-6.68267062861647,18.5088794488792));
#8213=CARTESIAN_POINT('Ctrl Pts',(2.36402041429399,-6.68586486452042,18.5088794488792));
#8214=CARTESIAN_POINT('Ctrl Pts',(1.71579171938662,-6.87032669854726,18.2360052181075));
#8215=CARTESIAN_POINT('Ctrl Pts',(1.71661263456791,-6.87361377762313,18.2360052181075));
#8216=CARTESIAN_POINT('Ctrl Pts',(1.71743349585978,-6.87690066191228,18.2360052181075));
#8217=CARTESIAN_POINT('Ctrl Pts',(1.71825440979086,-6.88018773646923,18.2360052181075));
#8218=CARTESIAN_POINT('Ctrl Pts',(1.05661117730029,-6.97025095922745,17.9631309873357));
#8219=CARTESIAN_POINT('Ctrl Pts',(1.05711669816212,-6.97358577846385,17.9631309873357));
#8220=CARTESIAN_POINT('Ctrl Pts',(1.05762221903072,-6.97692059772471,17.9631309873357));
#8221=CARTESIAN_POINT('Ctrl Pts',(1.05812773989271,-6.98025541696167,17.9631309873357));
#8222=CARTESIAN_POINT('',(2.96546378327618,-6.39597721619436,18.7817194149829));
#8223=CARTESIAN_POINT('Origin',(2.96546378327618,-6.39597721619436,18.9242841885425));
#8224=CARTESIAN_POINT('',(2.96546378327619,-6.39597721619436,19.0668489621021));
#8225=CARTESIAN_POINT('Ctrl Pts',(1.05661117730029,-6.97025095922746,19.8349572951742));
#8226=CARTESIAN_POINT('Ctrl Pts',(1.05711669816212,-6.97358577846385,19.8349572951742));
#8227=CARTESIAN_POINT('Ctrl Pts',(1.05762221903072,-6.97692059772471,19.8349572951742));
#8228=CARTESIAN_POINT('Ctrl Pts',(1.05812773989271,-6.98025541696167,19.8349572951742));
#8229=CARTESIAN_POINT('Ctrl Pts',(1.71579171938663,-6.87032669854726,19.57891046693));
#8230=CARTESIAN_POINT('Ctrl Pts',(1.71661263456791,-6.87361377762314,19.57891046693));
#8231=CARTESIAN_POINT('Ctrl Pts',(1.71743349585978,-6.87690066191228,19.57891046693));
#8232=CARTESIAN_POINT('Ctrl Pts',(1.71825440979086,-6.88018773646923,19.57891046693));
#8233=CARTESIAN_POINT('Ctrl Pts',(2.36063217904614,-6.67628234007063,19.3228636386859));
#8234=CARTESIAN_POINT('Ctrl Pts',(2.36176161213106,-6.679476580433,19.3228636386859));
#8235=CARTESIAN_POINT('Ctrl Pts',(2.36289098266032,-6.68267062861648,19.3228636386859));
#8236=CARTESIAN_POINT('Ctrl Pts',(2.36402041429399,-6.68586486452042,19.3228636386859));
#8237=CARTESIAN_POINT('Ctrl Pts',(2.9654897842081,-6.39583426570488,19.0668168104418));
#8238=CARTESIAN_POINT('Ctrl Pts',(2.96690858138508,-6.39889426329503,19.0668168104418));
#8239=CARTESIAN_POINT('Ctrl Pts',(2.96832737856992,-6.40195426090932,19.0668168104418));
#8240=CARTESIAN_POINT('Ctrl Pts',(2.9697461757471,-6.40501425850003,19.0668168104418));
#8241=CARTESIAN_POINT('',(1.05671174964817,-6.97035582148828,19.8349251435138));
#8242=CARTESIAN_POINT('Origin',(1.05671174964817,-6.97035582148828,19.6944065974094));
#8243=CARTESIAN_POINT('Ctrl Pts',(2.77356846312869,-6.48149297067563,18.9304222748615));
#8244=CARTESIAN_POINT('Ctrl Pts',(2.77488108411539,-6.48456040665622,18.9304222748615));
#8245=CARTESIAN_POINT('Ctrl Pts',(2.77619370510209,-6.48762784263683,18.9304222748615));
#8246=CARTESIAN_POINT('Ctrl Pts',(2.77750632608879,-6.49069527861742,18.9304222748615));
#8247=CARTESIAN_POINT('Ctrl Pts',(2.7145112239067,-6.5067648172918,18.944547411133));
#8248=CARTESIAN_POINT('Ctrl Pts',(2.71579589640405,-6.50984421594173,18.944547411133));
#8249=CARTESIAN_POINT('Ctrl Pts',(2.71708056595892,-6.51292360710717,18.944547411133));
#8250=CARTESIAN_POINT('Ctrl Pts',(2.71836523845626,-6.51600300575707,18.944547411133));
#8251=CARTESIAN_POINT('Ctrl Pts',(2.59480790471293,-6.55603319334062,18.9730087243519));
#8252=CARTESIAN_POINT('Ctrl Pts',(2.59603592535702,-6.55913590628076,18.9730087243519));
#8253=CARTESIAN_POINT('Ctrl Pts',(2.59726394598129,-6.56223861921891,18.9730087243519));
#8254=CARTESIAN_POINT('Ctrl Pts',(2.59849196662538,-6.56534133215905,18.9730087243519));
#8255=CARTESIAN_POINT('Ctrl Pts',(2.47773653629819,-6.60054802721886,19.016362015576));
#8256=CARTESIAN_POINT('Ctrl Pts',(2.47890915065319,-6.60367180476647,19.016362015576));
#8257=CARTESIAN_POINT('Ctrl Pts',(2.48008176801513,-6.60679558984849,19.016362015576));
#8258=CARTESIAN_POINT('Ctrl Pts',(2.48125438237014,-6.60991936739615,19.016362015576));
#8259=CARTESIAN_POINT('Ctrl Pts',(2.41848160879682,-6.62218844918288,19.0381993935443));
#8260=CARTESIAN_POINT('Ctrl Pts',(2.41962618112588,-6.62532247080587,19.0381993935443));
#8261=CARTESIAN_POINT('Ctrl Pts',(2.42077075345493,-6.62845649242885,19.0381993935443));
#8262=CARTESIAN_POINT('Ctrl Pts',(2.42191532578399,-6.63159051405184,19.0381993935443));
#8263=CARTESIAN_POINT('',(2.77357032839883,-6.48149732958563,18.9304222748615));
#8264=CARTESIAN_POINT('',(2.41848323526524,-6.62219290271289,19.0381993935443));
#8265=CARTESIAN_POINT('Ctrl Pts',(2.77357032839883,-6.48149732958563,18.9304222748615));
#8266=CARTESIAN_POINT('Ctrl Pts',(2.71406435227906,-6.50696120025249,18.9446547291293));
#8267=CARTESIAN_POINT('Ctrl Pts',(2.65453826051597,-6.53146413923095,18.9587871244435));
#8268=CARTESIAN_POINT('Ctrl Pts',(2.53580944187154,-6.57846697934684,18.9948548154126));
#8269=CARTESIAN_POINT('Ctrl Pts',(2.47694291154348,-6.60084291350312,19.0166551061387));
#8270=CARTESIAN_POINT('Ctrl Pts',(2.41848323526524,-6.62219290271289,19.0381993935443));
#8271=CARTESIAN_POINT('',(2.77357032839883,-6.48149732958563,18.9304222748615));
#8272=CARTESIAN_POINT('',(2.41848323526524,-6.62219290271289,19.0381993935443));
#8273=CARTESIAN_POINT('Ctrl Pts',(2.38769789380019,-6.6333513922365,18.7885394722537));
#8274=CARTESIAN_POINT('Ctrl Pts',(2.38882756771593,-6.63648978091671,18.7885394722537));
#8275=CARTESIAN_POINT('Ctrl Pts',(2.38995724163156,-6.63962816959666,18.7885394722537));
#8276=CARTESIAN_POINT('Ctrl Pts',(2.39108691554728,-6.64276655827688,18.7885394722537));
#8277=CARTESIAN_POINT('Ctrl Pts',(2.4595208086749,-6.60749848400025,18.8171410100549));
#8278=CARTESIAN_POINT('Ctrl Pts',(2.46068446277913,-6.61062463895762,18.8171410100549));
#8279=CARTESIAN_POINT('Ctrl Pts',(2.46184811945583,-6.61375080029062,18.8171410100549));
#8280=CARTESIAN_POINT('Ctrl Pts',(2.46301177356022,-6.61687695524836,18.8171410100549));
#8281=CARTESIAN_POINT('Ctrl Pts',(2.58757595453731,-6.55906581520841,18.8684320905062));
#8282=CARTESIAN_POINT('Ctrl Pts',(2.58880019533729,-6.56216905781517,18.8684320905062));
#8283=CARTESIAN_POINT('Ctrl Pts',(2.59002443598799,-6.56527230007875,18.8684320905062));
#8284=CARTESIAN_POINT('Ctrl Pts',(2.59124867678796,-6.56837554268548,18.8684320905062));
#8285=CARTESIAN_POINT('Ctrl Pts',(2.71675150284473,-6.50580763164699,18.911410787874));
#8286=CARTESIAN_POINT('Ctrl Pts',(2.71803686009157,-6.50888567804777,18.911410787874));
#8287=CARTESIAN_POINT('Ctrl Pts',(2.71932221547659,-6.51196371977019,18.911410787874));
#8288=CARTESIAN_POINT('Ctrl Pts',(2.72060757272333,-6.5150417661707,18.911410787874));
#8289=CARTESIAN_POINT('Ctrl Pts',(2.7735717373877,-6.48149301800965,18.9304231951511));
#8290=CARTESIAN_POINT('Ctrl Pts',(2.77488397695247,-6.48455955905575,18.9304231951511));
#8291=CARTESIAN_POINT('Ctrl Pts',(2.77619621651733,-6.48762610010209,18.9304231951511));
#8292=CARTESIAN_POINT('Ctrl Pts',(2.77750845608211,-6.49069264114818,18.9304231951511));
#8293=CARTESIAN_POINT('',(2.38770180650544,-6.63335360758121,18.788540570531));
#8294=CARTESIAN_POINT('Ctrl Pts',(2.38770180650544,-6.63335360758121,18.788540570531));
#8295=CARTESIAN_POINT('Ctrl Pts',(2.4518828639166,-6.61025138270526,18.8140989362252));
#8296=CARTESIAN_POINT('Ctrl Pts',(2.51616598941034,-6.58606025318843,18.83983133607));
#8297=CARTESIAN_POINT('Ctrl Pts',(2.64817331795684,-6.53413987856239,18.8886681886058));
#8298=CARTESIAN_POINT('Ctrl Pts',(2.7126106108392,-6.50758328708177,18.9100247841782));
#8299=CARTESIAN_POINT('Ctrl Pts',(2.77357032839883,-6.48149732958563,18.9304222748615));
#8300=CARTESIAN_POINT('',(2.38770180650544,-6.63335360758121,18.788540570531));
#8301=CARTESIAN_POINT('Ctrl Pts',(1.85971847608305,-6.80029022834433,18.5798086808063));
#8302=CARTESIAN_POINT('Ctrl Pts',(1.86059777559893,-6.80350549559177,18.5798086808063));
#8303=CARTESIAN_POINT('Ctrl Pts',(1.86147707511481,-6.80672076283922,18.5798086808063));
#8304=CARTESIAN_POINT('Ctrl Pts',(1.86235637463069,-6.80993603008666,18.5798086808063));
#8305=CARTESIAN_POINT('Ctrl Pts',(2.03780829712561,-6.75158687606464,18.6493859773812));
#8306=CARTESIAN_POINT('Ctrl Pts',(2.03877179997843,-6.75477911608391,18.6493859773812));
#8307=CARTESIAN_POINT('Ctrl Pts',(2.03973530249567,-6.75797135501851,18.6493859773812));
#8308=CARTESIAN_POINT('Ctrl Pts',(2.04069880534849,-6.76116359503778,18.6493859773812));
#8309=CARTESIAN_POINT('Ctrl Pts',(2.21398381547585,-6.69588408394988,18.7189632739561));
#8310=CARTESIAN_POINT('Ctrl Pts',(2.21503061645056,-6.69904998695018,18.7189632739561));
#8311=CARTESIAN_POINT('Ctrl Pts',(2.21607741707628,-6.70221588887007,18.7189632739561));
#8312=CARTESIAN_POINT('Ctrl Pts',(2.21712421805099,-6.70538179187037,18.7189632739561));
#8313=CARTESIAN_POINT('Ctrl Pts',(2.38770180650544,-6.63335360758121,18.788540570531));
#8314=CARTESIAN_POINT('Ctrl Pts',(2.3888307435298,-6.63648994498432,18.788540570531));
#8315=CARTESIAN_POINT('Ctrl Pts',(2.38995968055415,-6.63962628238744,18.788540570531));
#8316=CARTESIAN_POINT('Ctrl Pts',(2.3910886175785,-6.64276261979055,18.788540570531));
#8317=CARTESIAN_POINT('',(1.85971847608305,-6.80029022834433,18.5798086808063));
#8318=CARTESIAN_POINT('Ctrl Pts',(1.85971847608305,-6.80029022834433,18.5798086808063));
#8319=CARTESIAN_POINT('Ctrl Pts',(1.94876624875343,-6.77593776947443,18.6145984472969));
#8320=CARTESIAN_POINT('Ctrl Pts',(2.03732710049173,-6.74983857835437,18.6493848615957));
#8321=CARTESIAN_POINT('Ctrl Pts',(2.21337247631889,-6.69417693441942,18.7189643897417));
#8322=CARTESIAN_POINT('Ctrl Pts',(2.30084001910336,-6.66461985071639,18.7537508040406));
#8323=CARTESIAN_POINT('Ctrl Pts',(2.38770180650544,-6.63335360758121,18.788540570531));
#8324=CARTESIAN_POINT('',(1.85971847608305,-6.80029022834433,18.5798086808063));
#8325=CARTESIAN_POINT('Origin',(1.85971847608305,-6.80029022834433,18.9188267872669));
#8326=CARTESIAN_POINT('',(1.85971847608305,-6.80029022834433,19.2578448937275));
#8327=CARTESIAN_POINT('',(1.85971847608305,-6.80029022834433,0.));
#8328=CARTESIAN_POINT('',(1.85971847608305,-6.80029022834433,19.2578448937275));
#8329=CARTESIAN_POINT('Ctrl Pts',(2.41848323526524,-6.62219290271289,19.0381993935443));
#8330=CARTESIAN_POINT('Ctrl Pts',(2.41962672615662,-6.62532396318699,19.0381993935443));
#8331=CARTESIAN_POINT('Ctrl Pts',(2.42077021704799,-6.62845502366108,19.0381993935443));
#8332=CARTESIAN_POINT('Ctrl Pts',(2.42191370793937,-6.63158608413518,19.0381993935443));
#8333=CARTESIAN_POINT('Ctrl Pts',(2.23480570817991,-6.68927355507034,19.1114145602721));
#8334=CARTESIAN_POINT('Ctrl Pts',(2.23586235405241,-6.69243633261769,19.1114145602721));
#8335=CARTESIAN_POINT('Ctrl Pts',(2.23691899948214,-6.69559910880678,19.1114145602721));
#8336=CARTESIAN_POINT('Ctrl Pts',(2.23797564535463,-6.69876188635413,19.1114145602721));
#8337=CARTESIAN_POINT('Ctrl Pts',(2.04833582851522,-6.74870784532104,19.1846297269998));
#8338=CARTESIAN_POINT('Ctrl Pts',(2.04930430895402,-6.75189872418955,19.1846297269998));
#8339=CARTESIAN_POINT('Ctrl Pts',(2.05027278896793,-6.75508960169412,19.1846297269998));
#8340=CARTESIAN_POINT('Ctrl Pts',(2.05124126940673,-6.75828048056263,19.1846297269998));
#8341=CARTESIAN_POINT('Ctrl Pts',(1.85971847608305,-6.80029022834433,19.2578448937275));
#8342=CARTESIAN_POINT('Ctrl Pts',(1.86059777559893,-6.80350549559177,19.2578448937275));
#8343=CARTESIAN_POINT('Ctrl Pts',(1.86147707511481,-6.80672076283922,19.2578448937275));
#8344=CARTESIAN_POINT('Ctrl Pts',(1.86235637463069,-6.80993603008666,19.2578448937275));
#8345=CARTESIAN_POINT('Ctrl Pts',(2.41848323526524,-6.62219290271289,19.0381993935443));
#8346=CARTESIAN_POINT('Ctrl Pts',(2.23480570817991,-6.68927355507034,19.111414560272));
#8347=CARTESIAN_POINT('Ctrl Pts',(2.04833582851522,-6.74870784532104,19.1846297269998));
#8348=CARTESIAN_POINT('Ctrl Pts',(1.85971847608305,-6.80029022834433,19.2578448937275));
#8349=CARTESIAN_POINT('Origin',(0.,0.,0.));
#8350=CARTESIAN_POINT('Origin',(0.,0.,0.));
#8351=CARTESIAN_POINT('',(1.29125526374435,-6.94091203256838,21.7939963028766));
#8352=CARTESIAN_POINT('',(1.05821063156257,-6.9802428510223,21.7939963028766));
#8353=CARTESIAN_POINT('Origin',(0.,0.,21.7939963028766));
#8354=CARTESIAN_POINT('',(1.29125526374435,-6.94091203256838,22.7789892838337));
#8355=CARTESIAN_POINT('',(1.29125526374435,-6.94091203256838,22.7789892838337));
#8356=CARTESIAN_POINT('',(2.96967011488367,-6.40504952430243,22.7789892838337));
#8357=CARTESIAN_POINT('Origin',(0.,0.,22.7789892838337));
#8358=CARTESIAN_POINT('',(2.96967011488367,-6.40504952430243,23.0436553643085));
#8359=CARTESIAN_POINT('',(2.96967011488367,-6.40504952430243,23.0436553643085));
#8360=CARTESIAN_POINT('',(1.05821063156257,-6.9802428510223,23.0436553643085));
#8361=CARTESIAN_POINT('Origin',(0.,0.,23.0436553643085));
#8362=CARTESIAN_POINT('',(1.05821063156257,-6.9802428510223,21.7939963028766));
#8363=CARTESIAN_POINT('Origin',(1.17323337795652,-6.95169212788144,21.7939963028766));
#8364=CARTESIAN_POINT('',(1.28942629028295,-6.93108071240894,21.7939963028766));
#8365=CARTESIAN_POINT('',(1.05671174964817,-6.97035582148828,21.7939963028766));
#8366=CARTESIAN_POINT('Origin',(1.28942629028295,-6.93108071240894,22.2864927933551));
#8367=CARTESIAN_POINT('',(1.28942629028295,-6.93108071240894,22.7789892838337));
#8368=CARTESIAN_POINT('Origin',(2.1442029573791,-6.71601769485212,22.7789892838337));
#8369=CARTESIAN_POINT('',(2.96546378327618,-6.39597721619436,22.7789892838337));
#8370=CARTESIAN_POINT('Origin',(2.96546378327618,-6.39597721619436,22.9113223240711));
#8371=CARTESIAN_POINT('',(2.96546378327618,-6.39597721619436,23.0436553643085));
#8372=CARTESIAN_POINT('Origin',(2.03149001965766,-6.75096647155289,23.0436553643085));
#8373=CARTESIAN_POINT('',(1.05671174964817,-6.97035582148828,23.0436553643085));
#8374=CARTESIAN_POINT('Origin',(1.05671174964817,-6.97035582148828,22.4188258335926));
#8375=CARTESIAN_POINT('Origin',(0.,0.,0.));
#8376=CARTESIAN_POINT('',(1.13554220334059,-6.96808036007281,4.44832816969841));
#8377=CARTESIAN_POINT('',(0.378748547887922,-7.04983329855911,4.44832816969841));
#8378=CARTESIAN_POINT('Origin',(0.,0.,4.44832816969841));
#8379=CARTESIAN_POINT('',(1.13554220334059,-6.96808036007281,5.9422390187928));
#8380=CARTESIAN_POINT('',(1.13554220334059,-6.96808036007281,5.9422390187928));
#8381=CARTESIAN_POINT('',(0.378748547887922,-7.04983329855911,5.9422390187928));
#8382=CARTESIAN_POINT('Origin',(0.,0.,5.9422390187928));
#8383=CARTESIAN_POINT('',(0.378748547887922,-7.04983329855911,4.44832816969841));
#8384=CARTESIAN_POINT('Origin',(0.757173978562237,-7.00922160915092,4.44832816969841));
#8385=CARTESIAN_POINT('',(1.13393378662197,-6.95821055786308,4.44832816969841));
#8386=CARTESIAN_POINT('',(0.378212076856919,-7.03984769898608,4.44832816969841));
#8387=CARTESIAN_POINT('Origin',(1.13393378662197,-6.95821055786308,5.1952835942456));
#8388=CARTESIAN_POINT('',(1.13393378662197,-6.95821055786307,5.9422390187928));
#8389=CARTESIAN_POINT('Origin',(0.757173978562237,-7.00922160915092,5.9422390187928));
#8390=CARTESIAN_POINT('',(0.378212076856919,-7.03984769898608,5.9422390187928));
#8391=CARTESIAN_POINT('Origin',(0.378212076856919,-7.03984769898608,5.1952835942456));
#8392=CARTESIAN_POINT('Origin',(0.,0.,0.));
#8393=CARTESIAN_POINT('',(1.73818189821399,-6.84268395359023,21.2251021550037));
#8394=CARTESIAN_POINT('',(1.05821063156257,-6.9802428510223,21.2251021550037));
#8395=CARTESIAN_POINT('Origin',(0.,0.,21.2251021550037));
#8396=CARTESIAN_POINT('',(2.04614261470507,-6.75698900400822,20.8976807282306));
#8397=CARTESIAN_POINT('Ctrl Pts',(2.04614261470507,-6.75698900400821,20.8976807282306));
#8398=CARTESIAN_POINT('Ctrl Pts',(1.99514088907136,-6.7724332801763,20.9522585400018));
#8399=CARTESIAN_POINT('Ctrl Pts',(1.94397573872204,-6.78729665229842,21.0068241173386));
#8400=CARTESIAN_POINT('Ctrl Pts',(1.84131887725161,-6.81586255079415,21.115958765896));
#8401=CARTESIAN_POINT('Ctrl Pts',(1.78983044897946,-6.829564163663,21.1705243432331));
#8402=CARTESIAN_POINT('Ctrl Pts',(1.73818189821399,-6.84268395359023,21.2251021550037));
#8403=CARTESIAN_POINT('',(1.05821063156257,-6.9802428510223,20.185538737569));
#8404=CARTESIAN_POINT('Ctrl Pts',(1.05821063156257,-6.9802428510223,20.185538737569));
#8405=CARTESIAN_POINT('Ctrl Pts',(1.22548684650124,-6.95488363747721,20.3043942935036));
#8406=CARTESIAN_POINT('Ctrl Pts',(1.39147517137325,-6.92356850311863,20.4229830459428));
#8407=CARTESIAN_POINT('Ctrl Pts',(1.72089208206515,-6.84912654371417,20.6602364198568));
#8408=CARTESIAN_POINT('Ctrl Pts',(1.88421650853688,-6.80602325670086,20.7788251722959));
#8409=CARTESIAN_POINT('Ctrl Pts',(2.04614261470507,-6.75698900400821,20.8976807282306));
#8410=CARTESIAN_POINT('',(1.05821063156257,-6.9802428510223,19.8362888977863));
#8411=CARTESIAN_POINT('',(1.05821063156257,-6.9802428510223,19.8362888977863));
#8412=CARTESIAN_POINT('',(2.21545946190953,-6.70338268135093,20.712141005788));
#8413=CARTESIAN_POINT('Ctrl Pts',(2.21545946190953,-6.70338268135093,20.712141005788));
#8414=CARTESIAN_POINT('Ctrl Pts',(1.83841192811449,-6.82799641236465,20.4201903031208));
#8415=CARTESIAN_POINT('Ctrl Pts',(1.45083081712805,-6.92072130379267,20.1282396004535));
#8416=CARTESIAN_POINT('Ctrl Pts',(1.05821063156257,-6.9802428510223,19.8362888977863));
#8417=CARTESIAN_POINT('',(2.96967011488367,-6.40504952430243,19.8731233761646));
#8418=CARTESIAN_POINT('Ctrl Pts',(2.96967011488367,-6.40504952430243,19.8731233761646));
#8419=CARTESIAN_POINT('Ctrl Pts',(2.84685487520797,-6.46199221389965,20.0130845240918));
#8420=CARTESIAN_POINT('Ctrl Pts',(2.72257905994294,-6.51532030977475,20.1528439964749));
#8421=CARTESIAN_POINT('Ctrl Pts',(2.47112355766378,-6.61478524514305,20.4324203854776));
#8422=CARTESIAN_POINT('Ctrl Pts',(2.34399516604815,-6.66090179439227,20.5721798578606));
#8423=CARTESIAN_POINT('Ctrl Pts',(2.21545946190953,-6.70338268135093,20.712141005788));
#8424=CARTESIAN_POINT('',(2.96967011488367,-6.40504952430243,20.2319230721332));
#8425=CARTESIAN_POINT('',(2.96967011488367,-6.40504952430243,20.2319230721332));
#8426=CARTESIAN_POINT('',(2.04221961955519,-6.75817571727044,21.2251021550037));
#8427=CARTESIAN_POINT('Ctrl Pts',(2.04221961955519,-6.75817571727044,21.2251021550037));
#8428=CARTESIAN_POINT('Ctrl Pts',(2.20089136144771,-6.71022749012775,21.0593510750635));
#8429=CARTESIAN_POINT('Ctrl Pts',(2.35753176589792,-6.65679476605194,20.8939572446617));
#8430=CARTESIAN_POINT('Ctrl Pts',(2.66677767263298,-6.53904958149886,20.5630679824752));
#8431=CARTESIAN_POINT('Ctrl Pts',(2.81928924178328,-6.47477288600352,20.3976741520734));
#8432=CARTESIAN_POINT('Ctrl Pts',(2.96967011488367,-6.40504952430243,20.2319230721332));
#8433=CARTESIAN_POINT('',(2.96967011488367,-6.40504952430243,21.2251021550037));
#8434=CARTESIAN_POINT('Origin',(0.,0.,21.2251021550037));
#8435=CARTESIAN_POINT('',(2.96967011488367,-6.40504952430243,21.4897670433857));
#8436=CARTESIAN_POINT('',(2.96967011488367,-6.40504952430243,21.4897670433857));
#8437=CARTESIAN_POINT('',(1.05821063156257,-6.9802428510223,21.4897670433857));
#8438=CARTESIAN_POINT('Origin',(0.,0.,21.4897670433857));
#8439=CARTESIAN_POINT('',(1.05821063156257,-6.9802428510223,21.2251021550037));
#8440=CARTESIAN_POINT('Origin',(1.39790408408741,-6.91001911514662,21.2251021550037));
#8441=CARTESIAN_POINT('',(1.73571988419386,-6.83299176668713,21.2251021550037));
#8442=CARTESIAN_POINT('',(1.05671174964817,-6.97035582148828,21.2251021550037));
#8443=CARTESIAN_POINT('Ctrl Pts',(2.04324439570407,-6.74741819805353,20.8976807282306));
#8444=CARTESIAN_POINT('Ctrl Pts',(2.0442104687044,-6.75060846670509,20.8976807282306));
#8445=CARTESIAN_POINT('Ctrl Pts',(2.04517654170474,-6.75379873535665,20.8976807282306));
#8446=CARTESIAN_POINT('Ctrl Pts',(2.04614261470507,-6.75698900400822,20.8976807282306));
#8447=CARTESIAN_POINT('Ctrl Pts',(1.94139956061216,-6.7782587184459,21.0068212038217));
#8448=CARTESIAN_POINT('Ctrl Pts',(1.9423174800375,-6.78146356894399,21.0068212038217));
#8449=CARTESIAN_POINT('Ctrl Pts',(1.94323539942882,-6.7846684193215,21.0068212038217));
#8450=CARTESIAN_POINT('Ctrl Pts',(1.94415331885416,-6.78787326981959,21.0068212038217));
#8451=CARTESIAN_POINT('Ctrl Pts',(1.83885635791404,-6.8067929895871,21.1159616794127));
#8452=CARTESIAN_POINT('Ctrl Pts',(1.83972579355531,-6.81001133146642,21.1159616794127));
#8453=CARTESIAN_POINT('Ctrl Pts',(1.84059522916343,-6.81322967322492,21.1159616794127));
#8454=CARTESIAN_POINT('Ctrl Pts',(1.8414646648047,-6.81644801510425,21.1159616794127));
#8455=CARTESIAN_POINT('Ctrl Pts',(1.73571988419386,-6.83299176668713,21.2251021550037));
#8456=CARTESIAN_POINT('Ctrl Pts',(1.7365405555339,-6.83622249565483,21.2251021550037));
#8457=CARTESIAN_POINT('Ctrl Pts',(1.73736122687394,-6.83945322462253,21.2251021550037));
#8458=CARTESIAN_POINT('Ctrl Pts',(1.73818189821399,-6.84268395359023,21.2251021550037));
#8459=CARTESIAN_POINT('',(2.04324439570407,-6.74741819805353,20.8976807282306));
#8460=CARTESIAN_POINT('Ctrl Pts',(1.05670514277844,-6.97034893293028,20.1855348684898));
#8461=CARTESIAN_POINT('Ctrl Pts',(1.05720515727087,-6.97364718079785,20.1855348684898));
#8462=CARTESIAN_POINT('Ctrl Pts',(1.05770517176335,-6.97694542866561,20.1855348684898));
#8463=CARTESIAN_POINT('Ctrl Pts',(1.05820518625579,-6.98024367653317,20.1855348684898));
#8464=CARTESIAN_POINT('Ctrl Pts',(1.39032258663265,-6.91977251718391,20.4229181114298));
#8465=CARTESIAN_POINT('Ctrl Pts',(1.39098046398493,-6.92304683732169,20.4229181114298));
#8466=CARTESIAN_POINT('Ctrl Pts',(1.39163833867765,-6.92632114503755,20.4229181114298));
#8467=CARTESIAN_POINT('Ctrl Pts',(1.39229621602579,-6.92959546515599,20.4229181114298));
#8468=CARTESIAN_POINT('Ctrl Pts',(1.72030038253753,-6.84520380838407,20.6603013543699));
#8469=CARTESIAN_POINT('Ctrl Pts',(1.72111439973677,-6.84844284388476,20.6603013543699));
#8470=CARTESIAN_POINT('Ctrl Pts',(1.72192841399567,-6.85168186702698,20.6603013543699));
#8471=CARTESIAN_POINT('Ctrl Pts',(1.72274243119032,-6.85492090250841,20.6603013543699));
#8472=CARTESIAN_POINT('Ctrl Pts',(2.0432473984684,-6.74740913790092,20.8976845973098));
#8473=CARTESIAN_POINT('Ctrl Pts',(2.04421422759557,-6.75060189453546,20.8976845973098));
#8474=CARTESIAN_POINT('Ctrl Pts',(2.0451810567228,-6.75379465117019,20.8976845973098));
#8475=CARTESIAN_POINT('Ctrl Pts',(2.04614788584997,-6.75698740780473,20.8976845973098));
#8476=CARTESIAN_POINT('',(1.05671174964817,-6.97035582148828,20.185538737569));
#8477=CARTESIAN_POINT('Origin',(1.05671174964817,-6.97035582148828,20.0109138176776));
#8478=CARTESIAN_POINT('',(1.05671174964817,-6.97035582148828,19.8362888977863));
#8479=CARTESIAN_POINT('Ctrl Pts',(2.21232670771511,-6.69387038703255,20.7121487281958));
#8480=CARTESIAN_POINT('Ctrl Pts',(2.213374283549,-6.69704005308057,20.7121487281958));
#8481=CARTESIAN_POINT('Ctrl Pts',(2.21442185938306,-6.70020971912921,20.7121487281958));
#8482=CARTESIAN_POINT('Ctrl Pts',(2.21546943521696,-6.70337938517724,20.7121487281958));
#8483=CARTESIAN_POINT('Ctrl Pts',(1.83580757620032,-6.81831010457136,20.4201928772567));
#8484=CARTESIAN_POINT('Ctrl Pts',(1.83667686556256,-6.82153870291316,20.4201928772567));
#8485=CARTESIAN_POINT('Ctrl Pts',(1.8375461489574,-6.82476727770226,20.4201928772567));
#8486=CARTESIAN_POINT('Ctrl Pts',(1.83841543830194,-6.82799587597418,20.4201928772567));
#8487=CARTESIAN_POINT('Ctrl Pts',(1.44876939042948,-6.9109051065898,20.1282370263176));
#8488=CARTESIAN_POINT('Ctrl Pts',(1.44945541015304,-6.91417755035354,20.1282370263176));
#8489=CARTESIAN_POINT('Ctrl Pts',(1.4501414245385,-6.91744997041403,20.1282370263176));
#8490=CARTESIAN_POINT('Ctrl Pts',(1.45082744424623,-6.92072241410745,20.1282370263176));
#8491=CARTESIAN_POINT('Ctrl Pts',(1.05669914911534,-6.97034268370787,19.8362811753785));
#8492=CARTESIAN_POINT('Ctrl Pts',(1.05719951485626,-6.97364326427938,19.8362811753785));
#8493=CARTESIAN_POINT('Ctrl Pts',(1.05769988059732,-6.97694384485152,19.8362811753785));
#8494=CARTESIAN_POINT('Ctrl Pts',(1.05820024633824,-6.98024442542304,19.8362811753785));
#8495=CARTESIAN_POINT('',(2.21232141734591,-6.69388780503174,20.712141005788));
#8496=CARTESIAN_POINT('Ctrl Pts',(2.96546448490736,-6.39597335890859,19.873121037255));
#8497=CARTESIAN_POINT('Ctrl Pts',(2.96686704569342,-6.39899843018075,19.873121037255));
#8498=CARTESIAN_POINT('Ctrl Pts',(2.96826960647951,-6.40202350145296,19.873121037255));
#8499=CARTESIAN_POINT('Ctrl Pts',(2.96967216726558,-6.40504857272512,19.873121037255));
#8500=CARTESIAN_POINT('Ctrl Pts',(2.72039955193025,-6.50959662078268,20.1527951397359));
#8501=CARTESIAN_POINT('Ctrl Pts',(2.72168620624438,-6.51267543348626,20.1527951397359));
#8502=CARTESIAN_POINT('Ctrl Pts',(2.7229728585989,-6.5157542413642,20.1527951397359));
#8503=CARTESIAN_POINT('Ctrl Pts',(2.72425951291178,-6.51883305406467,20.1527951397359));
#8504=CARTESIAN_POINT('Ctrl Pts',(2.46879785221192,-6.60911938554309,20.4324692422167));
#8505=CARTESIAN_POINT('Ctrl Pts',(2.46996550770935,-6.61224526903854,20.4324692422167));
#8506=CARTESIAN_POINT('Ctrl Pts',(2.47113316133502,-6.61537114767359,20.4324692422167));
#8507=CARTESIAN_POINT('Ctrl Pts',(2.47230081683125,-6.61849703116591,20.4324692422167));
#8508=CARTESIAN_POINT('Ctrl Pts',(2.2123182668822,-6.69388547146832,20.7121433446976));
#8509=CARTESIAN_POINT('Ctrl Pts',(2.21336461589876,-6.69705144473033,20.7121433446976));
#8510=CARTESIAN_POINT('Ctrl Pts',(2.21441096491534,-6.7002174179924,20.7121433446976));
#8511=CARTESIAN_POINT('Ctrl Pts',(2.2154573139319,-6.70338339125443,20.7121433446976));
#8512=CARTESIAN_POINT('',(2.96546378327618,-6.39597721619436,19.8731233761646));
#8513=CARTESIAN_POINT('Origin',(2.96546378327618,-6.39597721619436,20.0525232241489));
#8514=CARTESIAN_POINT('',(2.96546378327619,-6.39597721619436,20.2319230721332));
#8515=CARTESIAN_POINT('Ctrl Pts',(2.03932002592054,-6.74859781468422,21.2251072303559));
#8516=CARTESIAN_POINT('Ctrl Pts',(2.04028493760506,-6.75179093827578,21.2251072303559));
#8517=CARTESIAN_POINT('Ctrl Pts',(2.04124984928963,-6.7549840618675,21.2251072303559));
#8518=CARTESIAN_POINT('Ctrl Pts',(2.04221476097414,-6.75817718545905,21.2251072303559));
#8519=CARTESIAN_POINT('Ctrl Pts',(2.35579402767492,-6.65296435355877,20.8940441524976));
#8520=CARTESIAN_POINT('Ctrl Pts',(2.35690868153456,-6.65611223149971,20.8940441524976));
#8521=CARTESIAN_POINT('Ctrl Pts',(2.35802333135117,-6.65926009845689,20.8940441524976));
#8522=CARTESIAN_POINT('Ctrl Pts',(2.35913798520499,-6.66240797638205,20.8940441524976));
#8523=CARTESIAN_POINT('Ctrl Pts',(2.66552782676378,-6.53503340429875,20.5629810746394));
#8524=CARTESIAN_POINT('Ctrl Pts',(2.66678903237766,-6.5381254827514,20.5629810746394));
#8525=CARTESIAN_POINT('Ctrl Pts',(2.66805023370567,-6.54121755031276,20.5629810746394));
#8526=CARTESIAN_POINT('Ctrl Pts',(2.6693114393134,-6.54430962874977,20.5629810746394));
#8527=CARTESIAN_POINT('Ctrl Pts',(2.96546535744843,-6.39596856201268,20.231917996781));
#8528=CARTESIAN_POINT('Ctrl Pts',(2.9668684781637,-6.39899483779129,20.231917996781));
#8529=CARTESIAN_POINT('Ctrl Pts',(2.96827159887904,-6.40202111357007,20.231917996781));
#8530=CARTESIAN_POINT('Ctrl Pts',(2.96967471959431,-6.40504738934869,20.231917996781));
#8531=CARTESIAN_POINT('',(2.03932695720455,-6.74860323041878,21.2251021550037));
#8532=CARTESIAN_POINT('Origin',(2.50859898458828,-6.58858339360766,21.2251021550037));
#8533=CARTESIAN_POINT('',(2.96546378327618,-6.39597721619436,21.2251021550037));
#8534=CARTESIAN_POINT('Origin',(2.96546378327618,-6.39597721619436,21.3574345991947));
#8535=CARTESIAN_POINT('',(2.96546378327618,-6.39597721619436,21.4897670433857));
#8536=CARTESIAN_POINT('Origin',(2.03149001965766,-6.75096647155289,21.4897670433857));
#8537=CARTESIAN_POINT('',(1.05671174964817,-6.97035582148828,21.4897670433857));
#8538=CARTESIAN_POINT('Origin',(1.05671174964817,-6.97035582148828,21.3574345991947));
#8539=CARTESIAN_POINT('Origin',(0.,0.,0.));
#8540=CARTESIAN_POINT('',(1.29125526374435,-6.94091203256838,16.5129604027607));
#8541=CARTESIAN_POINT('',(1.05821063156257,-6.9802428510223,16.5129604027607));
#8542=CARTESIAN_POINT('Origin',(0.,0.,16.5129604027607));
#8543=CARTESIAN_POINT('',(1.29125526374435,-6.94091203256838,17.4979533837177));
#8544=CARTESIAN_POINT('',(1.29125526374435,-6.94091203256838,17.4979533837177));
#8545=CARTESIAN_POINT('',(2.96967011488367,-6.40504952430243,17.4979533837177));
#8546=CARTESIAN_POINT('Origin',(0.,0.,17.4979533837177));
#8547=CARTESIAN_POINT('',(2.96967011488367,-6.40504952430243,17.7626194641925));
#8548=CARTESIAN_POINT('',(2.96967011488367,-6.40504952430243,17.7626194641925));
#8549=CARTESIAN_POINT('',(1.05821063156257,-6.9802428510223,17.7626194641925));
#8550=CARTESIAN_POINT('Origin',(0.,0.,17.7626194641925));
#8551=CARTESIAN_POINT('',(1.05821063156257,-6.9802428510223,16.5129604027607));
#8552=CARTESIAN_POINT('Origin',(1.17323337795652,-6.95169212788144,16.5129604027607));
#8553=CARTESIAN_POINT('',(1.28942629028295,-6.93108071240894,16.5129604027607));
#8554=CARTESIAN_POINT('',(1.05671174964817,-6.97035582148828,16.5129604027607));
#8555=CARTESIAN_POINT('Origin',(1.28942629028295,-6.93108071240894,17.0054568932392));
#8556=CARTESIAN_POINT('',(1.28942629028295,-6.93108071240894,17.4979533837177));
#8557=CARTESIAN_POINT('Origin',(2.1442029573791,-6.71601769485212,17.4979533837177));
#8558=CARTESIAN_POINT('',(2.96546378327618,-6.39597721619436,17.4979533837177));
#8559=CARTESIAN_POINT('Origin',(2.96546378327618,-6.39597721619436,17.6302864239551));
#8560=CARTESIAN_POINT('',(2.96546378327618,-6.39597721619436,17.7626194641925));
#8561=CARTESIAN_POINT('Origin',(2.03149001965766,-6.75096647155289,17.7626194641925));
#8562=CARTESIAN_POINT('',(1.05671174964817,-6.97035582148828,17.7626194641925));
#8563=CARTESIAN_POINT('Origin',(1.05671174964817,-6.97035582148828,17.1377899334766));
#8564=CARTESIAN_POINT('Origin',(0.,0.,0.));
#8565=CARTESIAN_POINT('',(2.5752414764667,-6.57356306259289,15.1705326722004));
#8566=CARTESIAN_POINT('',(1.05821063156257,-6.9802428510223,15.1705326722004));
#8567=CARTESIAN_POINT('Origin',(0.,0.,15.1705326722004));
#8568=CARTESIAN_POINT('',(1.05821063156257,-6.9802428510223,14.1200532601215));
#8569=CARTESIAN_POINT('Ctrl Pts',(1.05821063156257,-6.9802428510223,14.1200532601215));
#8570=CARTESIAN_POINT('Ctrl Pts',(1.57690154869328,-6.90160887585591,14.4702130641478));
#8571=CARTESIAN_POINT('Ctrl Pts',(2.08677029766617,-6.76492522459359,14.8203728681741));
#8572=CARTESIAN_POINT('Ctrl Pts',(2.5752414764667,-6.57356306259289,15.1705326722004));
#8573=CARTESIAN_POINT('',(1.05821063156257,-6.9802428510223,13.8485660240985));
#8574=CARTESIAN_POINT('',(1.05821063156257,-6.9802428510223,13.8485660240985));
#8575=CARTESIAN_POINT('',(2.96967011488367,-6.40504952430243,13.8485660240985));
#8576=CARTESIAN_POINT('Origin',(0.,0.,13.8485660240985));
#8577=CARTESIAN_POINT('',(2.96967011488367,-6.40504952430243,14.1023196862079));
#8578=CARTESIAN_POINT('',(2.96967011488367,-6.40504952430243,14.1023196862079));
#8579=CARTESIAN_POINT('',(1.48147025049659,-6.90281434611228,14.1023196862079));
#8580=CARTESIAN_POINT('Origin',(0.,0.,14.1023196862079));
#8581=CARTESIAN_POINT('',(2.96967011488367,-6.40504952430243,15.152796714101));
#8582=CARTESIAN_POINT('Ctrl Pts',(2.96967011488367,-6.40504952430243,15.152796714101));
#8583=CARTESIAN_POINT('Ctrl Pts',(2.49413400180257,-6.62552953436429,14.8026377048033));
#8584=CARTESIAN_POINT('Ctrl Pts',(1.99396238518125,-6.79282415760658,14.4524786955056));
#8585=CARTESIAN_POINT('Ctrl Pts',(1.48147025049659,-6.90281434611228,14.1023196862079));
#8586=CARTESIAN_POINT('',(2.96967011488367,-6.40504952430243,15.4242839501239));
#8587=CARTESIAN_POINT('',(2.96967011488367,-6.40504952430243,15.4242839501239));
#8588=CARTESIAN_POINT('',(1.05821063156257,-6.9802428510223,15.4242839501239));
#8589=CARTESIAN_POINT('Origin',(0.,0.,15.4242839501239));
#8590=CARTESIAN_POINT('',(1.05821063156257,-6.9802428510223,15.1705326722004));
#8591=CARTESIAN_POINT('Origin',(1.82548086865836,-6.80956089613437,15.1705326722004));
#8592=CARTESIAN_POINT('',(2.57159382565017,-6.56425206675352,15.1705326722004));
#8593=CARTESIAN_POINT('',(1.05671174964817,-6.97035582148828,15.1705326722004));
#8594=CARTESIAN_POINT('Ctrl Pts',(1.05667338085022,-6.9703158165606,14.120031911776));
#8595=CARTESIAN_POINT('Ctrl Pts',(1.05717525666519,-6.97362642605966,14.120031911776));
#8596=CARTESIAN_POINT('Ctrl Pts',(1.05767713248126,-6.97693703556315,14.120031911776));
#8597=CARTESIAN_POINT('Ctrl Pts',(1.05817900829624,-6.98024764506224,14.120031911776));
#8598=CARTESIAN_POINT('Ctrl Pts',(1.57464769002999,-6.89179288986771,14.4702059480326));
#8599=CARTESIAN_POINT('Ctrl Pts',(1.57539558817402,-6.8950662287999,14.4702059480326));
#8600=CARTESIAN_POINT('Ctrl Pts',(1.57614346820188,-6.8983394950655,14.4702059480326));
#8601=CARTESIAN_POINT('Ctrl Pts',(1.57689136618325,-6.90161283334518,14.4702059480326));
#8602=CARTESIAN_POINT('Ctrl Pts',(2.08381192279584,-6.75529810259783,14.8203799842893));
#8603=CARTESIAN_POINT('Ctrl Pts',(2.08480165358906,-6.75850661196446,14.8203799842893));
#8604=CARTESIAN_POINT('Ctrl Pts',(2.08579136372098,-6.7617150493468,14.8203799842893));
#8605=CARTESIAN_POINT('Ctrl Pts',(2.08678109432867,-6.76492355806706,14.8203799842893));
#8606=CARTESIAN_POINT('Ctrl Pts',(2.57160703878752,-6.56419823393921,15.1705540205459));
#8607=CARTESIAN_POINT('Ctrl Pts',(2.5728284449498,-6.56731595451291,15.1705540205459));
#8608=CARTESIAN_POINT('Ctrl Pts',(2.57404985111333,-6.570433675091,15.1705540205459));
#8609=CARTESIAN_POINT('Ctrl Pts',(2.57527125727562,-6.57355139566474,15.1705540205459));
#8610=CARTESIAN_POINT('',(1.05671174964817,-6.97035582148828,14.1200532601215));
#8611=CARTESIAN_POINT('Origin',(1.05671174964817,-6.97035582148828,13.98430964211));
#8612=CARTESIAN_POINT('',(1.05671174964817,-6.97035582148828,13.8485660240985));
#8613=CARTESIAN_POINT('Origin',(2.03149001965766,-6.75096647155289,13.8485660240985));
#8614=CARTESIAN_POINT('',(2.96546378327618,-6.39597721619436,13.8485660240985));
#8615=CARTESIAN_POINT('Origin',(2.96546378327618,-6.39597721619436,13.9754428551532));
#8616=CARTESIAN_POINT('',(2.96546378327618,-6.39597721619436,14.1023196862079));
#8617=CARTESIAN_POINT('Origin',(2.23627101614293,-6.68592491300636,14.1023196862079));
#8618=CARTESIAN_POINT('',(1.47937185070835,-6.89303698868153,14.1023196862079));
#8619=CARTESIAN_POINT('Ctrl Pts',(2.9654736686397,-6.39592286936439,15.1528180068906));
#8620=CARTESIAN_POINT('Ctrl Pts',(2.96688212298883,-6.39896061860368,15.1528180068906));
#8621=CARTESIAN_POINT('Ctrl Pts',(2.96829057733948,-6.40199836784724,15.1528180068906));
#8622=CARTESIAN_POINT('Ctrl Pts',(2.96969903168863,-6.40503611708657,15.1528180068906));
#8623=CARTESIAN_POINT('Ctrl Pts',(2.49059590714958,-6.61610025306153,14.8026448023998));
#8624=CARTESIAN_POINT('Ctrl Pts',(2.4917788263008,-6.6192425995099,14.8026448023998));
#8625=CARTESIAN_POINT('Ctrl Pts',(2.49296172054007,-6.62238487561259,14.8026448023998));
#8626=CARTESIAN_POINT('Ctrl Pts',(2.49414463946836,-6.62552722143148,14.8026448023998));
#8627=CARTESIAN_POINT('Ctrl Pts',(1.99111545036641,-6.78316370100142,14.4524715979091));
#8628=CARTESIAN_POINT('Ctrl Pts',(1.99206113999112,-6.78638539466371,14.4524715979091));
#8629=CARTESIAN_POINT('Ctrl Pts',(1.99300680719179,-6.78960701714817,14.4524715979091));
#8630=CARTESIAN_POINT('Ctrl Pts',(1.99395249661584,-6.79282871017353,14.4524715979091));
#8631=CARTESIAN_POINT('Ctrl Pts',(1.47933125731149,-6.89299952570686,14.1022983934183));
#8632=CARTESIAN_POINT('Ctrl Pts',(1.48003386700403,-6.89627336194503,14.1022983934183));
#8633=CARTESIAN_POINT('Ctrl Pts',(1.48073647669794,-6.89954719818753,14.1022983934183));
#8634=CARTESIAN_POINT('Ctrl Pts',(1.48143908639049,-6.90282103442573,14.1022983934183));
#8635=CARTESIAN_POINT('',(2.96546378327618,-6.39597721619436,15.152796714101));
#8636=CARTESIAN_POINT('Origin',(2.96546378327618,-6.39597721619436,15.2885403321125));
#8637=CARTESIAN_POINT('',(2.96546378327618,-6.39597721619436,15.4242839501239));
#8638=CARTESIAN_POINT('Origin',(2.03149001965766,-6.75096647155289,15.4242839501239));
#8639=CARTESIAN_POINT('',(1.05671174964817,-6.97035582148828,15.4242839501239));
#8640=CARTESIAN_POINT('Origin',(1.05671174964817,-6.97035582148828,15.2974083111621));
#8641=CARTESIAN_POINT('Origin',(0.,0.,0.));
#8642=CARTESIAN_POINT('',(-0.0607947781463776,-7.05973823841579,27.2216912196018));
#8643=CARTESIAN_POINT('',(-0.0607947781463782,-7.05973823841579,26.9365616724826));
#8644=CARTESIAN_POINT('',(-0.0607947781463782,-7.05973823841579,27.2216912196018));
#8645=CARTESIAN_POINT('',(-2.03437185157187,-6.76054222452105,27.98976799706));
#8646=CARTESIAN_POINT('Ctrl Pts',(-2.03437185157187,-6.76054222452105,27.98976799706));
#8647=CARTESIAN_POINT('Ctrl Pts',(-1.39507711667245,-6.95291780185569,27.7337424045739));
#8648=CARTESIAN_POINT('Ctrl Pts',(-0.728382278630784,-7.05398932356731,
27.4777168120878));
#8649=CARTESIAN_POINT('Ctrl Pts',(-0.0607947781463776,-7.05973823841579,
27.2216912196018));
#8650=CARTESIAN_POINT('',(-2.03437185157187,-6.76054222452105,27.7087309048511));
#8651=CARTESIAN_POINT('',(-2.03437185157187,-6.76054222452105,27.7087309048511));
#8652=CARTESIAN_POINT('',(-1.44672204258047,-6.91018055708473,27.489085404668));
#8653=CARTESIAN_POINT('Ctrl Pts',(-1.44672204258047,-6.91018055708473,27.489085404668));
#8654=CARTESIAN_POINT('Ctrl Pts',(-1.64462759404941,-6.86874686062862,27.5623005713957));
#8655=CARTESIAN_POINT('Ctrl Pts',(-1.84075189821174,-6.81880603975022,27.6355157381234));
#8656=CARTESIAN_POINT('Ctrl Pts',(-2.03437185157187,-6.76054222452105,27.7087309048511));
#8657=CARTESIAN_POINT('',(-1.44672204258047,-6.91018055708473,26.6527964756824));
#8658=CARTESIAN_POINT('',(-1.44672204258047,-6.91018055708473,26.6527964756824));
#8659=CARTESIAN_POINT('',(-2.03437185157187,-6.76054222452105,26.4195086644031));
#8660=CARTESIAN_POINT('Ctrl Pts',(-2.03437185157187,-6.76054222452105,26.4195086644031));
#8661=CARTESIAN_POINT('Ctrl Pts',(-1.84075189821174,-6.81880603975022,26.4972712681629));
#8662=CARTESIAN_POINT('Ctrl Pts',(-1.64462759404941,-6.86874686062862,26.5750338719226));
#8663=CARTESIAN_POINT('Ctrl Pts',(-1.44672204258047,-6.91018055708473,26.6527964756824));
#8664=CARTESIAN_POINT('',(-2.03437185157187,-6.76054222452105,25.8451565192081));
#8665=CARTESIAN_POINT('',(-2.03437185157187,-6.76054222452105,26.11800810555));
#8666=CARTESIAN_POINT('',(-1.44672204258047,-6.91018055708473,25.625511019025));
#8667=CARTESIAN_POINT('Ctrl Pts',(-1.44672204258047,-6.91018055708473,25.625511019025));
#8668=CARTESIAN_POINT('Ctrl Pts',(-1.64462759404941,-6.86874686062862,25.6987261857527));
#8669=CARTESIAN_POINT('Ctrl Pts',(-1.84075189821174,-6.81880603975022,25.7719413524804));
#8670=CARTESIAN_POINT('Ctrl Pts',(-2.03437185157187,-6.76054222452105,25.8451565192081));
#8671=CARTESIAN_POINT('',(-1.44672204258047,-6.91018055708473,24.7892226860859));
#8672=CARTESIAN_POINT('',(-1.44672204258047,-6.91018055708473,24.7892226860859));
#8673=CARTESIAN_POINT('',(-2.03437185157187,-6.76054222452105,24.5559348748066));
#8674=CARTESIAN_POINT('Ctrl Pts',(-2.03437185157187,-6.76054222452105,24.5559348748066));
#8675=CARTESIAN_POINT('Ctrl Pts',(-1.84075189821174,-6.81880603975022,24.6336974785663));
#8676=CARTESIAN_POINT('Ctrl Pts',(-1.64462759404941,-6.86874686062862,24.7114600823261));
#8677=CARTESIAN_POINT('Ctrl Pts',(-1.44672204258047,-6.91018055708473,24.7892226860859));
#8678=CARTESIAN_POINT('',(-2.03437185157187,-6.76054222452105,24.2544331238605));
#8679=CARTESIAN_POINT('',(-2.03437185157187,-6.76054222452105,24.2544331238605));
#8680=CARTESIAN_POINT('',(-0.0607947781463782,-7.05973823841579,25.0729872868396));
#8681=CARTESIAN_POINT('Ctrl Pts',(-0.0607947781463782,-7.05973823841579,
25.0729872868396));
#8682=CARTESIAN_POINT('Ctrl Pts',(-0.728382278630785,-7.05398932356731,
24.8001358991799));
#8683=CARTESIAN_POINT('Ctrl Pts',(-1.39507711667246,-6.95291780185569,24.5272845115202));
#8684=CARTESIAN_POINT('Ctrl Pts',(-2.03437185157187,-6.76054222452105,24.2544331238605));
#8685=CARTESIAN_POINT('',(-0.0607947781463778,-7.05973823841579,25.3581168339588));
#8686=CARTESIAN_POINT('',(-0.0607947781463782,-7.05973823841579,25.3581168339588));
#8687=CARTESIAN_POINT('',(-2.02447593215159,-6.76351219412954,26.122230758715));
#8688=CARTESIAN_POINT('Ctrl Pts',(-2.02447593215159,-6.76351219412954,26.122230758715));
#8689=CARTESIAN_POINT('Ctrl Pts',(-1.38819971269947,-6.95396441118908,25.8675261171296));
#8690=CARTESIAN_POINT('Ctrl Pts',(-0.724938410586273,-7.05401898036005,
25.6128214755442));
#8691=CARTESIAN_POINT('Ctrl Pts',(-0.0607947781463778,-7.05973823841579,
25.3581168339588));
#8692=CARTESIAN_POINT('Ctrl Pts',(-0.0607947781463782,-7.05973823841579,
26.9365616724826));
#8693=CARTESIAN_POINT('Ctrl Pts',(-0.724938410586273,-7.05401898036005,
26.6651180345601));
#8694=CARTESIAN_POINT('Ctrl Pts',(-1.38819971269947,-6.95396441118908,26.3936743966376));
#8695=CARTESIAN_POINT('Ctrl Pts',(-2.02447593215159,-6.76351219412954,26.122230758715));
#8696=CARTESIAN_POINT('',(-0.271122497095589,-7.05479217210321,27.0852657244541));
#8697=CARTESIAN_POINT('',(-0.652789119454591,-7.02975578277949,27.1930422470905));
#8698=CARTESIAN_POINT('Ctrl Pts',(-0.271122497095592,-7.0547921721032,27.0852657244541));
#8699=CARTESIAN_POINT('Ctrl Pts',(-0.335892984689252,-7.05230297952232,
27.0994985175346));
#8700=CARTESIAN_POINT('Ctrl Pts',(-0.40026620384982,-7.04893574218065,27.1136305016985));
#8701=CARTESIAN_POINT('Ctrl Pts',(-0.527864411155109,-7.04052747188042,
27.1496978996897));
#8702=CARTESIAN_POINT('Ctrl Pts',(-0.590728256795129,-7.03551880743353,
27.17149711094));
#8703=CARTESIAN_POINT('Ctrl Pts',(-0.652789119454591,-7.02975578277949,
27.1930422470905));
#8704=CARTESIAN_POINT('',(-0.685429966140179,-7.02664825941338,26.9433828280307));
#8705=CARTESIAN_POINT('Ctrl Pts',(-0.685429966140178,-7.02664825941338,
26.9433828280307));
#8706=CARTESIAN_POINT('Ctrl Pts',(-0.622848084455733,-7.03275294766023,
26.9669096029514));
#8707=CARTESIAN_POINT('Ctrl Pts',(-0.560184950301822,-7.03802588306253,
26.9904363778721));
#8708=CARTESIAN_POINT('Ctrl Pts',(-0.496974099234684,-7.04248654558103,
27.0125245977135));
#8709=CARTESIAN_POINT('Ctrl Pts',(-0.483339930204266,-7.04344868144439,
27.0172888829243));
#8710=CARTESIAN_POINT('Ctrl Pts',(-0.469680268124471,-7.0443728353081,27.021986241257));
#8711=CARTESIAN_POINT('Ctrl Pts',(-0.455990417490931,-7.04525888375697,
27.0266022370197));
#8712=CARTESIAN_POINT('Ctrl Pts',(-0.394780901526492,-7.04922054836001,
27.0472410937825));
#8713=CARTESIAN_POINT('Ctrl Pts',(-0.332967477719312,-7.05241540958909,
27.0662534091183));
#8714=CARTESIAN_POINT('Ctrl Pts',(-0.271122497095589,-7.0547921721032,27.0852657244541));
#8715=CARTESIAN_POINT('',(-1.234801304002,-6.95117729162729,26.7346515343525));
#8716=CARTESIAN_POINT('Ctrl Pts',(-1.234801304002,-6.95117729162729,26.7346515343525));
#8717=CARTESIAN_POINT('Ctrl Pts',(-1.14374262703949,-6.96735287863029,26.7694546104686));
#8718=CARTESIAN_POINT('Ctrl Pts',(-1.05242753839611,-6.98172828411085,26.8042342221306));
#8719=CARTESIAN_POINT('Ctrl Pts',(-0.869286088825547,-7.0068877008628,26.8738001402525));
#8720=CARTESIAN_POINT('Ctrl Pts',(-0.777477293829335,-7.0176692989799,26.9085797519143));
#8721=CARTESIAN_POINT('Ctrl Pts',(-0.685429966140179,-7.02664825941338,
26.9433828280307));
#8722=CARTESIAN_POINT('',(-1.234801304002,-6.95117729162729,27.4126871512271));
#8723=CARTESIAN_POINT('',(-1.234801304002,-6.95117729162729,27.4126871512271));
#8724=CARTESIAN_POINT('Ctrl Pts',(-0.652789119454591,-7.02975578277949,
27.1930422470905));
#8725=CARTESIAN_POINT('Ctrl Pts',(-0.847770981384201,-7.01164960073111,
27.266257215136));
#8726=CARTESIAN_POINT('Ctrl Pts',(-1.04199894602472,-6.98542654079143,27.3394721831816));
#8727=CARTESIAN_POINT('Ctrl Pts',(-1.234801304002,-6.95117729162729,27.4126871512271));
#8728=CARTESIAN_POINT('',(-0.271122497095589,-7.05479217210321,25.2216913388111));
#8729=CARTESIAN_POINT('',(-0.652789119454591,-7.02975578277949,25.329467265401));
#8730=CARTESIAN_POINT('Ctrl Pts',(-0.271122497095589,-7.0547921721032,25.2216913388111));
#8731=CARTESIAN_POINT('Ctrl Pts',(-0.335892881884771,-7.05230298347319,
25.2359244512352));
#8732=CARTESIAN_POINT('Ctrl Pts',(-0.400266019959435,-7.04893575208419,
25.2500567635525));
#8733=CARTESIAN_POINT('Ctrl Pts',(-0.527864161398567,-7.04052749054181,
25.286123932517));
#8734=CARTESIAN_POINT('Ctrl Pts',(-0.590728087165943,-7.03551882318544,
25.3079226173276));
#8735=CARTESIAN_POINT('Ctrl Pts',(-0.652789119454591,-7.02975578277949,
25.329467265401));
#8736=CARTESIAN_POINT('',(-0.685429966140179,-7.02664825941338,25.0798084423877));
#8737=CARTESIAN_POINT('Ctrl Pts',(-0.685429966140178,-7.02664825941338,
25.0798084423877));
#8738=CARTESIAN_POINT('Ctrl Pts',(-0.622850199809089,-7.0327527413134,25.1033346909209));
#8739=CARTESIAN_POINT('Ctrl Pts',(-0.560189186525766,-7.03802552688416,
25.1268609394541));
#8740=CARTESIAN_POINT('Ctrl Pts',(-0.496980444405504,-7.04248609781223,
25.1489485866068));
#8741=CARTESIAN_POINT('Ctrl Pts',(-0.483344171383988,-7.04344839449725,
25.1537136424658));
#8742=CARTESIAN_POINT('Ctrl Pts',(-0.469682395187636,-7.04437269763816,
25.1584117441667));
#8743=CARTESIAN_POINT('Ctrl Pts',(-0.455990417491797,-7.04525888375691,
25.1630284474231));
#8744=CARTESIAN_POINT('Ctrl Pts',(-0.394780948448482,-7.04922054532308,
25.1836672449243));
#8745=CARTESIAN_POINT('Ctrl Pts',(-0.332967501211365,-7.05241540868627,
25.2026792918677));
#8746=CARTESIAN_POINT('Ctrl Pts',(-0.271122497095589,-7.0547921721032,25.2216913388111));
#8747=CARTESIAN_POINT('',(-1.234801304002,-6.95117729162729,24.871076552663));
#8748=CARTESIAN_POINT('Ctrl Pts',(-1.234801304002,-6.95117729162729,24.871076552663));
#8749=CARTESIAN_POINT('Ctrl Pts',(-1.14374262703995,-6.96735287863021,24.9058797281615));
#8750=CARTESIAN_POINT('Ctrl Pts',(-1.05242753839635,-6.98172828411082,24.9406594391391));
#8751=CARTESIAN_POINT('Ctrl Pts',(-0.869286088825543,-7.0068877008628,25.0102255559114));
#8752=CARTESIAN_POINT('Ctrl Pts',(-0.777477293829331,-7.0176692989799,25.0450052668887));
#8753=CARTESIAN_POINT('Ctrl Pts',(-0.685429966140179,-7.02664825941338,
25.0798084423877));
#8754=CARTESIAN_POINT('',(-1.234801304002,-6.95117729162729,25.5491127655841));
#8755=CARTESIAN_POINT('',(-1.234801304002,-6.95117729162729,25.5491127655841));
#8756=CARTESIAN_POINT('Ctrl Pts',(-0.652789119454591,-7.02975578277949,
25.329467265401));
#8757=CARTESIAN_POINT('Ctrl Pts',(-0.847770981384201,-7.01164960073111,
25.4026824321287));
#8758=CARTESIAN_POINT('Ctrl Pts',(-1.04199894602472,-6.98542654079143,25.4758975988564));
#8759=CARTESIAN_POINT('Ctrl Pts',(-1.234801304002,-6.95117729162729,25.5491127655841));
#8760=CARTESIAN_POINT('Ctrl Pts',(-0.270738288829382,-7.04479481113931,
27.0852657244541));
#8761=CARTESIAN_POINT('Ctrl Pts',(-0.270866418618404,-7.04812883558322,
27.0852657244541));
#8762=CARTESIAN_POINT('Ctrl Pts',(-0.270994548407427,-7.05146286002712,
27.0852657244541));
#8763=CARTESIAN_POINT('Ctrl Pts',(-0.271122678196449,-7.05479688447102,
27.0852657244541));
#8764=CARTESIAN_POINT('Ctrl Pts',(-0.334928031745458,-7.04232793713514,
27.0993909204134));
#8765=CARTESIAN_POINT('Ctrl Pts',(-0.335086540199188,-7.04566079678142,
27.0993909204134));
#8766=CARTESIAN_POINT('Ctrl Pts',(-0.335245048105131,-7.04899364840471,
27.0993909204134));
#8767=CARTESIAN_POINT('Ctrl Pts',(-0.335403556558859,-7.05232650805097,
27.0993909204134));
#8768=CARTESIAN_POINT('Ctrl Pts',(-0.464196897066304,-7.03556113888757,
27.1278523821084));
#8769=CARTESIAN_POINT('Ctrl Pts',(-0.464416583203799,-7.03889079340083,
27.1278523821084));
#8770=CARTESIAN_POINT('Ctrl Pts',(-0.464636269358354,-7.04222044790377,
27.1278523821084));
#8771=CARTESIAN_POINT('Ctrl Pts',(-0.46485595549585,-7.04555010241703,27.1278523821084));
#8772=CARTESIAN_POINT('Ctrl Pts',(-0.589051257658605,-7.02562675048215,
27.1712051243327));
#8773=CARTESIAN_POINT('Ctrl Pts',(-0.589330032291995,-7.02895170073532,
27.1712051243327));
#8774=CARTESIAN_POINT('Ctrl Pts',(-0.589608807436327,-7.03227665908424,
27.1712051243327));
#8775=CARTESIAN_POINT('Ctrl Pts',(-0.589887582069718,-7.03560160933745,
27.1712051243327));
#8776=CARTESIAN_POINT('Ctrl Pts',(-0.651864050607588,-7.01979390093606,
27.1930422470905));
#8777=CARTESIAN_POINT('Ctrl Pts',(-0.652172552237103,-7.02311609343198,
27.1930422470905));
#8778=CARTESIAN_POINT('Ctrl Pts',(-0.652481053866616,-7.02643828592791,
27.1930422470905));
#8779=CARTESIAN_POINT('Ctrl Pts',(-0.65278955549613,-7.02976047842382,27.1930422470905));
#8780=CARTESIAN_POINT('',(-0.270738470895737,-7.04479954862997,27.0852657244541));
#8781=CARTESIAN_POINT('',(-0.651864488973777,-7.01979862161408,27.1930422470905));
#8782=CARTESIAN_POINT('Ctrl Pts',(-0.270738470895737,-7.04479954862997,
27.0852657244541));
#8783=CARTESIAN_POINT('Ctrl Pts',(-0.335415960244718,-7.04231393006171,
27.0994982412915));
#8784=CARTESIAN_POINT('Ctrl Pts',(-0.399700004788648,-7.03895141972761,
27.1136307131809));
#8785=CARTESIAN_POINT('Ctrl Pts',(-0.527117852585237,-7.0305550344814,27.1496982168938));
#8786=CARTESIAN_POINT('Ctrl Pts',(-0.589894734593795,-7.02555318587556,
27.1714982246056));
#8787=CARTESIAN_POINT('Ctrl Pts',(-0.651864488973777,-7.01979862161408,
27.1930422470905));
#8788=CARTESIAN_POINT('',(-0.270738470895737,-7.04479954862997,27.0852657244541));
#8789=CARTESIAN_POINT('',(-0.651864488973777,-7.01979862161408,27.1930422470905));
#8790=CARTESIAN_POINT('Ctrl Pts',(-0.684461688431096,-7.016691821863,26.9433817297633));
#8791=CARTESIAN_POINT('Ctrl Pts',(-0.684785522743996,-7.02001157753872,
26.9433817297633));
#8792=CARTESIAN_POINT('Ctrl Pts',(-0.685109357056879,-7.02333133321417,
26.9433817297633));
#8793=CARTESIAN_POINT('Ctrl Pts',(-0.685433191369778,-7.02665108888989,
26.9433817297633));
#8794=CARTESIAN_POINT('Ctrl Pts',(-0.608488132278302,-7.02410286221809,
26.9719834429481));
#8795=CARTESIAN_POINT('Ctrl Pts',(-0.608776021646852,-7.02742612193538,
26.9719834429481));
#8796=CARTESIAN_POINT('Ctrl Pts',(-0.609063911422475,-7.0307493885155,26.9719834429481));
#8797=CARTESIAN_POINT('Ctrl Pts',(-0.609351800791048,-7.03407264823317,
26.9719834429481));
#8798=CARTESIAN_POINT('Ctrl Pts',(-0.472030770359646,-7.0352029552539,27.0232748069402));
#8799=CARTESIAN_POINT('Ctrl Pts',(-0.472254098802331,-7.03853146909036,
27.0232748069402));
#8800=CARTESIAN_POINT('Ctrl Pts',(-0.472477427232881,-7.04185998255284,
27.0232748069402));
#8801=CARTESIAN_POINT('Ctrl Pts',(-0.472700755675565,-7.04518849638927,
27.0232748069402));
#8802=CARTESIAN_POINT('Ctrl Pts',(-0.332493699717956,-7.0424228498502,27.0662540226427));
#8803=CARTESIAN_POINT('Ctrl Pts',(-0.332651010118434,-7.04575478113355,
27.0662540226427));
#8804=CARTESIAN_POINT('Ctrl Pts',(-0.332808320196861,-7.04908670739207,
27.0662540226427));
#8805=CARTESIAN_POINT('Ctrl Pts',(-0.332965630597321,-7.05241863867514,
27.0662540226427));
#8806=CARTESIAN_POINT('Ctrl Pts',(-0.270735350609455,-7.04479625651865,
27.0852666447414));
#8807=CARTESIAN_POINT('Ctrl Pts',(-0.270863441630062,-7.04812930903819,
27.0852666447414));
#8808=CARTESIAN_POINT('Ctrl Pts',(-0.270991532650684,-7.05146236155797,
27.0852666447414));
#8809=CARTESIAN_POINT('Ctrl Pts',(-0.27111962367129,-7.05479541407751,27.0852666447414));
#8810=CARTESIAN_POINT('',(-0.684459102165476,-7.01669549983914,26.9433828280307));
#8811=CARTESIAN_POINT('Ctrl Pts',(-0.684459102165472,-7.01669549983914,
26.9433828280307));
#8812=CARTESIAN_POINT('Ctrl Pts',(-0.616569049690542,-7.02331798536157,
26.9689413366757));
#8813=CARTESIAN_POINT('Ctrl Pts',(-0.548120260100251,-7.02900029297534,
26.9946738774016));
#8814=CARTESIAN_POINT('Ctrl Pts',(-0.406597609303703,-7.03864221631594,
27.0435111264222));
#8815=CARTESIAN_POINT('Ctrl Pts',(-0.336996101444006,-7.04225320370476,
27.0648679851917));
#8816=CARTESIAN_POINT('Ctrl Pts',(-0.270738470895733,-7.04479954862997,
27.0852657244541));
#8817=CARTESIAN_POINT('',(-0.684459102165476,-7.01669549983914,26.9433828280307));
#8818=CARTESIAN_POINT('Ctrl Pts',(-1.23305229365639,-6.94133143144085,26.7346515343525));
#8819=CARTESIAN_POINT('Ctrl Pts',(-1.23363529710493,-6.94461338483633,26.7346515343525));
#8820=CARTESIAN_POINT('Ctrl Pts',(-1.23421830055347,-6.94789533823181,26.7346515343525));
#8821=CARTESIAN_POINT('Ctrl Pts',(-1.234801304002,-6.95117729162729,26.7346515343525));
#8822=CARTESIAN_POINT('Ctrl Pts',(-1.05126880634729,-6.97362329766122,26.8042286322452));
#8823=CARTESIAN_POINT('Ctrl Pts',(-1.05176586021027,-6.97692051945317,26.8042286322452));
#8824=CARTESIAN_POINT('Ctrl Pts',(-1.05226291391176,-6.98021774012128,26.8042286322452));
#8825=CARTESIAN_POINT('Ctrl Pts',(-1.05275996777474,-6.98351496191323,26.8042286322452));
#8826=CARTESIAN_POINT('Ctrl Pts',(-0.868216266038869,-6.99877050032845,
26.873805730138));
#8827=CARTESIAN_POINT('Ctrl Pts',(-0.868626770232751,-7.00207961205138,
26.873805730138));
#8828=CARTESIAN_POINT('Ctrl Pts',(-0.869037274279084,-7.00538872264855,
26.873805730138));
#8829=CARTESIAN_POINT('Ctrl Pts',(-0.869447778472967,-7.00869783437147,
26.873805730138));
#8830=CARTESIAN_POINT('Ctrl Pts',(-0.684459102165476,-7.01669549983914,
26.9433828280307));
#8831=CARTESIAN_POINT('Ctrl Pts',(-0.684782723490377,-7.02001308636389,
26.9433828280307));
#8832=CARTESIAN_POINT('Ctrl Pts',(-0.685106344815278,-7.02333067288863,
26.9433828280307));
#8833=CARTESIAN_POINT('Ctrl Pts',(-0.685429966140179,-7.02664825941338,
26.9433828280307));
#8834=CARTESIAN_POINT('',(-1.23305229365639,-6.94133143144085,26.7346515343525));
#8835=CARTESIAN_POINT('Ctrl Pts',(-1.23305229365639,-6.94133143144085,26.7346515343525));
#8836=CARTESIAN_POINT('Ctrl Pts',(-1.14215762849083,-6.9574778835258,26.7694412014986));
#8837=CARTESIAN_POINT('Ctrl Pts',(-1.05095458064633,-6.97183742048374,26.8042275164628));
#8838=CARTESIAN_POINT('Ctrl Pts',(-0.868037262982142,-6.99696604667433,
26.8738068459204));
#8839=CARTESIAN_POINT('Ctrl Pts',(-0.776340637333062,-7.00773271200435,
26.9085931608845));
#8840=CARTESIAN_POINT('Ctrl Pts',(-0.684459102165476,-7.01669549983914,
26.9433828280307));
#8841=CARTESIAN_POINT('',(-1.23305229365639,-6.94133143144085,26.7346515343525));
#8842=CARTESIAN_POINT('Origin',(-1.23305229365639,-6.94133143144085,27.0736693427898));
#8843=CARTESIAN_POINT('',(-1.23305229365639,-6.94133143144085,27.4126871512271));
#8844=CARTESIAN_POINT('',(-1.23305229365639,-6.94133143144085,0.));
#8845=CARTESIAN_POINT('',(-1.23305229365639,-6.94133143144085,27.4126871512271));
#8846=CARTESIAN_POINT('Ctrl Pts',(-0.651864488973777,-7.01979862161408,
27.1930422470905));
#8847=CARTESIAN_POINT('Ctrl Pts',(-0.652172699134049,-7.02311767533589,
27.1930422470905));
#8848=CARTESIAN_POINT('Ctrl Pts',(-0.65248090929432,-7.02643672905769,27.1930422470905));
#8849=CARTESIAN_POINT('Ctrl Pts',(-0.652789119454591,-7.02975578277949,
27.1930422470905));
#8850=CARTESIAN_POINT('Ctrl Pts',(-0.8465701726287,-7.00171808571591,27.266257215136));
#8851=CARTESIAN_POINT('Ctrl Pts',(-0.846970442274481,-7.0050285911933,27.266257215136));
#8852=CARTESIAN_POINT('Ctrl Pts',(-0.84737071173842,-7.00833909525372,27.266257215136));
#8853=CARTESIAN_POINT('Ctrl Pts',(-0.847770981384201,-7.01164960073111,
27.266257215136));
#8854=CARTESIAN_POINT('Ctrl Pts',(-1.04052302683772,-6.97553216892062,27.3394721831816));
#8855=CARTESIAN_POINT('Ctrl Pts',(-1.04101499996686,-6.97883029334904,27.3394721831816));
#8856=CARTESIAN_POINT('Ctrl Pts',(-1.04150697289557,-6.982128416363,27.3394721831816));
#8857=CARTESIAN_POINT('Ctrl Pts',(-1.04199894602472,-6.98542654079143,27.3394721831816));
#8858=CARTESIAN_POINT('Ctrl Pts',(-1.23305229365639,-6.94133143144085,27.4126871512271));
#8859=CARTESIAN_POINT('Ctrl Pts',(-1.23363529710493,-6.94461338483633,27.4126871512271));
#8860=CARTESIAN_POINT('Ctrl Pts',(-1.23421830055346,-6.94789533823181,27.4126871512271));
#8861=CARTESIAN_POINT('Ctrl Pts',(-1.234801304002,-6.95117729162729,27.4126871512271));
#8862=CARTESIAN_POINT('Ctrl Pts',(-0.651864488973777,-7.01979862161408,
27.1930422470905));
#8863=CARTESIAN_POINT('Ctrl Pts',(-0.8465701726287,-7.00171808571591,27.266257215136));
#8864=CARTESIAN_POINT('Ctrl Pts',(-1.04052302683772,-6.97553216892062,27.3394721831816));
#8865=CARTESIAN_POINT('Ctrl Pts',(-1.23305229365639,-6.94133143144085,27.4126871512271));
#8866=CARTESIAN_POINT('Origin',(-0.0607086665626014,-7.04973860918291,27.0791264460422));
#8867=CARTESIAN_POINT('',(-0.0607086665626008,-7.04973860918291,27.2216912196018));
#8868=CARTESIAN_POINT('',(-0.0607086665626014,-7.04973860918291,26.9365616724826));
#8869=CARTESIAN_POINT('Ctrl Pts',(-2.03153625357754,-6.75082854655688,27.9898001487453));
#8870=CARTESIAN_POINT('Ctrl Pts',(-2.03250821372993,-6.75405838620357,27.9898001487453));
#8871=CARTESIAN_POINT('Ctrl Pts',(-2.03348017388668,-6.75728822587527,27.9898001487453));
#8872=CARTESIAN_POINT('Ctrl Pts',(-2.03445213403917,-6.76051806552254,27.9898001487453));
#8873=CARTESIAN_POINT('Ctrl Pts',(-1.39310663391432,-6.94295211532033,27.7337531218023));
#8874=CARTESIAN_POINT('Ctrl Pts',(-1.39377315832258,-6.94627394249811,27.7337531218023));
#8875=CARTESIAN_POINT('Ctrl Pts',(-1.39443964797152,-6.94959557058365,27.7337531218023));
#8876=CARTESIAN_POINT('Ctrl Pts',(-1.39510617157338,-6.95291739314262,27.7337531218023));
#8877=CARTESIAN_POINT('Ctrl Pts',(-0.727310493161191,-7.04388739373541,
27.4777060948594));
#8878=CARTESIAN_POINT('Ctrl Pts',(-0.727658473615635,-7.04725751245576,
27.4777060948594));
#8879=CARTESIAN_POINT('Ctrl Pts',(-0.728006428258647,-7.05062743072734,
27.4777060948594));
#8880=CARTESIAN_POINT('Ctrl Pts',(-0.728354408114282,-7.05399754479741,
27.4777060948594));
#8881=CARTESIAN_POINT('Ctrl Pts',(-0.0606239285095529,-7.04962058226535,
27.2216590679165));
#8882=CARTESIAN_POINT('Ctrl Pts',(-0.0606529331805295,-7.05299337478939,
27.2216590679165));
#8883=CARTESIAN_POINT('Ctrl Pts',(-0.0606819378547476,-7.05636616733861,
27.2216590679165));
#8884=CARTESIAN_POINT('Ctrl Pts',(-0.0607109425257994,-7.05973895986323,
27.2216590679165));
#8885=CARTESIAN_POINT('',(-2.0314903050399,-6.75096638567612,27.98976799706));
#8886=CARTESIAN_POINT('Origin',(-2.0314903050399,-6.75096638567612,27.8492494509555));
#8887=CARTESIAN_POINT('',(-2.0314903050399,-6.75096638567612,27.7087309048511));
#8888=CARTESIAN_POINT('Ctrl Pts',(-1.44467286121704,-6.90039276592738,27.489085404668));
#8889=CARTESIAN_POINT('Ctrl Pts',(-1.44535592167152,-6.90365536297983,27.489085404668));
#8890=CARTESIAN_POINT('Ctrl Pts',(-1.446038982126,-6.90691796003228,27.489085404668));
#8891=CARTESIAN_POINT('Ctrl Pts',(-1.44672204258047,-6.91018055708473,27.489085404668));
#8892=CARTESIAN_POINT('Ctrl Pts',(-1.64229809320798,-6.8590177574266,27.5623005713957));
#8893=CARTESIAN_POINT('Ctrl Pts',(-1.64307459361847,-6.86226079235273,27.5623005713957));
#8894=CARTESIAN_POINT('Ctrl Pts',(-1.64385109363892,-6.86550382570248,27.5623005713957));
#8895=CARTESIAN_POINT('Ctrl Pts',(-1.64462759404941,-6.86874686062862,27.5623005713957));
#8896=CARTESIAN_POINT('Ctrl Pts',(-1.83814460090549,-6.80914767425483,27.6355157381234));
#8897=CARTESIAN_POINT('Ctrl Pts',(-1.8390137001447,-6.81236712994361,27.6355157381234));
#8898=CARTESIAN_POINT('Ctrl Pts',(-1.83988279897253,-6.81558658406144,27.6355157381234));
#8899=CARTESIAN_POINT('Ctrl Pts',(-1.84075189821174,-6.81880603975022,27.6355157381234));
#8900=CARTESIAN_POINT('Ctrl Pts',(-2.0314903050399,-6.75096638567612,27.7087309048511));
#8901=CARTESIAN_POINT('Ctrl Pts',(-2.03245082055056,-6.75415833195776,27.7087309048511));
#8902=CARTESIAN_POINT('Ctrl Pts',(-2.03341133606121,-6.75735027823941,27.7087309048511));
#8903=CARTESIAN_POINT('Ctrl Pts',(-2.03437185157187,-6.76054222452105,27.7087309048511));
#8904=CARTESIAN_POINT('',(-1.44467286121704,-6.90039276592738,27.489085404668));
#8905=CARTESIAN_POINT('Origin',(-1.44467286121704,-6.90039276592738,27.0709409401752));
#8906=CARTESIAN_POINT('',(-1.44467286121704,-6.90039276592738,26.6527964756824));
#8907=CARTESIAN_POINT('Ctrl Pts',(-2.0314903050399,-6.75096638567612,26.4195086644031));
#8908=CARTESIAN_POINT('Ctrl Pts',(-2.03245082055056,-6.75415833195776,26.4195086644031));
#8909=CARTESIAN_POINT('Ctrl Pts',(-2.03341133606121,-6.75735027823941,26.4195086644031));
#8910=CARTESIAN_POINT('Ctrl Pts',(-2.03437185157187,-6.76054222452105,26.4195086644031));
#8911=CARTESIAN_POINT('Ctrl Pts',(-1.83814460090549,-6.80914767425483,26.4972712681629));
#8912=CARTESIAN_POINT('Ctrl Pts',(-1.8390137001447,-6.81236712994361,26.4972712681629));
#8913=CARTESIAN_POINT('Ctrl Pts',(-1.83988279897253,-6.81558658406144,26.4972712681629));
#8914=CARTESIAN_POINT('Ctrl Pts',(-1.84075189821174,-6.81880603975022,26.4972712681629));
#8915=CARTESIAN_POINT('Ctrl Pts',(-1.64229809320798,-6.8590177574266,26.5750338719226));
#8916=CARTESIAN_POINT('Ctrl Pts',(-1.64307459361847,-6.86226079235273,26.5750338719226));
#8917=CARTESIAN_POINT('Ctrl Pts',(-1.64385109363892,-6.86550382570248,26.5750338719226));
#8918=CARTESIAN_POINT('Ctrl Pts',(-1.64462759404941,-6.86874686062862,26.5750338719226));
#8919=CARTESIAN_POINT('Ctrl Pts',(-1.44467286121704,-6.90039276592738,26.6527964756824));
#8920=CARTESIAN_POINT('Ctrl Pts',(-1.44535592167152,-6.90365536297983,26.6527964756824));
#8921=CARTESIAN_POINT('Ctrl Pts',(-1.446038982126,-6.90691796003228,26.6527964756824));
#8922=CARTESIAN_POINT('Ctrl Pts',(-1.44672204258047,-6.91018055708473,26.6527964756824));
#8923=CARTESIAN_POINT('',(-2.0314903050399,-6.75096638567612,26.4195086644031));
#8924=CARTESIAN_POINT('Origin',(-2.0314903050399,-6.75096638567612,26.1323325918056));
#8925=CARTESIAN_POINT('',(-2.0314903050399,-6.75096638567612,25.8451565192081));
#8926=CARTESIAN_POINT('Ctrl Pts',(-1.44467286121704,-6.90039276592738,25.625511019025));
#8927=CARTESIAN_POINT('Ctrl Pts',(-1.44535592167152,-6.90365536297983,25.625511019025));
#8928=CARTESIAN_POINT('Ctrl Pts',(-1.446038982126,-6.90691796003228,25.625511019025));
#8929=CARTESIAN_POINT('Ctrl Pts',(-1.44672204258047,-6.91018055708473,25.625511019025));
#8930=CARTESIAN_POINT('Ctrl Pts',(-1.64229809320798,-6.8590177574266,25.6987261857527));
#8931=CARTESIAN_POINT('Ctrl Pts',(-1.64307459361847,-6.86226079235273,25.6987261857527));
#8932=CARTESIAN_POINT('Ctrl Pts',(-1.64385109363892,-6.86550382570248,25.6987261857527));
#8933=CARTESIAN_POINT('Ctrl Pts',(-1.64462759404941,-6.86874686062862,25.6987261857527));
#8934=CARTESIAN_POINT('Ctrl Pts',(-1.83814460090549,-6.80914767425483,25.7719413524804));
#8935=CARTESIAN_POINT('Ctrl Pts',(-1.8390137001447,-6.81236712994361,25.7719413524804));
#8936=CARTESIAN_POINT('Ctrl Pts',(-1.83988279897253,-6.81558658406144,25.7719413524804));
#8937=CARTESIAN_POINT('Ctrl Pts',(-1.84075189821174,-6.81880603975022,25.7719413524804));
#8938=CARTESIAN_POINT('Ctrl Pts',(-2.0314903050399,-6.75096638567612,25.8451565192081));
#8939=CARTESIAN_POINT('Ctrl Pts',(-2.03245082055056,-6.75415833195776,25.8451565192081));
#8940=CARTESIAN_POINT('Ctrl Pts',(-2.03341133606121,-6.75735027823941,25.8451565192081));
#8941=CARTESIAN_POINT('Ctrl Pts',(-2.03437185157187,-6.76054222452105,25.8451565192081));
#8942=CARTESIAN_POINT('',(-1.44467286121704,-6.90039276592738,25.625511019025));
#8943=CARTESIAN_POINT('Origin',(-1.44467286121704,-6.90039276592738,25.2073668525554));
#8944=CARTESIAN_POINT('',(-1.44467286121704,-6.90039276592738,24.7892226860859));
#8945=CARTESIAN_POINT('Ctrl Pts',(-2.0314903050399,-6.75096638567612,24.5559348748066));
#8946=CARTESIAN_POINT('Ctrl Pts',(-2.03245082055056,-6.75415833195776,24.5559348748066));
#8947=CARTESIAN_POINT('Ctrl Pts',(-2.03341133606121,-6.75735027823941,24.5559348748066));
#8948=CARTESIAN_POINT('Ctrl Pts',(-2.03437185157187,-6.76054222452105,24.5559348748066));
#8949=CARTESIAN_POINT('Ctrl Pts',(-1.83814460090549,-6.80914767425483,24.6336974785663));
#8950=CARTESIAN_POINT('Ctrl Pts',(-1.8390137001447,-6.81236712994361,24.6336974785663));
#8951=CARTESIAN_POINT('Ctrl Pts',(-1.83988279897253,-6.81558658406144,24.6336974785663));
#8952=CARTESIAN_POINT('Ctrl Pts',(-1.84075189821174,-6.81880603975022,24.6336974785663));
#8953=CARTESIAN_POINT('Ctrl Pts',(-1.64229809320798,-6.8590177574266,24.7114600823261));
#8954=CARTESIAN_POINT('Ctrl Pts',(-1.64307459361847,-6.86226079235273,24.7114600823261));
#8955=CARTESIAN_POINT('Ctrl Pts',(-1.64385109363892,-6.86550382570248,24.7114600823261));
#8956=CARTESIAN_POINT('Ctrl Pts',(-1.64462759404941,-6.86874686062862,24.7114600823261));
#8957=CARTESIAN_POINT('Ctrl Pts',(-1.44467286121704,-6.90039276592738,24.7892226860859));
#8958=CARTESIAN_POINT('Ctrl Pts',(-1.44535592167152,-6.90365536297983,24.7892226860859));
#8959=CARTESIAN_POINT('Ctrl Pts',(-1.446038982126,-6.90691796003228,24.7892226860859));
#8960=CARTESIAN_POINT('Ctrl Pts',(-1.44672204258047,-6.91018055708473,24.7892226860859));
#8961=CARTESIAN_POINT('',(-2.0314903050399,-6.75096638567612,24.5559348748066));
#8962=CARTESIAN_POINT('Origin',(-2.0314903050399,-6.75096638567612,24.4051839993335));
#8963=CARTESIAN_POINT('',(-2.0314903050399,-6.75096638567612,24.2544331238605));
#8964=CARTESIAN_POINT('Ctrl Pts',(-0.0606239285095514,-7.04962058226535,
25.0730215515077));
#8965=CARTESIAN_POINT('Ctrl Pts',(-0.060652933180528,-7.0529933747894,25.0730215515077));
#8966=CARTESIAN_POINT('Ctrl Pts',(-0.060681937854746,-7.05636616733861,
25.0730215515077));
#8967=CARTESIAN_POINT('Ctrl Pts',(-0.0607109425257979,-7.05973895986324,
25.0730215515077));
#8968=CARTESIAN_POINT('Ctrl Pts',(-0.727310493161191,-7.0438873937354,24.8001473207359));
#8969=CARTESIAN_POINT('Ctrl Pts',(-0.727658473615636,-7.04725751245575,
24.8001473207359));
#8970=CARTESIAN_POINT('Ctrl Pts',(-0.728006428258646,-7.05062743072734,
24.8001473207359));
#8971=CARTESIAN_POINT('Ctrl Pts',(-0.728354408114282,-7.05399754479741,
24.8001473207359));
#8972=CARTESIAN_POINT('Ctrl Pts',(-1.39310663391432,-6.94295211532031,24.5272730899642));
#8973=CARTESIAN_POINT('Ctrl Pts',(-1.39377315832258,-6.94627394249811,24.5272730899642));
#8974=CARTESIAN_POINT('Ctrl Pts',(-1.39443964797152,-6.94959557058365,24.5272730899642));
#8975=CARTESIAN_POINT('Ctrl Pts',(-1.39510617157339,-6.95291739314262,24.5272730899642));
#8976=CARTESIAN_POINT('Ctrl Pts',(-2.03153625357754,-6.75082854655688,24.2543988591924));
#8977=CARTESIAN_POINT('Ctrl Pts',(-2.03250821372993,-6.75405838620357,24.2543988591924));
#8978=CARTESIAN_POINT('Ctrl Pts',(-2.03348017388668,-6.75728822587527,24.2543988591924));
#8979=CARTESIAN_POINT('Ctrl Pts',(-2.03445213403917,-6.76051806552254,24.2543988591924));
#8980=CARTESIAN_POINT('',(-0.0607086665626014,-7.04973860918291,25.0729872868396));
#8981=CARTESIAN_POINT('Origin',(-0.0607086665626014,-7.04973860918291,25.2155520603992));
#8982=CARTESIAN_POINT('',(-0.0607086665626011,-7.04973860918291,25.3581168339588));
#8983=CARTESIAN_POINT('Ctrl Pts',(-2.02165360841075,-6.75379719590488,26.122262252484));
#8984=CARTESIAN_POINT('Ctrl Pts',(-2.02262060774561,-6.75702767879374,26.122262252484));
#8985=CARTESIAN_POINT('Ctrl Pts',(-2.02358760708465,-6.76025816170671,26.122262252484));
#8986=CARTESIAN_POINT('Ctrl Pts',(-2.02455460641962,-6.76348864459613,26.122262252484));
#8987=CARTESIAN_POINT('Ctrl Pts',(-1.38623896010353,-6.94399962893752,25.8675366150526));
#8988=CARTESIAN_POINT('Ctrl Pts',(-1.38690203895214,-6.94732115682715,25.8675366150526));
#8989=CARTESIAN_POINT('Ctrl Pts',(-1.38756508395035,-6.95064248985628,25.8675366150526));
#8990=CARTESIAN_POINT('Ctrl Pts',(-1.38822816202933,-6.95396401331566,25.8675366150526));
#8991=CARTESIAN_POINT('Ctrl Pts',(-0.723872379560231,-7.04391922719896,
25.6128109776212));
#8992=CARTESIAN_POINT('Ctrl Pts',(-0.724218631573018,-7.04728854918189,
25.6128109776212));
#8993=CARTESIAN_POINT('Ctrl Pts',(-0.724564858447588,-7.05065767499006,
25.6128109776212));
#8994=CARTESIAN_POINT('Ctrl Pts',(-0.724911109888847,-7.05402699251288,
25.6128109776212));
#8995=CARTESIAN_POINT('Ctrl Pts',(-0.0606256624022138,-7.04962299735745,
25.3580853401898));
#8996=CARTESIAN_POINT('Ctrl Pts',(-0.0606546609274288,-7.05299497993369,
25.3580853401898));
#8997=CARTESIAN_POINT('Ctrl Pts',(-0.0606836594557522,-7.05636696253418,
25.3580853401898));
#8998=CARTESIAN_POINT('Ctrl Pts',(-0.060712657981038,-7.05973894511096,
25.3580853401898));
#8999=CARTESIAN_POINT('',(-2.02160840250265,-6.75393214852879,26.122230758715));
#9000=CARTESIAN_POINT('Ctrl Pts',(-0.0606256624022136,-7.04962299735745,
26.9365952359983));
#9001=CARTESIAN_POINT('Ctrl Pts',(-0.0606546609274287,-7.0529949799337,
26.9365952359983));
#9002=CARTESIAN_POINT('Ctrl Pts',(-0.0606836594557521,-7.05636696253418,
26.9365952359983));
#9003=CARTESIAN_POINT('Ctrl Pts',(-0.0607126579810379,-7.05973894511096,
26.9365952359983));
#9004=CARTESIAN_POINT('Ctrl Pts',(-0.723872379560232,-7.04391922719896,
26.6651292223987));
#9005=CARTESIAN_POINT('Ctrl Pts',(-0.724218631573017,-7.04728854918189,
26.6651292223987));
#9006=CARTESIAN_POINT('Ctrl Pts',(-0.724564858447588,-7.05065767499006,
26.6651292223987));
#9007=CARTESIAN_POINT('Ctrl Pts',(-0.724911109888847,-7.05402699251288,
26.6651292223987));
#9008=CARTESIAN_POINT('Ctrl Pts',(-1.38623896010353,-6.94399962893752,26.3936632087991));
#9009=CARTESIAN_POINT('Ctrl Pts',(-1.38690203895213,-6.94732115682715,26.3936632087991));
#9010=CARTESIAN_POINT('Ctrl Pts',(-1.38756508395034,-6.95064248985627,26.3936632087991));
#9011=CARTESIAN_POINT('Ctrl Pts',(-1.38822816202933,-6.95396401331566,26.3936632087991));
#9012=CARTESIAN_POINT('Ctrl Pts',(-2.02165360841075,-6.75379719590488,26.1221971951993));
#9013=CARTESIAN_POINT('Ctrl Pts',(-2.02262060774561,-6.75702767879374,26.1221971951993));
#9014=CARTESIAN_POINT('Ctrl Pts',(-2.02358760708465,-6.7602581617067,26.1221971951993));
#9015=CARTESIAN_POINT('Ctrl Pts',(-2.02455460641962,-6.76348864459613,26.1221971951993));
#9016=CARTESIAN_POINT('Ctrl Pts',(-0.270738288850496,-7.04479481168873,
25.2216913388111));
#9017=CARTESIAN_POINT('Ctrl Pts',(-0.270866418625551,-7.04812883576919,
25.2216913388111));
#9018=CARTESIAN_POINT('Ctrl Pts',(-0.270994548400606,-7.05146285984964,
25.2216913388111));
#9019=CARTESIAN_POINT('Ctrl Pts',(-0.271122678175661,-7.0547968839301,25.2216913388111));
#9020=CARTESIAN_POINT('Ctrl Pts',(-0.334927992774823,-7.04232793918306,
25.2358168655385));
#9021=CARTESIAN_POINT('Ctrl Pts',(-0.335086501192797,-7.04566079846642,
25.2358168655385));
#9022=CARTESIAN_POINT('Ctrl Pts',(-0.335245009063047,-7.04899364972771,
25.2358168655385));
#9023=CARTESIAN_POINT('Ctrl Pts',(-0.335403517481019,-7.05232650901104,
25.2358168655385));
#9024=CARTESIAN_POINT('Ctrl Pts',(-0.464196614135595,-7.03556115801023,
25.2642789572315));
#9025=CARTESIAN_POINT('Ctrl Pts',(-0.464416300115224,-7.03889081216929,
25.2642789572315));
#9026=CARTESIAN_POINT('Ctrl Pts',(-0.464635986111914,-7.04222046631807,
25.2642789572315));
#9027=CARTESIAN_POINT('Ctrl Pts',(-0.464855672091544,-7.04555012047714,
25.2642789572315));
#9028=CARTESIAN_POINT('Ctrl Pts',(-0.589051215877777,-7.02562675491415,
25.3076306824792));
#9029=CARTESIAN_POINT('Ctrl Pts',(-0.589329990461001,-7.02895170480702,
25.3076306824792));
#9030=CARTESIAN_POINT('Ctrl Pts',(-0.589608765555109,-7.03227666279468,
25.3076306824792));
#9031=CARTESIAN_POINT('Ctrl Pts',(-0.589887540138336,-7.03560161268759,
25.3076306824792));
#9032=CARTESIAN_POINT('Ctrl Pts',(-0.651864050658427,-7.01979390148353,
25.329467265401));
#9033=CARTESIAN_POINT('Ctrl Pts',(-0.652172552254311,-7.0231160936173,25.329467265401));
#9034=CARTESIAN_POINT('Ctrl Pts',(-0.652481053850194,-7.02643828575106,
25.329467265401));
#9035=CARTESIAN_POINT('Ctrl Pts',(-0.652789555446078,-7.02976047788482,
25.329467265401));
#9036=CARTESIAN_POINT('',(-0.270738470895737,-7.04479954862997,25.2216913388111));
#9037=CARTESIAN_POINT('',(-0.651864488973777,-7.01979862161408,25.329467265401));
#9038=CARTESIAN_POINT('Ctrl Pts',(-0.270738470895734,-7.04479954862997,
25.2216913388111));
#9039=CARTESIAN_POINT('Ctrl Pts',(-0.335415858076575,-7.04231393398814,
25.2359241750935));
#9040=CARTESIAN_POINT('Ctrl Pts',(-0.399699821075688,-7.03895142960673,
25.2500569750106));
#9041=CARTESIAN_POINT('Ctrl Pts',(-0.527117603053018,-7.03055505310902,
25.2861242496829));
#9042=CARTESIAN_POINT('Ctrl Pts',(-0.589894564471632,-7.02555320167325,
25.3079237307099));
#9043=CARTESIAN_POINT('Ctrl Pts',(-0.651864488973774,-7.01979862161408,
25.329467265401));
#9044=CARTESIAN_POINT('',(-0.270738470895737,-7.04479954862997,25.2216913388111));
#9045=CARTESIAN_POINT('',(-0.651864488973777,-7.01979862161408,25.329467265401));
#9046=CARTESIAN_POINT('Ctrl Pts',(-0.684461688764817,-7.01669182138384,
25.0798073439659));
#9047=CARTESIAN_POINT('Ctrl Pts',(-0.684785523105497,-7.02001157734251,
25.0798073439659));
#9048=CARTESIAN_POINT('Ctrl Pts',(-0.685109357446161,-7.0233313333009,25.0798073439659));
#9049=CARTESIAN_POINT('Ctrl Pts',(-0.685433191786841,-7.02665108925957,
25.0798073439659));
#9050=CARTESIAN_POINT('Ctrl Pts',(-0.608488170644342,-7.024102858033,25.1084093696885));
#9051=CARTESIAN_POINT('Ctrl Pts',(-0.608776060055584,-7.02742611803148,
25.1084093696886));
#9052=CARTESIAN_POINT('Ctrl Pts',(-0.60906394987395,-7.0307493848937,25.1084093696886));
#9053=CARTESIAN_POINT('Ctrl Pts',(-0.609351839285215,-7.03407264489256,
25.1084093696886));
#9054=CARTESIAN_POINT('Ctrl Pts',(-0.472030983526933,-7.03520294098591,
25.159701254256));
#9055=CARTESIAN_POINT('Ctrl Pts',(-0.472254312089522,-7.03853145509956,
25.159701254256));
#9056=CARTESIAN_POINT('Ctrl Pts',(-0.472477640639974,-7.04185996883917,
25.159701254256));
#9057=CARTESIAN_POINT('Ctrl Pts',(-0.472700969202563,-7.04518848295279,
25.159701254256));
#9058=CARTESIAN_POINT('Ctrl Pts',(-0.332493722893173,-7.04242284851826,
25.2026799054641));
#9059=CARTESIAN_POINT('Ctrl Pts',(-0.332651033318049,-7.04575478008541,
25.2026799054641));
#9060=CARTESIAN_POINT('Ctrl Pts',(-0.33280834342083,-7.04908670662709,25.2026799054641));
#9061=CARTESIAN_POINT('Ctrl Pts',(-0.332965653845688,-7.05241863819395,
25.2026799054641));
#9062=CARTESIAN_POINT('Ctrl Pts',(-0.270735350198302,-7.04479625608963,
25.2216922592064));
#9063=CARTESIAN_POINT('Ctrl Pts',(-0.27086344122964,-7.04812930889327,25.2216922592064));
#9064=CARTESIAN_POINT('Ctrl Pts',(-0.270991532260994,-7.05146236169715,
25.2216922592064));
#9065=CARTESIAN_POINT('Ctrl Pts',(-0.271119623292332,-7.0547954145008,25.2216922592064));
#9066=CARTESIAN_POINT('',(-0.684459102165476,-7.01669549983914,25.0798084423877));
#9067=CARTESIAN_POINT('Ctrl Pts',(-0.684459102165476,-7.01669549983914,
25.0798084423877));
#9068=CARTESIAN_POINT('Ctrl Pts',(-0.616569171694757,-7.02331797346039,
25.1053671971783));
#9069=CARTESIAN_POINT('Ctrl Pts',(-0.548120439136016,-7.02900027908593,
25.1311000107423));
#9070=CARTESIAN_POINT('Ctrl Pts',(-0.406597620142513,-7.03864221754637,
25.1799373602041));
#9071=CARTESIAN_POINT('Ctrl Pts',(-0.336996043095035,-7.04225320594716,
25.2012939132096));
#9072=CARTESIAN_POINT('Ctrl Pts',(-0.270738470895736,-7.04479954862997,
25.2216913388111));
#9073=CARTESIAN_POINT('',(-0.684459102165476,-7.01669549983914,25.0798084423877));
#9074=CARTESIAN_POINT('Ctrl Pts',(-1.23305229365639,-6.94133143144085,24.871076552663));
#9075=CARTESIAN_POINT('Ctrl Pts',(-1.23363529710493,-6.94461338483633,24.871076552663));
#9076=CARTESIAN_POINT('Ctrl Pts',(-1.23421830055347,-6.94789533823181,24.871076552663));
#9077=CARTESIAN_POINT('Ctrl Pts',(-1.234801304002,-6.95117729162729,24.871076552663));
#9078=CARTESIAN_POINT('Ctrl Pts',(-1.05126880634729,-6.97362329766122,24.9406538492379));
#9079=CARTESIAN_POINT('Ctrl Pts',(-1.05176586021027,-6.97692051945317,24.9406538492379));
#9080=CARTESIAN_POINT('Ctrl Pts',(-1.05226291391176,-6.98021774012128,24.9406538492379));
#9081=CARTESIAN_POINT('Ctrl Pts',(-1.05275996777474,-6.98351496191323,24.9406538492379));
#9082=CARTESIAN_POINT('Ctrl Pts',(-0.868216266038869,-6.99877050032845,
25.0102311458128));
#9083=CARTESIAN_POINT('Ctrl Pts',(-0.868626770232751,-7.00207961205138,
25.0102311458128));
#9084=CARTESIAN_POINT('Ctrl Pts',(-0.869037274279084,-7.00538872264855,
25.0102311458128));
#9085=CARTESIAN_POINT('Ctrl Pts',(-0.869447778472967,-7.00869783437147,
25.0102311458128));
#9086=CARTESIAN_POINT('Ctrl Pts',(-0.684459102165476,-7.01669549983914,
25.0798084423877));
#9087=CARTESIAN_POINT('Ctrl Pts',(-0.684782723490377,-7.02001308636389,
25.0798084423877));
#9088=CARTESIAN_POINT('Ctrl Pts',(-0.685106344815278,-7.02333067288863,
25.0798084423877));
#9089=CARTESIAN_POINT('Ctrl Pts',(-0.685429966140179,-7.02664825941338,
25.0798084423877));
#9090=CARTESIAN_POINT('',(-1.23305229365639,-6.94133143144085,24.871076552663));
#9091=CARTESIAN_POINT('Ctrl Pts',(-1.23305229365639,-6.94133143144085,24.871076552663));
#9092=CARTESIAN_POINT('Ctrl Pts',(-1.14215762849095,-6.95747788352578,24.9058663191534));
#9093=CARTESIAN_POINT('Ctrl Pts',(-1.05095458064639,-6.97183742048374,24.9406527334523));
#9094=CARTESIAN_POINT('Ctrl Pts',(-0.86803726298208,-6.99696604667434,25.0102322615984));
#9095=CARTESIAN_POINT('Ctrl Pts',(-0.776340637332945,-7.00773271200436,
25.0450186758972));
#9096=CARTESIAN_POINT('Ctrl Pts',(-0.684459102165476,-7.01669549983914,
25.0798084423877));
#9097=CARTESIAN_POINT('',(-1.23305229365639,-6.94133143144085,24.871076552663));
#9098=CARTESIAN_POINT('Origin',(-1.23305229365639,-6.94133143144085,25.2100946591236));
#9099=CARTESIAN_POINT('',(-1.23305229365639,-6.94133143144085,25.5491127655841));
#9100=CARTESIAN_POINT('',(-1.23305229365639,-6.94133143144085,0.));
#9101=CARTESIAN_POINT('',(-1.23305229365639,-6.94133143144085,25.5491127655841));
#9102=CARTESIAN_POINT('Ctrl Pts',(-0.651864488973777,-7.01979862161408,
25.329467265401));
#9103=CARTESIAN_POINT('Ctrl Pts',(-0.652172699134049,-7.02311767533589,
25.329467265401));
#9104=CARTESIAN_POINT('Ctrl Pts',(-0.65248090929432,-7.02643672905769,25.329467265401));
#9105=CARTESIAN_POINT('Ctrl Pts',(-0.652789119454591,-7.02975578277949,
25.329467265401));
#9106=CARTESIAN_POINT('Ctrl Pts',(-0.8465701726287,-7.00171808571591,25.4026824321287));
#9107=CARTESIAN_POINT('Ctrl Pts',(-0.846970442274481,-7.0050285911933,25.4026824321287));
#9108=CARTESIAN_POINT('Ctrl Pts',(-0.84737071173842,-7.00833909525372,25.4026824321287));
#9109=CARTESIAN_POINT('Ctrl Pts',(-0.847770981384201,-7.01164960073111,
25.4026824321287));
#9110=CARTESIAN_POINT('Ctrl Pts',(-1.04052302683772,-6.97553216892062,25.4758975988564));
#9111=CARTESIAN_POINT('Ctrl Pts',(-1.04101499996686,-6.97883029334904,25.4758975988564));
#9112=CARTESIAN_POINT('Ctrl Pts',(-1.04150697289557,-6.982128416363,25.4758975988564));
#9113=CARTESIAN_POINT('Ctrl Pts',(-1.04199894602472,-6.98542654079143,25.4758975988564));
#9114=CARTESIAN_POINT('Ctrl Pts',(-1.23305229365639,-6.94133143144085,25.5491127655841));
#9115=CARTESIAN_POINT('Ctrl Pts',(-1.23363529710493,-6.94461338483633,25.5491127655841));
#9116=CARTESIAN_POINT('Ctrl Pts',(-1.23421830055346,-6.94789533823181,25.5491127655841));
#9117=CARTESIAN_POINT('Ctrl Pts',(-1.234801304002,-6.95117729162729,25.5491127655841));
#9118=CARTESIAN_POINT('Ctrl Pts',(-0.651864488973777,-7.01979862161408,
25.329467265401));
#9119=CARTESIAN_POINT('Ctrl Pts',(-0.8465701726287,-7.00171808571591,25.4026824321287));
#9120=CARTESIAN_POINT('Ctrl Pts',(-1.04052302683772,-6.97553216892062,25.4758975988564));
#9121=CARTESIAN_POINT('Ctrl Pts',(-1.23305229365639,-6.94133143144085,25.5491127655841));
#9122=CARTESIAN_POINT('Origin',(0.,0.,0.));
#9123=CARTESIAN_POINT('Origin',(0.,0.,0.));
#9124=CARTESIAN_POINT('Origin',(0.,0.,0.));
#9125=CARTESIAN_POINT('',(-0.0525979264186885,-7.05980406655429,21.2012281105854));
#9126=CARTESIAN_POINT('',(-0.0525979264186885,-7.05980406655429,21.0429730103351));
#9127=CARTESIAN_POINT('',(-0.0525979264186885,-7.05980406655429,21.2012281105854));
#9128=CARTESIAN_POINT('',(-0.320261940074572,-7.05273225705752,21.4195086644031));
#9129=CARTESIAN_POINT('Ctrl Pts',(-0.320261940074572,-7.05273225705752,
21.4195086644031));
#9130=CARTESIAN_POINT('Ctrl Pts',(-0.28503114573697,-7.05433207428206,21.3817052030182));
#9131=CARTESIAN_POINT('Ctrl Pts',(-0.243422936626283,-7.05595757740737,
21.3364715144707));
#9132=CARTESIAN_POINT('Ctrl Pts',(-0.147027017816985,-7.05864325442488,
21.2566511423661));
#9133=CARTESIAN_POINT('Ctrl Pts',(-0.0990297227687524,-7.05945813397813,
21.2290025895775));
#9134=CARTESIAN_POINT('Ctrl Pts',(-0.0525979264186884,-7.05980406655429,
21.2012281105854));
#9135=CARTESIAN_POINT('',(-0.554784321548382,-7.0381683950133,21.7796721146442));
#9136=CARTESIAN_POINT('Ctrl Pts',(-0.554784321548382,-7.0381683950133,21.7796721146442));
#9137=CARTESIAN_POINT('Ctrl Pts',(-0.530754417077823,-7.04006255461568,
21.7322282643382));
#9138=CARTESIAN_POINT('Ctrl Pts',(-0.494753245960163,-7.04278141401507,
21.6589742317565));
#9139=CARTESIAN_POINT('Ctrl Pts',(-0.411007212176782,-7.04813826924007,
21.5298703136729));
#9140=CARTESIAN_POINT('Ctrl Pts',(-0.367373830602032,-7.05059292368841,
21.4768981810352));
#9141=CARTESIAN_POINT('Ctrl Pts',(-0.320261940074579,-7.05273225705752,
21.4195086644031));
#9142=CARTESIAN_POINT('',(-0.791407563776891,-7.01550241023383,21.7796721146442));
#9143=CARTESIAN_POINT('Origin',(0.,0.,21.7796721146442));
#9144=CARTESIAN_POINT('',(-0.665030827672464,-7.02860825471482,21.5211453125812));
#9145=CARTESIAN_POINT('Ctrl Pts',(-0.665030827672458,-7.02860825471482,
21.5211453125812));
#9146=CARTESIAN_POINT('Ctrl Pts',(-0.689713291194808,-7.02627285650362,
21.5643803213735));
#9147=CARTESIAN_POINT('Ctrl Pts',(-0.71266636336162,-7.02396990635092,21.6046032373767));
#9148=CARTESIAN_POINT('Ctrl Pts',(-0.760812232824181,-7.01893796719113,
21.7023491538061));
#9149=CARTESIAN_POINT('Ctrl Pts',(-0.781436059708713,-7.01662727959889,
21.7552245800234));
#9150=CARTESIAN_POINT('Ctrl Pts',(-0.791407563776891,-7.01550241023383,
21.7796721146442));
#9151=CARTESIAN_POINT('',(-0.496200754929298,-7.04254107625988,21.2885393784381));
#9152=CARTESIAN_POINT('Ctrl Pts',(-0.496200754929291,-7.04254107625987,
21.2885393784381));
#9153=CARTESIAN_POINT('Ctrl Pts',(-0.526199301358051,-7.04042744976859,
21.3230525133081));
#9154=CARTESIAN_POINT('Ctrl Pts',(-0.556534708788556,-7.03809753602483,
21.3573974701398));
#9155=CARTESIAN_POINT('Ctrl Pts',(-0.616836809583823,-7.03306447732985,
21.4411727011454));
#9156=CARTESIAN_POINT('Ctrl Pts',(-0.643037905283985,-7.0306891746991,21.4848372107892));
#9157=CARTESIAN_POINT('Ctrl Pts',(-0.665030827672464,-7.02860825471482,
21.5211453125812));
#9158=CARTESIAN_POINT('',(-2.03437185157187,-6.76054222452105,21.2885393784381));
#9159=CARTESIAN_POINT('Origin',(0.,0.,21.2885393784381));
#9160=CARTESIAN_POINT('',(-2.03437185157187,-6.76054222452105,21.0429730103351));
#9161=CARTESIAN_POINT('',(-2.03437185157187,-6.76054222452105,21.0429730103351));
#9162=CARTESIAN_POINT('Origin',(0.,0.,21.0429730103351));
#9163=CARTESIAN_POINT('Origin',(-0.0525234251064807,-7.04980434408041,21.1221005604602));
#9164=CARTESIAN_POINT('',(-0.0525234251064807,-7.04980434408041,21.2012281105854));
#9165=CARTESIAN_POINT('',(-0.0525234251064807,-7.04980434408041,21.0429730103351));
#9166=CARTESIAN_POINT('Ctrl Pts',(-0.319807532733313,-7.0427254066875,21.4195086644031));
#9167=CARTESIAN_POINT('Ctrl Pts',(-0.319959238958505,-7.04606624508918,
21.4195086644031));
#9168=CARTESIAN_POINT('Ctrl Pts',(-0.320110945183696,-7.04940708349087,
21.4195086644031));
#9169=CARTESIAN_POINT('Ctrl Pts',(-0.320262651408885,-7.05274792189255,
21.4195086644031));
#9170=CARTESIAN_POINT('Ctrl Pts',(-0.276624484021919,-7.04468633286884,
21.3731064108245));
#9171=CARTESIAN_POINT('Ctrl Pts',(-0.27675570537138,-7.0480280910918,21.3731064108245));
#9172=CARTESIAN_POINT('Ctrl Pts',(-0.276886927470995,-7.05136988033787,
21.3731064108245));
#9173=CARTESIAN_POINT('Ctrl Pts',(-0.277018148820676,-7.05471163857001,
21.3731064108245));
#9174=CARTESIAN_POINT('Ctrl Pts',(-0.197422049632642,-7.04765451069628,
21.2880322416634));
#9175=CARTESIAN_POINT('Ctrl Pts',(-0.197515700188704,-7.05099768770922,
21.2880322416634));
#9176=CARTESIAN_POINT('Ctrl Pts',(-0.197609350750803,-7.0543408635095,21.2880322416634));
#9177=CARTESIAN_POINT('Ctrl Pts',(-0.197703001306867,-7.05768404052208,
21.2880322416634));
#9178=CARTESIAN_POINT('Ctrl Pts',(-0.0978086271361928,-7.04944979120956,
21.2283552882752));
#9179=CARTESIAN_POINT('Ctrl Pts',(-0.0978550245777532,-7.05279382782709,
21.2283552882752));
#9180=CARTESIAN_POINT('Ctrl Pts',(-0.0979014213304477,-7.05613783937019,
21.2283552882752));
#9181=CARTESIAN_POINT('Ctrl Pts',(-0.0979478187718047,-7.05948187598033,
21.2283552882752));
#9182=CARTESIAN_POINT('Ctrl Pts',(-0.0525232972451624,-7.04978718226594,
21.2012281105854));
#9183=CARTESIAN_POINT('Ctrl Pts',(-0.0525482125781176,-7.0531313705428,
21.2012281105854));
#9184=CARTESIAN_POINT('Ctrl Pts',(-0.0525731279110728,-7.05647555881966,
21.2012281105854));
#9185=CARTESIAN_POINT('Ctrl Pts',(-0.052598043244028,-7.05981974709653,
21.2012281105854));
#9186=CARTESIAN_POINT('',(-0.319808311264268,-7.04274255131098,21.4195086644031));
#9187=CARTESIAN_POINT('Ctrl Pts',(-0.553996880970794,-7.02817867617866,
21.7796721146442));
#9188=CARTESIAN_POINT('Ctrl Pts',(-0.554259832496272,-7.0315145619349,21.7796721146442));
#9189=CARTESIAN_POINT('Ctrl Pts',(-0.55452278402175,-7.03485044769115,21.7796721146442));
#9190=CARTESIAN_POINT('Ctrl Pts',(-0.554785735547227,-7.03818633344739,
21.7796721146442));
#9191=CARTESIAN_POINT('Ctrl Pts',(-0.52069374853705,-7.03080379895952,21.7138260495956));
#9192=CARTESIAN_POINT('Ctrl Pts',(-0.520940892253423,-7.03414092021914,
21.7138260495956));
#9193=CARTESIAN_POINT('Ctrl Pts',(-0.521188037950978,-7.03747807283061,
21.7138260495956));
#9194=CARTESIAN_POINT('Ctrl Pts',(-0.521435181668423,-7.04081519410715,
21.7138260495956));
#9195=CARTESIAN_POINT('Ctrl Pts',(-0.455644709595964,-7.03557181194317,
21.5852714389801));
#9196=CARTESIAN_POINT('Ctrl Pts',(-0.45586097879649,-7.03891120678013,21.5852714389801));
#9197=CARTESIAN_POINT('Ctrl Pts',(-0.456077248045124,-7.04225060170634,
21.5852714389801));
#9198=CARTESIAN_POINT('Ctrl Pts',(-0.456293517245675,-7.04558999654335,
21.5852714389801));
#9199=CARTESIAN_POINT('Ctrl Pts',(-0.364358994289019,-7.04069879420094,
21.4738565205733));
#9200=CARTESIAN_POINT('Ctrl Pts',(-0.364531935944485,-7.04404063301579,
21.4738565205733));
#9201=CARTESIAN_POINT('Ctrl Pts',(-0.364704875527728,-7.04738244060418,
21.4738565205733));
#9202=CARTESIAN_POINT('Ctrl Pts',(-0.364877817182075,-7.05072427940216,
21.4738565205733));
#9203=CARTESIAN_POINT('Ctrl Pts',(-0.319807371988783,-7.0427218668097,21.4195086644031));
#9204=CARTESIAN_POINT('Ctrl Pts',(-0.319959166771772,-7.04606465541014,
21.4195086644031));
#9205=CARTESIAN_POINT('Ctrl Pts',(-0.320110961554762,-7.0494074440106,21.4195086644031));
#9206=CARTESIAN_POINT('Ctrl Pts',(-0.32026275633775,-7.05275023261105,21.4195086644031));
#9207=CARTESIAN_POINT('',(-0.55399850806177,-7.02819931796654,21.7796721146442));
#9208=CARTESIAN_POINT('Origin',(-0.672237814523213,-7.017876909773,21.7796721146442));
#9209=CARTESIAN_POINT('',(-0.790286589890521,-7.00556543798138,21.7796721146442));
#9210=CARTESIAN_POINT('Ctrl Pts',(-0.664088411268327,-7.01864800108165,
21.5211453125812));
#9211=CARTESIAN_POINT('Ctrl Pts',(-0.664402681629949,-7.02196947606595,
21.5211453125812));
#9212=CARTESIAN_POINT('Ctrl Pts',(-0.664716951991569,-7.02529095105025,
21.5211453125812));
#9213=CARTESIAN_POINT('Ctrl Pts',(-0.665031222353191,-7.02861242603455,
21.5211453125812));
#9214=CARTESIAN_POINT('Ctrl Pts',(-0.689740888856379,-7.01622082235559,
21.5661432120006));
#9215=CARTESIAN_POINT('Ctrl Pts',(-0.690067299179836,-7.01954115144157,
21.5661432120006));
#9216=CARTESIAN_POINT('Ctrl Pts',(-0.690393708625253,-7.02286147234762,
21.5661432120006));
#9217=CARTESIAN_POINT('Ctrl Pts',(-0.690720118948613,-7.02618180143271,
21.5661432120006));
#9218=CARTESIAN_POINT('Ctrl Pts',(-0.73731000428475,-7.01142813413895,21.6496343907194));
#9219=CARTESIAN_POINT('Ctrl Pts',(-0.737658925701755,-7.01474619226634,
21.6496343907194));
#9220=CARTESIAN_POINT('Ctrl Pts',(-0.738007847173803,-7.01806425086704,
21.6496343907194));
#9221=CARTESIAN_POINT('Ctrl Pts',(-0.738356768590815,-7.02138230899449,
21.6496343907194));
#9222=CARTESIAN_POINT('Ctrl Pts',(-0.773572863132902,-7.00744611767584,
21.7386375557518));
#9223=CARTESIAN_POINT('Ctrl Pts',(-0.773938945229458,-7.01076228945683,
21.7386375557518));
#9224=CARTESIAN_POINT('Ctrl Pts',(-0.774305027982833,-7.01407846744723,
21.7386375557518));
#9225=CARTESIAN_POINT('Ctrl Pts',(-0.774671110079462,-7.0173946392289,21.7386375557518));
#9226=CARTESIAN_POINT('Ctrl Pts',(-0.790286058668516,-7.00556072891689,
21.7796721146442));
#9227=CARTESIAN_POINT('Ctrl Pts',(-0.79066005026546,-7.00887601053644,21.7796721146442));
#9228=CARTESIAN_POINT('Ctrl Pts',(-0.791034041862404,-7.01219129215599,
21.7796721146442));
#9229=CARTESIAN_POINT('Ctrl Pts',(-0.791408033459347,-7.01550657377554,
21.7796721146442));
#9230=CARTESIAN_POINT('',(-0.664088857661596,-7.01865271894327,21.5211453125812));
#9231=CARTESIAN_POINT('Ctrl Pts',(-0.495497425972188,-7.032558779737,21.2885393784381));
#9232=CARTESIAN_POINT('Ctrl Pts',(-0.49573201968023,-7.03588835110245,21.2885393784381));
#9233=CARTESIAN_POINT('Ctrl Pts',(-0.495966613388274,-7.0392179224679,21.2885393784381));
#9234=CARTESIAN_POINT('Ctrl Pts',(-0.496201207096316,-7.04254749383335,
21.2885393784381));
#9235=CARTESIAN_POINT('Ctrl Pts',(-0.524554779922062,-7.03051146743004,
21.3220171297205));
#9236=CARTESIAN_POINT('Ctrl Pts',(-0.524803131149635,-7.03384007294944,
21.3220171297205));
#9237=CARTESIAN_POINT('Ctrl Pts',(-0.525051481512041,-7.03716866811654,
21.3220171297205));
#9238=CARTESIAN_POINT('Ctrl Pts',(-0.525299832739508,-7.04049727363467,
21.3220171297205));
#9239=CARTESIAN_POINT('Ctrl Pts',(-0.587515783256155,-7.02564435507634,
21.3945915247591));
#9240=CARTESIAN_POINT('Ctrl Pts',(-0.587793943147245,-7.02897065293759,
21.3945915247591));
#9241=CARTESIAN_POINT('Ctrl Pts',(-0.588072103014661,-7.03229695039007,
21.3945915247591));
#9242=CARTESIAN_POINT('Ctrl Pts',(-0.588350262905749,-7.03562324825126,
21.3945915247591));
#9243=CARTESIAN_POINT('Ctrl Pts',(-0.637288030387721,-7.0211814771418,21.4768381366842));
#9244=CARTESIAN_POINT('Ctrl Pts',(-0.637589754651687,-7.02450565779833,
21.4768381366842));
#9245=CARTESIAN_POINT('Ctrl Pts',(-0.63789147991918,-7.02782985078067,21.4768381366842));
#9246=CARTESIAN_POINT('Ctrl Pts',(-0.638193204183268,-7.0311540314387,21.4768381366842));
#9247=CARTESIAN_POINT('Ctrl Pts',(-0.664088194204402,-7.01864570696651,
21.5211453125812));
#9248=CARTESIAN_POINT('Ctrl Pts',(-0.66440260736536,-7.02196869117497,21.5211453125812));
#9249=CARTESIAN_POINT('Ctrl Pts',(-0.664717020526317,-7.02529167538343,
21.5211453125812));
#9250=CARTESIAN_POINT('Ctrl Pts',(-0.665031433687274,-7.02861465959189,
21.5211453125812));
#9251=CARTESIAN_POINT('',(-0.495497920998803,-7.03256580561361,21.2885393784381));
#9252=CARTESIAN_POINT('Origin',(-1.27131504040574,-6.93442557592467,21.2885393784381));
#9253=CARTESIAN_POINT('',(-2.0314903050399,-6.75096638567612,21.2885393784381));
#9254=CARTESIAN_POINT('Origin',(-2.0314903050399,-6.75096638567612,21.1657561943866));
#9255=CARTESIAN_POINT('',(-2.0314903050399,-6.75096638567612,21.0429730103351));
#9256=CARTESIAN_POINT('Origin',(-1.05266534957957,-6.97096805772301,21.0429730103351));
#9257=CARTESIAN_POINT('Origin',(0.,0.,0.));
#9258=CARTESIAN_POINT('',(-2.06705395740313,-6.75062130008669,18.9952244446613));
#9259=CARTESIAN_POINT('',(-1.92027195790384,-6.7938321739419,19.4406547234394));
#9260=CARTESIAN_POINT('Ctrl Pts',(-2.06705395740313,-6.75062130008669,18.9952244446613));
#9261=CARTESIAN_POINT('Ctrl Pts',(-2.06194311704733,-6.75218624978739,19.0845146390915));
#9262=CARTESIAN_POINT('Ctrl Pts',(-2.05656770354708,-6.75386481724098,19.1618771815023));
#9263=CARTESIAN_POINT('Ctrl Pts',(-2.01062487376355,-6.76768631132256,19.3053449221005));
#9264=CARTESIAN_POINT('Ctrl Pts',(-1.97088882797492,-6.77952535067842,19.3655971930018));
#9265=CARTESIAN_POINT('Ctrl Pts',(-1.92027195790384,-6.7938321739419,19.4406547234394));
#9266=CARTESIAN_POINT('',(-1.83334826535732,-6.81780273533279,18.4699859307148));
#9267=CARTESIAN_POINT('Ctrl Pts',(-1.83334826535732,-6.81780273533279,18.4699859307148));
#9268=CARTESIAN_POINT('Ctrl Pts',(-1.90183461230454,-6.79938634368132,18.5410795652624));
#9269=CARTESIAN_POINT('Ctrl Pts',(-2.04097108636989,-6.75900023785796,18.6863069203319));
#9270=CARTESIAN_POINT('Ctrl Pts',(-2.05820252007943,-6.75333162817877,18.8908248589499));
#9271=CARTESIAN_POINT('Ctrl Pts',(-2.06705395740313,-6.75062130008669,18.9952244446613));
#9272=CARTESIAN_POINT('',(-1.37577540598418,-6.92465465075978,18.3117320225574));
#9273=CARTESIAN_POINT('Ctrl Pts',(-1.37577540598418,-6.92465465075978,18.3117320225574));
#9274=CARTESIAN_POINT('Ctrl Pts',(-1.46328058075953,-6.90726931193439,18.3179763661359));
#9275=CARTESIAN_POINT('Ctrl Pts',(-1.54450352537025,-6.88940946980296,18.3242638858881));
#9276=CARTESIAN_POINT('Ctrl Pts',(-1.70267041072906,-6.85214319031712,18.3784024331701));
#9277=CARTESIAN_POINT('Ctrl Pts',(-1.77525699859222,-6.83342382724328,18.4302850533426));
#9278=CARTESIAN_POINT('Ctrl Pts',(-1.83334826535732,-6.81780273533279,18.4699859307148));
#9279=CARTESIAN_POINT('',(-0.914817929939607,-7.00047913753488,18.4918131516315));
#9280=CARTESIAN_POINT('Ctrl Pts',(-0.914817929939603,-7.00047913753487,
18.4918131516315));
#9281=CARTESIAN_POINT('Ctrl Pts',(-0.95976809235473,-6.9946050803849,18.4558941350558));
#9282=CARTESIAN_POINT('Ctrl Pts',(-1.03557293362187,-6.98425306646832,18.3891676865585));
#9283=CARTESIAN_POINT('Ctrl Pts',(-1.20223299213985,-6.95729468695337,18.3252599878316));
#9284=CARTESIAN_POINT('Ctrl Pts',(-1.28534314519604,-6.94262153670206,18.318444483163));
#9285=CARTESIAN_POINT('Ctrl Pts',(-1.37577540598418,-6.92465465075978,18.3117320225574));
#9286=CARTESIAN_POINT('',(-0.734363296043771,-7.02170282406082,18.9338328526355));
#9287=CARTESIAN_POINT('Ctrl Pts',(-0.734363296043771,-7.02170282406082,
18.9338328526355));
#9288=CARTESIAN_POINT('Ctrl Pts',(-0.741685003258569,-7.0209370848694,18.8501393678425));
#9289=CARTESIAN_POINT('Ctrl Pts',(-0.756250015224565,-7.0196123803766,18.6838898377019));
#9290=CARTESIAN_POINT('Ctrl Pts',(-0.862268590981165,-7.00734624999121,
18.5555460144274));
#9291=CARTESIAN_POINT('Ctrl Pts',(-0.914817929939607,-7.00047913753488,
18.4918131516315));
#9292=CARTESIAN_POINT('',(-0.859248424361245,-7.00751683160538,19.311732260976));
#9293=CARTESIAN_POINT('Ctrl Pts',(-0.859248424361245,-7.00751683160538,
19.311732260976));
#9294=CARTESIAN_POINT('Ctrl Pts',(-0.818634189889289,-7.01249687201274,
19.2449736543286));
#9295=CARTESIAN_POINT('Ctrl Pts',(-0.786806695344985,-7.01604557640744,
19.1905571290689));
#9296=CARTESIAN_POINT('Ctrl Pts',(-0.748731608442276,-7.02020854041352,
19.0769910525362));
#9297=CARTESIAN_POINT('Ctrl Pts',(-0.741844385554954,-7.02092041590584,
19.0194572124126));
#9298=CARTESIAN_POINT('Ctrl Pts',(-0.734363296043772,-7.02170282406082,
18.9338328526355));
#9299=CARTESIAN_POINT('',(-0.322991674174786,-7.05260777148522,19.2039551422931));
#9300=CARTESIAN_POINT('Ctrl Pts',(-0.322991674174786,-7.05260777148522,
19.2039551422931));
#9301=CARTESIAN_POINT('Ctrl Pts',(-0.412646236044661,-7.04850181834363,
19.2219250598969));
#9302=CARTESIAN_POINT('Ctrl Pts',(-0.502165539143555,-7.04268890631446,
19.2398835667746));
#9303=CARTESIAN_POINT('Ctrl Pts',(-0.680934032793615,-7.02765722718542,
19.2758038364945));
#9304=CARTESIAN_POINT('Ctrl Pts',(-0.77016707010266,-7.01843981832465,19.2937623433721));
#9305=CARTESIAN_POINT('Ctrl Pts',(-0.859248424361245,-7.00751683160538,
19.311732260976));
#9306=CARTESIAN_POINT('',(-0.322991674174786,-7.05260777148522,18.4058656380512));
#9307=CARTESIAN_POINT('',(-0.322991674174786,-7.05260777148522,18.4058656380512));
#9308=CARTESIAN_POINT('',(-0.0881171622152516,-7.05945007530496,18.4058656380512));
#9309=CARTESIAN_POINT('Origin',(0.,0.,18.4058656380512));
#9310=CARTESIAN_POINT('',(-0.0881171622152515,-7.05945007530496,19.4004084751941));
#9311=CARTESIAN_POINT('',(-0.0881171622152516,-7.05945007530496,19.4004084751941));
#9312=CARTESIAN_POINT('',(-1.11220887290149,-6.97184275662032,19.5941331074573));
#9313=CARTESIAN_POINT('Ctrl Pts',(-1.11220887290149,-6.97184275662032,19.5941331074573));
#9314=CARTESIAN_POINT('Ctrl Pts',(-0.942650120148224,-6.99889224064823,
19.5617993851461));
#9315=CARTESIAN_POINT('Ctrl Pts',(-0.77249739546807,-7.01969342727482,19.5295404013318));
#9316=CARTESIAN_POINT('Ctrl Pts',(-0.431020046463025,-7.04890557168113,
19.4650011813197));
#9317=CARTESIAN_POINT('Ctrl Pts',(-0.259806569403432,-7.05730702121682,
19.4327421975054));
#9318=CARTESIAN_POINT('Ctrl Pts',(-0.0881171622152511,-7.05945007530495,
19.4004084751941));
#9319=CARTESIAN_POINT('',(-1.14187988467155,-6.96704459071294,19.3635739968158));
#9320=CARTESIAN_POINT('Ctrl Pts',(-1.14187988467155,-6.96704459071294,19.3635739968158));
#9321=CARTESIAN_POINT('Ctrl Pts',(-1.13199296688641,-6.9686650299671,19.4404270336963));
#9322=CARTESIAN_POINT('Ctrl Pts',(-1.1221025997534,-6.97026442343426,19.5172800705768));
#9323=CARTESIAN_POINT('Ctrl Pts',(-1.11220887290149,-6.97184275662032,19.5941331074573));
#9324=CARTESIAN_POINT('',(-1.00347308077842,-6.98832181400893,19.2135061905719));
#9325=CARTESIAN_POINT('Ctrl Pts',(-1.00347308077842,-6.98832181400893,19.2135061905719));
#9326=CARTESIAN_POINT('Ctrl Pts',(-1.01362576085418,-6.98686396169117,19.2296382467759));
#9327=CARTESIAN_POINT('Ctrl Pts',(-1.03570955192059,-6.98367332638373,19.2671036801082));
#9328=CARTESIAN_POINT('Ctrl Pts',(-1.08619789495353,-6.97598047640987,19.3220934100733));
#9329=CARTESIAN_POINT('Ctrl Pts',(-1.11253218012336,-6.97185460061722,19.341751284478));
#9330=CARTESIAN_POINT('Ctrl Pts',(-1.14187988467155,-6.96704459071294,19.3635739968158));
#9331=CARTESIAN_POINT('',(-0.950027771859546,-6.99578782073153,18.9993180916645));
#9332=CARTESIAN_POINT('Ctrl Pts',(-0.950027771859546,-6.99578782073153,
18.9993180916645));
#9333=CARTESIAN_POINT('Ctrl Pts',(-0.952297239535312,-6.99547962709064,
19.0419375223292));
#9334=CARTESIAN_POINT('Ctrl Pts',(-0.954646093423933,-6.99516398487941,
19.0768023943326));
#9335=CARTESIAN_POINT('Ctrl Pts',(-0.971216352462299,-6.99288283648899,
19.1439405422978));
#9336=CARTESIAN_POINT('Ctrl Pts',(-0.985396968447917,-6.99091741458537,
19.1749883616831));
#9337=CARTESIAN_POINT('Ctrl Pts',(-1.00347308077842,-6.98832181400893,19.2135061905719));
#9338=CARTESIAN_POINT('',(-1.07036608551192,-6.97838924415842,18.6903133080341));
#9339=CARTESIAN_POINT('Ctrl Pts',(-1.07036608551192,-6.97838924415842,18.6903133080341));
#9340=CARTESIAN_POINT('Ctrl Pts',(-1.02937817121484,-6.98467609228977,18.7410680616406));
#9341=CARTESIAN_POINT('Ctrl Pts',(-0.99706644939829,-6.9892650616688,18.7820879899052));
#9342=CARTESIAN_POINT('Ctrl Pts',(-0.959512902273825,-6.99451831132785,
18.8804108920465));
#9343=CARTESIAN_POINT('Ctrl Pts',(-0.954664676392215,-6.99515812923796,
18.934767263863));
#9344=CARTESIAN_POINT('Ctrl Pts',(-0.950027771859546,-6.99578782073153,
18.9993180916645));
#9345=CARTESIAN_POINT('',(-1.39720909233586,-6.92036175010339,18.572305648122));
#9346=CARTESIAN_POINT('Ctrl Pts',(-1.39720909233586,-6.92036175010339,18.572305648122));
#9347=CARTESIAN_POINT('Ctrl Pts',(-1.33382756754223,-6.93315837055844,18.5759076636513));
#9348=CARTESIAN_POINT('Ctrl Pts',(-1.27532652286584,-6.9440644975461,18.5796457299119));
#9349=CARTESIAN_POINT('Ctrl Pts',(-1.14847787467626,-6.96635806316155,18.6238327875468));
#9350=CARTESIAN_POINT('Ctrl Pts',(-1.08872101176494,-6.97557391100976,18.6764693819078));
#9351=CARTESIAN_POINT('Ctrl Pts',(-1.07036608551192,-6.97838924415842,18.6903133080341));
#9352=CARTESIAN_POINT('',(-1.74347829493327,-6.84133637786482,18.6950888321735));
#9353=CARTESIAN_POINT('Ctrl Pts',(-1.74347829493327,-6.84133637786482,18.6950888321735));
#9354=CARTESIAN_POINT('Ctrl Pts',(-1.71704763099677,-6.84807209240198,18.6756043938815));
#9355=CARTESIAN_POINT('Ctrl Pts',(-1.65698780550647,-6.86321789266259,18.6251174643917));
#9356=CARTESIAN_POINT('Ctrl Pts',(-1.52631526797505,-6.89327795384976,18.5802173805588));
#9357=CARTESIAN_POINT('Ctrl Pts',(-1.46440534305044,-6.90679494306936,18.5762008900162));
#9358=CARTESIAN_POINT('Ctrl Pts',(-1.39720909233586,-6.92036175010339,18.572305648122));
#9359=CARTESIAN_POINT('',(-1.87289669872075,-6.80704472997798,18.9952244446613));
#9360=CARTESIAN_POINT('Ctrl Pts',(-1.87289669872075,-6.80704472997797,18.9952244446613));
#9361=CARTESIAN_POINT('Ctrl Pts',(-1.8662778521405,-6.80886584566051,18.9268984886101));
#9362=CARTESIAN_POINT('Ctrl Pts',(-1.85974032520592,-6.81067992314393,18.875772350768));
#9363=CARTESIAN_POINT('Ctrl Pts',(-1.82022180468168,-6.82134915290033,18.7843656107685));
#9364=CARTESIAN_POINT('Ctrl Pts',(-1.78661777132835,-6.83034251108275,18.7441144908261));
#9365=CARTESIAN_POINT('Ctrl Pts',(-1.74347829493327,-6.84133637786482,18.6950888321735));
#9366=CARTESIAN_POINT('',(-1.78118209450614,-6.83161696424871,19.2469300911762));
#9367=CARTESIAN_POINT('Ctrl Pts',(-1.78118209450614,-6.83161696424871,19.2469300911762));
#9368=CARTESIAN_POINT('Ctrl Pts',(-1.81214131880671,-6.82354508078795,19.2043313409568));
#9369=CARTESIAN_POINT('Ctrl Pts',(-1.83632520819415,-6.81701730725651,19.1696635676067));
#9370=CARTESIAN_POINT('Ctrl Pts',(-1.86455756189822,-6.80934895808539,19.091563904067));
#9371=CARTESIAN_POINT('Ctrl Pts',(-1.86877878832583,-6.80817773572279,19.0487293109863));
#9372=CARTESIAN_POINT('Ctrl Pts',(-1.87289669872075,-6.80704472997797,18.9952244446613));
#9373=CARTESIAN_POINT('',(-1.50550563939293,-6.89761210635652,19.3799450085498));
#9374=CARTESIAN_POINT('Ctrl Pts',(-1.50550563939293,-6.89761210635652,19.3799450085498));
#9375=CARTESIAN_POINT('Ctrl Pts',(-1.56044279941481,-6.88562126040145,19.369080073876));
#9376=CARTESIAN_POINT('Ctrl Pts',(-1.61041284277133,-6.87402787205715,19.3588038393406));
#9377=CARTESIAN_POINT('Ctrl Pts',(-1.71510020600118,-6.84877948719216,19.3099143969426));
#9378=CARTESIAN_POINT('Ctrl Pts',(-1.75948260916897,-6.83727459039268,19.2658859082775));
#9379=CARTESIAN_POINT('Ctrl Pts',(-1.78118209450614,-6.83161696424871,19.2469300911762));
#9380=CARTESIAN_POINT('',(-1.52685439137032,-6.89291779056977,19.6377887413837));
#9381=CARTESIAN_POINT('Ctrl Pts',(-1.52685439137032,-6.89291779056977,19.6377887413837));
#9382=CARTESIAN_POINT('Ctrl Pts',(-1.52329747775842,-6.89370568465658,19.5948147579466));
#9383=CARTESIAN_POINT('Ctrl Pts',(-1.519739958026,-6.89449082473412,19.551840819675));
#9384=CARTESIAN_POINT('Ctrl Pts',(-1.51262370630103,-6.8960555968974,19.4658929301869));
#9385=CARTESIAN_POINT('Ctrl Pts',(-1.50906497537436,-6.89683522874875,19.4229189918439));
#9386=CARTESIAN_POINT('Ctrl Pts',(-1.50550563939293,-6.89761210635652,19.3799450085498));
#9387=CARTESIAN_POINT('Ctrl Pts',(-1.92027195790384,-6.7938321739419,19.4406547234394));
#9388=CARTESIAN_POINT('Ctrl Pts',(-1.88981386644941,-6.8024411323933,19.4696201602117));
#9389=CARTESIAN_POINT('Ctrl Pts',(-1.82455452721106,-6.82067511256717,19.5386019542232));
#9390=CARTESIAN_POINT('Ctrl Pts',(-1.67965208343083,-6.85759737891043,19.6103301771349));
#9391=CARTESIAN_POINT('Ctrl Pts',(-1.60727333114545,-6.87510414255078,19.623719311707));
#9392=CARTESIAN_POINT('Ctrl Pts',(-1.52685439137032,-6.89291779056976,19.6377887413837));
#9393=CARTESIAN_POINT('Ctrl Pts',(-2.06411515655097,-6.74102371239034,18.9952244446613));
#9394=CARTESIAN_POINT('Ctrl Pts',(-2.06509834599783,-6.74423462984034,18.9952244446613));
#9395=CARTESIAN_POINT('Ctrl Pts',(-2.06608153544468,-6.74744554729033,18.9952244446613));
#9396=CARTESIAN_POINT('Ctrl Pts',(-2.06706472489152,-6.75065646474033,18.9952244446613));
#9397=CARTESIAN_POINT('Ctrl Pts',(-2.0592403355326,-6.74251639272764,19.0805124631893));
#9398=CARTESIAN_POINT('Ctrl Pts',(-2.06022119699891,-6.74572800149501,19.0805124631893));
#9399=CARTESIAN_POINT('Ctrl Pts',(-2.06120207627773,-6.74893966887445,19.0805124631893));
#9400=CARTESIAN_POINT('Ctrl Pts',(-2.0621829377464,-6.75215127764957,19.0805124631893));
#9401=CARTESIAN_POINT('Ctrl Pts',(-2.04997080722594,-6.74552620238791,19.243521824397));
#9402=CARTESIAN_POINT('Ctrl Pts',(-2.05094725893041,-6.74873926313152,19.243521824397));
#9403=CARTESIAN_POINT('Ctrl Pts',(-2.05192371193492,-6.75195232790844,19.243521824397));
#9404=CARTESIAN_POINT('Ctrl Pts',(-2.05290016363957,-6.75516538865258,19.243521824397));
#9405=CARTESIAN_POINT('Ctrl Pts',(-1.96040173101437,-6.77205883365602,19.3770091919284));
#9406=CARTESIAN_POINT('Ctrl Pts',(-1.96133552641015,-6.77528455753627,19.3770091919284));
#9407=CARTESIAN_POINT('Ctrl Pts',(-1.96226930025891,-6.77851021105501,19.3770091919284));
#9408=CARTESIAN_POINT('Ctrl Pts',(-1.96320309565184,-6.78173593492596,19.3770091919284));
#9409=CARTESIAN_POINT('Ctrl Pts',(-1.9175418420082,-6.78417315187784,19.4406547234394));
#9410=CARTESIAN_POINT('Ctrl Pts',(-1.91845521493557,-6.78740462248031,19.4406547234394));
#9411=CARTESIAN_POINT('Ctrl Pts',(-1.91936858786293,-6.79063609308279,19.4406547234394));
#9412=CARTESIAN_POINT('Ctrl Pts',(-1.92028196079029,-6.79386756368526,19.4406547234394));
#9413=CARTESIAN_POINT('',(-2.06412611893655,-6.74105951354265,18.9952244446613));
#9414=CARTESIAN_POINT('',(-1.91755202595213,-6.78420918219411,19.4406547234394));
#9415=CARTESIAN_POINT('Ctrl Pts',(-1.83072905463621,-6.80806248992705,18.4699859307148));
#9416=CARTESIAN_POINT('Ctrl Pts',(-1.83160212487658,-6.81130923839563,18.4699859307148));
#9417=CARTESIAN_POINT('Ctrl Pts',(-1.83247519511695,-6.81455598686421,18.4699859307148));
#9418=CARTESIAN_POINT('Ctrl Pts',(-1.83334826535732,-6.81780273533279,18.4699859307148));
#9419=CARTESIAN_POINT('Ctrl Pts',(-1.89911755819474,-6.7896724073483,18.5410795652624));
#9420=CARTESIAN_POINT('Ctrl Pts',(-1.90002326090235,-6.7929104448812,18.5410795652624));
#9421=CARTESIAN_POINT('Ctrl Pts',(-1.90092891049769,-6.79614830908795,18.5410795652624));
#9422=CARTESIAN_POINT('Ctrl Pts',(-1.90183461230454,-6.79938634368132,18.5410795652624));
#9423=CARTESIAN_POINT('Ctrl Pts',(-2.03805525559634,-6.74934400066749,18.6863069203319));
#9424=CARTESIAN_POINT('Ctrl Pts',(-2.0390271978876,-6.75256274242074,18.6863069203319));
#9425=CARTESIAN_POINT('Ctrl Pts',(-2.03999914401359,-6.75578149590574,18.6863069203319));
#9426=CARTESIAN_POINT('Ctrl Pts',(-2.04097108636989,-6.75900023785796,18.6863069203319));
#9427=CARTESIAN_POINT('Ctrl Pts',(-2.05526207195812,-6.74368349050051,18.8908248589499));
#9428=CARTESIAN_POINT('Ctrl Pts',(-2.05624220740395,-6.74689949040015,18.8908248589499));
#9429=CARTESIAN_POINT('Ctrl Pts',(-2.05722238393677,-6.7501156259781,18.8908248589499));
#9430=CARTESIAN_POINT('Ctrl Pts',(-2.05820252007943,-6.75333162817877,18.8908248589499));
#9431=CARTESIAN_POINT('Ctrl Pts',(-2.06410086333549,-6.74097703335492,18.9952244446613));
#9432=CARTESIAN_POINT('Ctrl Pts',(-2.06508522802471,-6.74419178893218,18.9952244446613));
#9433=CARTESIAN_POINT('Ctrl Pts',(-2.06606959271392,-6.74740654450943,18.9952244446613));
#9434=CARTESIAN_POINT('Ctrl Pts',(-2.06705395740313,-6.75062130008669,18.9952244446613));
#9435=CARTESIAN_POINT('',(-1.83075145478316,-6.80814579094847,18.4699859307148));
#9436=CARTESIAN_POINT('Ctrl Pts',(-1.37381870136736,-6.91480602018674,18.3117320225574));
#9437=CARTESIAN_POINT('Ctrl Pts',(-1.37447340078203,-6.91810130176172,18.3117320225574));
#9438=CARTESIAN_POINT('Ctrl Pts',(-1.3751281001967,-6.92139658333668,18.3117320225574));
#9439=CARTESIAN_POINT('Ctrl Pts',(-1.37578279961137,-6.92469186491165,18.3117320225574));
#9440=CARTESIAN_POINT('Ctrl Pts',(-1.45893320626201,-6.89789565418895,18.3178144193644));
#9441=CARTESIAN_POINT('Ctrl Pts',(-1.45962847295805,-6.9011829001399,18.3178144193644));
#9442=CARTESIAN_POINT('Ctrl Pts',(-1.46032372303839,-6.90447007741271,18.3178144193644));
#9443=CARTESIAN_POINT('Ctrl Pts',(-1.46101898972393,-6.90775732332027,18.3178144193644));
#9444=CARTESIAN_POINT('Ctrl Pts',(-1.62534434369795,-6.8613777452438,18.3297542094471));
#9445=CARTESIAN_POINT('Ctrl Pts',(-1.62611890859085,-6.86464756481946,18.3297542094471));
#9446=CARTESIAN_POINT('Ctrl Pts',(-1.62689347403628,-6.86791738593362,18.3297542094471));
#9447=CARTESIAN_POINT('Ctrl Pts',(-1.62766803892953,-6.87118720551025,18.3297542094471));
#9448=CARTESIAN_POINT('Ctrl Pts',(-1.76330474451333,-6.82624003103241,18.4238329904065));
#9449=CARTESIAN_POINT('Ctrl Pts',(-1.76414505026715,-6.82949308498103,18.4238329904065));
#9450=CARTESIAN_POINT('Ctrl Pts',(-1.76498537079905,-6.83274620172951,18.4238329904065));
#9451=CARTESIAN_POINT('Ctrl Pts',(-1.76582567656222,-6.83599925571781,18.4238329904065));
#9452=CARTESIAN_POINT('Ctrl Pts',(-1.83074077506533,-6.80810607552135,18.4699859307148));
#9453=CARTESIAN_POINT('Ctrl Pts',(-1.83161322272721,-6.81135050876295,18.4699859307148));
#9454=CARTESIAN_POINT('Ctrl Pts',(-1.83248567038908,-6.81459494200455,18.4699859307148));
#9455=CARTESIAN_POINT('Ctrl Pts',(-1.83335811805095,-6.81783937524614,18.4699859307148));
#9456=CARTESIAN_POINT('',(-1.37382671560743,-6.91484635805332,18.3117320225574));
#9457=CARTESIAN_POINT('Ctrl Pts',(-0.913514534445288,-6.99050513870155,
18.4918131516315));
#9458=CARTESIAN_POINT('Ctrl Pts',(-0.913951169249499,-6.99384640775362,
18.4918131516315));
#9459=CARTESIAN_POINT('Ctrl Pts',(-0.914387804053709,-6.9971876768057,18.4918131516315));
#9460=CARTESIAN_POINT('Ctrl Pts',(-0.91482443885792,-7.00052894585779,18.4918131516315));
#9461=CARTESIAN_POINT('Ctrl Pts',(-0.979133404586765,-6.98193010914947,
18.4393032594628));
#9462=CARTESIAN_POINT('Ctrl Pts',(-0.979601398864615,-6.98526725130848,
18.4393032594628));
#9463=CARTESIAN_POINT('Ctrl Pts',(-0.980069406595998,-6.98860447722198,
18.4393032594628));
#9464=CARTESIAN_POINT('Ctrl Pts',(-0.980537400896638,-6.99194161952287,
18.4393032594628));
#9465=CARTESIAN_POINT('Ctrl Pts',(-1.11430833576531,-6.96261840575037,18.3309697151649));
#9466=CARTESIAN_POINT('Ctrl Pts',(-1.11484094438956,-6.96594634462088,18.3309697151649));
#9467=CARTESIAN_POINT('Ctrl Pts',(-1.11537355328171,-6.96927428672353,18.3309697151649));
#9468=CARTESIAN_POINT('Ctrl Pts',(-1.11590616190642,-6.97260222559951,18.3309697151649));
#9469=CARTESIAN_POINT('Ctrl Pts',(-1.28580491006919,-6.93227438833754,18.3182740340151));
#9470=CARTESIAN_POINT('Ctrl Pts',(-1.28641949443168,-6.9355878571283,18.3182740340151));
#9471=CARTESIAN_POINT('Ctrl Pts',(-1.28703406396187,-6.93890122980904,18.3182740340151));
#9472=CARTESIAN_POINT('Ctrl Pts',(-1.28764864829922,-6.94221469843698,18.3182740340151));
#9473=CARTESIAN_POINT('Ctrl Pts',(-1.373815256968,-6.91478868358082,18.3117320225574));
#9474=CARTESIAN_POINT('Ctrl Pts',(-1.37447190284842,-6.91809376225135,18.3117320225574));
#9475=CARTESIAN_POINT('Ctrl Pts',(-1.37512854872884,-6.92139884092187,18.3117320225574));
#9476=CARTESIAN_POINT('Ctrl Pts',(-1.37578519460926,-6.9247039195924,18.3117320225574));
#9477=CARTESIAN_POINT('',(-0.913522153834876,-6.99056344470551,18.4918131516315));
#9478=CARTESIAN_POINT('Ctrl Pts',(-0.733318492021144,-7.01171280495747,
18.9338328526355));
#9479=CARTESIAN_POINT('Ctrl Pts',(-0.733666760028686,-7.01504281132526,
18.9338328526355));
#9480=CARTESIAN_POINT('Ctrl Pts',(-0.734015028036229,-7.01837281769304,
18.9338328526355));
#9481=CARTESIAN_POINT('Ctrl Pts',(-0.734363296043771,-7.02170282406082,
18.9338328526355));
#9482=CARTESIAN_POINT('Ctrl Pts',(-0.7406297824249,-7.01094815553425,18.8501393678425));
#9483=CARTESIAN_POINT('Ctrl Pts',(-0.740981520071581,-7.01427777401051,
18.8501393678425));
#9484=CARTESIAN_POINT('Ctrl Pts',(-0.741333265542854,-7.01760746574678,
18.8501393678425));
#9485=CARTESIAN_POINT('Ctrl Pts',(-0.741685003258569,-7.0209370848694,18.8501393678425));
#9486=CARTESIAN_POINT('Ctrl Pts',(-0.755174072213618,-7.00962533545143,
18.6838898377019));
#9487=CARTESIAN_POINT('Ctrl Pts',(-0.755532719662281,-7.01295434801635,
18.6838898377019));
#9488=CARTESIAN_POINT('Ctrl Pts',(-0.755891367770086,-7.01628336774844,
18.6838898377019));
#9489=CARTESIAN_POINT('Ctrl Pts',(-0.756250015224565,-7.0196123803766,18.6838898377019));
#9490=CARTESIAN_POINT('Ctrl Pts',(-0.861041811633343,-6.99737665605178,
18.5555460144274));
#9491=CARTESIAN_POINT('Ctrl Pts',(-0.861450741487057,-7.000699886652,18.5555460144274));
#9492=CARTESIAN_POINT('Ctrl Pts',(-0.861859661216771,-7.00402302024682,
18.5555460144274));
#9493=CARTESIAN_POINT('Ctrl Pts',(-0.862268590981165,-7.00734624999121,
18.5555460144274));
#9494=CARTESIAN_POINT('Ctrl Pts',(-0.913516386877307,-6.99051931410331,
18.4918131516315));
#9495=CARTESIAN_POINT('Ctrl Pts',(-0.913950234564741,-6.99383925524717,
18.4918131516315));
#9496=CARTESIAN_POINT('Ctrl Pts',(-0.914384082252173,-6.99715919639102,
18.4918131516315));
#9497=CARTESIAN_POINT('Ctrl Pts',(-0.914817929939607,-7.00047913753488,
18.4918131516315));
#9498=CARTESIAN_POINT('',(-0.733323121403483,-7.01175706935252,18.9338328526355));
#9499=CARTESIAN_POINT('Ctrl Pts',(-0.858029275379124,-6.99757418083031,
19.311732260976));
#9500=CARTESIAN_POINT('Ctrl Pts',(-0.858436462440547,-7.00089495524856,
19.311732260976));
#9501=CARTESIAN_POINT('Ctrl Pts',(-0.858843649501971,-7.00421572966681,
19.311732260976));
#9502=CARTESIAN_POINT('Ctrl Pts',(-0.859250836563394,-7.00753650408505,
19.311732260976));
#9503=CARTESIAN_POINT('Ctrl Pts',(-0.82170230464421,-7.0020285250133,19.251935891811));
#9504=CARTESIAN_POINT('Ctrl Pts',(-0.822092253879547,-7.00535142795369,
19.251935891811));
#9505=CARTESIAN_POINT('Ctrl Pts',(-0.82248219853836,-7.00867428703672,19.251935891811));
#9506=CARTESIAN_POINT('Ctrl Pts',(-0.822872147776163,-7.01199719000074,
19.251935891811));
#9507=CARTESIAN_POINT('Ctrl Pts',(-0.750932122267103,-7.00997940230019,
19.135584296898));
#9508=CARTESIAN_POINT('Ctrl Pts',(-0.751288485091978,-7.01330606246882,
19.135584296898));
#9509=CARTESIAN_POINT('Ctrl Pts',(-0.751644848292568,-7.01663272646982,
19.135584296898));
#9510=CARTESIAN_POINT('Ctrl Pts',(-0.75200121111724,-7.01995938663639,19.135584296898));
#9511=CARTESIAN_POINT('Ctrl Pts',(-0.739078764022162,-7.01113790660456,
18.9998227218127));
#9512=CARTESIAN_POINT('Ctrl Pts',(-0.739429500756578,-7.01446510766793,
18.9998227218127));
#9513=CARTESIAN_POINT('Ctrl Pts',(-0.739780240711558,-7.01779233913828,
18.9998227218127));
#9514=CARTESIAN_POINT('Ctrl Pts',(-0.740130977444238,-7.02111954018526,
18.9998227218127));
#9515=CARTESIAN_POINT('Ctrl Pts',(-0.733321340958961,-7.01174004541846,
18.9338328526355));
#9516=CARTESIAN_POINT('Ctrl Pts',(-0.733669346522957,-7.01506754240077,
18.9338328526355));
#9517=CARTESIAN_POINT('Ctrl Pts',(-0.734017352086954,-7.01839503938308,
18.9338328526355));
#9518=CARTESIAN_POINT('Ctrl Pts',(-0.734365357650951,-7.02172253636539,
18.9338328526355));
#9519=CARTESIAN_POINT('',(-0.85803135860436,-6.99759117037081,19.311732260976));
#9520=CARTESIAN_POINT('Ctrl Pts',(-0.322534178885587,-7.04261824206386,
19.2039551422931));
#9521=CARTESIAN_POINT('Ctrl Pts',(-0.32268667731532,-7.04594808520431,19.2039551422931));
#9522=CARTESIAN_POINT('Ctrl Pts',(-0.322839175745053,-7.04927792834477,
19.2039551422931));
#9523=CARTESIAN_POINT('Ctrl Pts',(-0.322991674174786,-7.05260777148522,
19.2039551422931));
#9524=CARTESIAN_POINT('Ctrl Pts',(-0.501518931983809,-7.03442119113913,
19.2398808485207));
#9525=CARTESIAN_POINT('Ctrl Pts',(-0.501756056800457,-7.03774715894004,
19.2398808485207));
#9526=CARTESIAN_POINT('Ctrl Pts',(-0.501993181538768,-7.04107312573701,
19.2398808485207));
#9527=CARTESIAN_POINT('Ctrl Pts',(-0.502230306355417,-7.04439909353791,
19.2398808485207));
#9528=CARTESIAN_POINT('Ctrl Pts',(-0.680190946862252,-7.01939762439001,
19.2758065547484));
#9529=CARTESIAN_POINT('Ctrl Pts',(-0.680512550176957,-7.02271648884933,
19.2758065547484));
#9530=CARTESIAN_POINT('Ctrl Pts',(-0.680834153401252,-7.02603535230572,
19.2758065547484));
#9531=CARTESIAN_POINT('Ctrl Pts',(-0.681155756715957,-7.02935421676503,
19.2758065547484));
#9532=CARTESIAN_POINT('Ctrl Pts',(-0.85803135860436,-6.99759117037081,19.311732260976));
#9533=CARTESIAN_POINT('Ctrl Pts',(-0.858437047189988,-7.00089972411567,
19.311732260976));
#9534=CARTESIAN_POINT('Ctrl Pts',(-0.858842735775617,-7.00420827786053,
19.311732260976));
#9535=CARTESIAN_POINT('Ctrl Pts',(-0.859248424361245,-7.00751683160538,
19.311732260976));
#9536=CARTESIAN_POINT('',(-0.322534178885587,-7.04261824206386,19.2039551422931));
#9537=CARTESIAN_POINT('Origin',(-0.322534178885587,-7.04261824206386,18.8049103901722));
#9538=CARTESIAN_POINT('',(-0.322534178885587,-7.04261824206386,18.4058656380512));
#9539=CARTESIAN_POINT('Origin',(-0.205291692362563,-7.04701038178935,18.4058656380512));
#9540=CARTESIAN_POINT('',(-0.087992350370754,-7.04945085423512,18.4058656380512));
#9541=CARTESIAN_POINT('Origin',(-0.087992350370754,-7.04945085423512,18.9031370566227));
#9542=CARTESIAN_POINT('',(-0.087992350370754,-7.04945085423512,19.4004084751941));
#9543=CARTESIAN_POINT('Ctrl Pts',(-1.11063796304979,-6.96195853570088,19.5941342074617));
#9544=CARTESIAN_POINT('Ctrl Pts',(-1.11116352248271,-6.96525296926222,19.5941342074617));
#9545=CARTESIAN_POINT('Ctrl Pts',(-1.11168908191564,-6.96854740282378,19.5941342074617));
#9546=CARTESIAN_POINT('Ctrl Pts',(-1.11221464134856,-6.97184183638512,19.5941342074617));
#9547=CARTESIAN_POINT('Ctrl Pts',(-0.772482132189747,-7.01590437647289,
19.5295585967044));
#9548=CARTESIAN_POINT('Ctrl Pts',(-0.772847675029453,-7.01922434195774,
19.5295585967044));
#9549=CARTESIAN_POINT('Ctrl Pts',(-0.773213216566215,-7.02254429402964,
19.5295585967044));
#9550=CARTESIAN_POINT('Ctrl Pts',(-0.773578759403769,-7.02586425949234,
19.5295585967044));
#9551=CARTESIAN_POINT('Ctrl Pts',(-0.430391518709156,-7.04516898342312,
19.4649829859471));
#9552=CARTESIAN_POINT('Ctrl Pts',(-0.430595182458282,-7.048502797075,19.4649829859471));
#9553=CARTESIAN_POINT('Ctrl Pts',(-0.430798845213233,-7.05183659728755,
19.4649829859471));
#9554=CARTESIAN_POINT('Ctrl Pts',(-0.431002508960716,-7.05517041091723,
19.4649829859471));
#9555=CARTESIAN_POINT('Ctrl Pts',(-0.0879864144494652,-7.04944265376052,
19.4004073751897));
#9556=CARTESIAN_POINT('Ctrl Pts',(-0.0880280500603619,-7.05277848524359,
19.4004073751897));
#9557=CARTESIAN_POINT('Ctrl Pts',(-0.0880696856712755,-7.0561143167269,
19.4004073751897));
#9558=CARTESIAN_POINT('Ctrl Pts',(-0.0881113212821722,-7.05945014820998,
19.4004073751897));
#9559=CARTESIAN_POINT('',(-1.11063350622599,-6.961967625237,19.5941331074573));
#9560=CARTESIAN_POINT('Ctrl Pts',(-1.1402624910672,-6.95717625559862,19.3635739968158));
#9561=CARTESIAN_POINT('Ctrl Pts',(-1.14080162226865,-6.96046570063673,19.3635739968158));
#9562=CARTESIAN_POINT('Ctrl Pts',(-1.1413407534701,-6.96375514567484,19.3635739968158));
#9563=CARTESIAN_POINT('Ctrl Pts',(-1.14187988467155,-6.96704459071294,19.3635739968158));
#9564=CARTESIAN_POINT('Ctrl Pts',(-1.1303895774149,-6.95879439961304,19.4404270336963));
#9565=CARTESIAN_POINT('Ctrl Pts',(-1.13092404057207,-6.96208460973106,19.4404270336963));
#9566=CARTESIAN_POINT('Ctrl Pts',(-1.13145850372924,-6.96537481984908,19.4404270336963));
#9567=CARTESIAN_POINT('Ctrl Pts',(-1.13199296688641,-6.9686650299671,19.4404270336963));
#9568=CARTESIAN_POINT('Ctrl Pts',(-1.12051321930049,-6.96039152765036,19.5172800705768));
#9569=CARTESIAN_POINT('Ctrl Pts',(-1.12104301278479,-6.96368249291166,19.5172800705768));
#9570=CARTESIAN_POINT('Ctrl Pts',(-1.1215728062691,-6.96697345817295,19.5172800705768));
#9571=CARTESIAN_POINT('Ctrl Pts',(-1.1221025997534,-6.97026442343426,19.5172800705768));
#9572=CARTESIAN_POINT('Ctrl Pts',(-1.11063350622599,-6.961967625237,19.5941331074573));
#9573=CARTESIAN_POINT('Ctrl Pts',(-1.11115862845116,-6.96525933569811,19.5941331074573));
#9574=CARTESIAN_POINT('Ctrl Pts',(-1.11168375067632,-6.96855104615921,19.5941331074573));
#9575=CARTESIAN_POINT('Ctrl Pts',(-1.11220887290149,-6.97184275662032,19.5941331074573));
#9576=CARTESIAN_POINT('',(-1.1402624910672,-6.95717625559862,19.3635739968158));
#9577=CARTESIAN_POINT('Ctrl Pts',(-1.00205039661484,-6.97841404969986,19.2135061905719));
#9578=CARTESIAN_POINT('Ctrl Pts',(-1.00252498099648,-6.9817191193129,19.2135061905719));
#9579=CARTESIAN_POINT('Ctrl Pts',(-1.00299956537812,-6.98502418892595,19.2135061905719));
#9580=CARTESIAN_POINT('Ctrl Pts',(-1.00347414975975,-6.988329258539,19.2135061905719));
#9581=CARTESIAN_POINT('Ctrl Pts',(-1.0208678679891,-6.97571199527417,19.2434485797969));
#9582=CARTESIAN_POINT('Ctrl Pts',(-1.0213513639143,-6.979015780826,19.2434485797969));
#9583=CARTESIAN_POINT('Ctrl Pts',(-1.02183486181812,-6.98231957934814,19.2434485797969));
#9584=CARTESIAN_POINT('Ctrl Pts',(-1.02231835774406,-6.9856233649048,19.2434485797969));
#9585=CARTESIAN_POINT('Ctrl Pts',(-1.05777160643981,-6.97030503662366,19.3021934506589));
#9586=CARTESIAN_POINT('Ctrl Pts',(-1.05827258112354,-6.97360626565519,19.3021934506589));
#9587=CARTESIAN_POINT('Ctrl Pts',(-1.05877355581693,-6.976907494822,19.3021934506589));
#9588=CARTESIAN_POINT('Ctrl Pts',(-1.05927453050066,-6.98020872385357,19.3021934506589));
#9589=CARTESIAN_POINT('Ctrl Pts',(-1.11314239643356,-6.96161165418574,19.3433802159293));
#9590=CARTESIAN_POINT('Ctrl Pts',(-1.11366959613061,-6.9649087703977,19.3433802159293));
#9591=CARTESIAN_POINT('Ctrl Pts',(-1.11419679382699,-6.96820587332698,19.3433802159293));
#9592=CARTESIAN_POINT('Ctrl Pts',(-1.11472399352329,-6.971502989534,19.3433802159293));
#9593=CARTESIAN_POINT('Ctrl Pts',(-1.14026097285442,-6.95716699240355,19.3635739968158));
#9594=CARTESIAN_POINT('Ctrl Pts',(-1.14080101560131,-6.96046199912796,19.3635739968158));
#9595=CARTESIAN_POINT('Ctrl Pts',(-1.1413410583482,-6.96375700585237,19.3635739968158));
#9596=CARTESIAN_POINT('Ctrl Pts',(-1.14188110109509,-6.96705201257678,19.3635739968158));
#9597=CARTESIAN_POINT('',(-1.00205173080565,-6.97842334118456,19.2135061905719));
#9598=CARTESIAN_POINT('Ctrl Pts',(-0.948681553104904,-6.98587457288055,
18.9993180916645));
#9599=CARTESIAN_POINT('Ctrl Pts',(-0.949130487073241,-6.98918042022631,
18.9993180916645));
#9600=CARTESIAN_POINT('Ctrl Pts',(-0.949579421041577,-6.99248626757207,
18.9993180916645));
#9601=CARTESIAN_POINT('Ctrl Pts',(-0.950028355009914,-6.99579211491783,
18.9993180916645));
#9602=CARTESIAN_POINT('Ctrl Pts',(-0.950715509316601,-6.98559836169216,
19.0375689413171));
#9603=CARTESIAN_POINT('Ctrl Pts',(-0.95116540548637,-6.98890407609562,19.0375689413171));
#9604=CARTESIAN_POINT('Ctrl Pts',(-0.95161530257017,-6.99220979719538,19.0375689413171));
#9605=CARTESIAN_POINT('Ctrl Pts',(-0.952065198739922,-6.99551551159871,
19.0375689413171));
#9606=CARTESIAN_POINT('Ctrl Pts',(-0.954703083893096,-6.98507545104078,
19.11251285918));
#9607=CARTESIAN_POINT('Ctrl Pts',(-0.955154867337601,-6.98838092003284,
19.11251285918));
#9608=CARTESIAN_POINT('Ctrl Pts',(-0.955606650858681,-6.99168638960702,
19.11251285918));
#9609=CARTESIAN_POINT('Ctrl Pts',(-0.956058434303184,-6.99499185859907,
19.11251285918));
#9610=CARTESIAN_POINT('Ctrl Pts',(-0.986495197294043,-6.98065286627145,
19.1803115001033));
#9611=CARTESIAN_POINT('Ctrl Pts',(-0.986962025778493,-6.98395624546479,
19.1803115001033));
#9612=CARTESIAN_POINT('Ctrl Pts',(-0.987428853100211,-6.98725961609298,
19.1803115001033));
#9613=CARTESIAN_POINT('Ctrl Pts',(-0.987895681584683,-6.9905629952865,19.1803115001033));
#9614=CARTESIAN_POINT('Ctrl Pts',(-1.00205112836699,-6.97841914572054,19.2135061905719));
#9615=CARTESIAN_POINT('Ctrl Pts',(-1.00252531782294,-6.98172146501782,19.2135061905719));
#9616=CARTESIAN_POINT('Ctrl Pts',(-1.00299950727889,-6.98502378431512,19.2135061905719));
#9617=CARTESIAN_POINT('Ctrl Pts',(-1.00347369673483,-6.98832610361241,19.2135061905719));
#9618=CARTESIAN_POINT('',(-0.948682123457478,-6.98587877282681,18.9993180916645));
#9619=CARTESIAN_POINT('Ctrl Pts',(-1.06884655753011,-6.96848248621084,18.6903133080341));
#9620=CARTESIAN_POINT('Ctrl Pts',(-1.06935420964938,-6.97179218943926,18.6903133080341));
#9621=CARTESIAN_POINT('Ctrl Pts',(-1.06986186176863,-6.97510189266766,18.6903133080341));
#9622=CARTESIAN_POINT('Ctrl Pts',(-1.07036951388788,-6.97841159589606,18.6903133080341));
#9623=CARTESIAN_POINT('Ctrl Pts',(-1.03385342141412,-6.97384983734256,18.7337064150547));
#9624=CARTESIAN_POINT('Ctrl Pts',(-1.03434445546723,-6.97716210481683,18.7337064150547));
#9625=CARTESIAN_POINT('Ctrl Pts',(-1.03483548343759,-6.98047432747717,18.7337064150547));
#9626=CARTESIAN_POINT('Ctrl Pts',(-1.0353265174907,-6.98378659495142,18.7337064150547));
#9627=CARTESIAN_POINT('Ctrl Pts',(-0.961301294276512,-6.98424180862023,
18.8235407758264));
#9628=CARTESIAN_POINT('Ctrl Pts',(-0.961757867308565,-6.98755899584956,
18.8235407758264));
#9629=CARTESIAN_POINT('Ctrl Pts',(-0.962214440691886,-6.9908761858865,18.8235407758264));
#9630=CARTESIAN_POINT('Ctrl Pts',(-0.962671013723938,-6.99419337311582,
18.8235407758264));
#9631=CARTESIAN_POINT('Ctrl Pts',(-0.952976007244495,-6.98527284070025,
18.9394150858544));
#9632=CARTESIAN_POINT('Ctrl Pts',(-0.953428624607342,-6.98859050644799,
18.9394150858544));
#9633=CARTESIAN_POINT('Ctrl Pts',(-0.953881246942528,-6.99190820837409,
18.9394150858544));
#9634=CARTESIAN_POINT('Ctrl Pts',(-0.954333864305378,-6.99522587412185,
18.9394150858544));
#9635=CARTESIAN_POINT('Ctrl Pts',(-0.948679080227424,-6.98585636317482,
18.9993180916645));
#9636=CARTESIAN_POINT('Ctrl Pts',(-0.949129658415827,-6.98917431818212,
18.9993180916645));
#9637=CARTESIAN_POINT('Ctrl Pts',(-0.949580236604229,-6.99249227318941,
18.9993180916645));
#9638=CARTESIAN_POINT('Ctrl Pts',(-0.950030814792631,-6.99581022819671,
18.9993180916645));
#9639=CARTESIAN_POINT('',(-1.06884998624066,-6.96850484012986,18.6903133080341));
#9640=CARTESIAN_POINT('Ctrl Pts',(-1.39522413164169,-6.91053026093064,18.572305648122));
#9641=CARTESIAN_POINT('Ctrl Pts',(-1.39588731479187,-6.91381500000864,18.572305648122));
#9642=CARTESIAN_POINT('Ctrl Pts',(-1.39655049794204,-6.91709973908666,18.572305648122));
#9643=CARTESIAN_POINT('Ctrl Pts',(-1.3972136810922,-6.92038447816468,18.572305648122));
#9644=CARTESIAN_POINT('Ctrl Pts',(-1.33157083427388,-6.9233817516604,18.575928255169));
#9645=CARTESIAN_POINT('Ctrl Pts',(-1.33220376407518,-6.92667261456278,18.575928255169));
#9646=CARTESIAN_POINT('Ctrl Pts',(-1.33283668620386,-6.92996343214671,18.575928255169));
#9647=CARTESIAN_POINT('Ctrl Pts',(-1.33346961599498,-6.93325429498889,18.575928255169));
#9648=CARTESIAN_POINT('Ctrl Pts',(-1.21111472312829,-6.94581425864724,18.5827630025528));
#9649=CARTESIAN_POINT('Ctrl Pts',(-1.21169039460548,-6.94911576831549,18.5827630025528));
#9650=CARTESIAN_POINT('Ctrl Pts',(-1.21226606638264,-6.95241728016375,18.5827630025528));
#9651=CARTESIAN_POINT('Ctrl Pts',(-1.21284173786022,-6.95571878983489,18.5827630025528));
#9652=CARTESIAN_POINT('Ctrl Pts',(-1.11437052120298,-6.96149254816982,18.6559278660866));
#9653=CARTESIAN_POINT('Ctrl Pts',(-1.11490020584002,-6.96480149859362,18.6559278660866));
#9654=CARTESIAN_POINT('Ctrl Pts',(-1.11542989681052,-6.96811048549421,18.6559278660866));
#9655=CARTESIAN_POINT('Ctrl Pts',(-1.11595958145596,-6.97141943596647,18.6559278660866));
#9656=CARTESIAN_POINT('Ctrl Pts',(-1.06884545798397,-6.96847531757847,18.6903133080341));
#9657=CARTESIAN_POINT('Ctrl Pts',(-1.06935350560285,-6.97178759931744,18.6903133080341));
#9658=CARTESIAN_POINT('Ctrl Pts',(-1.06986155322171,-6.9750998810564,18.6903133080341));
#9659=CARTESIAN_POINT('Ctrl Pts',(-1.07036960084058,-6.97841216279536,18.6903133080341));
#9660=CARTESIAN_POINT('',(-1.39523004263,-6.91055953799276,18.572305648122));
#9661=CARTESIAN_POINT('Ctrl Pts',(-1.74100132918459,-6.83161686719906,18.6950888321735));
#9662=CARTESIAN_POINT('Ctrl Pts',(-1.74182902620944,-6.83486471592903,18.6950888321735));
#9663=CARTESIAN_POINT('Ctrl Pts',(-1.74265672323429,-6.83811256465899,18.6950888321735));
#9664=CARTESIAN_POINT('Ctrl Pts',(-1.74348442025913,-6.84136041338895,18.6950888321735));
#9665=CARTESIAN_POINT('Ctrl Pts',(-1.69253013260485,-6.84396949471829,18.6593054817736));
#9666=CARTESIAN_POINT('Ctrl Pts',(-1.6933347827008,-6.84722320301664,18.6593054817736));
#9667=CARTESIAN_POINT('Ctrl Pts',(-1.69413944181659,-6.85047695020563,18.6593054817736));
#9668=CARTESIAN_POINT('Ctrl Pts',(-1.69494409192215,-6.85373065854543,18.6593054817736));
#9669=CARTESIAN_POINT('Ctrl Pts',(-1.58976651885365,-6.86914139568211,18.5836230034723));
#9670=CARTESIAN_POINT('Ctrl Pts',(-1.59052231648608,-6.87240708341394,18.5836230034723));
#9671=CARTESIAN_POINT('Ctrl Pts',(-1.59127811469237,-6.87567277322518,18.5836230034723));
#9672=CARTESIAN_POINT('Ctrl Pts',(-1.5920339123254,-6.87893846095923,18.5836230034723));
#9673=CARTESIAN_POINT('Ctrl Pts',(-1.4625237210941,-6.89694228476967,18.5762124341882));
#9674=CARTESIAN_POINT('Ctrl Pts',(-1.46321902962466,-6.90022120601726,18.5762124341882));
#9675=CARTESIAN_POINT('Ctrl Pts',(-1.46391432695341,-6.90350007994438,18.5762124341882));
#9676=CARTESIAN_POINT('Ctrl Pts',(-1.46460963547202,-6.90677900114152,18.5762124341882));
#9677=CARTESIAN_POINT('Ctrl Pts',(-1.39522407246179,-6.9105299678132,18.572305648122));
#9678=CARTESIAN_POINT('Ctrl Pts',(-1.39588738201498,-6.91381533296403,18.572305648122));
#9679=CARTESIAN_POINT('Ctrl Pts',(-1.39655069156818,-6.91710069811487,18.572305648122));
#9680=CARTESIAN_POINT('Ctrl Pts',(-1.39721400112136,-6.9203860632657,18.572305648122));
#9681=CARTESIAN_POINT('',(-1.74100877893478,-6.83164609970921,18.6950888321735));
#9682=CARTESIAN_POINT('Ctrl Pts',(-1.87023796692555,-6.79738156688562,18.9952244446613));
#9683=CARTESIAN_POINT('Ctrl Pts',(-1.87112632777172,-6.80061031517713,18.9952244446613));
#9684=CARTESIAN_POINT('Ctrl Pts',(-1.87201468861788,-6.80383906346865,18.9952244446613));
#9685=CARTESIAN_POINT('Ctrl Pts',(-1.87290304946404,-6.80706781176017,18.9952244446613));
#9686=CARTESIAN_POINT('Ctrl Pts',(-1.86472633605119,-6.79889804228256,18.9382473259371));
#9687=CARTESIAN_POINT('Ctrl Pts',(-1.86561207554107,-6.80212749869262,18.9382473259371));
#9688=CARTESIAN_POINT('Ctrl Pts',(-1.86649782500271,-6.80535699156399,18.9382473259371));
#9689=CARTESIAN_POINT('Ctrl Pts',(-1.86738356448924,-6.80858644796181,18.9382473259371));
#9690=CARTESIAN_POINT('Ctrl Pts',(-1.85365627664929,-6.80204862695505,18.823534439012));
#9691=CARTESIAN_POINT('Ctrl Pts',(-1.85453676083748,-6.80527959077613,18.823534439012));
#9692=CARTESIAN_POINT('Ctrl Pts',(-1.85541724614438,-6.80851055853599,18.823534439012));
#9693=CARTESIAN_POINT('Ctrl Pts',(-1.8562977303322,-6.81174152235574,18.823534439012));
#9694=CARTESIAN_POINT('Ctrl Pts',(-1.77878997485825,-6.82199479686222,18.7380923904062));
#9695=CARTESIAN_POINT('Ctrl Pts',(-1.77963490261199,-6.82523525310338,18.7380923904062));
#9696=CARTESIAN_POINT('Ctrl Pts',(-1.78047981663372,-6.82847565947418,18.7380923904062));
#9697=CARTESIAN_POINT('Ctrl Pts',(-1.78132474439207,-6.83171611573209,18.7380923904062));
#9698=CARTESIAN_POINT('Ctrl Pts',(-1.74100328326811,-6.83162453494158,18.6950888321735));
#9699=CARTESIAN_POINT('Ctrl Pts',(-1.74183025779074,-6.83486954860286,18.6950888321735));
#9700=CARTESIAN_POINT('Ctrl Pts',(-1.74265723231337,-6.83811456226415,18.6950888321735));
#9701=CARTESIAN_POINT('Ctrl Pts',(-1.74348420683599,-6.84135957592542,18.6950888321735));
#9702=CARTESIAN_POINT('',(-1.87024387053559,-6.79740302356158,18.9952244446613));
#9703=CARTESIAN_POINT('Ctrl Pts',(-1.77865601165041,-6.82192832514577,19.2469300911762));
#9704=CARTESIAN_POINT('Ctrl Pts',(-1.77949912725407,-6.82516204441488,19.2469300911762));
#9705=CARTESIAN_POINT('Ctrl Pts',(-1.78034224285774,-6.82839576368399,19.2469300911762));
#9706=CARTESIAN_POINT('Ctrl Pts',(-1.7811853584614,-6.8316294829531,19.2469300911762));
#9707=CARTESIAN_POINT('Ctrl Pts',(-1.80541462698708,-6.81495165081011,19.2100589329814));
#9708=CARTESIAN_POINT('Ctrl Pts',(-1.80627042902118,-6.81818207156516,19.2100589329814));
#9709=CARTESIAN_POINT('Ctrl Pts',(-1.80712622400608,-6.82141246671019,19.2100589329814));
#9710=CARTESIAN_POINT('Ctrl Pts',(-1.80798202604075,-6.8246428874673,19.2100589329814));
#9711=CARTESIAN_POINT('Ctrl Pts',(-1.85948142772395,-6.80040833152886,19.1354075083343));
#9712=CARTESIAN_POINT('Ctrl Pts',(-1.86036285588617,-6.80363184931521,19.1354075083343));
#9713=CARTESIAN_POINT('Ctrl Pts',(-1.8612442845647,-6.80685536892917,19.1354075083343));
#9714=CARTESIAN_POINT('Ctrl Pts',(-1.86212571272687,-6.81007888671538,19.1354075083343));
#9715=CARTESIAN_POINT('Ctrl Pts',(-1.86662029142263,-6.79838701955326,19.0423299666532));
#9716=CARTESIAN_POINT('Ctrl Pts',(-1.86750510191506,-6.80160957325828,19.0423299666532));
#9717=CARTESIAN_POINT('Ctrl Pts',(-1.86838991777858,-6.80483214657421,19.0423299666532));
#9718=CARTESIAN_POINT('Ctrl Pts',(-1.86927472827059,-6.80805470027766,19.0423299666532));
#9719=CARTESIAN_POINT('Ctrl Pts',(-1.87024054567734,-6.79739093936129,18.9952244446613));
#9720=CARTESIAN_POINT('Ctrl Pts',(-1.87112707403152,-6.80061302745905,18.9952244446613));
#9721=CARTESIAN_POINT('Ctrl Pts',(-1.8720136023857,-6.80383511555682,18.9952244446613));
#9722=CARTESIAN_POINT('Ctrl Pts',(-1.87290013073988,-6.80705720365459,18.9952244446613));
#9723=CARTESIAN_POINT('',(-1.77865917369239,-6.8219404529679,19.2469300911762));
#9724=CARTESIAN_POINT('Ctrl Pts',(-1.5033687007911,-6.88782152624519,19.3799450085498));
#9725=CARTESIAN_POINT('Ctrl Pts',(-1.50408237194023,-6.8910912760418,19.3799450085498));
#9726=CARTESIAN_POINT('Ctrl Pts',(-1.50479604308936,-6.8943610258384,19.3799450085498));
#9727=CARTESIAN_POINT('Ctrl Pts',(-1.50550971423849,-6.897630775635,19.3799450085498));
#9728=CARTESIAN_POINT('Ctrl Pts',(-1.55934493341927,-6.87560388727479,19.3688588403626));
#9729=CARTESIAN_POINT('Ctrl Pts',(-1.56008518046331,-6.87886784991921,19.3688588403626));
#9730=CARTESIAN_POINT('Ctrl Pts',(-1.56082541807733,-6.88213177451049,19.3688588403626));
#9731=CARTESIAN_POINT('Ctrl Pts',(-1.56156566511766,-6.88539573714,19.3688588403626));
#9732=CARTESIAN_POINT('Ctrl Pts',(-1.66257441525303,-6.85161346513774,19.3483532681415));
#9733=CARTESIAN_POINT('Ctrl Pts',(-1.66336366348782,-6.85486602569298,19.3483532681415));
#9734=CARTESIAN_POINT('Ctrl Pts',(-1.66415291231886,-6.85811858847121,19.3483532681415));
#9735=CARTESIAN_POINT('Ctrl Pts',(-1.66494216055388,-6.86137114902732,19.3483532681415));
#9736=CARTESIAN_POINT('Ctrl Pts',(-1.74216024331903,-6.83143490281863,19.2788547909352));
#9737=CARTESIAN_POINT('Ctrl Pts',(-1.74298726996537,-6.83467787544856,19.2788547909352));
#9738=CARTESIAN_POINT('Ctrl Pts',(-1.74381430362112,-6.83792087678364,19.2788547909352));
#9739=CARTESIAN_POINT('Ctrl Pts',(-1.74464133027021,-6.84116384942482,19.2788547909352));
#9740=CARTESIAN_POINT('Ctrl Pts',(-1.77865385636803,-6.82192005868964,19.2469300911762));
#9741=CARTESIAN_POINT('Ctrl Pts',(-1.7794982094139,-6.82515852409403,19.2469300911762));
#9742=CARTESIAN_POINT('Ctrl Pts',(-1.78034256245978,-6.82839698949842,19.2469300911762));
#9743=CARTESIAN_POINT('Ctrl Pts',(-1.78118691550565,-6.83163545490281,19.2469300911762));
#9744=CARTESIAN_POINT('',(-1.5033731951445,-6.88784211753732,19.3799450085498));
#9745=CARTESIAN_POINT('Ctrl Pts',(-1.52469170809642,-6.88315445092307,19.6377887413837));
#9746=CARTESIAN_POINT('Ctrl Pts',(-1.52541260252105,-6.88640889747197,19.6377887413837));
#9747=CARTESIAN_POINT('Ctrl Pts',(-1.52613349694569,-6.88966334402087,19.6377887413837));
#9748=CARTESIAN_POINT('Ctrl Pts',(-1.52685439137032,-6.89291779056977,19.6377887413837));
#9749=CARTESIAN_POINT('Ctrl Pts',(-1.51758796173783,-6.88472800607813,19.5518408304391));
#9750=CARTESIAN_POINT('Ctrl Pts',(-1.51830549741714,-6.88798319662474,19.5518408304391));
#9751=CARTESIAN_POINT('Ctrl Pts',(-1.51902303309645,-6.89123838717135,19.5518408304391));
#9752=CARTESIAN_POINT('Ctrl Pts',(-1.51974056877576,-6.89449357771796,19.5518408304391));
#9753=CARTESIAN_POINT('Ctrl Pts',(-1.51048177940044,-6.88629056411269,19.4658929194945));
#9754=CARTESIAN_POINT('Ctrl Pts',(-1.51119595518266,-6.88954649345742,19.4658929194945));
#9755=CARTESIAN_POINT('Ctrl Pts',(-1.51191013096488,-6.89280242280216,19.4658929194945));
#9756=CARTESIAN_POINT('Ctrl Pts',(-1.5126243067471,-6.89605835214689,19.4658929194945));
#9757=CARTESIAN_POINT('Ctrl Pts',(-1.5033731951445,-6.88784211753732,19.3799450085498));
#9758=CARTESIAN_POINT('Ctrl Pts',(-1.50408400989398,-6.89109878047706,19.3799450085498));
#9759=CARTESIAN_POINT('Ctrl Pts',(-1.50479482464346,-6.89435544341679,19.3799450085498));
#9760=CARTESIAN_POINT('Ctrl Pts',(-1.50550563939293,-6.89761210635652,19.3799450085498));
#9761=CARTESIAN_POINT('',(-1.52469170809642,-6.88315445092307,19.6377887413837));
#9762=CARTESIAN_POINT('Ctrl Pts',(-1.91753702435327,-6.78415610724054,19.4406547234394));
#9763=CARTESIAN_POINT('Ctrl Pts',(-1.91845276219531,-6.78739594480025,19.4406547234394));
#9764=CARTESIAN_POINT('Ctrl Pts',(-1.91936850003733,-6.79063578235995,19.4406547234394));
#9765=CARTESIAN_POINT('Ctrl Pts',(-1.92028423787936,-6.79387561991966,19.4406547234394));
#9766=CARTESIAN_POINT('Ctrl Pts',(-1.86350946194317,-6.79942696076286,19.492107847819));
#9767=CARTESIAN_POINT('Ctrl Pts',(-1.86439939201915,-6.8026740660801,19.492107847819));
#9768=CARTESIAN_POINT('Ctrl Pts',(-1.86528934105658,-6.80592124546549,19.492107847819));
#9769=CARTESIAN_POINT('Ctrl Pts',(-1.86617927117009,-6.80916835092933,19.492107847819));
#9770=CARTESIAN_POINT('Ctrl Pts',(-1.752204042494,-6.82972540470082,19.5978143882349));
#9771=CARTESIAN_POINT('Ctrl Pts',(-1.75304082370908,-6.83298700337558,19.5978143882349));
#9772=CARTESIAN_POINT('Ctrl Pts',(-1.75387760583248,-6.83624860481229,19.5978143882349));
#9773=CARTESIAN_POINT('Ctrl Pts',(-1.75471438704935,-6.83951020349251,19.5978143882349));
#9774=CARTESIAN_POINT('Ctrl Pts',(-1.60206537455905,-6.86595887151166,19.6242306906048));
#9775=CARTESIAN_POINT('Ctrl Pts',(-1.60283046341198,-6.86923780327194,19.6242306906048));
#9776=CARTESIAN_POINT('Ctrl Pts',(-1.60359553013379,-6.87251665047191,19.6242306906048));
#9777=CARTESIAN_POINT('Ctrl Pts',(-1.60436061894291,-6.87579558206482,19.6242306906048));
#9778=CARTESIAN_POINT('Ctrl Pts',(-1.52467977996457,-6.88310060189025,19.6377887413837));
#9779=CARTESIAN_POINT('Ctrl Pts',(-1.52540790513439,-6.88638769132404,19.6377887413837));
#9780=CARTESIAN_POINT('Ctrl Pts',(-1.52613603030421,-6.88967478075782,19.6377887413837));
#9781=CARTESIAN_POINT('Ctrl Pts',(-1.52686415547403,-6.8929618701916,19.6377887413837));
#9782=CARTESIAN_POINT('Origin',(0.,0.,0.));
#9783=CARTESIAN_POINT('',(-1.80694804234839,-6.82484716109111,12.5532068894245));
#9784=CARTESIAN_POINT('',(-2.03437185157187,-6.76054222452105,12.5532068894245));
#9785=CARTESIAN_POINT('Origin',(0.,0.,12.5532068894245));
#9786=CARTESIAN_POINT('',(-1.80694804234839,-6.82484716109111,13.5381998703815));
#9787=CARTESIAN_POINT('',(-1.80694804234839,-6.82484716109111,13.5381998703815));
#9788=CARTESIAN_POINT('',(-0.0607947781463782,-7.05973823841579,13.5381998703815));
#9789=CARTESIAN_POINT('Origin',(0.,0.,13.5381998703815));
#9790=CARTESIAN_POINT('',(-0.0607947781463778,-7.05973823841579,13.8028659508564));
#9791=CARTESIAN_POINT('',(-0.0607947781463782,-7.05973823841579,13.8028659508564));
#9792=CARTESIAN_POINT('',(-2.03437185157187,-6.76054222452105,13.8028659508564));
#9793=CARTESIAN_POINT('Origin',(0.,0.,13.8028659508564));
#9794=CARTESIAN_POINT('',(-2.03437185157187,-6.76054222452105,12.5532068894245));
#9795=CARTESIAN_POINT('Origin',(-1.91820818678746,-6.78402368452098,12.5532068894245));
#9796=CARTESIAN_POINT('',(-1.80438862585782,-6.81518023876661,12.5532068894245));
#9797=CARTESIAN_POINT('',(-2.0314903050399,-6.75096638567612,12.5532068894245));
#9798=CARTESIAN_POINT('Origin',(-1.80438862585782,-6.81518023876661,13.045703379903));
#9799=CARTESIAN_POINT('',(-1.80438862585781,-6.81518023876661,13.5381998703815));
#9800=CARTESIAN_POINT('Origin',(-0.939894347696367,-6.9870665243125,13.5381998703815));
#9801=CARTESIAN_POINT('',(-0.0607086665626014,-7.04973860918291,13.5381998703815));
#9802=CARTESIAN_POINT('Origin',(-0.0607086665626014,-7.04973860918291,13.6705329106189));
#9803=CARTESIAN_POINT('',(-0.0607086665626011,-7.04973860918291,13.8028659508564));
#9804=CARTESIAN_POINT('Origin',(-1.05671204430461,-6.97035577681811,13.8028659508564));
#9805=CARTESIAN_POINT('',(-2.0314903050399,-6.75096638567612,13.8028659508564));
#9806=CARTESIAN_POINT('Origin',(-2.0314903050399,-6.75096638567612,13.1780364201404));
#9807=CARTESIAN_POINT('Origin',(0.,0.,0.));
#9808=CARTESIAN_POINT('',(-0.0525979264186885,-7.05980406655429,9.61323401192204));
#9809=CARTESIAN_POINT('',(-0.185097351142391,-7.05757316438166,9.2264666245319));
#9810=CARTESIAN_POINT('Ctrl Pts',(-0.0525979264186885,-7.05980406655429,
9.61323401192204));
#9811=CARTESIAN_POINT('Ctrl Pts',(-0.0572906689893454,-7.05976910403605,
9.53558638395634));
#9812=CARTESIAN_POINT('Ctrl Pts',(-0.0622301526325057,-7.05975548884536,
9.46855711289985));
#9813=CARTESIAN_POINT('Ctrl Pts',(-0.103748899316501,-7.05926895448202,
9.34420149653544));
#9814=CARTESIAN_POINT('Ctrl Pts',(-0.139606114851941,-7.05876625259221,
9.29175738901268));
#9815=CARTESIAN_POINT('Ctrl Pts',(-0.185097351142389,-7.05757316438165,
9.2264666245319));
#9816=CARTESIAN_POINT('',(-0.282043196759158,-7.05436401351404,10.1166453049518));
#9817=CARTESIAN_POINT('Ctrl Pts',(-0.282043196759158,-7.05436401351404,
10.1166453049518));
#9818=CARTESIAN_POINT('Ctrl Pts',(-0.215160524222774,-7.05703807495088,
10.047942220882));
#9819=CARTESIAN_POINT('Ctrl Pts',(-0.0786261408881516,-7.05994259860492,
9.90777886687272));
#9820=CARTESIAN_POINT('Ctrl Pts',(-0.0613857955114103,-7.05973859395936,
9.71269481148354));
#9821=CARTESIAN_POINT('Ctrl Pts',(-0.0525979264186885,-7.05980406655429,
9.61323401192204));
#9822=CARTESIAN_POINT('',(-1.12165183481269,-6.97032977422599,10.3308334038593));
#9823=CARTESIAN_POINT('Ctrl Pts',(-1.12165183481269,-6.97032977422599,10.3308334038593));
#9824=CARTESIAN_POINT('Ctrl Pts',(-0.952426757561273,-6.99756114268968,
10.3282422673466));
#9825=CARTESIAN_POINT('Ctrl Pts',(-0.654291017114657,-7.03377402399367,
10.3237047731629));
#9826=CARTESIAN_POINT('Ctrl Pts',(-0.393848596604476,-7.04989387951941,
10.1788015345131));
#9827=CARTESIAN_POINT('Ctrl Pts',(-0.282043196759158,-7.05436401351404,
10.1166453049518));
#9828=CARTESIAN_POINT('',(-1.84983470064631,-6.81334804485172,10.1371087715961));
#9829=CARTESIAN_POINT('Ctrl Pts',(-1.84983470064631,-6.81334804485172,10.1371087715961));
#9830=CARTESIAN_POINT('Ctrl Pts',(-1.75569254534339,-6.83890778795109,10.1933030913237));
#9831=CARTESIAN_POINT('Ctrl Pts',(-1.5335427348531,-6.89473041741748,10.3252197602702));
#9832=CARTESIAN_POINT('Ctrl Pts',(-1.27240779008368,-6.94607042074979,10.3287862053896));
#9833=CARTESIAN_POINT('Ctrl Pts',(-1.12165183481269,-6.97032977422599,10.3308334038593));
#9834=CARTESIAN_POINT('',(-2.06705395740313,-6.75062130008669,9.63642737129704));
#9835=CARTESIAN_POINT('Ctrl Pts',(-2.06705395740313,-6.75062130008669,9.63642737129704));
#9836=CARTESIAN_POINT('Ctrl Pts',(-2.05837439358951,-6.75327900016079,9.73373197672643));
#9837=CARTESIAN_POINT('Ctrl Pts',(-2.04125940814802,-6.75884242388958,9.92660546867121));
#9838=CARTESIAN_POINT('Ctrl Pts',(-1.91347633463857,-6.7960692412166,10.0673632426078));
#9839=CARTESIAN_POINT('Ctrl Pts',(-1.84983470064631,-6.81334804485172,10.1371087715961));
#9840=CARTESIAN_POINT('',(-1.98460407138246,-6.77531893565551,9.3144621537067));
#9841=CARTESIAN_POINT('Ctrl Pts',(-1.98460407138246,-6.77531893565551,9.3144621537067));
#9842=CARTESIAN_POINT('Ctrl Pts',(-2.01256706882014,-6.76712810669382,9.37193797430263));
#9843=CARTESIAN_POINT('Ctrl Pts',(-2.03444570405692,-6.76053348410406,9.41827751033289));
#9844=CARTESIAN_POINT('Ctrl Pts',(-2.05999259513673,-6.75279235044141,9.51931868252261));
#9845=CARTESIAN_POINT('Ctrl Pts',(-2.06358368896386,-6.75168390333338,9.57206941934908));
#9846=CARTESIAN_POINT('Ctrl Pts',(-2.06705395740313,-6.75062130008669,9.63642737129704));
#9847=CARTESIAN_POINT('',(-1.74546388534425,-6.84083005379895,9.09140488365665));
#9848=CARTESIAN_POINT('Ctrl Pts',(-1.74546388534425,-6.84083005379895,9.09140488365665));
#9849=CARTESIAN_POINT('Ctrl Pts',(-1.79706204754679,-6.82766458587088,9.12203424788554));
#9850=CARTESIAN_POINT('Ctrl Pts',(-1.84248449990901,-6.81545452480349,9.14960788790843));
#9851=CARTESIAN_POINT('Ctrl Pts',(-1.9303576878842,-6.79116642272547,9.23109370073957));
#9852=CARTESIAN_POINT('Ctrl Pts',(-1.9676346363231,-6.78028956659226,9.2899049585168));
#9853=CARTESIAN_POINT('Ctrl Pts',(-1.98460407138246,-6.77531893565551,9.3144621537067));
#9854=CARTESIAN_POINT('',(-1.40390416268677,-6.91900665572673,9.01023289421574));
#9855=CARTESIAN_POINT('Ctrl Pts',(-1.40390416268677,-6.91900665572673,9.01023289421574));
#9856=CARTESIAN_POINT('Ctrl Pts',(-1.46495333871437,-6.90661944516048,9.01351736085846));
#9857=CARTESIAN_POINT('Ctrl Pts',(-1.52363309704141,-6.89387196396126,9.01680844691519));
#9858=CARTESIAN_POINT('Ctrl Pts',(-1.63906550006204,-6.86736838177653,9.04409151230728));
#9859=CARTESIAN_POINT('Ctrl Pts',(-1.69435423263499,-6.85387087666619,9.06886255964391));
#9860=CARTESIAN_POINT('Ctrl Pts',(-1.74546388534425,-6.84083005379895,9.09140488365665));
#9861=CARTESIAN_POINT('',(-0.942581898408121,-6.99679493516805,9.18280979851261));
#9862=CARTESIAN_POINT('Ctrl Pts',(-0.942581898408122,-6.99679493516805,
9.18280979851261));
#9863=CARTESIAN_POINT('Ctrl Pts',(-0.987190782719898,-6.99078539404958,
9.14872710788092));
#9864=CARTESIAN_POINT('Ctrl Pts',(-1.06363323347652,-6.9800507049789,9.08403198918507));
#9865=CARTESIAN_POINT('Ctrl Pts',(-1.23161304013986,-6.95215606055561,9.02261212565971));
#9866=CARTESIAN_POINT('Ctrl Pts',(-1.31431677349688,-6.93718442529193,9.01636172773262));
#9867=CARTESIAN_POINT('Ctrl Pts',(-1.40390416268677,-6.91900665572673,9.01023289421574));
#9868=CARTESIAN_POINT('',(-0.762891729180738,-7.01866057090294,9.6009554550983));
#9869=CARTESIAN_POINT('Ctrl Pts',(-0.762891729180738,-7.01866057090294,
9.6009554550983));
#9870=CARTESIAN_POINT('Ctrl Pts',(-0.770537936629326,-7.0178294681073,9.52199954949474));
#9871=CARTESIAN_POINT('Ctrl Pts',(-0.785927329028493,-7.01634408068265,
9.36329961391509));
#9872=CARTESIAN_POINT('Ctrl Pts',(-0.890257267828621,-7.00384391260446,
9.24317192684867));
#9873=CARTESIAN_POINT('Ctrl Pts',(-0.942581898408121,-6.99679493516805,
9.18280979851261));
#9874=CARTESIAN_POINT('',(-0.828050832256478,-7.01127176903016,9.86971518257633));
#9875=CARTESIAN_POINT('Ctrl Pts',(-0.828050832256478,-7.01127176903016,
9.86971518257633));
#9876=CARTESIAN_POINT('Ctrl Pts',(-0.806380630705175,-7.01383108052469,
9.82053442195222));
#9877=CARTESIAN_POINT('Ctrl Pts',(-0.789489140271436,-7.0157256463778,9.78074645314562));
#9878=CARTESIAN_POINT('Ctrl Pts',(-0.769526875931251,-7.01794295194781,
9.69870116503948));
#9879=CARTESIAN_POINT('Ctrl Pts',(-0.76621051311544,-7.01829983643101,9.65632323241844));
#9880=CARTESIAN_POINT('Ctrl Pts',(-0.762891729180738,-7.01866057090294,
9.6009554550983));
#9881=CARTESIAN_POINT('',(-1.02713305043485,-6.98488351346709,10.0866307900287));
#9882=CARTESIAN_POINT('Ctrl Pts',(-1.02713305043485,-6.98488351346709,10.0866307900287));
#9883=CARTESIAN_POINT('Ctrl Pts',(-0.983567392902711,-6.99128988039203,
10.0544944700457));
#9884=CARTESIAN_POINT('Ctrl Pts',(-0.945347355648513,-6.99649489788959,
10.0258615373076));
#9885=CARTESIAN_POINT('Ctrl Pts',(-0.874353297537628,-7.00575794052078,
9.94912131075551));
#9886=CARTESIAN_POINT('Ctrl Pts',(-0.846163532969317,-7.00913260834808,
9.89951480442037));
#9887=CARTESIAN_POINT('Ctrl Pts',(-0.82805083225648,-7.01127176903016,9.86971518257633));
#9888=CARTESIAN_POINT('',(-0.567040829408262,-7.03719153482296,10.0170530960895));
#9889=CARTESIAN_POINT('Ctrl Pts',(-0.567040829408262,-7.03719153482296,
10.0170530960895));
#9890=CARTESIAN_POINT('Ctrl Pts',(-0.612168820867966,-7.03355522428911,
10.0306315769569));
#9891=CARTESIAN_POINT('Ctrl Pts',(-0.692917670367769,-7.02664982591197,
10.0585064854804));
#9892=CARTESIAN_POINT('Ctrl Pts',(-0.871205378282331,-7.00646758879332,
10.0836153250535));
#9893=CARTESIAN_POINT('Ctrl Pts',(-0.948828825095846,-6.99639821627915,
10.0850989358063));
#9894=CARTESIAN_POINT('Ctrl Pts',(-1.02713305043485,-6.98488351346709,10.0866307900287));
#9895=CARTESIAN_POINT('',(-0.320261940074572,-7.05273225705752,9.8342432663776));
#9896=CARTESIAN_POINT('Ctrl Pts',(-0.320261940074574,-7.05273225705752,
9.8342432663776));
#9897=CARTESIAN_POINT('Ctrl Pts',(-0.339044189901621,-7.05187936210145,
9.85553219576076));
#9898=CARTESIAN_POINT('Ctrl Pts',(-0.378387800459541,-7.05004661785319,
9.90452496715068));
#9899=CARTESIAN_POINT('Ctrl Pts',(-0.470749912553303,-7.04439985940939,
9.97195612777506));
#9900=CARTESIAN_POINT('Ctrl Pts',(-0.516338462103145,-7.04127701583729,
9.99349585044208));
#9901=CARTESIAN_POINT('Ctrl Pts',(-0.567040829408262,-7.03719153482296,
10.0170530960895));
#9902=CARTESIAN_POINT('',(-0.254739641056564,-7.05540273232325,9.62824007729069));
#9903=CARTESIAN_POINT('Ctrl Pts',(-0.254739641056564,-7.05540273232325,
9.62824007729069));
#9904=CARTESIAN_POINT('Ctrl Pts',(-0.257597759459358,-7.05529953820611,
9.67057588881014));
#9905=CARTESIAN_POINT('Ctrl Pts',(-0.260543761165121,-7.05519788612224,
9.70485892183878));
#9906=CARTESIAN_POINT('Ctrl Pts',(-0.280781719980556,-7.05442171116144,
9.76908033728397));
#9907=CARTESIAN_POINT('Ctrl Pts',(-0.29812856321996,-7.05373732544145,9.79824748863542));
#9908=CARTESIAN_POINT('Ctrl Pts',(-0.32026194007457,-7.05273225705752,9.8342432663776));
#9909=CARTESIAN_POINT('',(-0.359835201354245,-7.05082396801015,9.38267370918766));
#9910=CARTESIAN_POINT('Ctrl Pts',(-0.359835201354245,-7.05082396801015,
9.38267370918766));
#9911=CARTESIAN_POINT('Ctrl Pts',(-0.324615474824899,-7.05262138877186,
9.42311722866812));
#9912=CARTESIAN_POINT('Ctrl Pts',(-0.297097179156758,-7.05376422667575,
9.45624618895646));
#9913=CARTESIAN_POINT('Ctrl Pts',(-0.264895784222193,-7.05504642999811,
9.53158173066671));
#9914=CARTESIAN_POINT('Ctrl Pts',(-0.259779976881704,-7.05522074790824,
9.57399982703092));
#9915=CARTESIAN_POINT('Ctrl Pts',(-0.254739641056564,-7.05540273232325,
9.62824007729069));
#9916=CARTESIAN_POINT('',(-0.569764529991526,-7.03697153471318,9.28990504005924));
#9917=CARTESIAN_POINT('Ctrl Pts',(-0.569764529991526,-7.03697153471318,
9.28990504005924));
#9918=CARTESIAN_POINT('Ctrl Pts',(-0.530199989211371,-7.04017496844468,
9.2994962235161));
#9919=CARTESIAN_POINT('Ctrl Pts',(-0.493250837901892,-7.04283103243422,
9.30859249947095));
#9920=CARTESIAN_POINT('Ctrl Pts',(-0.409019949383296,-7.04831684254684,
9.34444023805962));
#9921=CARTESIAN_POINT('Ctrl Pts',(-0.372010030415701,-7.05020263182495,
9.37414062061903));
#9922=CARTESIAN_POINT('Ctrl Pts',(-0.359835201354245,-7.05082396801015,
9.38267370918766));
#9923=CARTESIAN_POINT('',(-0.550698046450882,-7.03848930251621,9.04570242622868));
#9924=CARTESIAN_POINT('Ctrl Pts',(-0.550698046450882,-7.03848930251621,
9.04570242622868));
#9925=CARTESIAN_POINT('Ctrl Pts',(-0.553876135997421,-7.03824064579038,
9.08640288203319));
#9926=CARTESIAN_POINT('Ctrl Pts',(-0.557054054585743,-7.03798983675914,
9.12710330525477));
#9927=CARTESIAN_POINT('Ctrl Pts',(-0.563409549828011,-7.03748391410012,
9.20850416097112));
#9928=CARTESIAN_POINT('Ctrl Pts',(-0.566587125753101,-7.03722880053038,
9.24920458413068));
#9929=CARTESIAN_POINT('Ctrl Pts',(-0.569764529991526,-7.03697153471318,
9.28990504005924));
#9930=CARTESIAN_POINT('Ctrl Pts',(-0.185097351142391,-7.05757316438165,
9.2264666245319));
#9931=CARTESIAN_POINT('Ctrl Pts',(-0.213798086854389,-7.0568204367751,9.20037760173764));
#9932=CARTESIAN_POINT('Ctrl Pts',(-0.274065788193403,-7.05509353008647,
9.13909044130151));
#9933=CARTESIAN_POINT('Ctrl Pts',(-0.410016300294503,-7.04833058154936,
9.07318796944786));
#9934=CARTESIAN_POINT('Ctrl Pts',(-0.476905753956338,-7.04426288113135,
9.05982968557262));
#9935=CARTESIAN_POINT('Ctrl Pts',(-0.550698046450882,-7.03848930251621,
9.04570242622868));
#9936=CARTESIAN_POINT('',(-0.978449111947514,-6.99186937344578,9.65006968239323));
#9937=CARTESIAN_POINT('',(-1.096691518526,-6.97430051784357,9.93246933678165));
#9938=CARTESIAN_POINT('Ctrl Pts',(-0.978449111947514,-6.99186937344578,
9.65006968239323));
#9939=CARTESIAN_POINT('Ctrl Pts',(-0.984215713207031,-6.99106238956494,
9.71247316195492));
#9940=CARTESIAN_POINT('Ctrl Pts',(-0.990061724421867,-6.99025737406541,
9.7609842446285));
#9941=CARTESIAN_POINT('Ctrl Pts',(-1.02623692348732,-6.98503876384271,9.84732786765301));
#9942=CARTESIAN_POINT('Ctrl Pts',(-1.05714514835213,-6.98051908680934,9.88567273245654));
#9943=CARTESIAN_POINT('Ctrl Pts',(-1.096691518526,-6.97430051784357,9.93246933678165));
#9944=CARTESIAN_POINT('',(-1.096691518526,-6.97430051784357,9.37176129082218));
#9945=CARTESIAN_POINT('Ctrl Pts',(-1.096691518526,-6.97430051784357,9.37176129082218));
#9946=CARTESIAN_POINT('Ctrl Pts',(-1.05698135220298,-6.98054484334895,9.41726220702306));
#9947=CARTESIAN_POINT('Ctrl Pts',(-1.02584890125415,-6.98509641659634,9.45446208671041));
#9948=CARTESIAN_POINT('Ctrl Pts',(-0.989453574916155,-6.99034400321257,
9.54052278681944));
#9949=CARTESIAN_POINT('Ctrl Pts',(-0.983890616905753,-6.99110788386271,
9.58899492961203));
#9950=CARTESIAN_POINT('Ctrl Pts',(-0.978449111947515,-6.99186937344578,
9.65006968239323));
#9951=CARTESIAN_POINT('',(-1.41862879945024,-6.9160026264722,9.2612566635944));
#9952=CARTESIAN_POINT('Ctrl Pts',(-1.41862879945024,-6.9160026264722,9.2612566635944));
#9953=CARTESIAN_POINT('Ctrl Pts',(-1.35690179481433,-6.9286642333584,9.26444422824458));
#9954=CARTESIAN_POINT('Ctrl Pts',(-1.29963397205234,-6.93955093802693,9.26776730599399));
#9955=CARTESIAN_POINT('Ctrl Pts',(-1.17424522466941,-6.96205349777903,9.30913259633156));
#9956=CARTESIAN_POINT('Ctrl Pts',(-1.11515464419903,-6.97139723696554,9.35856035678242));
#9957=CARTESIAN_POINT('Ctrl Pts',(-1.096691518526,-6.97430051784357,9.37176129082218));
#9958=CARTESIAN_POINT('',(-1.75142035189144,-6.83930747597887,9.37312504509464));
#9959=CARTESIAN_POINT('Ctrl Pts',(-1.75142035189144,-6.83930747597887,9.37312504509464));
#9960=CARTESIAN_POINT('Ctrl Pts',(-1.72323730083887,-6.84652463493323,9.35330225045083));
#9961=CARTESIAN_POINT('Ctrl Pts',(-1.66695460236398,-6.86076616444632,9.30821468843225));
#9962=CARTESIAN_POINT('Ctrl Pts',(-1.54178781799351,-6.88981607460226,9.26777052259634));
#9963=CARTESIAN_POINT('Ctrl Pts',(-1.48259520876578,-6.90288166695939,9.26444647321552));
#9964=CARTESIAN_POINT('Ctrl Pts',(-1.41862879945024,-6.9160026264722,9.2612566635944));
#9965=CARTESIAN_POINT('',(-1.87289669872075,-6.80704472997798,9.64051863411442));
#9966=CARTESIAN_POINT('Ctrl Pts',(-1.87289669872075,-6.80704472997797,9.64051863411442));
#9967=CARTESIAN_POINT('Ctrl Pts',(-1.86593368400119,-6.80896054040654,9.57650368015281));
#9968=CARTESIAN_POINT('Ctrl Pts',(-1.85941649619527,-6.81076382939235,9.53248806216665));
#9969=CARTESIAN_POINT('Ctrl Pts',(-1.82236304558802,-6.82077373404861,9.45184702684507));
#9970=CARTESIAN_POINT('Ctrl Pts',(-1.79124539649199,-6.82910901745462,9.41631255031452));
#9971=CARTESIAN_POINT('Ctrl Pts',(-1.75142035189144,-6.83930747597887,9.37312504509464));
#9972=CARTESIAN_POINT('',(-1.81421100604008,-6.82292008054931,9.84379431465641));
#9973=CARTESIAN_POINT('Ctrl Pts',(-1.81421100604008,-6.82292008054931,9.84379431465641));
#9974=CARTESIAN_POINT('Ctrl Pts',(-1.8335213500996,-6.81778546980939,9.80735317174402));
#9975=CARTESIAN_POINT('Ctrl Pts',(-1.84858285004849,-6.81369399770728,9.77771606282916));
#9976=CARTESIAN_POINT('Ctrl Pts',(-1.86647424239172,-6.80881431393279,9.71630287153903));
#9977=CARTESIAN_POINT('Ctrl Pts',(-1.86959776185613,-6.80795240257425,9.68500983576601));
#9978=CARTESIAN_POINT('Ctrl Pts',(-1.87289669872075,-6.80704472997797,9.64051863411442));
#9979=CARTESIAN_POINT('',(-1.64267869317104,-6.8662367211597,9.99454399803654));
#9980=CARTESIAN_POINT('Ctrl Pts',(-1.64267869317104,-6.8662367211597,9.99454399803654));
#9981=CARTESIAN_POINT('Ctrl Pts',(-1.67942286807176,-6.85744604357913,9.97439017141414));
#9982=CARTESIAN_POINT('Ctrl Pts',(-1.71187310749094,-6.84937151040455,9.95619480234319));
#9983=CARTESIAN_POINT('Ctrl Pts',(-1.77518043340025,-6.83327775383937,9.90100953970727));
#9984=CARTESIAN_POINT('Ctrl Pts',(-1.80199950502157,-6.82616711250726,9.86059971555544));
#9985=CARTESIAN_POINT('Ctrl Pts',(-1.81421100604008,-6.82292008054931,9.84379431465641));
#9986=CARTESIAN_POINT('',(-1.40524313623825,-6.91873483579587,10.0484313652851));
#9987=CARTESIAN_POINT('Ctrl Pts',(-1.40524313623825,-6.91873483579587,10.0484313652851));
#9988=CARTESIAN_POINT('Ctrl Pts',(-1.44717760756827,-6.91021765318852,10.0461223899028));
#9989=CARTESIAN_POINT('Ctrl Pts',(-1.48780807693573,-6.90156840738204,10.0438324574014));
#9990=CARTESIAN_POINT('Ctrl Pts',(-1.56684049518548,-6.88405899069167,10.0258758890441));
#9991=CARTESIAN_POINT('Ctrl Pts',(-1.60538345062607,-6.87515923618113,10.0099510255318));
#9992=CARTESIAN_POINT('Ctrl Pts',(-1.64267869317104,-6.8662367211597,9.99454399803654));
#9993=CARTESIAN_POINT('Ctrl Pts',(-1.096691518526,-6.97430051784357,9.93246933678165));
#9994=CARTESIAN_POINT('Ctrl Pts',(-1.11977532177985,-6.97067064683657,9.95033358560989));
#9995=CARTESIAN_POINT('Ctrl Pts',(-1.17382540811749,-6.9620512906608,9.99786731683712));
#9996=CARTESIAN_POINT('Ctrl Pts',(-1.28968232496885,-6.94139008073899,10.040322171531));
#9997=CARTESIAN_POINT('Ctrl Pts',(-1.34508497619248,-6.93095337625151,10.044423319783));
#9998=CARTESIAN_POINT('Ctrl Pts',(-1.40524313623825,-6.91873483579587,10.0484313652851));
#9999=CARTESIAN_POINT('Ctrl Pts',(-0.97706064567923,-6.98194757510314,9.65006968239323));
#10000=CARTESIAN_POINT('Ctrl Pts',(-0.977524366916834,-6.98526126641261,
9.65006968239323));
#10001=CARTESIAN_POINT('Ctrl Pts',(-0.977988088154438,-6.98857495772209,
9.65006968239323));
#10002=CARTESIAN_POINT('Ctrl Pts',(-0.978451809392043,-6.99188864903156,
9.65006968239323));
#10003=CARTESIAN_POINT('Ctrl Pts',(-0.98198597806647,-6.98125831927716,
9.70344508325878));
#10004=CARTESIAN_POINT('Ctrl Pts',(-0.982452035463777,-6.98457167324149,
9.70344508325878));
#10005=CARTESIAN_POINT('Ctrl Pts',(-0.982918097179613,-6.98788505775199,
9.70344508325878));
#10006=CARTESIAN_POINT('Ctrl Pts',(-0.983384154576072,-6.99119841171033,
9.70344508325878));
#10007=CARTESIAN_POINT('Ctrl Pts',(-0.991848102142746,-6.97996190706155,
9.81019389754085));
#10008=CARTESIAN_POINT('Ctrl Pts',(-0.99231884149301,-6.98327465490245,
9.81019389754085));
#10009=CARTESIAN_POINT('Ctrl Pts',(-0.992789581259134,-6.9865874058933,
9.81019389754085));
#10010=CARTESIAN_POINT('Ctrl Pts',(-0.993260320609318,-6.98990015373359,
9.81019389754085));
#10011=CARTESIAN_POINT('Ctrl Pts',(-1.06074082791001,-6.96981209000434,
9.89171136293201));
#10012=CARTESIAN_POINT('Ctrl Pts',(-1.06124426639229,-6.97312003546893,
9.89171136293201));
#10013=CARTESIAN_POINT('Ctrl Pts',(-1.06174769912563,-6.97642793980411,
9.89171136293201));
#10014=CARTESIAN_POINT('Ctrl Pts',(-1.06225113760903,-6.97973588527677,
9.89171136293201));
#10015=CARTESIAN_POINT('Ctrl Pts',(-1.09513526060559,-6.96440365055057,
9.93246933678165));
#10016=CARTESIAN_POINT('Ctrl Pts',(-1.09565502105305,-6.96770901536523,
9.93246933678165));
#10017=CARTESIAN_POINT('Ctrl Pts',(-1.09617478150051,-6.97101438017988,
9.93246933678165));
#10018=CARTESIAN_POINT('Ctrl Pts',(-1.09669454194796,-6.97431974499452,
9.93246933678165));
#10019=CARTESIAN_POINT('',(-0.977063206689798,-6.98196587574968,9.65006968239323));
#10020=CARTESIAN_POINT('',(-1.09513813110599,-6.96442190521207,9.93246933678165));
#10021=CARTESIAN_POINT('Ctrl Pts',(-0.977063206689799,-6.98196587574968,
9.65006968239323));
#10022=CARTESIAN_POINT('Ctrl Pts',(-0.982842276872696,-6.98115714695538,
9.71269680181848));
#10023=CARTESIAN_POINT('Ctrl Pts',(-0.988704756830003,-6.98035028524347,
9.76109250330992));
#10024=CARTESIAN_POINT('Ctrl Pts',(-1.02479993938334,-6.97514321815029,
9.8473673359143));
#10025=CARTESIAN_POINT('Ctrl Pts',(-1.05570108212824,-6.97062328368994,
9.88573590138749));
#10026=CARTESIAN_POINT('Ctrl Pts',(-1.09513813110599,-6.96442190521207,
9.93246933678165));
#10027=CARTESIAN_POINT('',(-0.977063206689798,-6.98196587574968,9.65006968239323));
#10028=CARTESIAN_POINT('',(-1.09513813110599,-6.96442190521207,9.93246933678165));
#10029=CARTESIAN_POINT('Ctrl Pts',(-1.09513510317142,-6.96440264936367,
9.37176129082218));
#10030=CARTESIAN_POINT('Ctrl Pts',(-1.09565495541527,-6.96770859794834,
9.37176129082218));
#10031=CARTESIAN_POINT('Ctrl Pts',(-1.09617480765913,-6.97101454653301,
9.37176129082218));
#10032=CARTESIAN_POINT('Ctrl Pts',(-1.09669465990298,-6.97432049511768,
9.37176129082218));
#10033=CARTESIAN_POINT('Ctrl Pts',(-1.06074143642033,-6.96981096836926,
9.41122643549728));
#10034=CARTESIAN_POINT('Ctrl Pts',(-1.06124496420355,-6.97311949818643,
9.41122643549728));
#10035=CARTESIAN_POINT('Ctrl Pts',(-1.06174848616047,-6.97642798632752,
9.41122643549728));
#10036=CARTESIAN_POINT('Ctrl Pts',(-1.06225201394454,-6.97973651615073,
9.41122643549728));
#10037=CARTESIAN_POINT('Ctrl Pts',(-0.991237363113156,-6.98004956710265,
9.49086019658173));
#10038=CARTESIAN_POINT('Ctrl Pts',(-0.991707895761971,-6.98336294214138,
9.49086019658173));
#10039=CARTESIAN_POINT('Ctrl Pts',(-0.992178428810578,-6.98667632022229,
9.49086019658173));
#10040=CARTESIAN_POINT('Ctrl Pts',(-0.992648961459334,-6.98998969526058,
9.49086019658173));
#10041=CARTESIAN_POINT('Ctrl Pts',(-0.981809819432695,-6.98128194773069,
9.59668823122275));
#10042=CARTESIAN_POINT('Ctrl Pts',(-0.982275875535634,-6.98459589820469,
9.59668823122275));
#10043=CARTESIAN_POINT('Ctrl Pts',(-0.982741936112204,-6.98790988031121,
9.59668823122275));
#10044=CARTESIAN_POINT('Ctrl Pts',(-0.983207992214491,-6.9912238307806,
9.59668823122275));
#10045=CARTESIAN_POINT('Ctrl Pts',(-0.977060505219203,-6.98194657139416,
9.65006968239323));
#10046=CARTESIAN_POINT('Ctrl Pts',(-0.977524308355953,-6.98526084794422,
9.65006968239323));
#10047=CARTESIAN_POINT('Ctrl Pts',(-0.977988111492704,-6.98857512449428,
9.65006968239323));
#10048=CARTESIAN_POINT('Ctrl Pts',(-0.978451914629454,-6.99188940104434,
9.65006968239323));
#10049=CARTESIAN_POINT('',(-1.09513813110599,-6.96442190521207,9.37176129082218));
#10050=CARTESIAN_POINT('Ctrl Pts',(-1.09513813110599,-6.96442190521207,
9.37176129082218));
#10051=CARTESIAN_POINT('Ctrl Pts',(-1.05551374141249,-6.97065274255446,
9.41722832287968));
#10052=CARTESIAN_POINT('Ctrl Pts',(-1.02440499199821,-6.97520157183234,
9.45444058466746));
#10053=CARTESIAN_POINT('Ctrl Pts',(-0.988074693980652,-6.980439782471,9.5404693676966));
#10054=CARTESIAN_POINT('Ctrl Pts',(-0.982507053748006,-6.98120405841083,
9.58888197404065));
#10055=CARTESIAN_POINT('Ctrl Pts',(-0.977063206689798,-6.98196587574968,
9.65006968239323));
#10056=CARTESIAN_POINT('',(-1.09513813110599,-6.96442190521207,9.37176129082218));
#10057=CARTESIAN_POINT('Ctrl Pts',(-1.41661414898773,-6.90618093957601,
9.2612566635944));
#10058=CARTESIAN_POINT('Ctrl Pts',(-1.41728708649281,-6.90946159872684,
9.2612566635944));
#10059=CARTESIAN_POINT('Ctrl Pts',(-1.41796002399788,-6.91274225787767,
9.2612566635944));
#10060=CARTESIAN_POINT('Ctrl Pts',(-1.41863296150296,-6.9160229170285,9.2612566635944));
#10061=CARTESIAN_POINT('Ctrl Pts',(-1.35402192798877,-6.91902002182757,
9.26449350453107));
#10062=CARTESIAN_POINT('Ctrl Pts',(-1.35466513452371,-6.92230679359124,
9.26449350453107));
#10063=CARTESIAN_POINT('Ctrl Pts',(-1.35530833402569,-6.92559352468717,
9.26449350453107));
#10064=CARTESIAN_POINT('Ctrl Pts',(-1.35595154055298,-6.92888029640657,
9.26449350453107));
#10065=CARTESIAN_POINT('Ctrl Pts',(-1.2363480240362,-6.94135179434702,9.2705606049084));
#10066=CARTESIAN_POINT('Ctrl Pts',(-1.23693532920656,-6.94464916010161,
9.2705606049084));
#10067=CARTESIAN_POINT('Ctrl Pts',(-1.23752263467295,-6.94794652791126,
9.2705606049084));
#10068=CARTESIAN_POINT('Ctrl Pts',(-1.23810993984363,-6.95124389366809,
9.2705606049084));
#10069=CARTESIAN_POINT('Ctrl Pts',(-1.14009464511798,-6.95732609962845,
9.33956924705108));
#10070=CARTESIAN_POINT('Ctrl Pts',(-1.14063622500897,-6.96063104358615,
9.33956924705108));
#10071=CARTESIAN_POINT('Ctrl Pts',(-1.14117781060546,-6.9639360197502,9.33956924705108));
#10072=CARTESIAN_POINT('Ctrl Pts',(-1.14171939050266,-6.96724096374295,
9.33956924705108));
#10073=CARTESIAN_POINT('Ctrl Pts',(-1.09513406383744,-6.96439603982271,
9.37176129082218));
#10074=CARTESIAN_POINT('Ctrl Pts',(-1.09565428791199,-6.96770435302764,
9.37176129082218));
#10075=CARTESIAN_POINT('Ctrl Pts',(-1.09617451198653,-6.97101266623257,
9.37176129082218));
#10076=CARTESIAN_POINT('Ctrl Pts',(-1.09669473606107,-6.97432097943749,
9.37176129082218));
#10077=CARTESIAN_POINT('',(-1.41661941021589,-6.90620658875765,9.2612566635944));
#10078=CARTESIAN_POINT('Ctrl Pts',(-1.41661941021589,-6.90620658875765,
9.2612566635944));
#10079=CARTESIAN_POINT('Ctrl Pts',(-1.35513992919331,-6.91881742294387,
9.26443594943458));
#10080=CARTESIAN_POINT('Ctrl Pts',(-1.29786622228529,-6.92971095151981,
9.26774330780882));
#10081=CARTESIAN_POINT('Ctrl Pts',(-1.1725821579301,-6.95219472437084,9.30913267985014));
#10082=CARTESIAN_POINT('Ctrl Pts',(-1.11342976724795,-6.96154559063894,
9.35866441912214));
#10083=CARTESIAN_POINT('Ctrl Pts',(-1.09513813110599,-6.96442190521207,
9.37176129082218));
#10084=CARTESIAN_POINT('',(-1.41661941021589,-6.90620658875765,9.2612566635944));
#10085=CARTESIAN_POINT('Ctrl Pts',(-1.7489336398489,-6.82959684983204,9.37312504509464));
#10086=CARTESIAN_POINT('Ctrl Pts',(-1.74976430656128,-6.83284060856189,
9.37312504509464));
#10087=CARTESIAN_POINT('Ctrl Pts',(-1.75059497327367,-6.83608436729174,
9.37312504509464));
#10088=CARTESIAN_POINT('Ctrl Pts',(-1.75142563998606,-6.83932812602159,
9.37312504509464));
#10089=CARTESIAN_POINT('Ctrl Pts',(-1.70266750150011,-6.84144475360834,
9.34053708411649));
#10090=CARTESIAN_POINT('Ctrl Pts',(-1.70347619125888,-6.84469412861985,
9.34053708411649));
#10091=CARTESIAN_POINT('Ctrl Pts',(-1.70428488868513,-6.84794353632472,
9.34053708411649));
#10092=CARTESIAN_POINT('Ctrl Pts',(-1.70509357844794,-6.85119291135351,
9.34053708411649));
#10093=CARTESIAN_POINT('Ctrl Pts',(-1.60313074052609,-6.86598248829319,
9.27059016797538));
#10094=CARTESIAN_POINT('Ctrl Pts',(-1.60389215707448,-6.8692435279137,9.27059016797538));
#10095=CARTESIAN_POINT('Ctrl Pts',(-1.60465357417985,-6.8725045695954,9.27059016797538));
#10096=CARTESIAN_POINT('Ctrl Pts',(-1.60541499072855,-6.87576560921701,
9.27059016797538));
#10097=CARTESIAN_POINT('Ctrl Pts',(-1.48168538960159,-6.89283561219629,
9.26450615933442));
#10098=CARTESIAN_POINT('Ctrl Pts',(-1.48238912842954,-6.89610942038515,
9.26450615933442));
#10099=CARTESIAN_POINT('Ctrl Pts',(-1.48309285739505,-6.89938318731357,
9.26450615933442));
#10100=CARTESIAN_POINT('Ctrl Pts',(-1.48379659621779,-6.90265699548063,
9.26450615933442));
#10101=CARTESIAN_POINT('Ctrl Pts',(-1.41661459348553,-6.90618310656145,
9.2612566635944));
#10102=CARTESIAN_POINT('Ctrl Pts',(-1.41728742323749,-6.90946324040161,
9.2612566635944));
#10103=CARTESIAN_POINT('Ctrl Pts',(-1.41796025298945,-6.91274337424178,
9.2612566635944));
#10104=CARTESIAN_POINT('Ctrl Pts',(-1.41863308274141,-6.91602350808195,
9.2612566635944));
#10105=CARTESIAN_POINT('',(-1.74893958652049,-6.82962007162196,9.37312504509464));
#10106=CARTESIAN_POINT('Ctrl Pts',(-1.74893958652049,-6.82962007162196,
9.37312504509464));
#10107=CARTESIAN_POINT('Ctrl Pts',(-1.71446283451629,-6.83844893117234,
9.34884112453306));
#10108=CARTESIAN_POINT('Ctrl Pts',(-1.66158361792479,-6.85174958359921,
9.3072405623947));
#10109=CARTESIAN_POINT('Ctrl Pts',(-1.53953117359249,-6.8800766880533,9.26774677711332));
#10110=CARTESIAN_POINT('Ctrl Pts',(-1.4803328488082,-6.89313751927045,9.26443836499678));
#10111=CARTESIAN_POINT('Ctrl Pts',(-1.41661941021589,-6.90620658875765,
9.2612566635944));
#10112=CARTESIAN_POINT('',(-1.74893958652049,-6.82962007162196,9.37312504509464));
#10113=CARTESIAN_POINT('Ctrl Pts',(-1.8702391535033,-6.7973858795035,9.64051863411442));
#10114=CARTESIAN_POINT('Ctrl Pts',(-1.87112678437044,-6.8006119746856,9.64051863411442));
#10115=CARTESIAN_POINT('Ctrl Pts',(-1.87201441523758,-6.8038380698677,9.64051863411442));
#10116=CARTESIAN_POINT('Ctrl Pts',(-1.87290204610472,-6.8070641650498,9.64051863411442));
#10117=CARTESIAN_POINT('Ctrl Pts',(-1.86476281298417,-6.79889264504954,
9.59009997985976));
#10118=CARTESIAN_POINT('Ctrl Pts',(-1.86564784197509,-6.80211944527044,
9.59009997985976));
#10119=CARTESIAN_POINT('Ctrl Pts',(-1.86653287921881,-6.80534627564528,
9.59009997985976));
#10120=CARTESIAN_POINT('Ctrl Pts',(-1.86741790820581,-6.8085730758519,9.59009997985976));
#10121=CARTESIAN_POINT('Ctrl Pts',(-1.85358269086017,-6.80205473750202,
9.48696768977415));
#10122=CARTESIAN_POINT('Ctrl Pts',(-1.85446241608873,-6.80528304734265,
9.48696768977415));
#10123=CARTESIAN_POINT('Ctrl Pts',(-1.85534214234757,-6.80851136083072,
9.48696768977415));
#10124=CARTESIAN_POINT('Ctrl Pts',(-1.85622186757565,-6.81173967066962,
9.48696768977415));
#10125=CARTESIAN_POINT('Ctrl Pts',(-1.78439315363465,-6.82052271276675,
9.41163140757011));
#10126=CARTESIAN_POINT('Ctrl Pts',(-1.78524004523308,-6.82375980321697,
9.41163140757011));
#10127=CARTESIAN_POINT('Ctrl Pts',(-1.7860869250262,-6.82699685079781,9.41163140757011));
#10128=CARTESIAN_POINT('Ctrl Pts',(-1.78693381663022,-6.83023394126835,
9.41163140757011));
#10129=CARTESIAN_POINT('Ctrl Pts',(-1.74893517543559,-6.82960284630771,
9.37312504509464));
#10130=CARTESIAN_POINT('Ctrl Pts',(-1.74976523443816,-6.83284423192693,
9.37312504509464));
#10131=CARTESIAN_POINT('Ctrl Pts',(-1.75059529344074,-6.83608561754615,
9.37312504509464));
#10132=CARTESIAN_POINT('Ctrl Pts',(-1.75142535244332,-6.83932700316537,
9.37312504509464));
#10133=CARTESIAN_POINT('',(-1.87024387053559,-6.79740302356158,9.64051863411442));
#10134=CARTESIAN_POINT('Ctrl Pts',(-1.87024387053559,-6.79740302356158,
9.64051863411442));
#10135=CARTESIAN_POINT('Ctrl Pts',(-1.86323565560862,-6.79933127041779,
9.57599673815457));
#10136=CARTESIAN_POINT('Ctrl Pts',(-1.85666577390862,-6.80114998992,9.53223224719241));
#10137=CARTESIAN_POINT('Ctrl Pts',(-1.81974583297377,-6.81112382724715,
9.45176781897647));
#10138=CARTESIAN_POINT('Ctrl Pts',(-1.78859386389984,-6.81946534342972,
9.41618836127774));
#10139=CARTESIAN_POINT('Ctrl Pts',(-1.74893958652049,-6.82962007162196,
9.37312504509464));
#10140=CARTESIAN_POINT('',(-1.87024387053559,-6.79740302356158,9.64051863411442));
#10141=CARTESIAN_POINT('Ctrl Pts',(-1.81164021308821,-6.81325179235358,
9.84379431465641));
#10142=CARTESIAN_POINT('Ctrl Pts',(-1.81249755146449,-6.81647608721446,
9.84379431465641));
#10143=CARTESIAN_POINT('Ctrl Pts',(-1.81335488984076,-6.81970038207535,
9.84379431465641));
#10144=CARTESIAN_POINT('Ctrl Pts',(-1.81421222821704,-6.82292467693622,
9.84379431465641));
#10145=CARTESIAN_POINT('Ctrl Pts',(-1.8287506996658,-6.80870212260335,9.81145876984563));
#10146=CARTESIAN_POINT('Ctrl Pts',(-1.82961613630506,-6.81192426771726,
9.81145876984563));
#10147=CARTESIAN_POINT('Ctrl Pts',(-1.83048157019415,-6.81514640283975,
9.81145876984563));
#10148=CARTESIAN_POINT('Ctrl Pts',(-1.83134700683369,-6.8183685479547,9.81145876984563));
#10149=CARTESIAN_POINT('Ctrl Pts',(-1.86229030630243,-6.7996074043633,9.74799193658279));
#10150=CARTESIAN_POINT('Ctrl Pts',(-1.86317161418831,-6.80282524189133,
9.74799193658279));
#10151=CARTESIAN_POINT('Ctrl Pts',(-1.8640529223078,-6.80604308025732,9.74799193658279));
#10152=CARTESIAN_POINT('Ctrl Pts',(-1.86493423019367,-6.80926091778525,
9.74799193658279));
#10153=CARTESIAN_POINT('Ctrl Pts',(-1.867623965223,-6.79811947154798,9.67588701479033));
#10154=CARTESIAN_POINT('Ctrl Pts',(-1.86850779663247,-6.80133660284492,
9.67588701479033));
#10155=CARTESIAN_POINT('Ctrl Pts',(-1.86939162998591,-6.80455374122563,
9.67588701479033));
#10156=CARTESIAN_POINT('Ctrl Pts',(-1.87027546139517,-6.80777087252184,
9.67588701479033));
#10157=CARTESIAN_POINT('Ctrl Pts',(-1.87024274633228,-6.79739893764366,
9.64051863411442));
#10158=CARTESIAN_POINT('Ctrl Pts',(-1.871127817699,-6.80061573031916,9.64051863411442));
#10159=CARTESIAN_POINT('Ctrl Pts',(-1.87201288906571,-6.80383252299467,
9.64051863411442));
#10160=CARTESIAN_POINT('Ctrl Pts',(-1.87289796043242,-6.80704931567017,
9.64051863411442));
#10161=CARTESIAN_POINT('',(-1.81164130206552,-6.81325588780066,9.84379431465641));
#10162=CARTESIAN_POINT('Ctrl Pts',(-1.81164130206552,-6.81325588780066,
9.84379431465641));
#10163=CARTESIAN_POINT('Ctrl Pts',(-1.83087261186016,-6.80814229223189,
9.80745084172385));
#10164=CARTESIAN_POINT('Ctrl Pts',(-1.84594814538377,-6.80404765650139,
9.77777243531841));
#10165=CARTESIAN_POINT('Ctrl Pts',(-1.86377856298169,-6.79918460292909,
9.71648173195255));
#10166=CARTESIAN_POINT('Ctrl Pts',(-1.86692536812412,-6.79831607944084,
9.6853371894181));
#10167=CARTESIAN_POINT('Ctrl Pts',(-1.87024387053559,-6.79740302356158,
9.64051863411442));
#10168=CARTESIAN_POINT('',(-1.81164130206552,-6.81325588780066,9.84379431465641));
#10169=CARTESIAN_POINT('Ctrl Pts',(-1.64034874479817,-6.85649776420927,
9.99454399803655));
#10170=CARTESIAN_POINT('Ctrl Pts',(-1.64112626001959,-6.85974770200092,
9.99454399803654));
#10171=CARTESIAN_POINT('Ctrl Pts',(-1.64190377524099,-6.86299763979258,
9.99454399803654));
#10172=CARTESIAN_POINT('Ctrl Pts',(-1.64268129046239,-6.86624757758423,
9.99454399803654));
#10173=CARTESIAN_POINT('Ctrl Pts',(-1.67538758425092,-6.84811507110546,
9.97529823363089));
#10174=CARTESIAN_POINT('Ctrl Pts',(-1.67618170946549,-6.85136104253283,
9.97529823363089));
#10175=CARTESIAN_POINT('Ctrl Pts',(-1.6769758293003,-6.85460699308091,9.97529823363089));
#10176=CARTESIAN_POINT('Ctrl Pts',(-1.67776995451204,-6.85785296449735,
9.97529823363089));
#10177=CARTESIAN_POINT('Ctrl Pts',(-1.74329493468179,-6.83123876399117,
9.93791985518558));
#10178=CARTESIAN_POINT('Ctrl Pts',(-1.74412124568716,-6.83447672889761,
9.93791985518558));
#10179=CARTESIAN_POINT('Ctrl Pts',(-1.74494755692344,-6.83771469462474,
9.93791985518558));
#10180=CARTESIAN_POINT('Ctrl Pts',(-1.74577386792894,-6.84095265953161,
9.93791985518558));
#10181=CARTESIAN_POINT('Ctrl Pts',(-1.78932811467031,-6.81917468641862,
9.87454033488209));
#10182=CARTESIAN_POINT('Ctrl Pts',(-1.7901762436793,-6.8224069273524,9.87454033488209));
#10183=CARTESIAN_POINT('Ctrl Pts',(-1.79102437722838,-6.82563918607792,
9.87454033488209));
#10184=CARTESIAN_POINT('Ctrl Pts',(-1.79187250623975,-6.82887142702102,
9.87454033488209));
#10185=CARTESIAN_POINT('Ctrl Pts',(-1.81163775906297,-6.81324256320769,
9.84379431465641));
#10186=CARTESIAN_POINT('Ctrl Pts',(-1.81249646422419,-6.81647199829996,
9.84379431465641));
#10187=CARTESIAN_POINT('Ctrl Pts',(-1.8133551693854,-6.81970143339225,9.84379431465641));
#10188=CARTESIAN_POINT('Ctrl Pts',(-1.81421387454661,-6.82293086848453,
9.84379431465641));
#10189=CARTESIAN_POINT('',(-1.64035195281244,-6.85651117339602,9.99454399803654));
#10190=CARTESIAN_POINT('Ctrl Pts',(-1.64035195281244,-6.85651117339602,
9.99454399803655));
#10191=CARTESIAN_POINT('Ctrl Pts',(-1.67697785415317,-6.84774879158573,
9.97442654835333));
#10192=CARTESIAN_POINT('Ctrl Pts',(-1.70942095709927,-6.83967750673244,
9.95621886339251));
#10193=CARTESIAN_POINT('Ctrl Pts',(-1.77267786262343,-6.82359656784669,
9.90099934275744));
#10194=CARTESIAN_POINT('Ctrl Pts',(-1.79952433729762,-6.81647778261728,
9.86049326819321));
#10195=CARTESIAN_POINT('Ctrl Pts',(-1.81164130206552,-6.81325588780066,
9.84379431465641));
#10196=CARTESIAN_POINT('',(-1.64035195281244,-6.85651117339602,9.99454399803654));
#10197=CARTESIAN_POINT('Ctrl Pts',(-1.40325185311366,-6.9089307246305,10.0484313652851));
#10198=CARTESIAN_POINT('Ctrl Pts',(-1.40391589584745,-6.9122001486015,10.0484313652851));
#10199=CARTESIAN_POINT('Ctrl Pts',(-1.40457993858123,-6.9154695725725,10.0484313652851));
#10200=CARTESIAN_POINT('Ctrl Pts',(-1.40524398131501,-6.91873899654349,
10.0484313652851));
#10201=CARTESIAN_POINT('Ctrl Pts',(-1.44429017573691,-6.9005955560513,10.0461685266766));
#10202=CARTESIAN_POINT('Ctrl Pts',(-1.4449736390377,-6.90386103805837,10.0461685266766));
#10203=CARTESIAN_POINT('Ctrl Pts',(-1.44565710074352,-6.90712651293115,
10.0461685266766));
#10204=CARTESIAN_POINT('Ctrl Pts',(-1.44634056404429,-6.91039199493815,
10.0461685266766));
#10205=CARTESIAN_POINT('Ctrl Pts',(-1.52637888244269,-6.88313332488889,
10.0416336688982));
#10206=CARTESIAN_POINT('Ctrl Pts',(-1.5271011909838,-6.88639054108287,10.0416336688982));
#10207=CARTESIAN_POINT('Ctrl Pts',(-1.52782349953998,-6.88964775729794,
10.0416336688982));
#10208=CARTESIAN_POINT('Ctrl Pts',(-1.52854580808109,-6.89290497349192,
10.0416336688982));
#10209=CARTESIAN_POINT('Ctrl Pts',(-1.6023575271105,-6.86559655068756,10.0102617252284));
#10210=CARTESIAN_POINT('Ctrl Pts',(-1.6031157895292,-6.86884546582891,10.0102617252284));
#10211=CARTESIAN_POINT('Ctrl Pts',(-1.60387405350424,-6.87209438804032,
10.0102617252284));
#10212=CARTESIAN_POINT('Ctrl Pts',(-1.60463231592296,-6.87534330318173,
10.0102617252284));
#10213=CARTESIAN_POINT('Ctrl Pts',(-1.64035095480571,-6.85650700182522,
9.99454399803654));
#10214=CARTESIAN_POINT('Ctrl Pts',(-1.64112719688227,-6.85975161799559,
9.99454399803654));
#10215=CARTESIAN_POINT('Ctrl Pts',(-1.64190343895883,-6.86299623416595,
9.99454399803654));
#10216=CARTESIAN_POINT('Ctrl Pts',(-1.64267968103539,-6.86624085033632,
9.99454399803654));
#10217=CARTESIAN_POINT('',(-1.40325270686681,-6.90893492809644,10.0484313652851));
#10218=CARTESIAN_POINT('Ctrl Pts',(-1.40325270686681,-6.90893492809644,
10.0484313652851));
#10219=CARTESIAN_POINT('Ctrl Pts',(-1.44512778244994,-6.90042980917814,
10.0461223898189));
#10220=CARTESIAN_POINT('Ctrl Pts',(-1.48570071139505,-6.89179281222494,
10.0438324548215));
#10221=CARTESIAN_POINT('Ctrl Pts',(-1.56462288497938,-6.87430781993947,
10.0258754998338));
#10222=CARTESIAN_POINT('Ctrl Pts',(-1.60311129844344,-6.86542062874048,
10.0099502965779));
#10223=CARTESIAN_POINT('Ctrl Pts',(-1.64035195281244,-6.85651117339602,
9.99454399803654));
#10224=CARTESIAN_POINT('',(-1.40325270686681,-6.90893492809644,10.0484313652851));
#10225=CARTESIAN_POINT('Ctrl Pts',(-1.09513406000219,-6.96439601543283,
9.93246933678165));
#10226=CARTESIAN_POINT('Ctrl Pts',(-1.09565432314635,-6.96770457709707,
9.93246933678165));
#10227=CARTESIAN_POINT('Ctrl Pts',(-1.09617458629051,-6.97101313876132,
9.93246933678165));
#10228=CARTESIAN_POINT('Ctrl Pts',(-1.09669484943466,-6.97432170042556,
9.93246933678165));
#10229=CARTESIAN_POINT('Ctrl Pts',(-1.13875416343555,-6.95753686207296,
9.96627436358688));
#10230=CARTESIAN_POINT('Ctrl Pts',(-1.13929514704889,-6.96084215362087,
9.96627436358688));
#10231=CARTESIAN_POINT('Ctrl Pts',(-1.13983613676547,-6.96414747962929,
9.96627436358688));
#10232=CARTESIAN_POINT('Ctrl Pts',(-1.14037712038461,-6.96745277120987,
9.96627436358688));
#10233=CARTESIAN_POINT('Ctrl Pts',(-1.22974197479305,-6.94247619443077,
10.0368766329565));
#10234=CARTESIAN_POINT('Ctrl Pts',(-1.23032618577801,-6.94577434215213,
10.0368766329565));
#10235=CARTESIAN_POINT('Ctrl Pts',(-1.23091039697667,-6.94907249147667,
10.0368766329565));
#10236=CARTESIAN_POINT('Ctrl Pts',(-1.23149460796182,-6.95237063919956,
10.0368766329565));
#10237=CARTESIAN_POINT('Ctrl Pts',(-1.34391158679395,-6.92096077892728,
10.0444724805508));
#10238=CARTESIAN_POINT('Ctrl Pts',(-1.3445500385421,-6.9242487195656,10.0444724805508));
#10239=CARTESIAN_POINT('Ctrl Pts',(-1.34518848324223,-6.92753661944089,
10.0444724805508));
#10240=CARTESIAN_POINT('Ctrl Pts',(-1.34582693498371,-6.93082456004057,
10.0444724805508));
#10241=CARTESIAN_POINT('Ctrl Pts',(-1.40324749036739,-6.90890924458637,
10.0484313652851));
#10242=CARTESIAN_POINT('Ctrl Pts',(-1.40391412834171,-6.91219144626155,
10.0484313652851));
#10243=CARTESIAN_POINT('Ctrl Pts',(-1.40458076631603,-6.91547364793672,
10.0484313652851));
#10244=CARTESIAN_POINT('Ctrl Pts',(-1.40524740429035,-6.91875584961189,
10.0484313652851));
#10245=CARTESIAN_POINT('Ctrl Pts',(-1.09513813110599,-6.96442190521207,
9.93246933678165));
#10246=CARTESIAN_POINT('Ctrl Pts',(-1.11886308032858,-6.96069121558616,
9.95085580311532));
#10247=CARTESIAN_POINT('Ctrl Pts',(-1.1724729564381,-6.95213640124976,9.99798104186322));
#10248=CARTESIAN_POINT('Ctrl Pts',(-1.28790426139892,-6.93155109242705,
10.0403399255392));
#10249=CARTESIAN_POINT('Ctrl Pts',(-1.34328813202233,-6.92111415005212,
10.0444305505467));
#10250=CARTESIAN_POINT('Ctrl Pts',(-1.40325270686681,-6.90893492809644,
10.0484313652851));
#10251=CARTESIAN_POINT('Ctrl Pts',(-0.0525232171324246,-7.04977642936615,
9.61323401192204));
#10252=CARTESIAN_POINT('Ctrl Pts',(-0.0525481884863579,-7.05312813689626,
9.61323401192204));
#10253=CARTESIAN_POINT('Ctrl Pts',(-0.0525731598402912,-7.05647984442636,
9.61323401192204));
#10254=CARTESIAN_POINT('Ctrl Pts',(-0.0525981311942245,-7.05983155195648,
9.61323401192204));
#10255=CARTESIAN_POINT('Ctrl Pts',(-0.0569816864907777,-7.04974321238819,
9.53935781127898));
#10256=CARTESIAN_POINT('Ctrl Pts',(-0.0570087774143433,-7.05309488891307,
9.53935781127898));
#10257=CARTESIAN_POINT('Ctrl Pts',(-0.0570358687582505,-7.05644661082272,
9.53935781127898));
#10258=CARTESIAN_POINT('Ctrl Pts',(-0.057062959681852,-7.05979828735148,
9.53935781127898));
#10259=CARTESIAN_POINT('Ctrl Pts',(-0.0655181280435995,-7.04980179104822,
9.3979294917322));
#10260=CARTESIAN_POINT('Ctrl Pts',(-0.0655492776330354,-7.05315350956683,
9.3979294917322));
#10261=CARTESIAN_POINT('Ctrl Pts',(-0.0655804272062775,-7.0565052312756,
9.3979294917322));
#10262=CARTESIAN_POINT('Ctrl Pts',(-0.0656115767957118,-7.05985694979447,
9.3979294917322));
#10263=CARTESIAN_POINT('Ctrl Pts',(-0.146272214967514,-7.04856005844894,
9.28189133355523));
#10264=CARTESIAN_POINT('Ctrl Pts',(-0.146341757973457,-7.05191120602426,
9.28189133355523));
#10265=CARTESIAN_POINT('Ctrl Pts',(-0.146411300573242,-7.05526229885521,
9.28189133355523));
#10266=CARTESIAN_POINT('Ctrl Pts',(-0.146480843579149,-7.05861344642585,
9.28189133355523));
#10267=CARTESIAN_POINT('Ctrl Pts',(-0.184834441709744,-7.04754869593267,
9.2264666245319));
#10268=CARTESIAN_POINT('Ctrl Pts',(-0.184922318395807,-7.05089934432127,
9.2264666245319));
#10269=CARTESIAN_POINT('Ctrl Pts',(-0.18501019508187,-7.05424999270985,
9.2264666245319));
#10270=CARTESIAN_POINT('Ctrl Pts',(-0.185098071767934,-7.05760064109845,
9.2264666245319));
#10271=CARTESIAN_POINT('',(-0.0525234251064807,-7.04980434408041,9.61323401192204));
#10272=CARTESIAN_POINT('',(-0.184835173591198,-7.04757660182587,9.2264666245319));
#10273=CARTESIAN_POINT('Ctrl Pts',(-0.281640647261996,-7.04429558882213,
10.1166453049518));
#10274=CARTESIAN_POINT('Ctrl Pts',(-0.281774830427716,-7.0476517303861,
10.1166453049518));
#10275=CARTESIAN_POINT('Ctrl Pts',(-0.281909013593437,-7.05100787195007,
10.1166453049518));
#10276=CARTESIAN_POINT('Ctrl Pts',(-0.282043196759158,-7.05436401351404,
10.1166453049518));
#10277=CARTESIAN_POINT('Ctrl Pts',(-0.214853433804283,-7.04696583245462,
10.047942220882));
#10278=CARTESIAN_POINT('Ctrl Pts',(-0.214955797670765,-7.05032330094565,
10.047942220882));
#10279=CARTESIAN_POINT('Ctrl Pts',(-0.215058160373817,-7.0536806088784,
10.047942220882));
#10280=CARTESIAN_POINT('Ctrl Pts',(-0.215160524222774,-7.05703807495088,
10.047942220882));
#10281=CARTESIAN_POINT('Ctrl Pts',(-0.0785139207953432,-7.04986621189493,
9.90777886687272));
#10282=CARTESIAN_POINT('Ctrl Pts',(-0.078551327530568,-7.0532250037354,
9.90777886687272));
#10283=CARTESIAN_POINT('Ctrl Pts',(-0.0785887341546018,-7.05658380659842,
9.90777886687272));
#10284=CARTESIAN_POINT('Ctrl Pts',(-0.0786261408881516,-7.05994259860492,
9.90777886687272));
#10285=CARTESIAN_POINT('Ctrl Pts',(-0.0612981819166626,-7.04966249928365,
9.71269481148354));
#10286=CARTESIAN_POINT('Ctrl Pts',(-0.0613273860097635,-7.05302115515779,
9.71269481148354));
#10287=CARTESIAN_POINT('Ctrl Pts',(-0.0613565913987883,-7.05637993619977,
9.71269481148354));
#10288=CARTESIAN_POINT('Ctrl Pts',(-0.0613857955114103,-7.05973859395936,
9.71269481148354));
#10289=CARTESIAN_POINT('Ctrl Pts',(-0.052522855404479,-7.04972787748216,
9.61323401192204));
#10290=CARTESIAN_POINT('Ctrl Pts',(-0.0525478790758822,-7.05308660717287,
9.61323401192204));
#10291=CARTESIAN_POINT('Ctrl Pts',(-0.0525729027472854,-7.05644533686358,
9.61323401192204));
#10292=CARTESIAN_POINT('Ctrl Pts',(-0.0525979264186885,-7.05980406655429,
9.61323401192204));
#10293=CARTESIAN_POINT('',(-0.281643702146184,-7.04437199649773,10.1166453049518));
#10294=CARTESIAN_POINT('Ctrl Pts',(-1.12004521804483,-6.96034570577866,
10.3308334038593));
#10295=CARTESIAN_POINT('Ctrl Pts',(-1.12058075696745,-6.96367372859443,
10.3308334038593));
#10296=CARTESIAN_POINT('Ctrl Pts',(-1.12111629589007,-6.96700175141022,
10.3308334038593));
#10297=CARTESIAN_POINT('Ctrl Pts',(-1.12165183481269,-6.97032977422599,
10.3308334038593));
#10298=CARTESIAN_POINT('Ctrl Pts',(-0.951062532984786,-6.98753806654949,
10.3282422673466));
#10299=CARTESIAN_POINT('Ctrl Pts',(-0.951517279982292,-6.99087916501087,
10.3282422673466));
#10300=CARTESIAN_POINT('Ctrl Pts',(-0.951972010917251,-6.99422004894923,
10.3282422673466));
#10301=CARTESIAN_POINT('Ctrl Pts',(-0.952426757561273,-6.99756114268968,
10.3282422673466));
#10302=CARTESIAN_POINT('Ctrl Pts',(-0.653353832439532,-7.02369908028482,
10.3237047731629));
#10303=CARTESIAN_POINT('Ctrl Pts',(-0.653666227092346,-7.02705738962169,
10.3237047731629));
#10304=CARTESIAN_POINT('Ctrl Pts',(-0.65397862244641,-7.03041571431878,
10.3237047731629));
#10305=CARTESIAN_POINT('Ctrl Pts',(-0.654291017114657,-7.03377402399367,
10.3237047731629));
#10306=CARTESIAN_POINT('Ctrl Pts',(-0.39328446110702,-7.03979584763715,
10.1788015345131));
#10307=CARTESIAN_POINT('Ctrl Pts',(-0.393472502355412,-7.04316181104271,
10.1788015345131));
#10308=CARTESIAN_POINT('Ctrl Pts',(-0.393660555103024,-7.04652791306341,
10.1788015345131));
#10309=CARTESIAN_POINT('Ctrl Pts',(-0.393848596604476,-7.04989387951941,
10.1788015345131));
#10310=CARTESIAN_POINT('Ctrl Pts',(-0.281639207468441,-7.04425957721839,
10.1166453049518));
#10311=CARTESIAN_POINT('Ctrl Pts',(-0.281773870565346,-7.04762772265027,
10.1166453049518));
#10312=CARTESIAN_POINT('Ctrl Pts',(-0.281908533662252,-7.05099586808216,
10.1166453049518));
#10313=CARTESIAN_POINT('Ctrl Pts',(-0.282043196759158,-7.05436401351404,
10.1166453049518));
#10314=CARTESIAN_POINT('',(-1.12006309283704,-6.96045678587723,10.3308334038593));
#10315=CARTESIAN_POINT('Ctrl Pts',(-1.84719017522953,-6.80360767611952,
10.1371087715961));
#10316=CARTESIAN_POINT('Ctrl Pts',(-1.84807168370179,-6.80685446569691,
10.1371087715961));
#10317=CARTESIAN_POINT('Ctrl Pts',(-1.84895319217404,-6.81010125527432,
10.1371087715961));
#10318=CARTESIAN_POINT('Ctrl Pts',(-1.84983470064631,-6.81334804485172,
10.1371087715961));
#10319=CARTESIAN_POINT('Ctrl Pts',(-1.75318260587677,-6.82913088000565,
10.1933030913237));
#10320=CARTESIAN_POINT('Ctrl Pts',(-1.75401924363579,-6.83238981176342,
10.1933030913237));
#10321=CARTESIAN_POINT('Ctrl Pts',(-1.75485590711479,-6.83564885417315,
10.1933030913237));
#10322=CARTESIAN_POINT('Ctrl Pts',(-1.75569254534339,-6.83890778795109,
10.1933030913237));
#10323=CARTESIAN_POINT('Ctrl Pts',(-1.5313503807566,-6.88487370448398,10.3252197602702));
#10324=CARTESIAN_POINT('Ctrl Pts',(-1.53208116433604,-6.88815927124017,
10.3252197602702));
#10325=CARTESIAN_POINT('Ctrl Pts',(-1.53281195121345,-6.89144485043423,
10.3252197602702));
#10326=CARTESIAN_POINT('Ctrl Pts',(-1.5335427348531,-6.89473041741748,10.3252197602702));
#10327=CARTESIAN_POINT('Ctrl Pts',(-1.2705887543343,-6.93614031038494,10.3287862053896));
#10328=CARTESIAN_POINT('Ctrl Pts',(-1.27119511371584,-6.9394504061228,10.3287862053896));
#10329=CARTESIAN_POINT('Ctrl Pts',(-1.27180143146228,-6.94276032818277,
10.3287862053896));
#10330=CARTESIAN_POINT('Ctrl Pts',(-1.27240779008368,-6.94607042074979,
10.3287862053896));
#10331=CARTESIAN_POINT('Ctrl Pts',(-1.12004832030143,-6.96036498426676,
10.3308334038593));
#10332=CARTESIAN_POINT('Ctrl Pts',(-1.12058282513852,-6.96368658091984,
10.3308334038593));
#10333=CARTESIAN_POINT('Ctrl Pts',(-1.1211173299756,-6.96700817757292,10.3308334038593));
#10334=CARTESIAN_POINT('Ctrl Pts',(-1.12165183481269,-6.97032977422599,
10.3308334038593));
#10335=CARTESIAN_POINT('',(-1.8472145381808,-6.80369741022729,10.1371087715961));
#10336=CARTESIAN_POINT('Ctrl Pts',(-2.06410567305747,-6.74099274102985,
9.63642737129704));
#10337=CARTESIAN_POINT('Ctrl Pts',(-2.06508843450602,-6.74420226071546,
9.63642737129704));
#10338=CARTESIAN_POINT('Ctrl Pts',(-2.06607119595458,-6.74741178040107,
9.63642737129704));
#10339=CARTESIAN_POINT('Ctrl Pts',(-2.06705395740313,-6.75062130008669,
9.63642737129704));
#10340=CARTESIAN_POINT('Ctrl Pts',(-2.05543848932971,-6.74364665113936,
9.73373197672643));
#10341=CARTESIAN_POINT('Ctrl Pts',(-2.05641711268846,-6.74685739656451,
9.73373197672643));
#10342=CARTESIAN_POINT('Ctrl Pts',(-2.05739576976631,-6.75006825320376,
9.73373197672643));
#10343=CARTESIAN_POINT('Ctrl Pts',(-2.05837439358951,-6.75327900016079,
9.73373197672643));
#10344=CARTESIAN_POINT('Ctrl Pts',(-2.03834791515695,-6.74920213893751,
9.92660546867121));
#10345=CARTESIAN_POINT('Ctrl Pts',(-2.0393184116577,-6.75241556366081,9.92660546867121));
#10346=CARTESIAN_POINT('Ctrl Pts',(-2.04028891159987,-6.75562899901979,
9.92660546867121));
#10347=CARTESIAN_POINT('Ctrl Pts',(-2.04125940814802,-6.75884242388958,
9.92660546867121));
#10348=CARTESIAN_POINT('Ctrl Pts',(-1.91074710110994,-6.78637585775094,
10.0673632426078));
#10349=CARTESIAN_POINT('Ctrl Pts',(-1.91165686077344,-6.78960703501739,
10.0673632426078));
#10350=CARTESIAN_POINT('Ctrl Pts',(-1.91256657559277,-6.79283806596556,
10.0673632426078));
#10351=CARTESIAN_POINT('Ctrl Pts',(-1.91347633463857,-6.7960692412166,10.0673632426078));
#10352=CARTESIAN_POINT('Ctrl Pts',(-1.84719624088552,-6.80363001726458,
10.1371087715961));
#10353=CARTESIAN_POINT('Ctrl Pts',(-1.84807572747245,-6.80686935979362,
10.1371087715961));
#10354=CARTESIAN_POINT('Ctrl Pts',(-1.84895521405937,-6.81010870232268,
10.1371087715961));
#10355=CARTESIAN_POINT('Ctrl Pts',(-1.84983470064631,-6.81334804485172,
10.1371087715961));
#10356=CARTESIAN_POINT('',(-2.06412611893655,-6.74105951354265,9.63642737129704));
#10357=CARTESIAN_POINT('Ctrl Pts',(-1.98178997601721,-6.76571178333236,
9.3144621537067));
#10358=CARTESIAN_POINT('Ctrl Pts',(-1.98272904300687,-6.76891770155485,
9.3144621537067));
#10359=CARTESIAN_POINT('Ctrl Pts',(-1.98366810999652,-6.77212361977733,
9.3144621537067));
#10360=CARTESIAN_POINT('Ctrl Pts',(-1.98460717698618,-6.77532953799981,
9.3144621537067));
#10361=CARTESIAN_POINT('Ctrl Pts',(-2.00584393443576,-6.7586659771597,9.36397344625045));
#10362=CARTESIAN_POINT('Ctrl Pts',(-2.00679440150515,-6.76186856380194,
9.36397344625045));
#10363=CARTESIAN_POINT('Ctrl Pts',(-2.00774486210117,-6.76507112930898,
9.36397344625045));
#10364=CARTESIAN_POINT('Ctrl Pts',(-2.00869532917085,-6.76827371595219,
9.36397344625045));
#10365=CARTESIAN_POINT('Ctrl Pts',(-2.05491647553179,-6.74391742777516,
9.46519122805371));
#10366=CARTESIAN_POINT('Ctrl Pts',(-2.05589019320925,-6.747113018312,9.46519122805371));
#10367=CARTESIAN_POINT('Ctrl Pts',(-2.05686391133385,-6.75030861027484,
9.46519122805371));
#10368=CARTESIAN_POINT('Ctrl Pts',(-2.05783762901129,-6.75350420081161,
9.46519122805371));
#10369=CARTESIAN_POINT('Ctrl Pts',(-2.06100543526426,-6.74200375781459,
9.57852930358079));
#10370=CARTESIAN_POINT('Ctrl Pts',(-2.06198203664377,-6.74519843650492,
9.57852930358079));
#10371=CARTESIAN_POINT('Ctrl Pts',(-2.06295864307652,-6.74839313176305,
9.57852930358079));
#10372=CARTESIAN_POINT('Ctrl Pts',(-2.0639352444558,-6.75158781045262,9.57852930358079));
#10373=CARTESIAN_POINT('Ctrl Pts',(-2.06412295114091,-6.74104916809972,
9.63642737129704));
#10374=CARTESIAN_POINT('Ctrl Pts',(-2.06510103143674,-6.74424339999413,
9.63642737129704));
#10375=CARTESIAN_POINT('Ctrl Pts',(-2.06607911173257,-6.74743763188854,
9.63642737129704));
#10376=CARTESIAN_POINT('Ctrl Pts',(-2.06705719202839,-6.75063186378295,
9.63642737129704));
#10377=CARTESIAN_POINT('',(-1.98179301745699,-6.76572216662484,9.3144621537067));
#10378=CARTESIAN_POINT('Ctrl Pts',(-1.74298465094453,-6.8311134269845,9.09140488365665));
#10379=CARTESIAN_POINT('Ctrl Pts',(-1.74381291836207,-6.83435957644084,
9.09140488365665));
#10380=CARTESIAN_POINT('Ctrl Pts',(-1.74464118577961,-6.83760572589717,
9.09140488365665));
#10381=CARTESIAN_POINT('Ctrl Pts',(-1.74546945319714,-6.84085187535351,
9.09140488365665));
#10382=CARTESIAN_POINT('Ctrl Pts',(-1.79180566077364,-6.81865655995473,
9.12042691536109));
#10383=CARTESIAN_POINT('Ctrl Pts',(-1.79265713191074,-6.82189680393274,
9.12042691536109));
#10384=CARTESIAN_POINT('Ctrl Pts',(-1.79350859128573,-6.82513700606691,
9.12042691536109));
#10385=CARTESIAN_POINT('Ctrl Pts',(-1.79436006241017,-6.82837724999988,
9.12042691536109));
#10386=CARTESIAN_POINT('Ctrl Pts',(-1.88695322345398,-6.79313091882271,
9.17716778650953));
#10387=CARTESIAN_POINT('Ctrl Pts',(-1.88784990466881,-6.79635901846458,
9.17716778650953));
#10388=CARTESIAN_POINT('Ctrl Pts',(-1.88874658636123,-6.79958711960444,
9.17716778650953));
#10389=CARTESIAN_POINT('Ctrl Pts',(-1.88964326757657,-6.80281521924792,
9.17716778650953));
#10390=CARTESIAN_POINT('Ctrl Pts',(-1.95069310581989,-6.7748027436035,9.26940350391724));
#10391=CARTESIAN_POINT('Ctrl Pts',(-1.95162007304896,-6.77802212201435,
9.26940350391724));
#10392=CARTESIAN_POINT('Ctrl Pts',(-1.95254705035272,-6.78124153672284,
9.26940350391724));
#10393=CARTESIAN_POINT('Ctrl Pts',(-1.95347401759264,-6.78446091517275,
9.26940350391724));
#10394=CARTESIAN_POINT('Ctrl Pts',(-1.98178516534556,-6.76569535998869,
9.3144621537067));
#10395=CARTESIAN_POINT('Ctrl Pts',(-1.98272691091981,-6.76891042273788,
9.3144621537067));
#10396=CARTESIAN_POINT('Ctrl Pts',(-1.98366865649406,-6.77212548548706,
9.3144621537067));
#10397=CARTESIAN_POINT('Ctrl Pts',(-1.98461040206831,-6.77534054823624,
9.3144621537067));
#10398=CARTESIAN_POINT('',(-1.74299155689475,-6.83114049281623,9.09140488365665));
#10399=CARTESIAN_POINT('Ctrl Pts',(-1.40191360227657,-6.90919637017244,
9.01023289421574));
#10400=CARTESIAN_POINT('Ctrl Pts',(-1.40257777764481,-6.91246969460268,
9.01023289421574));
#10401=CARTESIAN_POINT('Ctrl Pts',(-1.40324195301306,-6.91574301903291,
9.01023289421574));
#10402=CARTESIAN_POINT('Ctrl Pts',(-1.40390612838129,-6.91901634346314,
9.01023289421574));
#10403=CARTESIAN_POINT('Ctrl Pts',(-1.46204914953137,-6.89699453984581,
9.01347280109934));
#10404=CARTESIAN_POINT('Ctrl Pts',(-1.46274181624905,-6.90026208918836,
9.01347280109934));
#10405=CARTESIAN_POINT('Ctrl Pts',(-1.46343447899237,-6.90352962148693,
9.01347280109934));
#10406=CARTESIAN_POINT('Ctrl Pts',(-1.46412714570979,-6.90679717082843,
9.01347280109934));
#10407=CARTESIAN_POINT('Ctrl Pts',(-1.58075367704977,-6.87122801283453,
9.01988594414348));
#10408=CARTESIAN_POINT('Ctrl Pts',(-1.58150258027417,-6.87448334917823,
9.01988594414348));
#10409=CARTESIAN_POINT('Ctrl Pts',(-1.58225148358073,-6.87773868572579,
9.01988594414348));
#10410=CARTESIAN_POINT('Ctrl Pts',(-1.58300038680514,-6.88099402206951,
9.01988594414348));
#10411=CARTESIAN_POINT('Ctrl Pts',(-1.6893900113973,-6.84480660850076,9.06773103556649));
#10412=CARTESIAN_POINT('Ctrl Pts',(-1.69019038132966,-6.84804942198635,
9.06773103556649));
#10413=CARTESIAN_POINT('Ctrl Pts',(-1.69099075497334,-6.85129225173318,
9.06773103556649));
#10414=CARTESIAN_POINT('Ctrl Pts',(-1.69179112490592,-6.85453506521977,
9.06773103556649));
#10415=CARTESIAN_POINT('Ctrl Pts',(-1.74298903599203,-6.83113061288273,
9.09140488365665));
#10416=CARTESIAN_POINT('Ctrl Pts',(-1.7438148004207,-6.83436695261362,9.09140488365665));
#10417=CARTESIAN_POINT('Ctrl Pts',(-1.74464056484936,-6.83760329234449,
9.09140488365665));
#10418=CARTESIAN_POINT('Ctrl Pts',(-1.74546632927802,-6.84083963207538,
9.09140488365665));
#10419=CARTESIAN_POINT('',(-1.40191562987843,-6.90920636301323,9.01023289421574));
#10420=CARTESIAN_POINT('Ctrl Pts',(-0.94123944400464,-6.98682988259614,
9.18280979851261));
#10421=CARTESIAN_POINT('Ctrl Pts',(-0.941689022169402,-6.9901671058459,
9.18280979851261));
#10422=CARTESIAN_POINT('Ctrl Pts',(-0.942138600334165,-6.99350432909567,
9.18280979851261));
#10423=CARTESIAN_POINT('Ctrl Pts',(-0.942588178498928,-6.99684155234542,
9.18280979851261));
#10424=CARTESIAN_POINT('Ctrl Pts',(-1.00699994301416,-6.97797087592724,
9.13249490160013));
#10425=CARTESIAN_POINT('Ctrl Pts',(-1.00748092704427,-6.98130384160516,
9.13249490160013));
#10426=CARTESIAN_POINT('Ctrl Pts',(-1.00796192381924,-6.98463688472024,
9.13249490160013));
#10427=CARTESIAN_POINT('Ctrl Pts',(-1.00844290786959,-6.98796985052121,
9.13249490160013));
#10428=CARTESIAN_POINT('Ctrl Pts',(-1.14350306531125,-6.95788837558259,
9.02788728692334));
#10429=CARTESIAN_POINT('Ctrl Pts',(-1.14404925354384,-6.96121177393893,
9.02788728692334));
#10430=CARTESIAN_POINT('Ctrl Pts',(-1.14459544209508,-6.96453517565186,
9.02788728692334));
#10431=CARTESIAN_POINT('Ctrl Pts',(-1.14514163032817,-6.96785857401355,
9.02788728692334));
#10432=CARTESIAN_POINT('Ctrl Pts',(-1.31385664974059,-6.92701781613345,
9.01626500847156));
#10433=CARTESIAN_POINT('Ctrl Pts',(-1.31448421142239,-6.93032650097394,
9.01626500847156));
#10434=CARTESIAN_POINT('Ctrl Pts',(-1.3151117587781,-6.93363509532121,9.01626500847156));
#10435=CARTESIAN_POINT('Ctrl Pts',(-1.31573932043714,-6.9369437800179,9.01626500847156));
#10436=CARTESIAN_POINT('Ctrl Pts',(-1.40190467879211,-6.90915239163744,
9.01023289421574));
#10437=CARTESIAN_POINT('Ctrl Pts',(-1.40257429132979,-6.91245251263437,
9.01023289421574));
#10438=CARTESIAN_POINT('Ctrl Pts',(-1.40324390386747,-6.9157526336313,9.01023289421574));
#10439=CARTESIAN_POINT('Ctrl Pts',(-1.40391351640515,-6.91905275462823,
9.01023289421574));
#10440=CARTESIAN_POINT('',(-0.941246796569016,-6.98688446075564,9.18280979851261));
#10441=CARTESIAN_POINT('Ctrl Pts',(-0.761806705033968,-7.00867826816439,
9.6009554550983));
#10442=CARTESIAN_POINT('Ctrl Pts',(-0.762168379749559,-7.01200570241058,
9.6009554550983));
#10443=CARTESIAN_POINT('Ctrl Pts',(-0.762530054465148,-7.01533313665676,
9.6009554550983));
#10444=CARTESIAN_POINT('Ctrl Pts',(-0.762891729180738,-7.01866057090294,
9.6009554550983));
#10445=CARTESIAN_POINT('Ctrl Pts',(-0.769442037681568,-7.00784834768991,
9.52199954949474));
#10446=CARTESIAN_POINT('Ctrl Pts',(-0.76980733474972,-7.01117536453636,
9.52199954949474));
#10447=CARTESIAN_POINT('Ctrl Pts',(-0.770172639498557,-7.01450245069578,
9.52199954949474));
#10448=CARTESIAN_POINT('Ctrl Pts',(-0.770537936629326,-7.0178294681073,
9.52199954949474));
#10449=CARTESIAN_POINT('Ctrl Pts',(-0.784809542460982,-7.00636507260697,
9.36329961391509));
#10450=CARTESIAN_POINT('Ctrl Pts',(-0.785182137740305,-7.00969140613278,
9.36329961391509));
#10451=CARTESIAN_POINT('Ctrl Pts',(-0.78555473374327,-7.01301774709621,
9.36329961391509));
#10452=CARTESIAN_POINT('Ctrl Pts',(-0.785927329028493,-7.01634408068265,
9.36329961391509));
#10453=CARTESIAN_POINT('Ctrl Pts',(-0.888991097771355,-6.99388268249831,
9.24317192684867));
#10454=CARTESIAN_POINT('Ctrl Pts',(-0.889413157900278,-6.99720312428819,
9.24317192684867));
#10455=CARTESIAN_POINT('Ctrl Pts',(-0.889835207783227,-7.00052347158494,
9.24317192684867));
#10456=CARTESIAN_POINT('Ctrl Pts',(-0.890257267828621,-7.00384391260446,
9.24317192684867));
#10457=CARTESIAN_POINT('Ctrl Pts',(-0.94124130959196,-6.98684373086963,
9.18280979851261));
#10458=CARTESIAN_POINT('Ctrl Pts',(-0.94168817253068,-6.9901607989691,9.18280979851261));
#10459=CARTESIAN_POINT('Ctrl Pts',(-0.942135035469401,-6.99347786706858,
9.18280979851261));
#10460=CARTESIAN_POINT('Ctrl Pts',(-0.942581898408121,-6.99679493516805,
9.18280979851261));
#10461=CARTESIAN_POINT('',(-0.76181114599493,-7.00871912533509,9.6009554550983));
#10462=CARTESIAN_POINT('Ctrl Pts',(-0.826877329933473,-7.00133549049789,
9.86971518257633));
#10463=CARTESIAN_POINT('Ctrl Pts',(-0.827268722795284,-7.00464949202499,
9.86971518257633));
#10464=CARTESIAN_POINT('Ctrl Pts',(-0.827660115657094,-7.00796349355208,
9.86971518257633));
#10465=CARTESIAN_POINT('Ctrl Pts',(-0.828051508518903,-7.01127749507917,
9.86971518257633));
#10466=CARTESIAN_POINT('Ctrl Pts',(-0.807909877275303,-7.00357559977201,
9.82660724830065));
#10467=CARTESIAN_POINT('Ctrl Pts',(-0.808292292554353,-7.00689066570399,
9.82660724830065));
#10468=CARTESIAN_POINT('Ctrl Pts',(-0.808674706507181,-7.0102057194236,
9.82660724830065));
#10469=CARTESIAN_POINT('Ctrl Pts',(-0.809057121786344,-7.01352078535663,
9.82660724830065));
#10470=CARTESIAN_POINT('Ctrl Pts',(-0.770191939919491,-7.00782720855409,
9.74093737207666));
#10471=CARTESIAN_POINT('Ctrl Pts',(-0.770556501371022,-7.01114428253894,
9.74093737207666));
#10472=CARTESIAN_POINT('Ctrl Pts',(-0.770921062923564,-7.01446135748948,
9.74093737207666));
#10473=CARTESIAN_POINT('Ctrl Pts',(-0.771285624375086,-7.01777843147424,
9.74093737207666));
#10474=CARTESIAN_POINT('Ctrl Pts',(-0.76459158583874,-7.00841153911654,
9.64741741991455));
#10475=CARTESIAN_POINT('Ctrl Pts',(-0.764953496134735,-7.01172888703024,
9.64741741991455));
#10476=CARTESIAN_POINT('Ctrl Pts',(-0.76531540740812,-7.01504624387337,
9.64741741991455));
#10477=CARTESIAN_POINT('Ctrl Pts',(-0.765677317704031,-7.01836359178629,
9.64741741991455));
#10478=CARTESIAN_POINT('Ctrl Pts',(-0.761810569448122,-7.00871382106163,
9.6009554550983));
#10479=CARTESIAN_POINT('Ctrl Pts',(-0.762171163708165,-7.01203131503654,
9.6009554550983));
#10480=CARTESIAN_POINT('Ctrl Pts',(-0.762531757968208,-7.01534880901143,
9.6009554550983));
#10481=CARTESIAN_POINT('Ctrl Pts',(-0.76289235222825,-7.01866630298633,
9.6009554550983));
#10482=CARTESIAN_POINT('',(-0.826877955723537,-7.00134078918734,9.86971518257633));
#10483=CARTESIAN_POINT('Ctrl Pts',(-1.02567545215176,-6.97497130763116,
10.0866307900287));
#10484=CARTESIAN_POINT('Ctrl Pts',(-1.02616210397854,-6.9782807195133,10.0866307900287));
#10485=CARTESIAN_POINT('Ctrl Pts',(-1.02664875580531,-6.98159013139543,
10.0866307900287));
#10486=CARTESIAN_POINT('Ctrl Pts',(-1.02713540763209,-6.98489954327756,
10.0866307900287));
#10487=CARTESIAN_POINT('Ctrl Pts',(-0.984354892110355,-6.98104753100423,
10.0561072562616));
#10488=CARTESIAN_POINT('Ctrl Pts',(-0.984821939918056,-6.98435983638679,
10.0561072562616));
#10489=CARTESIAN_POINT('Ctrl Pts',(-0.985288983749476,-6.98767211034377,
10.0561072562616));
#10490=CARTESIAN_POINT('Ctrl Pts',(-0.985756031555116,-6.99098441571004,
10.0561072562616));
#10491=CARTESIAN_POINT('Ctrl Pts',(-0.9040207412328,-6.9920188964046,9.99685241192715));
#10492=CARTESIAN_POINT('Ctrl Pts',(-0.90444967155089,-6.99533639640277,
9.99685241192715));
#10493=CARTESIAN_POINT('Ctrl Pts',(-0.904878602006529,-6.99865389773561,
9.99685241192715));
#10494=CARTESIAN_POINT('Ctrl Pts',(-0.905307532324691,-7.00197139773448,
9.99685241192715));
#10495=CARTESIAN_POINT('Ctrl Pts',(-0.852073952529561,-6.99834613758055,
9.91123102362235));
#10496=CARTESIAN_POINT('Ctrl Pts',(-0.852478234577539,-7.00166663125641,
9.91123102362235));
#10497=CARTESIAN_POINT('Ctrl Pts',(-0.852882520043301,-7.00498715138422,
9.91123102362235));
#10498=CARTESIAN_POINT('Ctrl Pts',(-0.853286802093051,-7.0083076450738,
9.91123102362235));
#10499=CARTESIAN_POINT('Ctrl Pts',(-0.826875750341924,-7.00132211578078,
9.86971518257633));
#10500=CARTESIAN_POINT('Ctrl Pts',(-0.827268077752682,-7.00464403032046,
9.86971518257633));
#10501=CARTESIAN_POINT('Ctrl Pts',(-0.82766040516344,-7.00796594486013,
9.86971518257633));
#10502=CARTESIAN_POINT('Ctrl Pts',(-0.828052732574196,-7.0112878593998,
9.86971518257633));
#10503=CARTESIAN_POINT('',(-1.02567818775718,-6.9749899107568,10.0866307900287));
#10504=CARTESIAN_POINT('Ctrl Pts',(-0.566236849749026,-7.02721384263799,
10.0170530960895));
#10505=CARTESIAN_POINT('Ctrl Pts',(-0.566505092602158,-7.0305428380779,
10.0170530960895));
#10506=CARTESIAN_POINT('Ctrl Pts',(-0.56677333545529,-7.03387183351781,
10.0170530960895));
#10507=CARTESIAN_POINT('Ctrl Pts',(-0.567041578308424,-7.03720082895771,
10.0170530960895));
#10508=CARTESIAN_POINT('Ctrl Pts',(-0.63119503060305,-7.02197966072424,
10.0366259987457));
#10509=CARTESIAN_POINT('Ctrl Pts',(-0.631494045566327,-7.02530617219867,
10.0366259987457));
#10510=CARTESIAN_POINT('Ctrl Pts',(-0.631793061931016,-7.02863269679005,
10.0366259987457));
#10511=CARTESIAN_POINT('Ctrl Pts',(-0.63209207689449,-7.03195920826632,
10.0366259987457));
#10512=CARTESIAN_POINT('Ctrl Pts',(-0.781115618544263,-7.00785432075615,
10.0818483448023));
#10513=CARTESIAN_POINT('Ctrl Pts',(-0.781485655680283,-7.01117414459938,
10.0818483448023));
#10514=CARTESIAN_POINT('Ctrl Pts',(-0.781855692921807,-7.01449396972541,
10.0818483448023));
#10515=CARTESIAN_POINT('Ctrl Pts',(-0.782225730057841,-7.01781379356883,
10.0818483448023));
#10516=CARTESIAN_POINT('Ctrl Pts',(-0.937326818865891,-6.98797191546061,
10.0848999594812));
#10517=CARTESIAN_POINT('Ctrl Pts',(-0.937770858486935,-6.9912823273634,
10.0848999594812));
#10518=CARTESIAN_POINT('Ctrl Pts',(-0.938214896120141,-6.99459271979354,
10.0848999594812));
#10519=CARTESIAN_POINT('Ctrl Pts',(-0.938658935740904,-6.99790313169358,
10.0848999594812));
#10520=CARTESIAN_POINT('Ctrl Pts',(-1.02567672835529,-6.97497998628578,
10.0866307900287));
#10521=CARTESIAN_POINT('Ctrl Pts',(-1.02616262123232,-6.97828423702978,
10.0866307900287));
#10522=CARTESIAN_POINT('Ctrl Pts',(-1.02664851410935,-6.98158848777378,
10.0866307900287));
#10523=CARTESIAN_POINT('Ctrl Pts',(-1.02713440698638,-6.98489273851778,
10.0866307900287));
#10524=CARTESIAN_POINT('',(-0.56623765542893,-7.02722384143086,10.0170530960895));
#10525=CARTESIAN_POINT('Ctrl Pts',(-0.319807319397352,-7.0427207086537,
9.8342432663776));
#10526=CARTESIAN_POINT('Ctrl Pts',(-0.319959132118627,-7.04606389228682,
9.8342432663776));
#10527=CARTESIAN_POINT('Ctrl Pts',(-0.320110944839902,-7.04940707591994,
9.8342432663776));
#10528=CARTESIAN_POINT('Ctrl Pts',(-0.320262757561176,-7.05275025955305,
9.8342432663776));
#10529=CARTESIAN_POINT('Ctrl Pts',(-0.352517775646528,-7.0412353391042,
9.87137196619001));
#10530=CARTESIAN_POINT('Ctrl Pts',(-0.352685115466703,-7.04457780796711,
9.87137196619001));
#10531=CARTESIAN_POINT('Ctrl Pts',(-0.35285245700012,-7.04792030568669,
9.87137196619001));
#10532=CARTESIAN_POINT('Ctrl Pts',(-0.353019796821607,-7.0512627745717,
9.87137196619001));
#10533=CARTESIAN_POINT('Ctrl Pts',(-0.421592545189943,-7.03771785266754,
9.94979483139712));
#10534=CARTESIAN_POINT('Ctrl Pts',(-0.421792675397893,-7.04105866085633,
9.94979483139712));
#10535=CARTESIAN_POINT('Ctrl Pts',(-0.421992805663912,-7.04439947079384,
9.94979483139712));
#10536=CARTESIAN_POINT('Ctrl Pts',(-0.422192935871906,-7.04774027898397,
9.94979483139712));
#10537=CARTESIAN_POINT('Ctrl Pts',(-0.516374414111057,-7.03121977147685,
9.993853607325));
#10538=CARTESIAN_POINT('Ctrl Pts',(-0.516619538020286,-7.03455750758753,
9.993853607325));
#10539=CARTESIAN_POINT('Ctrl Pts',(-0.516864659919115,-7.03789520793,9.993853607325));
#10540=CARTESIAN_POINT('Ctrl Pts',(-0.517109783826804,-7.0412329440133,
9.993853607325));
#10541=CARTESIAN_POINT('Ctrl Pts',(-0.566235899275705,-7.02720204690396,
10.0170530960895));
#10542=CARTESIAN_POINT('Ctrl Pts',(-0.566504691787754,-7.03053786381929,
10.0170530960895));
#10543=CARTESIAN_POINT('Ctrl Pts',(-0.566773484299803,-7.0338736807346,
10.0170530960895));
#10544=CARTESIAN_POINT('Ctrl Pts',(-0.567042276811853,-7.03720949764992,
10.0170530960895));
#10545=CARTESIAN_POINT('',(-0.319808311264268,-7.04274255131098,9.8342432663776));
#10546=CARTESIAN_POINT('Ctrl Pts',(-0.254378598579477,-7.04540311047892,
9.62824007729069));
#10547=CARTESIAN_POINT('Ctrl Pts',(-0.254499021737603,-7.04873841343904,
9.62824007729069));
#10548=CARTESIAN_POINT('Ctrl Pts',(-0.254619444895729,-7.05207371639916,
9.62824007729069));
#10549=CARTESIAN_POINT('Ctrl Pts',(-0.254739868053854,-7.05540901935928,
9.62824007729069));
#10550=CARTESIAN_POINT('Ctrl Pts',(-0.256917262344612,-7.04531145047335,
9.66589734615594));
#10551=CARTESIAN_POINT('Ctrl Pts',(-0.257038887188297,-7.04864670676059,
9.66589734615594));
#10552=CARTESIAN_POINT('Ctrl Pts',(-0.257160512395012,-7.05198197287868,
9.66589734615594));
#10553=CARTESIAN_POINT('Ctrl Pts',(-0.257282137238685,-7.05531722916562,
9.66589734615594));
#10554=CARTESIAN_POINT('Ctrl Pts',(-0.261911639578004,-7.04515792195499,
9.73996669948773));
#10555=CARTESIAN_POINT('Ctrl Pts',(-0.262035628878301,-7.04849310854765,
9.73996669948773));
#10556=CARTESIAN_POINT('Ctrl Pts',(-0.262159618206155,-7.05182829602393,
9.73996669948773));
#10557=CARTESIAN_POINT('Ctrl Pts',(-0.262283607506452,-7.05516348261656,
9.73996669948773));
#10558=CARTESIAN_POINT('Ctrl Pts',(-0.300729712444447,-7.04360275948026,
9.80317192638406));
#10559=CARTESIAN_POINT('Ctrl Pts',(-0.300872078432652,-7.04693721438943,
9.80317192638406));
#10560=CARTESIAN_POINT('Ctrl Pts',(-0.301014443963233,-7.05027165660135,
9.80317192638406));
#10561=CARTESIAN_POINT('Ctrl Pts',(-0.301156809951452,-7.0536061115109,
9.80317192638406));
#10562=CARTESIAN_POINT('Ctrl Pts',(-0.319808032847249,-7.04273642007761,
9.8342432663776));
#10563=CARTESIAN_POINT('Ctrl Pts',(-0.319959430384324,-7.04607046062304,
9.8342432663776));
#10564=CARTESIAN_POINT('Ctrl Pts',(-0.320110827921399,-7.04940450116848,
9.8342432663776));
#10565=CARTESIAN_POINT('Ctrl Pts',(-0.320262225458473,-7.05273854171391,
9.8342432663776));
#10566=CARTESIAN_POINT('',(-0.254378820035238,-7.04540924403384,9.62824007729069));
#10567=CARTESIAN_POINT('Ctrl Pts',(-0.359324779876254,-7.04082246738637,
9.38267370918766));
#10568=CARTESIAN_POINT('Ctrl Pts',(-0.359495179105731,-7.04416137076992,
9.38267370918766));
#10569=CARTESIAN_POINT('Ctrl Pts',(-0.359665578335207,-7.04750027415348,
9.38267370918766));
#10570=CARTESIAN_POINT('Ctrl Pts',(-0.359835977564685,-7.05083917753704,
9.38267370918766));
#10571=CARTESIAN_POINT('Ctrl Pts',(-0.328725940148287,-7.04238406350283,
9.41786088406869));
#10572=CARTESIAN_POINT('Ctrl Pts',(-0.328881829162984,-7.04572371818086,
9.41786088406869));
#10573=CARTESIAN_POINT('Ctrl Pts',(-0.329037717020596,-7.04906334068961,
9.41786088406869));
#10574=CARTESIAN_POINT('Ctrl Pts',(-0.329193606035458,-7.0524029953722,
9.41786088406869));
#10575=CARTESIAN_POINT('Ctrl Pts',(-0.267356778828181,-7.04499103446906,
9.48840352254221));
#10576=CARTESIAN_POINT('Ctrl Pts',(-0.267483564909075,-7.04833191386084,
9.48840352254221));
#10577=CARTESIAN_POINT('Ctrl Pts',(-0.267610351060728,-7.05167279568283,
9.48840352254221));
#10578=CARTESIAN_POINT('Ctrl Pts',(-0.267737137141611,-7.05501367507427,
9.48840352254221));
#10579=CARTESIAN_POINT('Ctrl Pts',(-0.258710515070446,-7.04523831940086,
9.58155381829402));
#10580=CARTESIAN_POINT('Ctrl Pts',(-0.258833200638048,-7.04857930883799,
9.58155381829402));
#10581=CARTESIAN_POINT('Ctrl Pts',(-0.258955887103581,-7.05192032231118,
9.58155381829402));
#10582=CARTESIAN_POINT('Ctrl Pts',(-0.259078572671054,-7.05526131174489,
9.58155381829402));
#10583=CARTESIAN_POINT('Ctrl Pts',(-0.254378296242045,-7.04539473678279,
9.62824007729069));
#10584=CARTESIAN_POINT('Ctrl Pts',(-0.254498927682187,-7.04873580843091,
9.62824007729069));
#10585=CARTESIAN_POINT('Ctrl Pts',(-0.25461955912233,-7.05207688007901,
9.62824007729069));
#10586=CARTESIAN_POINT('Ctrl Pts',(-0.254740190562471,-7.05541795172712,
9.62824007729069));
#10587=CARTESIAN_POINT('',(-0.359325519765924,-7.0408369652226,9.38267370918766));
#10588=CARTESIAN_POINT('Ctrl Pts',(-0.568956843503602,-7.02699606848929,
9.28990504005924));
#10589=CARTESIAN_POINT('Ctrl Pts',(-0.569226266097589,-7.03032361702013,
9.28990504005924));
#10590=CARTESIAN_POINT('Ctrl Pts',(-0.569495688691575,-7.03365116555096,
9.28990504005924));
#10591=CARTESIAN_POINT('Ctrl Pts',(-0.569765111285562,-7.03697871408179,
9.28990504005924));
#10592=CARTESIAN_POINT('Ctrl Pts',(-0.526192167322806,-7.03045860850598,
9.3002867129379));
#10593=CARTESIAN_POINT('Ctrl Pts',(-0.526441339534572,-7.03378780188616,
9.3002867129379));
#10594=CARTESIAN_POINT('Ctrl Pts',(-0.526690510817594,-7.03711697967609,
9.3002867129379));
#10595=CARTESIAN_POINT('Ctrl Pts',(-0.526939683029192,-7.04044617305346,
9.3002867129379));
#10596=CARTESIAN_POINT('Ctrl Pts',(-0.45054579575862,-7.03583675908388,
9.31863648815091));
#10597=CARTESIAN_POINT('Ctrl Pts',(-0.450759146222438,-7.03916849365369,
9.31863648815091));
#10598=CARTESIAN_POINT('Ctrl Pts',(-0.450972496741784,-7.04250022930924,
9.31863648815091));
#10599=CARTESIAN_POINT('Ctrl Pts',(-0.451185847205612,-7.04583196387926,
9.31863648815091));
#10600=CARTESIAN_POINT('Ctrl Pts',(-0.38694850135208,-7.03941911901028,
9.36328555261957));
#10601=CARTESIAN_POINT('Ctrl Pts',(-0.387131735895289,-7.04275254686206,
9.36328555261957));
#10602=CARTESIAN_POINT('Ctrl Pts',(-0.387314971078832,-7.04608598508673,
9.36328555261957));
#10603=CARTESIAN_POINT('Ctrl Pts',(-0.387498205622157,-7.04941941294039,
9.36328555261957));
#10604=CARTESIAN_POINT('Ctrl Pts',(-0.359325106368132,-7.04082886486152,
9.38267370918766));
#10605=CARTESIAN_POINT('Ctrl Pts',(-0.359495260402393,-7.04416296374485,
9.38267370918766));
#10606=CARTESIAN_POINT('Ctrl Pts',(-0.359665414436653,-7.04749706262817,
9.38267370918766));
#10607=CARTESIAN_POINT('Ctrl Pts',(-0.359835568470914,-7.05083116151151,
9.38267370918766));
#10608=CARTESIAN_POINT('',(-0.568957498079357,-7.02700415293596,9.28990504005924));
#10609=CARTESIAN_POINT('Ctrl Pts',(-0.549918020889337,-7.02851977092625,
9.04570242622868));
#10610=CARTESIAN_POINT('Ctrl Pts',(-0.550178029409852,-7.0318429481229,
9.04570242622868));
#10611=CARTESIAN_POINT('Ctrl Pts',(-0.550438037930367,-7.03516612531956,
9.04570242622868));
#10612=CARTESIAN_POINT('Ctrl Pts',(-0.550698046450882,-7.03848930251621,
9.04570242622868));
#10613=CARTESIAN_POINT('Ctrl Pts',(-0.55626519375101,-7.02802316213064,
9.12710329750553));
#10614=CARTESIAN_POINT('Ctrl Pts',(-0.556528203298883,-7.03134610452409,
9.12710329750553));
#10615=CARTESIAN_POINT('Ctrl Pts',(-0.556791212846756,-7.03466904691753,
9.12710329750553));
#10616=CARTESIAN_POINT('Ctrl Pts',(-0.557054222394629,-7.03799198931097,
9.12710329750553));
#10617=CARTESIAN_POINT('Ctrl Pts',(-0.562611693911191,-7.02751795551587,
9.20850416878239));
#10618=CARTESIAN_POINT('Ctrl Pts',(-0.56287770416836,-7.03084065904094,
9.20850416878239));
#10619=CARTESIAN_POINT('Ctrl Pts',(-0.563143714425528,-7.03416336256601,
9.20850416878239));
#10620=CARTESIAN_POINT('Ctrl Pts',(-0.563409724682697,-7.03748606609107,
9.20850416878239));
#10621=CARTESIAN_POINT('Ctrl Pts',(-0.568957498079357,-7.02700415293596,
9.28990504005924));
#10622=CARTESIAN_POINT('Ctrl Pts',(-0.569226508716747,-7.03032661352837,
9.28990504005924));
#10623=CARTESIAN_POINT('Ctrl Pts',(-0.569495519354137,-7.03364907412077,
9.28990504005924));
#10624=CARTESIAN_POINT('Ctrl Pts',(-0.569764529991526,-7.03697153471318,
9.28990504005924));
#10625=CARTESIAN_POINT('',(-0.549918020889337,-7.02851977092625,9.04570242622868));
#10626=CARTESIAN_POINT('Ctrl Pts',(-0.184834110044898,-7.04753604989046,
9.2264666245319));
#10627=CARTESIAN_POINT('Ctrl Pts',(-0.184922170592648,-7.0508937087376,
9.2264666245319));
#10628=CARTESIAN_POINT('Ctrl Pts',(-0.185010231140398,-7.05425136758472,
9.2264666245319));
#10629=CARTESIAN_POINT('Ctrl Pts',(-0.185098291688149,-7.05760902643186,
9.2264666245319));
#10630=CARTESIAN_POINT('Ctrl Pts',(-0.2347096148102,-7.04622797671347,9.18106512787455));
#10631=CARTESIAN_POINT('Ctrl Pts',(-0.234821436606631,-7.04958499257477,
9.18106512787455));
#10632=CARTESIAN_POINT('Ctrl Pts',(-0.234933261219782,-7.05294206727737,
9.18106512787455));
#10633=CARTESIAN_POINT('Ctrl Pts',(-0.235045083018835,-7.05629908319343,
9.18106512787455));
#10634=CARTESIAN_POINT('Ctrl Pts',(-0.33901054698643,-7.04258814439665,
9.08610253172425));
#10635=CARTESIAN_POINT('Ctrl Pts',(-0.339172061838939,-7.04594344489918,
9.08610253172425));
#10636=CARTESIAN_POINT('Ctrl Pts',(-0.339333576698501,-7.04929874841547,
9.08610253172425));
#10637=CARTESIAN_POINT('Ctrl Pts',(-0.339495091551016,-7.05265404892079,
9.08610253172425));
#10638=CARTESIAN_POINT('Ctrl Pts',(-0.477651292957159,-7.03413329779065,
9.05955671938857));
#10639=CARTESIAN_POINT('Ctrl Pts',(-0.477878861470692,-7.03748459489969,
9.05955671938857));
#10640=CARTESIAN_POINT('Ctrl Pts',(-0.478106426939512,-7.04083582139588,
9.05955671938857));
#10641=CARTESIAN_POINT('Ctrl Pts',(-0.478333995450211,-7.0441871184392,
9.05955671938857));
#10642=CARTESIAN_POINT('Ctrl Pts',(-0.549914856647027,-7.02847932864433,
9.04570242622868));
#10643=CARTESIAN_POINT('Ctrl Pts',(-0.550176852679473,-7.03182790829438,
9.04570242622868));
#10644=CARTESIAN_POINT('Ctrl Pts',(-0.550438848711919,-7.03517648794444,
9.04570242622868));
#10645=CARTESIAN_POINT('Ctrl Pts',(-0.550700844744364,-7.03852506759449,
9.04570242622868));
#10646=CARTESIAN_POINT('Origin',(0.,0.,0.));
#10647=CARTESIAN_POINT('Origin',(0.,0.,0.));
#10648=CARTESIAN_POINT('',(-7.,-8.57252759403147E-16,0.));
#10649=CARTESIAN_POINT('Origin',(0.,0.,0.));
#10650=CARTESIAN_POINT('',(-7.,-8.57252759403147E-16,35.4));
#10651=CARTESIAN_POINT('',(-7.,-8.57252759403147E-16,0.));
#10652=CARTESIAN_POINT('Origin',(0.,0.,35.4));
#10653=CARTESIAN_POINT('Origin',(0.,0.,0.));
#10654=CARTESIAN_POINT('Origin',(0.,0.,35.4));
#10655=CARTESIAN_POINT('Origin',(0.,0.,0.));
#10656=CARTESIAN_POINT('Origin',(0.,0.,35.4));
#10657=CARTESIAN_POINT('',(-7.,-8.57252759403147E-16,35.4));
#10658=CARTESIAN_POINT('Origin',(0.,0.,35.4));
#10659=CARTESIAN_POINT('',(-7.,-8.57252759403147E-16,38.9));
#10660=CARTESIAN_POINT('',(-7.,-8.57252759403147E-16,35.4));
#10661=CARTESIAN_POINT('Origin',(0.,0.,38.9));
#10662=CARTESIAN_POINT('Origin',(0.,0.,35.4));
#10663=CARTESIAN_POINT('',(-7.05,-8.63375993398884E-16,38.9));
#10664=CARTESIAN_POINT('Origin',(0.,0.,38.9));
#10665=CARTESIAN_POINT('',(-7.05,-8.63375993398884E-16,35.4));
#10666=CARTESIAN_POINT('',(-7.05,-8.63375993398884E-16,35.4));
#10667=CARTESIAN_POINT('Origin',(0.,0.,35.4));
#10668=CARTESIAN_POINT('Origin',(0.,0.,38.9));
#10669=CARTESIAN_POINT('Origin',(0.,0.,35.4));
#10670=CARTESIAN_POINT('Origin',(0.,0.,38.9));
#10671=CARTESIAN_POINT('',(-7.,-8.57252759403147E-16,38.9));
#10672=CARTESIAN_POINT('Origin',(0.,0.,38.9));
#10673=CARTESIAN_POINT('',(-7.,-8.57252759403147E-16,47.91));
#10674=CARTESIAN_POINT('',(-7.,-8.57252759403147E-16,38.9));
#10675=CARTESIAN_POINT('Origin',(0.,0.,47.91));
#10676=CARTESIAN_POINT('Origin',(0.,0.,38.9));
#10677=CARTESIAN_POINT('',(-7.05,-8.63375993398884E-16,47.91));
#10678=CARTESIAN_POINT('Origin',(0.,0.,47.91));
#10679=CARTESIAN_POINT('',(-7.05,-8.63375993398884E-16,38.9));
#10680=CARTESIAN_POINT('',(-7.05,-8.63375993398884E-16,38.9));
#10681=CARTESIAN_POINT('Origin',(0.,0.,38.9));
#10682=CARTESIAN_POINT('Origin',(0.,0.,47.91));
#10683=CARTESIAN_POINT('Origin',(0.,0.,38.9));
#10684=CARTESIAN_POINT('Origin',(0.,0.,0.));
#10685=CARTESIAN_POINT('',(-4.9,-6.00076931582203E-16,0.));
#10686=CARTESIAN_POINT('Origin',(0.,0.,0.));
#10687=CARTESIAN_POINT('',(-4.9,-6.00076931582203E-16,0.1));
#10688=CARTESIAN_POINT('',(-4.9,-6.00076931582203E-16,0.));
#10689=CARTESIAN_POINT('Origin',(0.,0.,0.1));
#10690=CARTESIAN_POINT('Origin',(0.,0.,0.));
#10691=CARTESIAN_POINT('',(-7.,-8.57252759403147E-16,0.1));
#10692=CARTESIAN_POINT('Origin',(0.,0.,0.1));
#10693=CARTESIAN_POINT('',(-7.,-8.57252759403147E-16,0.));
#10694=CARTESIAN_POINT('',(-7.,-8.57252759403147E-16,0.));
#10695=CARTESIAN_POINT('Origin',(0.,0.,0.));
#10696=CARTESIAN_POINT('Origin',(0.,0.,0.1));
#10697=CARTESIAN_POINT('Origin',(0.,0.,0.));
#10698=CARTESIAN_POINT('Origin',(0.,0.,47.8));
#10699=CARTESIAN_POINT('',(-4.9,-6.00076931582203E-16,47.8));
#10700=CARTESIAN_POINT('Origin',(0.,0.,47.8));
#10701=CARTESIAN_POINT('',(-4.9,-6.00076931582203E-16,47.91));
#10702=CARTESIAN_POINT('',(-4.9,-6.00076931582203E-16,47.8));
#10703=CARTESIAN_POINT('Origin',(0.,0.,47.91));
#10704=CARTESIAN_POINT('Origin',(0.,0.,47.8));
#10705=CARTESIAN_POINT('',(-7.,-8.57252759403147E-16,47.91));
#10706=CARTESIAN_POINT('Origin',(0.,0.,47.91));
#10707=CARTESIAN_POINT('',(-7.,-8.57252759403147E-16,47.8));
#10708=CARTESIAN_POINT('',(-7.,-8.57252759403147E-16,47.8));
#10709=CARTESIAN_POINT('Origin',(0.,0.,47.8));
#10710=CARTESIAN_POINT('Origin',(0.,0.,47.91));
#10711=CARTESIAN_POINT('Origin',(0.,0.,47.8));
#10712=UNCERTAINTY_MEASURE_WITH_UNIT(LENGTH_MEASURE(0.01),#10716,
'DISTANCE_ACCURACY_VALUE',
'Maximum model space distance between geometric entities at asserted c
onnectivities');
#10713=UNCERTAINTY_MEASURE_WITH_UNIT(LENGTH_MEASURE(0.01),#10716,
'DISTANCE_ACCURACY_VALUE',
'Maximum model space distance between geometric entities at asserted c
onnectivities');
#10714=(
GEOMETRIC_REPRESENTATION_CONTEXT(3)
GLOBAL_UNCERTAINTY_ASSIGNED_CONTEXT((#10712))
GLOBAL_UNIT_ASSIGNED_CONTEXT((#10716,#10718,#10719))
REPRESENTATION_CONTEXT('','3D')
);
#10715=(
GEOMETRIC_REPRESENTATION_CONTEXT(3)
GLOBAL_UNCERTAINTY_ASSIGNED_CONTEXT((#10713))
GLOBAL_UNIT_ASSIGNED_CONTEXT((#10716,#10718,#10719))
REPRESENTATION_CONTEXT('','3D')
);
#10716=(
LENGTH_UNIT()
NAMED_UNIT(*)
SI_UNIT(.MILLI.,.METRE.)
);
#10717=(
LENGTH_UNIT()
NAMED_UNIT(*)
SI_UNIT($,.METRE.)
);
#10718=(
NAMED_UNIT(*)
PLANE_ANGLE_UNIT()
SI_UNIT($,.RADIAN.)
);
#10719=(
NAMED_UNIT(*)
SI_UNIT($,.STERADIAN.)
SOLID_ANGLE_UNIT()
);
#10720=SHAPE_DEFINITION_REPRESENTATION(#10721,#10722);
#10721=PRODUCT_DEFINITION_SHAPE('',$,#10724);
#10722=SHAPE_REPRESENTATION('',(#4884),#10714);
#10723=PRODUCT_DEFINITION_CONTEXT('part definition',#10728,'design');
#10724=PRODUCT_DEFINITION('AA battery','AA battery v1',#10725,#10723);
#10725=PRODUCT_DEFINITION_FORMATION('',$,#10730);
#10726=PRODUCT_RELATED_PRODUCT_CATEGORY('AA battery v1','AA battery v1',
(#10730));
#10727=APPLICATION_PROTOCOL_DEFINITION('international standard',
'automotive_design',2009,#10728);
#10728=APPLICATION_CONTEXT(
'Core Data for Automotive Mechanical Design Process');
#10729=PRODUCT_CONTEXT('part definition',#10728,'mechanical');
#10730=PRODUCT('AA battery','AA battery v1',$,(#10729));
#10731=PRESENTATION_STYLE_ASSIGNMENT((#10735));
#10732=PRESENTATION_STYLE_ASSIGNMENT((#10736));
#10733=PRESENTATION_STYLE_ASSIGNMENT((#10737));
#10734=PRESENTATION_STYLE_ASSIGNMENT((#10738));
#10735=SURFACE_STYLE_USAGE(.BOTH.,#10739);
#10736=SURFACE_STYLE_USAGE(.BOTH.,#10740);
#10737=SURFACE_STYLE_USAGE(.BOTH.,#10741);
#10738=SURFACE_STYLE_USAGE(.BOTH.,#10742);
#10739=SURFACE_SIDE_STYLE('',(#10743));
#10740=SURFACE_SIDE_STYLE('',(#10744));
#10741=SURFACE_SIDE_STYLE('',(#10745));
#10742=SURFACE_SIDE_STYLE('',(#10746));
#10743=SURFACE_STYLE_FILL_AREA(#10747);
#10744=SURFACE_STYLE_FILL_AREA(#10748);
#10745=SURFACE_STYLE_FILL_AREA(#10749);
#10746=SURFACE_STYLE_FILL_AREA(#10750);
#10747=FILL_AREA_STYLE('Plate',(#10751));
#10748=FILL_AREA_STYLE('Opaque(251,250,245)',(#10752));
#10749=FILL_AREA_STYLE('Opaque(132,105,75)',(#10753));
#10750=FILL_AREA_STYLE('Opaque(25,25,25)',(#10754));
#10751=FILL_AREA_STYLE_COLOUR('Plate',#10755);
#10752=FILL_AREA_STYLE_COLOUR('Opaque(251,250,245)',#10756);
#10753=FILL_AREA_STYLE_COLOUR('Opaque(132,105,75)',#10757);
#10754=FILL_AREA_STYLE_COLOUR('Opaque(25,25,25)',#10758);
#10755=COLOUR_RGB('Plate',0.6,0.6,0.6);
#10756=COLOUR_RGB('Opaque(251,250,245)',0.984313725490196,0.980392156862745,
0.96078431372549);
#10757=COLOUR_RGB('Opaque(132,105,75)',0.517647058823529,0.411764705882353,
0.294117647058824);
#10758=COLOUR_RGB('Opaque(25,25,25)',0.0980392156862745,0.0980392156862745,
0.0980392156862745);
ENDSEC;
END-ISO-10303-21;
