ISO-10303-21;
HEADER;
/* Generated by software containing ST-Developer
 * from STEP Tools, Inc. (www.steptools.com) 
 */

FILE_DESCRIPTION(
/* description */ (''),
/* implementation_level */ '2;1');

FILE_NAME(
/* name */ 'battery holder v2.step',
/* time_stamp */ '2026-06-14T21:27:28-04:00',
/* author */ (''),
/* organization */ (''),
/* preprocessor_version */ 'ST-DEVELOPER v20.1',
/* originating_system */ 'Autodesk Translation Framework v15.8.0.0',
/* authorisation */ '');

FILE_SCHEMA (('AUTOMOTIVE_DESIGN { 1 0 10303 214 3 1 1 }'));
ENDSEC;

DATA;
#10=MECHANICAL_DESIGN_GEOMETRIC_PRESENTATION_REPRESENTATION('',(#17,#18,
#19),#4753);
#11=SHAPE_REPRESENTATION_RELATIONSHIP('SRR','None',#4760,#12);
#12=ADVANCED_BREP_SHAPE_REPRESENTATION('',(#20,#21,#22),#4752);
#13=B_SPLINE_CURVE_WITH_KNOTS('',3,(#4098,#4099,#4100,#4101,#4102,#4103,
#4104,#4105,#4106,#4107,#4108,#4109,#4110,#4111,#4112,#4113,#4114,#4115,
#4116,#4117,#4118,#4119,#4120,#4121,#4122,#4123,#4124,#4125,#4126,#4127,
#4128,#4129,#4130,#4131,#4132,#4133,#4134,#4135,#4136,#4137,#4138,#4139,
#4140,#4141,#4142,#4143,#4144,#4145,#4146,#4147,#4148,#4149,#4150,#4151,
#4152),.UNSPECIFIED.,.F.,.F.,(4,1,1,1,1,1,1,1,1,1,1,1,1,1,1,1,1,1,1,1,1,
1,1,1,1,1,1,1,1,1,1,1,1,1,1,1,1,1,1,1,1,1,1,1,1,1,1,1,1,1,1,1,4),(-6.41447080093541E-16,
0.483321946706121,0.966643893412243,1.44996584011837,1.93328778682449,2.41660973353061,
2.89993168023673,3.38325362694285,3.86657557364898,4.3498975203551,4.83321946706122,
5.31654141376734,5.79986336047346,6.28318530717958,6.76650725388571,7.24982920059183,
7.73315114729795,8.21647309400407,8.6997950407102,9.18311698741632,9.66643893412244,
10.1497608808286,10.6330828275347,11.1164047742408,11.5997267209469,12.083048667653,
12.5663706143592,13.0496925610653,13.5330145077714,14.0163364544775,14.4996584011837,
14.9829803478898,15.4663022945959,15.949624241302,16.4329461880081,16.9162681347143,
17.3995900814204,17.8829120281265,18.3662339748326,18.8495559215388,19.3328778682449,
19.816199814951,20.2995217616571,20.7828437083632,21.2661656550694,21.7494876017755,
22.2328095484816,22.7161314951877,23.1994534418939,23.6827753886,24.1660973353061,
24.6494192820122,25.1327412287183),.UNSPECIFIED.);
#14=B_SPLINE_CURVE_WITH_KNOTS('',3,(#4698,#4699,#4700,#4701,#4702,#4703,
#4704,#4705,#4706,#4707,#4708,#4709,#4710,#4711,#4712,#4713,#4714,#4715,
#4716,#4717,#4718,#4719,#4720,#4721,#4722,#4723,#4724,#4725,#4726,#4727,
#4728,#4729,#4730,#4731,#4732,#4733,#4734,#4735,#4736,#4737,#4738,#4739,
#4740,#4741,#4742,#4743,#4744,#4745,#4746),.UNSPECIFIED.,.F.,.F.,(4,1,1,
1,1,1,1,1,1,1,1,1,1,1,1,1,1,1,1,1,1,1,1,1,1,1,1,1,1,1,1,1,1,1,1,1,1,1,1,
1,1,1,1,1,1,1,4),(-6.01356637587692E-17,0.483321946706122,0.966643893412244,
1.44996584011837,1.93328778682449,2.41660973353061,2.89993168023673,3.38325362694285,
3.86657557364898,4.3498975203551,4.83321946706122,5.79986336047346,6.28318530717959,
6.76650725388571,7.24982920059183,7.73315114729795,8.21647309400407,8.6997950407102,
9.18311698741632,9.66643893412244,10.1497608808286,10.6330828275347,11.5997267209469,
12.5663706143592,13.5330145077714,14.4996584011837,14.9829803478898,15.4663022945959,
15.949624241302,16.4329461880081,16.9162681347143,17.3995900814204,17.8829120281265,
18.3662339748326,18.8495559215388,19.3328778682449,20.2995217616571,20.7828437083632,
21.2661656550694,21.7494876017755,22.2328095484816,22.7161314951877,23.1994534418939,
23.6827753886,24.1660973353061,24.6494192820122,25.1327412287183),
 .UNSPECIFIED.);
#15=B_SPLINE_SURFACE_WITH_KNOTS('',3,3,((#3490,#3491,#3492,#3493,#3494,
#3495,#3496,#3497,#3498,#3499,#3500,#3501,#3502,#3503,#3504,#3505,#3506,
#3507,#3508,#3509,#3510,#3511,#3512,#3513,#3514,#3515,#3516,#3517,#3518,
#3519,#3520,#3521,#3522,#3523,#3524,#3525,#3526,#3527,#3528,#3529,#3530,
#3531,#3532,#3533,#3534,#3535,#3536,#3537,#3538,#3539,#3540,#3541,#3542,
#3543,#3544),(#3545,#3546,#3547,#3548,#3549,#3550,#3551,#3552,#3553,#3554,
#3555,#3556,#3557,#3558,#3559,#3560,#3561,#3562,#3563,#3564,#3565,#3566,
#3567,#3568,#3569,#3570,#3571,#3572,#3573,#3574,#3575,#3576,#3577,#3578,
#3579,#3580,#3581,#3582,#3583,#3584,#3585,#3586,#3587,#3588,#3589,#3590,
#3591,#3592,#3593,#3594,#3595,#3596,#3597,#3598,#3599),(#3600,#3601,#3602,
#3603,#3604,#3605,#3606,#3607,#3608,#3609,#3610,#3611,#3612,#3613,#3614,
#3615,#3616,#3617,#3618,#3619,#3620,#3621,#3622,#3623,#3624,#3625,#3626,
#3627,#3628,#3629,#3630,#3631,#3632,#3633,#3634,#3635,#3636,#3637,#3638,
#3639,#3640,#3641,#3642,#3643,#3644,#3645,#3646,#3647,#3648,#3649,#3650,
#3651,#3652,#3653,#3654),(#3655,#3656,#3657,#3658,#3659,#3660,#3661,#3662,
#3663,#3664,#3665,#3666,#3667,#3668,#3669,#3670,#3671,#3672,#3673,#3674,
#3675,#3676,#3677,#3678,#3679,#3680,#3681,#3682,#3683,#3684,#3685,#3686,
#3687,#3688,#3689,#3690,#3691,#3692,#3693,#3694,#3695,#3696,#3697,#3698,
#3699,#3700,#3701,#3702,#3703,#3704,#3705,#3706,#3707,#3708,#3709),(#3710,
#3711,#3712,#3713,#3714,#3715,#3716,#3717,#3718,#3719,#3720,#3721,#3722,
#3723,#3724,#3725,#3726,#3727,#3728,#3729,#3730,#3731,#3732,#3733,#3734,
#3735,#3736,#3737,#3738,#3739,#3740,#3741,#3742,#3743,#3744,#3745,#3746,
#3747,#3748,#3749,#3750,#3751,#3752,#3753,#3754,#3755,#3756,#3757,#3758,
#3759,#3760,#3761,#3762,#3763,#3764),(#3765,#3766,#3767,#3768,#3769,#3770,
#3771,#3772,#3773,#3774,#3775,#3776,#3777,#3778,#3779,#3780,#3781,#3782,
#3783,#3784,#3785,#3786,#3787,#3788,#3789,#3790,#3791,#3792,#3793,#3794,
#3795,#3796,#3797,#3798,#3799,#3800,#3801,#3802,#3803,#3804,#3805,#3806,
#3807,#3808,#3809,#3810,#3811,#3812,#3813,#3814,#3815,#3816,#3817,#3818,
#3819),(#3820,#3821,#3822,#3823,#3824,#3825,#3826,#3827,#3828,#3829,#3830,
#3831,#3832,#3833,#3834,#3835,#3836,#3837,#3838,#3839,#3840,#3841,#3842,
#3843,#3844,#3845,#3846,#3847,#3848,#3849,#3850,#3851,#3852,#3853,#3854,
#3855,#3856,#3857,#3858,#3859,#3860,#3861,#3862,#3863,#3864,#3865,#3866,
#3867,#3868,#3869,#3870,#3871,#3872,#3873,#3874),(#3875,#3876,#3877,#3878,
#3879,#3880,#3881,#3882,#3883,#3884,#3885,#3886,#3887,#3888,#3889,#3890,
#3891,#3892,#3893,#3894,#3895,#3896,#3897,#3898,#3899,#3900,#3901,#3902,
#3903,#3904,#3905,#3906,#3907,#3908,#3909,#3910,#3911,#3912,#3913,#3914,
#3915,#3916,#3917,#3918,#3919,#3920,#3921,#3922,#3923,#3924,#3925,#3926,
#3927,#3928,#3929),(#3930,#3931,#3932,#3933,#3934,#3935,#3936,#3937,#3938,
#3939,#3940,#3941,#3942,#3943,#3944,#3945,#3946,#3947,#3948,#3949,#3950,
#3951,#3952,#3953,#3954,#3955,#3956,#3957,#3958,#3959,#3960,#3961,#3962,
#3963,#3964,#3965,#3966,#3967,#3968,#3969,#3970,#3971,#3972,#3973,#3974,
#3975,#3976,#3977,#3978,#3979,#3980,#3981,#3982,#3983,#3984),(#3985,#3986,
#3987,#3988,#3989,#3990,#3991,#3992,#3993,#3994,#3995,#3996,#3997,#3998,
#3999,#4000,#4001,#4002,#4003,#4004,#4005,#4006,#4007,#4008,#4009,#4010,
#4011,#4012,#4013,#4014,#4015,#4016,#4017,#4018,#4019,#4020,#4021,#4022,
#4023,#4024,#4025,#4026,#4027,#4028,#4029,#4030,#4031,#4032,#4033,#4034,
#4035,#4036,#4037,#4038,#4039),(#4040,#4041,#4042,#4043,#4044,#4045,#4046,
#4047,#4048,#4049,#4050,#4051,#4052,#4053,#4054,#4055,#4056,#4057,#4058,
#4059,#4060,#4061,#4062,#4063,#4064,#4065,#4066,#4067,#4068,#4069,#4070,
#4071,#4072,#4073,#4074,#4075,#4076,#4077,#4078,#4079,#4080,#4081,#4082,
#4083,#4084,#4085,#4086,#4087,#4088,#4089,#4090,#4091,#4092,#4093,#4094)),
 .UNSPECIFIED.,.T.,.F.,.F.,(4,1,1,1,1,1,1,1,4),(4,1,1,1,1,1,1,1,1,1,1,1,
1,1,1,1,1,1,1,1,1,1,1,1,1,1,1,1,1,1,1,1,1,1,1,1,1,1,1,1,1,1,1,1,1,1,1,1,
1,1,1,1,4),(-3.14159265358979,-2.46839422782055,-2.24399475256414,-1.34639685153848,
-0.448798950512828,0.448798950512828,1.34639685153848,2.24399475256414,
3.14159265358979),(-6.41447080093541E-16,0.483321946706121,0.966643893412243,
1.44996584011837,1.93328778682449,2.41660973353061,2.89993168023673,3.38325362694285,
3.86657557364898,4.3498975203551,4.83321946706122,5.31654141376734,5.79986336047346,
6.28318530717958,6.76650725388571,7.24982920059183,7.73315114729795,8.21647309400407,
8.6997950407102,9.18311698741632,9.66643893412244,10.1497608808286,10.6330828275347,
11.1164047742408,11.5997267209469,12.083048667653,12.5663706143592,13.0496925610653,
13.5330145077714,14.0163364544775,14.4996584011837,14.9829803478898,15.4663022945959,
15.949624241302,16.4329461880081,16.9162681347143,17.3995900814204,17.8829120281265,
18.3662339748326,18.8495559215388,19.3328778682449,19.816199814951,20.2995217616571,
20.7828437083632,21.2661656550694,21.7494876017755,22.2328095484816,22.7161314951877,
23.1994534418939,23.6827753886,24.1660973353061,24.6494192820122,25.1327412287183),
 .UNSPECIFIED.);
#16=B_SPLINE_SURFACE_WITH_KNOTS('',3,3,((#4156,#4157,#4158,#4159,#4160,
#4161,#4162,#4163,#4164,#4165,#4166,#4167,#4168,#4169,#4170,#4171,#4172,
#4173,#4174,#4175,#4176,#4177,#4178,#4179,#4180,#4181,#4182,#4183,#4184,
#4185,#4186,#4187,#4188,#4189,#4190,#4191,#4192,#4193,#4194,#4195,#4196,
#4197,#4198,#4199,#4200,#4201,#4202,#4203,#4204),(#4205,#4206,#4207,#4208,
#4209,#4210,#4211,#4212,#4213,#4214,#4215,#4216,#4217,#4218,#4219,#4220,
#4221,#4222,#4223,#4224,#4225,#4226,#4227,#4228,#4229,#4230,#4231,#4232,
#4233,#4234,#4235,#4236,#4237,#4238,#4239,#4240,#4241,#4242,#4243,#4244,
#4245,#4246,#4247,#4248,#4249,#4250,#4251,#4252,#4253),(#4254,#4255,#4256,
#4257,#4258,#4259,#4260,#4261,#4262,#4263,#4264,#4265,#4266,#4267,#4268,
#4269,#4270,#4271,#4272,#4273,#4274,#4275,#4276,#4277,#4278,#4279,#4280,
#4281,#4282,#4283,#4284,#4285,#4286,#4287,#4288,#4289,#4290,#4291,#4292,
#4293,#4294,#4295,#4296,#4297,#4298,#4299,#4300,#4301,#4302),(#4303,#4304,
#4305,#4306,#4307,#4308,#4309,#4310,#4311,#4312,#4313,#4314,#4315,#4316,
#4317,#4318,#4319,#4320,#4321,#4322,#4323,#4324,#4325,#4326,#4327,#4328,
#4329,#4330,#4331,#4332,#4333,#4334,#4335,#4336,#4337,#4338,#4339,#4340,
#4341,#4342,#4343,#4344,#4345,#4346,#4347,#4348,#4349,#4350,#4351),(#4352,
#4353,#4354,#4355,#4356,#4357,#4358,#4359,#4360,#4361,#4362,#4363,#4364,
#4365,#4366,#4367,#4368,#4369,#4370,#4371,#4372,#4373,#4374,#4375,#4376,
#4377,#4378,#4379,#4380,#4381,#4382,#4383,#4384,#4385,#4386,#4387,#4388,
#4389,#4390,#4391,#4392,#4393,#4394,#4395,#4396,#4397,#4398,#4399,#4400),
(#4401,#4402,#4403,#4404,#4405,#4406,#4407,#4408,#4409,#4410,#4411,#4412,
#4413,#4414,#4415,#4416,#4417,#4418,#4419,#4420,#4421,#4422,#4423,#4424,
#4425,#4426,#4427,#4428,#4429,#4430,#4431,#4432,#4433,#4434,#4435,#4436,
#4437,#4438,#4439,#4440,#4441,#4442,#4443,#4444,#4445,#4446,#4447,#4448,
#4449),(#4450,#4451,#4452,#4453,#4454,#4455,#4456,#4457,#4458,#4459,#4460,
#4461,#4462,#4463,#4464,#4465,#4466,#4467,#4468,#4469,#4470,#4471,#4472,
#4473,#4474,#4475,#4476,#4477,#4478,#4479,#4480,#4481,#4482,#4483,#4484,
#4485,#4486,#4487,#4488,#4489,#4490,#4491,#4492,#4493,#4494,#4495,#4496,
#4497,#4498),(#4499,#4500,#4501,#4502,#4503,#4504,#4505,#4506,#4507,#4508,
#4509,#4510,#4511,#4512,#4513,#4514,#4515,#4516,#4517,#4518,#4519,#4520,
#4521,#4522,#4523,#4524,#4525,#4526,#4527,#4528,#4529,#4530,#4531,#4532,
#4533,#4534,#4535,#4536,#4537,#4538,#4539,#4540,#4541,#4542,#4543,#4544,
#4545,#4546,#4547),(#4548,#4549,#4550,#4551,#4552,#4553,#4554,#4555,#4556,
#4557,#4558,#4559,#4560,#4561,#4562,#4563,#4564,#4565,#4566,#4567,#4568,
#4569,#4570,#4571,#4572,#4573,#4574,#4575,#4576,#4577,#4578,#4579,#4580,
#4581,#4582,#4583,#4584,#4585,#4586,#4587,#4588,#4589,#4590,#4591,#4592,
#4593,#4594,#4595,#4596),(#4597,#4598,#4599,#4600,#4601,#4602,#4603,#4604,
#4605,#4606,#4607,#4608,#4609,#4610,#4611,#4612,#4613,#4614,#4615,#4616,
#4617,#4618,#4619,#4620,#4621,#4622,#4623,#4624,#4625,#4626,#4627,#4628,
#4629,#4630,#4631,#4632,#4633,#4634,#4635,#4636,#4637,#4638,#4639,#4640,
#4641,#4642,#4643,#4644,#4645),(#4646,#4647,#4648,#4649,#4650,#4651,#4652,
#4653,#4654,#4655,#4656,#4657,#4658,#4659,#4660,#4661,#4662,#4663,#4664,
#4665,#4666,#4667,#4668,#4669,#4670,#4671,#4672,#4673,#4674,#4675,#4676,
#4677,#4678,#4679,#4680,#4681,#4682,#4683,#4684,#4685,#4686,#4687,#4688,
#4689,#4690,#4691,#4692,#4693,#4694)),.UNSPECIFIED.,.T.,.F.,.F.,(4,1,1,
1,1,1,1,1,4),(4,1,1,1,1,1,1,1,1,1,1,1,1,1,1,1,1,1,1,1,1,1,1,1,1,1,1,1,1,
1,1,1,1,1,1,1,1,1,1,1,1,1,1,1,1,1,4),(-3.14159265358979,-2.46839422782055,
-2.24399475256414,-1.34639685153848,-0.448798950512828,0.448798950512828,
1.34639685153848,2.24399475256414,3.14159265358979),(-6.01356637587692E-17,
0.483321946706122,0.966643893412244,1.44996584011837,1.93328778682449,2.41660973353061,
2.89993168023673,3.38325362694285,3.86657557364898,4.3498975203551,4.83321946706122,
5.79986336047346,6.28318530717959,6.76650725388571,7.24982920059183,7.73315114729795,
8.21647309400407,8.6997950407102,9.18311698741632,9.66643893412244,10.1497608808286,
10.6330828275347,11.5997267209469,12.5663706143592,13.5330145077714,14.4996584011837,
14.9829803478898,15.4663022945959,15.949624241302,16.4329461880081,16.9162681347143,
17.3995900814204,17.8829120281265,18.3662339748326,18.8495559215388,19.3328778682449,
20.2995217616571,20.7828437083632,21.2661656550694,21.7494876017755,22.2328095484816,
22.7161314951877,23.1994534418939,23.6827753886,24.1660973353061,24.6494192820122,
25.1327412287183),.UNSPECIFIED.);
#17=STYLED_ITEM('',(#4770),#20);
#18=STYLED_ITEM('',(#4769),#21);
#19=STYLED_ITEM('',(#4769),#22);
#20=MANIFOLD_SOLID_BREP('Body1',#2159);
#21=MANIFOLD_SOLID_BREP('Body2',#2160);
#22=MANIFOLD_SOLID_BREP('Body3',#2161);
#23=FACE_BOUND('',#231,.T.);
#24=FACE_BOUND('',#234,.T.);
#25=FACE_BOUND('',#237,.T.);
#26=FACE_BOUND('',#240,.T.);
#27=FACE_BOUND('',#274,.T.);
#28=FACE_BOUND('',#275,.T.);
#29=FACE_BOUND('',#276,.T.);
#30=FACE_BOUND('',#278,.T.);
#31=FACE_BOUND('',#279,.T.);
#32=FACE_BOUND('',#282,.T.);
#33=FACE_BOUND('',#283,.T.);
#34=FACE_BOUND('',#285,.T.);
#35=FACE_BOUND('',#287,.T.);
#36=FACE_BOUND('',#288,.T.);
#37=FACE_BOUND('',#289,.T.);
#38=FACE_BOUND('',#290,.T.);
#39=FACE_BOUND('',#291,.T.);
#40=FACE_BOUND('',#292,.T.);
#41=FACE_BOUND('',#316,.T.);
#42=FACE_BOUND('',#317,.T.);
#43=FACE_BOUND('',#318,.T.);
#44=FACE_BOUND('',#336,.T.);
#45=CIRCLE('',#2180,4.);
#46=CIRCLE('',#2181,4.);
#47=CIRCLE('',#2183,1.5);
#48=CIRCLE('',#2185,4.);
#49=CIRCLE('',#2186,4.);
#50=CIRCLE('',#2188,1.5);
#51=CIRCLE('',#2190,4.);
#52=CIRCLE('',#2191,4.);
#53=CIRCLE('',#2193,1.5);
#54=CIRCLE('',#2195,4.);
#55=CIRCLE('',#2196,4.);
#56=CIRCLE('',#2198,1.5);
#57=CIRCLE('',#2200,1.5);
#58=CIRCLE('',#2202,1.5);
#59=CIRCLE('',#2204,1.5);
#60=CIRCLE('',#2206,1.5);
#61=CIRCLE('',#2218,1.5);
#62=CIRCLE('',#2219,1.5);
#63=CIRCLE('',#2234,1.5);
#64=CIRCLE('',#2235,1.5);
#65=CIRCLE('',#2240,4.);
#66=CIRCLE('',#2241,4.);
#67=CIRCLE('',#2243,4.);
#68=CIRCLE('',#2244,4.);
#69=CIRCLE('',#2246,2.);
#70=CIRCLE('',#2247,2.);
#71=CIRCLE('',#2249,4.);
#72=CIRCLE('',#2250,4.);
#73=CIRCLE('',#2254,2.);
#74=CIRCLE('',#2257,2.);
#75=CIRCLE('',#2260,2.);
#76=CIRCLE('',#2261,2.);
#77=CIRCLE('',#2264,2.);
#78=CIRCLE('',#2265,2.);
#79=CIRCLE('',#2268,2.);
#80=CIRCLE('',#2269,2.);
#81=CIRCLE('',#2272,2.);
#82=CIRCLE('',#2273,2.);
#83=CIRCLE('',#2276,2.);
#84=CIRCLE('',#2277,2.);
#85=CIRCLE('',#2280,2.);
#86=CIRCLE('',#2281,2.);
#87=CIRCLE('',#2284,2.);
#88=CIRCLE('',#2285,2.);
#89=CIRCLE('',#2288,2.);
#90=CIRCLE('',#2289,2.);
#91=CIRCLE('',#2292,4.);
#92=CIRCLE('',#2295,4.);
#93=CIRCLE('',#2321,0.375000000000001);
#94=CIRCLE('',#2322,0.375000000000001);
#95=CIRCLE('',#2325,0.375000000000001);
#96=CIRCLE('',#2326,0.375000000000001);
#97=CYLINDRICAL_SURFACE('',#2179,4.);
#98=CYLINDRICAL_SURFACE('',#2184,4.);
#99=CYLINDRICAL_SURFACE('',#2189,4.);
#100=CYLINDRICAL_SURFACE('',#2194,4.);
#101=CYLINDRICAL_SURFACE('',#2199,1.5);
#102=CYLINDRICAL_SURFACE('',#2201,1.5);
#103=CYLINDRICAL_SURFACE('',#2203,1.5);
#104=CYLINDRICAL_SURFACE('',#2205,1.5);
#105=CYLINDRICAL_SURFACE('',#2217,1.5);
#106=CYLINDRICAL_SURFACE('',#2233,1.5);
#107=CYLINDRICAL_SURFACE('',#2253,2.);
#108=CYLINDRICAL_SURFACE('',#2256,2.);
#109=CYLINDRICAL_SURFACE('',#2259,2.);
#110=CYLINDRICAL_SURFACE('',#2263,2.);
#111=CYLINDRICAL_SURFACE('',#2267,2.);
#112=CYLINDRICAL_SURFACE('',#2271,2.);
#113=CYLINDRICAL_SURFACE('',#2275,2.);
#114=CYLINDRICAL_SURFACE('',#2279,2.);
#115=CYLINDRICAL_SURFACE('',#2283,2.);
#116=CYLINDRICAL_SURFACE('',#2287,2.);
#117=CYLINDRICAL_SURFACE('',#2291,4.);
#118=CYLINDRICAL_SURFACE('',#2296,4.);
#119=CYLINDRICAL_SURFACE('',#2298,4.);
#120=CYLINDRICAL_SURFACE('',#2299,4.);
#121=FACE_OUTER_BOUND('',#225,.T.);
#122=FACE_OUTER_BOUND('',#226,.T.);
#123=FACE_OUTER_BOUND('',#227,.T.);
#124=FACE_OUTER_BOUND('',#228,.T.);
#125=FACE_OUTER_BOUND('',#229,.T.);
#126=FACE_OUTER_BOUND('',#230,.T.);
#127=FACE_OUTER_BOUND('',#232,.T.);
#128=FACE_OUTER_BOUND('',#233,.T.);
#129=FACE_OUTER_BOUND('',#235,.T.);
#130=FACE_OUTER_BOUND('',#236,.T.);
#131=FACE_OUTER_BOUND('',#238,.T.);
#132=FACE_OUTER_BOUND('',#239,.T.);
#133=FACE_OUTER_BOUND('',#241,.T.);
#134=FACE_OUTER_BOUND('',#242,.T.);
#135=FACE_OUTER_BOUND('',#243,.T.);
#136=FACE_OUTER_BOUND('',#244,.T.);
#137=FACE_OUTER_BOUND('',#245,.T.);
#138=FACE_OUTER_BOUND('',#246,.T.);
#139=FACE_OUTER_BOUND('',#247,.T.);
#140=FACE_OUTER_BOUND('',#248,.T.);
#141=FACE_OUTER_BOUND('',#249,.T.);
#142=FACE_OUTER_BOUND('',#250,.T.);
#143=FACE_OUTER_BOUND('',#251,.T.);
#144=FACE_OUTER_BOUND('',#252,.T.);
#145=FACE_OUTER_BOUND('',#253,.T.);
#146=FACE_OUTER_BOUND('',#254,.T.);
#147=FACE_OUTER_BOUND('',#255,.T.);
#148=FACE_OUTER_BOUND('',#256,.T.);
#149=FACE_OUTER_BOUND('',#257,.T.);
#150=FACE_OUTER_BOUND('',#258,.T.);
#151=FACE_OUTER_BOUND('',#259,.T.);
#152=FACE_OUTER_BOUND('',#260,.T.);
#153=FACE_OUTER_BOUND('',#261,.T.);
#154=FACE_OUTER_BOUND('',#262,.T.);
#155=FACE_OUTER_BOUND('',#263,.T.);
#156=FACE_OUTER_BOUND('',#264,.T.);
#157=FACE_OUTER_BOUND('',#265,.T.);
#158=FACE_OUTER_BOUND('',#266,.T.);
#159=FACE_OUTER_BOUND('',#267,.T.);
#160=FACE_OUTER_BOUND('',#268,.T.);
#161=FACE_OUTER_BOUND('',#269,.T.);
#162=FACE_OUTER_BOUND('',#270,.T.);
#163=FACE_OUTER_BOUND('',#271,.T.);
#164=FACE_OUTER_BOUND('',#272,.T.);
#165=FACE_OUTER_BOUND('',#273,.T.);
#166=FACE_OUTER_BOUND('',#277,.T.);
#167=FACE_OUTER_BOUND('',#280,.T.);
#168=FACE_OUTER_BOUND('',#281,.T.);
#169=FACE_OUTER_BOUND('',#284,.T.);
#170=FACE_OUTER_BOUND('',#286,.T.);
#171=FACE_OUTER_BOUND('',#293,.T.);
#172=FACE_OUTER_BOUND('',#294,.T.);
#173=FACE_OUTER_BOUND('',#295,.T.);
#174=FACE_OUTER_BOUND('',#296,.T.);
#175=FACE_OUTER_BOUND('',#297,.T.);
#176=FACE_OUTER_BOUND('',#298,.T.);
#177=FACE_OUTER_BOUND('',#299,.T.);
#178=FACE_OUTER_BOUND('',#300,.T.);
#179=FACE_OUTER_BOUND('',#301,.T.);
#180=FACE_OUTER_BOUND('',#302,.T.);
#181=FACE_OUTER_BOUND('',#303,.T.);
#182=FACE_OUTER_BOUND('',#304,.T.);
#183=FACE_OUTER_BOUND('',#305,.T.);
#184=FACE_OUTER_BOUND('',#306,.T.);
#185=FACE_OUTER_BOUND('',#307,.T.);
#186=FACE_OUTER_BOUND('',#308,.T.);
#187=FACE_OUTER_BOUND('',#309,.T.);
#188=FACE_OUTER_BOUND('',#310,.T.);
#189=FACE_OUTER_BOUND('',#311,.T.);
#190=FACE_OUTER_BOUND('',#312,.T.);
#191=FACE_OUTER_BOUND('',#313,.T.);
#192=FACE_OUTER_BOUND('',#314,.T.);
#193=FACE_OUTER_BOUND('',#315,.T.);
#194=FACE_OUTER_BOUND('',#319,.T.);
#195=FACE_OUTER_BOUND('',#320,.T.);
#196=FACE_OUTER_BOUND('',#321,.T.);
#197=FACE_OUTER_BOUND('',#322,.T.);
#198=FACE_OUTER_BOUND('',#323,.T.);
#199=FACE_OUTER_BOUND('',#324,.T.);
#200=FACE_OUTER_BOUND('',#325,.T.);
#201=FACE_OUTER_BOUND('',#326,.T.);
#202=FACE_OUTER_BOUND('',#327,.T.);
#203=FACE_OUTER_BOUND('',#328,.T.);
#204=FACE_OUTER_BOUND('',#329,.T.);
#205=FACE_OUTER_BOUND('',#330,.T.);
#206=FACE_OUTER_BOUND('',#331,.T.);
#207=FACE_OUTER_BOUND('',#332,.T.);
#208=FACE_OUTER_BOUND('',#333,.T.);
#209=FACE_OUTER_BOUND('',#334,.T.);
#210=FACE_OUTER_BOUND('',#335,.T.);
#211=FACE_OUTER_BOUND('',#337,.T.);
#212=FACE_OUTER_BOUND('',#338,.T.);
#213=FACE_OUTER_BOUND('',#339,.T.);
#214=FACE_OUTER_BOUND('',#340,.T.);
#215=FACE_OUTER_BOUND('',#341,.T.);
#216=FACE_OUTER_BOUND('',#342,.T.);
#217=FACE_OUTER_BOUND('',#343,.T.);
#218=FACE_OUTER_BOUND('',#344,.T.);
#219=FACE_OUTER_BOUND('',#345,.T.);
#220=FACE_OUTER_BOUND('',#346,.T.);
#221=FACE_OUTER_BOUND('',#347,.T.);
#222=FACE_OUTER_BOUND('',#348,.T.);
#223=FACE_OUTER_BOUND('',#349,.T.);
#224=FACE_OUTER_BOUND('',#350,.T.);
#225=EDGE_LOOP('',(#1365,#1366,#1367,#1368));
#226=EDGE_LOOP('',(#1369,#1370,#1371,#1372));
#227=EDGE_LOOP('',(#1373,#1374,#1375,#1376));
#228=EDGE_LOOP('',(#1377,#1378,#1379,#1380));
#229=EDGE_LOOP('',(#1381,#1382,#1383,#1384));
#230=EDGE_LOOP('',(#1385));
#231=EDGE_LOOP('',(#1386));
#232=EDGE_LOOP('',(#1387,#1388,#1389,#1390));
#233=EDGE_LOOP('',(#1391));
#234=EDGE_LOOP('',(#1392));
#235=EDGE_LOOP('',(#1393,#1394,#1395,#1396));
#236=EDGE_LOOP('',(#1397));
#237=EDGE_LOOP('',(#1398));
#238=EDGE_LOOP('',(#1399,#1400,#1401,#1402));
#239=EDGE_LOOP('',(#1403));
#240=EDGE_LOOP('',(#1404));
#241=EDGE_LOOP('',(#1405,#1406,#1407,#1408));
#242=EDGE_LOOP('',(#1409,#1410,#1411,#1412));
#243=EDGE_LOOP('',(#1413,#1414,#1415,#1416));
#244=EDGE_LOOP('',(#1417,#1418,#1419,#1420));
#245=EDGE_LOOP('',(#1421,#1422,#1423,#1424,#1425,#1426));
#246=EDGE_LOOP('',(#1427,#1428,#1429,#1430));
#247=EDGE_LOOP('',(#1431,#1432,#1433,#1434));
#248=EDGE_LOOP('',(#1435,#1436,#1437,#1438,#1439,#1440));
#249=EDGE_LOOP('',(#1441,#1442,#1443,#1444));
#250=EDGE_LOOP('',(#1445,#1446,#1447,#1448,#1449,#1450));
#251=EDGE_LOOP('',(#1451,#1452,#1453,#1454));
#252=EDGE_LOOP('',(#1455,#1456,#1457,#1458));
#253=EDGE_LOOP('',(#1459,#1460,#1461,#1462,#1463,#1464));
#254=EDGE_LOOP('',(#1465,#1466,#1467,#1468));
#255=EDGE_LOOP('',(#1469,#1470,#1471,#1472));
#256=EDGE_LOOP('',(#1473,#1474,#1475,#1476));
#257=EDGE_LOOP('',(#1477,#1478,#1479,#1480,#1481,#1482));
#258=EDGE_LOOP('',(#1483,#1484,#1485,#1486));
#259=EDGE_LOOP('',(#1487,#1488,#1489,#1490,#1491,#1492));
#260=EDGE_LOOP('',(#1493,#1494,#1495,#1496));
#261=EDGE_LOOP('',(#1497,#1498,#1499,#1500));
#262=EDGE_LOOP('',(#1501,#1502,#1503,#1504));
#263=EDGE_LOOP('',(#1505,#1506,#1507,#1508,#1509,#1510));
#264=EDGE_LOOP('',(#1511,#1512,#1513,#1514,#1515,#1516));
#265=EDGE_LOOP('',(#1517,#1518,#1519,#1520));
#266=EDGE_LOOP('',(#1521,#1522,#1523,#1524));
#267=EDGE_LOOP('',(#1525,#1526,#1527,#1528,#1529,#1530));
#268=EDGE_LOOP('',(#1531,#1532,#1533,#1534));
#269=EDGE_LOOP('',(#1535,#1536,#1537,#1538));
#270=EDGE_LOOP('',(#1539,#1540,#1541,#1542));
#271=EDGE_LOOP('',(#1543,#1544,#1545,#1546));
#272=EDGE_LOOP('',(#1547,#1548,#1549,#1550,#1551,#1552));
#273=EDGE_LOOP('',(#1553,#1554,#1555,#1556,#1557,#1558,#1559,#1560,#1561,
#1562,#1563,#1564,#1565,#1566,#1567,#1568,#1569,#1570,#1571,#1572,#1573,
#1574));
#274=EDGE_LOOP('',(#1575,#1576,#1577,#1578));
#275=EDGE_LOOP('',(#1579));
#276=EDGE_LOOP('',(#1580));
#277=EDGE_LOOP('',(#1581,#1582,#1583,#1584,#1585,#1586,#1587,#1588,#1589,
#1590,#1591,#1592,#1593,#1594));
#278=EDGE_LOOP('',(#1595));
#279=EDGE_LOOP('',(#1596));
#280=EDGE_LOOP('',(#1597,#1598,#1599,#1600,#1601,#1602,#1603,#1604,#1605,
#1606,#1607,#1608,#1609,#1610,#1611,#1612));
#281=EDGE_LOOP('',(#1613,#1614,#1615,#1616,#1617,#1618,#1619,#1620,#1621,
#1622,#1623,#1624,#1625,#1626,#1627,#1628,#1629,#1630,#1631,#1632,#1633,
#1634,#1635,#1636,#1637,#1638));
#282=EDGE_LOOP('',(#1639));
#283=EDGE_LOOP('',(#1640));
#284=EDGE_LOOP('',(#1641,#1642,#1643,#1644,#1645,#1646,#1647,#1648,#1649,
#1650,#1651,#1652,#1653,#1654));
#285=EDGE_LOOP('',(#1655));
#286=EDGE_LOOP('',(#1656,#1657,#1658,#1659,#1660,#1661,#1662,#1663,#1664,
#1665,#1666,#1667));
#287=EDGE_LOOP('',(#1668));
#288=EDGE_LOOP('',(#1669,#1670,#1671,#1672));
#289=EDGE_LOOP('',(#1673,#1674,#1675,#1676));
#290=EDGE_LOOP('',(#1677));
#291=EDGE_LOOP('',(#1678,#1679,#1680,#1681));
#292=EDGE_LOOP('',(#1682,#1683,#1684,#1685));
#293=EDGE_LOOP('',(#1686,#1687,#1688,#1689));
#294=EDGE_LOOP('',(#1690,#1691,#1692,#1693));
#295=EDGE_LOOP('',(#1694,#1695,#1696,#1697));
#296=EDGE_LOOP('',(#1698,#1699,#1700,#1701));
#297=EDGE_LOOP('',(#1702,#1703,#1704,#1705));
#298=EDGE_LOOP('',(#1706,#1707,#1708,#1709));
#299=EDGE_LOOP('',(#1710,#1711,#1712,#1713));
#300=EDGE_LOOP('',(#1714,#1715,#1716,#1717));
#301=EDGE_LOOP('',(#1718,#1719,#1720,#1721));
#302=EDGE_LOOP('',(#1722,#1723,#1724,#1725));
#303=EDGE_LOOP('',(#1726,#1727,#1728,#1729));
#304=EDGE_LOOP('',(#1730,#1731,#1732,#1733));
#305=EDGE_LOOP('',(#1734,#1735,#1736,#1737));
#306=EDGE_LOOP('',(#1738,#1739,#1740,#1741));
#307=EDGE_LOOP('',(#1742,#1743,#1744,#1745));
#308=EDGE_LOOP('',(#1746,#1747,#1748,#1749));
#309=EDGE_LOOP('',(#1750,#1751,#1752,#1753));
#310=EDGE_LOOP('',(#1754,#1755,#1756,#1757));
#311=EDGE_LOOP('',(#1758,#1759,#1760,#1761));
#312=EDGE_LOOP('',(#1762,#1763,#1764,#1765));
#313=EDGE_LOOP('',(#1766,#1767,#1768,#1769));
#314=EDGE_LOOP('',(#1770,#1771,#1772,#1773,#1774,#1775,#1776,#1777,#1778,
#1779,#1780,#1781,#1782,#1783,#1784,#1785,#1786,#1787,#1788,#1789));
#315=EDGE_LOOP('',(#1790,#1791,#1792,#1793,#1794,#1795));
#316=EDGE_LOOP('',(#1796,#1797,#1798,#1799));
#317=EDGE_LOOP('',(#1800));
#318=EDGE_LOOP('',(#1801));
#319=EDGE_LOOP('',(#1802,#1803,#1804,#1805));
#320=EDGE_LOOP('',(#1806,#1807,#1808,#1809,#1810,#1811,#1812,#1813,#1814,
#1815,#1816,#1817,#1818,#1819,#1820,#1821,#1822,#1823,#1824,#1825));
#321=EDGE_LOOP('',(#1826,#1827,#1828,#1829));
#322=EDGE_LOOP('',(#1830,#1831,#1832,#1833));
#323=EDGE_LOOP('',(#1834,#1835,#1836,#1837));
#324=EDGE_LOOP('',(#1838,#1839,#1840,#1841));
#325=EDGE_LOOP('',(#1842,#1843,#1844,#1845));
#326=EDGE_LOOP('',(#1846,#1847,#1848,#1849));
#327=EDGE_LOOP('',(#1850,#1851,#1852,#1853));
#328=EDGE_LOOP('',(#1854,#1855,#1856,#1857,#1858,#1859,#1860,#1861,#1862,
#1863,#1864,#1865,#1866,#1867,#1868,#1869));
#329=EDGE_LOOP('',(#1870,#1871,#1872,#1873,#1874,#1875,#1876,#1877,#1878,
#1879,#1880,#1881,#1882,#1883,#1884,#1885));
#330=EDGE_LOOP('',(#1886,#1887,#1888,#1889));
#331=EDGE_LOOP('',(#1890,#1891,#1892,#1893));
#332=EDGE_LOOP('',(#1894,#1895,#1896,#1897));
#333=EDGE_LOOP('',(#1898,#1899,#1900,#1901));
#334=EDGE_LOOP('',(#1902,#1903,#1904,#1905));
#335=EDGE_LOOP('',(#1906,#1907,#1908,#1909,#1910,#1911,#1912,#1913,#1914,
#1915,#1916,#1917,#1918,#1919));
#336=EDGE_LOOP('',(#1920));
#337=EDGE_LOOP('',(#1921,#1922,#1923,#1924,#1925,#1926,#1927,#1928,#1929,
#1930,#1931,#1932,#1933,#1934,#1935,#1936));
#338=EDGE_LOOP('',(#1937,#1938,#1939,#1940));
#339=EDGE_LOOP('',(#1941,#1942,#1943,#1944));
#340=EDGE_LOOP('',(#1945,#1946,#1947,#1948));
#341=EDGE_LOOP('',(#1949,#1950,#1951,#1952));
#342=EDGE_LOOP('',(#1953,#1954,#1955,#1956));
#343=EDGE_LOOP('',(#1957,#1958,#1959,#1960));
#344=EDGE_LOOP('',(#1961,#1962,#1963,#1964));
#345=EDGE_LOOP('',(#1965,#1966,#1967,#1968));
#346=EDGE_LOOP('',(#1969));
#347=EDGE_LOOP('',(#1970));
#348=EDGE_LOOP('',(#1971,#1972,#1973,#1974));
#349=EDGE_LOOP('',(#1975));
#350=EDGE_LOOP('',(#1976));
#351=LINE('',#2895,#603);
#352=LINE('',#2897,#604);
#353=LINE('',#2899,#605);
#354=LINE('',#2900,#606);
#355=LINE('',#2903,#607);
#356=LINE('',#2905,#608);
#357=LINE('',#2906,#609);
#358=LINE('',#2909,#610);
#359=LINE('',#2911,#611);
#360=LINE('',#2912,#612);
#361=LINE('',#2914,#613);
#362=LINE('',#2915,#614);
#363=LINE('',#2920,#615);
#364=LINE('',#2929,#616);
#365=LINE('',#2938,#617);
#366=LINE('',#2947,#618);
#367=LINE('',#2955,#619);
#368=LINE('',#2958,#620);
#369=LINE('',#2963,#621);
#370=LINE('',#2966,#622);
#371=LINE('',#2971,#623);
#372=LINE('',#2973,#624);
#373=LINE('',#2975,#625);
#374=LINE('',#2977,#626);
#375=LINE('',#2979,#627);
#376=LINE('',#2980,#628);
#377=LINE('',#2983,#629);
#378=LINE('',#2985,#630);
#379=LINE('',#2986,#631);
#380=LINE('',#2989,#632);
#381=LINE('',#2990,#633);
#382=LINE('',#2994,#634);
#383=LINE('',#2995,#635);
#384=LINE('',#2997,#636);
#385=LINE('',#2998,#637);
#386=LINE('',#3000,#638);
#387=LINE('',#3001,#639);
#388=LINE('',#3005,#640);
#389=LINE('',#3007,#641);
#390=LINE('',#3009,#642);
#391=LINE('',#3011,#643);
#392=LINE('',#3013,#644);
#393=LINE('',#3014,#645);
#394=LINE('',#3017,#646);
#395=LINE('',#3019,#647);
#396=LINE('',#3020,#648);
#397=LINE('',#3023,#649);
#398=LINE('',#3024,#650);
#399=LINE('',#3028,#651);
#400=LINE('',#3029,#652);
#401=LINE('',#3031,#653);
#402=LINE('',#3032,#654);
#403=LINE('',#3034,#655);
#404=LINE('',#3035,#656);
#405=LINE('',#3040,#657);
#406=LINE('',#3045,#658);
#407=LINE('',#3047,#659);
#408=LINE('',#3049,#660);
#409=LINE('',#3050,#661);
#410=LINE('',#3053,#662);
#411=LINE('',#3055,#663);
#412=LINE('',#3057,#664);
#413=LINE('',#3059,#665);
#414=LINE('',#3060,#666);
#415=LINE('',#3063,#667);
#416=LINE('',#3065,#668);
#417=LINE('',#3066,#669);
#418=LINE('',#3070,#670);
#419=LINE('',#3072,#671);
#420=LINE('',#3074,#672);
#421=LINE('',#3076,#673);
#422=LINE('',#3078,#674);
#423=LINE('',#3079,#675);
#424=LINE('',#3082,#676);
#425=LINE('',#3084,#677);
#426=LINE('',#3085,#678);
#427=LINE('',#3088,#679);
#428=LINE('',#3090,#680);
#429=LINE('',#3091,#681);
#430=LINE('',#3094,#682);
#431=LINE('',#3095,#683);
#432=LINE('',#3098,#684);
#433=LINE('',#3099,#685);
#434=LINE('',#3100,#686);
#435=LINE('',#3104,#687);
#436=LINE('',#3106,#688);
#437=LINE('',#3108,#689);
#438=LINE('',#3110,#690);
#439=LINE('',#3112,#691);
#440=LINE('',#3113,#692);
#441=LINE('',#3116,#693);
#442=LINE('',#3118,#694);
#443=LINE('',#3119,#695);
#444=LINE('',#3122,#696);
#445=LINE('',#3123,#697);
#446=LINE('',#3127,#698);
#447=LINE('',#3128,#699);
#448=LINE('',#3130,#700);
#449=LINE('',#3131,#701);
#450=LINE('',#3133,#702);
#451=LINE('',#3134,#703);
#452=LINE('',#3139,#704);
#453=LINE('',#3144,#705);
#454=LINE('',#3146,#706);
#455=LINE('',#3148,#707);
#456=LINE('',#3149,#708);
#457=LINE('',#3153,#709);
#458=LINE('',#3155,#710);
#459=LINE('',#3157,#711);
#460=LINE('',#3158,#712);
#461=LINE('',#3161,#713);
#462=LINE('',#3162,#714);
#463=LINE('',#3164,#715);
#464=LINE('',#3165,#716);
#465=LINE('',#3168,#717);
#466=LINE('',#3170,#718);
#467=LINE('',#3172,#719);
#468=LINE('',#3174,#720);
#469=LINE('',#3175,#721);
#470=LINE('',#3177,#722);
#471=LINE('',#3179,#723);
#472=LINE('',#3181,#724);
#473=LINE('',#3183,#725);
#474=LINE('',#3187,#726);
#475=LINE('',#3191,#727);
#476=LINE('',#3193,#728);
#477=LINE('',#3195,#729);
#478=LINE('',#3196,#730);
#479=LINE('',#3199,#731);
#480=LINE('',#3201,#732);
#481=LINE('',#3203,#733);
#482=LINE('',#3207,#734);
#483=LINE('',#3211,#735);
#484=LINE('',#3212,#736);
#485=LINE('',#3214,#737);
#486=LINE('',#3215,#738);
#487=LINE('',#3217,#739);
#488=LINE('',#3219,#740);
#489=LINE('',#3221,#741);
#490=LINE('',#3223,#742);
#491=LINE('',#3227,#743);
#492=LINE('',#3231,#744);
#493=LINE('',#3233,#745);
#494=LINE('',#3235,#746);
#495=LINE('',#3236,#747);
#496=LINE('',#3237,#748);
#497=LINE('',#3240,#749);
#498=LINE('',#3242,#750);
#499=LINE('',#3244,#751);
#500=LINE('',#3246,#752);
#501=LINE('',#3250,#753);
#502=LINE('',#3254,#754);
#503=LINE('',#3256,#755);
#504=LINE('',#3258,#756);
#505=LINE('',#3259,#757);
#506=LINE('',#3260,#758);
#507=LINE('',#3262,#759);
#508=LINE('',#3263,#760);
#509=LINE('',#3264,#761);
#510=LINE('',#3266,#762);
#511=LINE('',#3267,#763);
#512=LINE('',#3269,#764);
#513=LINE('',#3271,#765);
#514=LINE('',#3273,#766);
#515=LINE('',#3274,#767);
#516=LINE('',#3277,#768);
#517=LINE('',#3280,#769);
#518=LINE('',#3283,#770);
#519=LINE('',#3284,#771);
#520=LINE('',#3287,#772);
#521=LINE('',#3291,#773);
#522=LINE('',#3292,#774);
#523=LINE('',#3298,#775);
#524=LINE('',#3301,#776);
#525=LINE('',#3303,#777);
#526=LINE('',#3304,#778);
#527=LINE('',#3310,#779);
#528=LINE('',#3313,#780);
#529=LINE('',#3316,#781);
#530=LINE('',#3318,#782);
#531=LINE('',#3319,#783);
#532=LINE('',#3325,#784);
#533=LINE('',#3328,#785);
#534=LINE('',#3330,#786);
#535=LINE('',#3331,#787);
#536=LINE('',#3337,#788);
#537=LINE('',#3340,#789);
#538=LINE('',#3343,#790);
#539=LINE('',#3345,#791);
#540=LINE('',#3346,#792);
#541=LINE('',#3352,#793);
#542=LINE('',#3355,#794);
#543=LINE('',#3357,#795);
#544=LINE('',#3358,#796);
#545=LINE('',#3364,#797);
#546=LINE('',#3367,#798);
#547=LINE('',#3370,#799);
#548=LINE('',#3372,#800);
#549=LINE('',#3373,#801);
#550=LINE('',#3379,#802);
#551=LINE('',#3382,#803);
#552=LINE('',#3384,#804);
#553=LINE('',#3385,#805);
#554=LINE('',#3391,#806);
#555=LINE('',#3394,#807);
#556=LINE('',#3397,#808);
#557=LINE('',#3399,#809);
#558=LINE('',#3400,#810);
#559=LINE('',#3405,#811);
#560=LINE('',#3406,#812);
#561=LINE('',#3408,#813);
#562=LINE('',#3409,#814);
#563=LINE('',#3411,#815);
#564=LINE('',#3412,#816);
#565=LINE('',#3414,#817);
#566=LINE('',#3415,#818);
#567=LINE('',#3416,#819);
#568=LINE('',#3419,#820);
#569=LINE('',#3422,#821);
#570=LINE('',#3424,#822);
#571=LINE('',#3425,#823);
#572=LINE('',#3428,#824);
#573=LINE('',#3429,#825);
#574=LINE('',#3431,#826);
#575=LINE('',#3432,#827);
#576=LINE('',#3433,#828);
#577=LINE('',#3434,#829);
#578=LINE('',#3436,#830);
#579=LINE('',#3438,#831);
#580=LINE('',#3440,#832);
#581=LINE('',#3443,#833);
#582=LINE('',#3444,#834);
#583=LINE('',#3447,#835);
#584=LINE('',#3448,#836);
#585=LINE('',#3451,#837);
#586=LINE('',#3452,#838);
#587=LINE('',#3454,#839);
#588=LINE('',#3457,#840);
#589=LINE('',#3459,#841);
#590=LINE('',#3460,#842);
#591=LINE('',#3462,#843);
#592=LINE('',#3463,#844);
#593=LINE('',#3464,#845);
#594=LINE('',#3466,#846);
#595=LINE('',#3469,#847);
#596=LINE('',#3474,#848);
#597=LINE('',#3476,#849);
#598=LINE('',#3477,#850);
#599=LINE('',#3479,#851);
#600=LINE('',#3480,#852);
#601=LINE('',#3483,#853);
#602=LINE('',#3486,#854);
#603=VECTOR('',#2333,10.);
#604=VECTOR('',#2334,10.);
#605=VECTOR('',#2335,10.);
#606=VECTOR('',#2336,10.);
#607=VECTOR('',#2339,10.);
#608=VECTOR('',#2340,10.);
#609=VECTOR('',#2341,10.);
#610=VECTOR('',#2344,10.);
#611=VECTOR('',#2345,10.);
#612=VECTOR('',#2346,10.);
#613=VECTOR('',#2349,10.);
#614=VECTOR('',#2350,10.);
#615=VECTOR('',#2355,4.);
#616=VECTOR('',#2366,4.);
#617=VECTOR('',#2377,4.);
#618=VECTOR('',#2388,4.);
#619=VECTOR('',#2399,1.5);
#620=VECTOR('',#2402,1.5);
#621=VECTOR('',#2409,1.5);
#622=VECTOR('',#2412,1.5);
#623=VECTOR('',#2417,10.);
#624=VECTOR('',#2418,10.);
#625=VECTOR('',#2419,10.);
#626=VECTOR('',#2420,10.);
#627=VECTOR('',#2421,10.);
#628=VECTOR('',#2422,10.);
#629=VECTOR('',#2425,10.);
#630=VECTOR('',#2426,10.);
#631=VECTOR('',#2427,10.);
#632=VECTOR('',#2430,10.);
#633=VECTOR('',#2431,10.);
#634=VECTOR('',#2434,10.);
#635=VECTOR('',#2435,10.);
#636=VECTOR('',#2436,10.);
#637=VECTOR('',#2437,10.);
#638=VECTOR('',#2440,10.);
#639=VECTOR('',#2441,10.);
#640=VECTOR('',#2444,10.);
#641=VECTOR('',#2445,10.);
#642=VECTOR('',#2446,10.);
#643=VECTOR('',#2447,10.);
#644=VECTOR('',#2448,10.);
#645=VECTOR('',#2449,10.);
#646=VECTOR('',#2452,10.);
#647=VECTOR('',#2453,10.);
#648=VECTOR('',#2454,10.);
#649=VECTOR('',#2457,10.);
#650=VECTOR('',#2458,10.);
#651=VECTOR('',#2461,10.);
#652=VECTOR('',#2462,10.);
#653=VECTOR('',#2463,10.);
#654=VECTOR('',#2464,10.);
#655=VECTOR('',#2467,10.);
#656=VECTOR('',#2468,10.);
#657=VECTOR('',#2473,1.5);
#658=VECTOR('',#2478,10.);
#659=VECTOR('',#2479,10.);
#660=VECTOR('',#2480,10.);
#661=VECTOR('',#2481,10.);
#662=VECTOR('',#2484,10.);
#663=VECTOR('',#2485,10.);
#664=VECTOR('',#2486,10.);
#665=VECTOR('',#2487,10.);
#666=VECTOR('',#2488,10.);
#667=VECTOR('',#2491,10.);
#668=VECTOR('',#2492,10.);
#669=VECTOR('',#2493,10.);
#670=VECTOR('',#2496,10.);
#671=VECTOR('',#2497,10.);
#672=VECTOR('',#2498,10.);
#673=VECTOR('',#2499,10.);
#674=VECTOR('',#2500,10.);
#675=VECTOR('',#2501,10.);
#676=VECTOR('',#2504,10.);
#677=VECTOR('',#2505,10.);
#678=VECTOR('',#2506,10.);
#679=VECTOR('',#2509,10.);
#680=VECTOR('',#2510,10.);
#681=VECTOR('',#2511,10.);
#682=VECTOR('',#2514,10.);
#683=VECTOR('',#2515,10.);
#684=VECTOR('',#2518,10.);
#685=VECTOR('',#2519,10.);
#686=VECTOR('',#2520,10.);
#687=VECTOR('',#2523,10.);
#688=VECTOR('',#2524,10.);
#689=VECTOR('',#2525,10.);
#690=VECTOR('',#2526,10.);
#691=VECTOR('',#2527,10.);
#692=VECTOR('',#2528,10.);
#693=VECTOR('',#2531,10.);
#694=VECTOR('',#2532,10.);
#695=VECTOR('',#2533,10.);
#696=VECTOR('',#2536,10.);
#697=VECTOR('',#2537,10.);
#698=VECTOR('',#2540,10.);
#699=VECTOR('',#2541,10.);
#700=VECTOR('',#2542,10.);
#701=VECTOR('',#2543,10.);
#702=VECTOR('',#2546,10.);
#703=VECTOR('',#2547,10.);
#704=VECTOR('',#2552,1.5);
#705=VECTOR('',#2557,10.);
#706=VECTOR('',#2558,10.);
#707=VECTOR('',#2559,10.);
#708=VECTOR('',#2560,10.);
#709=VECTOR('',#2563,10.);
#710=VECTOR('',#2564,10.);
#711=VECTOR('',#2565,10.);
#712=VECTOR('',#2566,10.);
#713=VECTOR('',#2569,10.);
#714=VECTOR('',#2570,10.);
#715=VECTOR('',#2571,10.);
#716=VECTOR('',#2572,10.);
#717=VECTOR('',#2575,10.);
#718=VECTOR('',#2576,10.);
#719=VECTOR('',#2577,10.);
#720=VECTOR('',#2578,10.);
#721=VECTOR('',#2579,10.);
#722=VECTOR('',#2580,10.);
#723=VECTOR('',#2581,10.);
#724=VECTOR('',#2582,10.);
#725=VECTOR('',#2583,10.);
#726=VECTOR('',#2586,10.);
#727=VECTOR('',#2589,10.);
#728=VECTOR('',#2590,10.);
#729=VECTOR('',#2591,10.);
#730=VECTOR('',#2592,10.);
#731=VECTOR('',#2595,10.);
#732=VECTOR('',#2596,10.);
#733=VECTOR('',#2597,10.);
#734=VECTOR('',#2600,10.);
#735=VECTOR('',#2603,10.);
#736=VECTOR('',#2604,10.);
#737=VECTOR('',#2605,10.);
#738=VECTOR('',#2606,10.);
#739=VECTOR('',#2609,10.);
#740=VECTOR('',#2610,10.);
#741=VECTOR('',#2611,10.);
#742=VECTOR('',#2612,10.);
#743=VECTOR('',#2615,10.);
#744=VECTOR('',#2618,10.);
#745=VECTOR('',#2619,10.);
#746=VECTOR('',#2620,10.);
#747=VECTOR('',#2621,10.);
#748=VECTOR('',#2622,10.);
#749=VECTOR('',#2625,10.);
#750=VECTOR('',#2626,10.);
#751=VECTOR('',#2627,10.);
#752=VECTOR('',#2628,10.);
#753=VECTOR('',#2631,10.);
#754=VECTOR('',#2634,10.);
#755=VECTOR('',#2635,10.);
#756=VECTOR('',#2636,10.);
#757=VECTOR('',#2637,10.);
#758=VECTOR('',#2638,10.);
#759=VECTOR('',#2639,10.);
#760=VECTOR('',#2640,10.);
#761=VECTOR('',#2641,10.);
#762=VECTOR('',#2644,10.);
#763=VECTOR('',#2645,10.);
#764=VECTOR('',#2648,10.);
#765=VECTOR('',#2649,10.);
#766=VECTOR('',#2650,10.);
#767=VECTOR('',#2651,10.);
#768=VECTOR('',#2654,10.);
#769=VECTOR('',#2657,10.);
#770=VECTOR('',#2660,10.);
#771=VECTOR('',#2661,10.);
#772=VECTOR('',#2664,10.);
#773=VECTOR('',#2669,10.);
#774=VECTOR('',#2670,10.);
#775=VECTOR('',#2675,10.);
#776=VECTOR('',#2678,10.);
#777=VECTOR('',#2681,10.);
#778=VECTOR('',#2682,10.);
#779=VECTOR('',#2687,10.);
#780=VECTOR('',#2690,10.);
#781=VECTOR('',#2693,10.);
#782=VECTOR('',#2694,10.);
#783=VECTOR('',#2695,10.);
#784=VECTOR('',#2700,10.);
#785=VECTOR('',#2703,10.);
#786=VECTOR('',#2706,10.);
#787=VECTOR('',#2707,10.);
#788=VECTOR('',#2712,10.);
#789=VECTOR('',#2715,10.);
#790=VECTOR('',#2718,10.);
#791=VECTOR('',#2719,10.);
#792=VECTOR('',#2720,10.);
#793=VECTOR('',#2725,10.);
#794=VECTOR('',#2728,10.);
#795=VECTOR('',#2731,10.);
#796=VECTOR('',#2732,10.);
#797=VECTOR('',#2737,10.);
#798=VECTOR('',#2740,10.);
#799=VECTOR('',#2743,10.);
#800=VECTOR('',#2744,10.);
#801=VECTOR('',#2745,10.);
#802=VECTOR('',#2750,10.);
#803=VECTOR('',#2753,10.);
#804=VECTOR('',#2756,10.);
#805=VECTOR('',#2757,10.);
#806=VECTOR('',#2762,10.);
#807=VECTOR('',#2765,10.);
#808=VECTOR('',#2768,10.);
#809=VECTOR('',#2769,10.);
#810=VECTOR('',#2770,10.);
#811=VECTOR('',#2775,10.);
#812=VECTOR('',#2776,10.);
#813=VECTOR('',#2779,10.);
#814=VECTOR('',#2780,10.);
#815=VECTOR('',#2781,10.);
#816=VECTOR('',#2782,10.);
#817=VECTOR('',#2783,10.);
#818=VECTOR('',#2784,10.);
#819=VECTOR('',#2785,10.);
#820=VECTOR('',#2788,10.);
#821=VECTOR('',#2791,10.);
#822=VECTOR('',#2794,10.);
#823=VECTOR('',#2795,10.);
#824=VECTOR('',#2798,10.);
#825=VECTOR('',#2799,10.);
#826=VECTOR('',#2800,10.);
#827=VECTOR('',#2801,10.);
#828=VECTOR('',#2802,10.);
#829=VECTOR('',#2803,10.);
#830=VECTOR('',#2806,10.);
#831=VECTOR('',#2809,10.);
#832=VECTOR('',#2812,10.);
#833=VECTOR('',#2815,10.);
#834=VECTOR('',#2816,10.);
#835=VECTOR('',#2819,10.);
#836=VECTOR('',#2820,10.);
#837=VECTOR('',#2823,10.);
#838=VECTOR('',#2824,10.);
#839=VECTOR('',#2827,10.);
#840=VECTOR('',#2832,10.);
#841=VECTOR('',#2833,10.);
#842=VECTOR('',#2834,10.);
#843=VECTOR('',#2835,10.);
#844=VECTOR('',#2836,10.);
#845=VECTOR('',#2837,10.);
#846=VECTOR('',#2840,10.);
#847=VECTOR('',#2845,10.);
#848=VECTOR('',#2854,10.);
#849=VECTOR('',#2855,10.);
#850=VECTOR('',#2856,10.);
#851=VECTOR('',#2857,10.);
#852=VECTOR('',#2858,10.);
#853=VECTOR('',#2863,10.);
#854=VECTOR('',#2868,10.);
#855=VERTEX_POINT('',#2893);
#856=VERTEX_POINT('',#2894);
#857=VERTEX_POINT('',#2896);
#858=VERTEX_POINT('',#2898);
#859=VERTEX_POINT('',#2902);
#860=VERTEX_POINT('',#2904);
#861=VERTEX_POINT('',#2908);
#862=VERTEX_POINT('',#2910);
#863=VERTEX_POINT('',#2917);
#864=VERTEX_POINT('',#2919);
#865=VERTEX_POINT('',#2923);
#866=VERTEX_POINT('',#2926);
#867=VERTEX_POINT('',#2928);
#868=VERTEX_POINT('',#2932);
#869=VERTEX_POINT('',#2935);
#870=VERTEX_POINT('',#2937);
#871=VERTEX_POINT('',#2941);
#872=VERTEX_POINT('',#2944);
#873=VERTEX_POINT('',#2946);
#874=VERTEX_POINT('',#2950);
#875=VERTEX_POINT('',#2953);
#876=VERTEX_POINT('',#2957);
#877=VERTEX_POINT('',#2961);
#878=VERTEX_POINT('',#2965);
#879=VERTEX_POINT('',#2969);
#880=VERTEX_POINT('',#2970);
#881=VERTEX_POINT('',#2972);
#882=VERTEX_POINT('',#2974);
#883=VERTEX_POINT('',#2976);
#884=VERTEX_POINT('',#2978);
#885=VERTEX_POINT('',#2982);
#886=VERTEX_POINT('',#2984);
#887=VERTEX_POINT('',#2988);
#888=VERTEX_POINT('',#2992);
#889=VERTEX_POINT('',#2993);
#890=VERTEX_POINT('',#2996);
#891=VERTEX_POINT('',#3003);
#892=VERTEX_POINT('',#3004);
#893=VERTEX_POINT('',#3006);
#894=VERTEX_POINT('',#3008);
#895=VERTEX_POINT('',#3010);
#896=VERTEX_POINT('',#3012);
#897=VERTEX_POINT('',#3016);
#898=VERTEX_POINT('',#3018);
#899=VERTEX_POINT('',#3022);
#900=VERTEX_POINT('',#3026);
#901=VERTEX_POINT('',#3027);
#902=VERTEX_POINT('',#3030);
#903=VERTEX_POINT('',#3037);
#904=VERTEX_POINT('',#3039);
#905=VERTEX_POINT('',#3043);
#906=VERTEX_POINT('',#3044);
#907=VERTEX_POINT('',#3046);
#908=VERTEX_POINT('',#3048);
#909=VERTEX_POINT('',#3052);
#910=VERTEX_POINT('',#3054);
#911=VERTEX_POINT('',#3056);
#912=VERTEX_POINT('',#3058);
#913=VERTEX_POINT('',#3062);
#914=VERTEX_POINT('',#3064);
#915=VERTEX_POINT('',#3068);
#916=VERTEX_POINT('',#3069);
#917=VERTEX_POINT('',#3071);
#918=VERTEX_POINT('',#3073);
#919=VERTEX_POINT('',#3075);
#920=VERTEX_POINT('',#3077);
#921=VERTEX_POINT('',#3081);
#922=VERTEX_POINT('',#3083);
#923=VERTEX_POINT('',#3087);
#924=VERTEX_POINT('',#3089);
#925=VERTEX_POINT('',#3093);
#926=VERTEX_POINT('',#3097);
#927=VERTEX_POINT('',#3102);
#928=VERTEX_POINT('',#3103);
#929=VERTEX_POINT('',#3105);
#930=VERTEX_POINT('',#3107);
#931=VERTEX_POINT('',#3109);
#932=VERTEX_POINT('',#3111);
#933=VERTEX_POINT('',#3115);
#934=VERTEX_POINT('',#3117);
#935=VERTEX_POINT('',#3121);
#936=VERTEX_POINT('',#3125);
#937=VERTEX_POINT('',#3126);
#938=VERTEX_POINT('',#3129);
#939=VERTEX_POINT('',#3136);
#940=VERTEX_POINT('',#3138);
#941=VERTEX_POINT('',#3142);
#942=VERTEX_POINT('',#3143);
#943=VERTEX_POINT('',#3145);
#944=VERTEX_POINT('',#3147);
#945=VERTEX_POINT('',#3151);
#946=VERTEX_POINT('',#3152);
#947=VERTEX_POINT('',#3154);
#948=VERTEX_POINT('',#3156);
#949=VERTEX_POINT('',#3160);
#950=VERTEX_POINT('',#3163);
#951=VERTEX_POINT('',#3167);
#952=VERTEX_POINT('',#3169);
#953=VERTEX_POINT('',#3171);
#954=VERTEX_POINT('',#3173);
#955=VERTEX_POINT('',#3176);
#956=VERTEX_POINT('',#3178);
#957=VERTEX_POINT('',#3180);
#958=VERTEX_POINT('',#3182);
#959=VERTEX_POINT('',#3184);
#960=VERTEX_POINT('',#3186);
#961=VERTEX_POINT('',#3188);
#962=VERTEX_POINT('',#3190);
#963=VERTEX_POINT('',#3192);
#964=VERTEX_POINT('',#3194);
#965=VERTEX_POINT('',#3198);
#966=VERTEX_POINT('',#3200);
#967=VERTEX_POINT('',#3202);
#968=VERTEX_POINT('',#3204);
#969=VERTEX_POINT('',#3206);
#970=VERTEX_POINT('',#3208);
#971=VERTEX_POINT('',#3210);
#972=VERTEX_POINT('',#3213);
#973=VERTEX_POINT('',#3218);
#974=VERTEX_POINT('',#3220);
#975=VERTEX_POINT('',#3222);
#976=VERTEX_POINT('',#3224);
#977=VERTEX_POINT('',#3226);
#978=VERTEX_POINT('',#3228);
#979=VERTEX_POINT('',#3230);
#980=VERTEX_POINT('',#3232);
#981=VERTEX_POINT('',#3234);
#982=VERTEX_POINT('',#3239);
#983=VERTEX_POINT('',#3241);
#984=VERTEX_POINT('',#3243);
#985=VERTEX_POINT('',#3245);
#986=VERTEX_POINT('',#3247);
#987=VERTEX_POINT('',#3249);
#988=VERTEX_POINT('',#3251);
#989=VERTEX_POINT('',#3253);
#990=VERTEX_POINT('',#3255);
#991=VERTEX_POINT('',#3257);
#992=VERTEX_POINT('',#3261);
#993=VERTEX_POINT('',#3270);
#994=VERTEX_POINT('',#3272);
#995=VERTEX_POINT('',#3276);
#996=VERTEX_POINT('',#3278);
#997=VERTEX_POINT('',#3282);
#998=VERTEX_POINT('',#3286);
#999=VERTEX_POINT('',#3290);
#1000=VERTEX_POINT('',#3294);
#1001=VERTEX_POINT('',#3295);
#1002=VERTEX_POINT('',#3297);
#1003=VERTEX_POINT('',#3299);
#1004=VERTEX_POINT('',#3306);
#1005=VERTEX_POINT('',#3307);
#1006=VERTEX_POINT('',#3309);
#1007=VERTEX_POINT('',#3311);
#1008=VERTEX_POINT('',#3315);
#1009=VERTEX_POINT('',#3317);
#1010=VERTEX_POINT('',#3321);
#1011=VERTEX_POINT('',#3322);
#1012=VERTEX_POINT('',#3324);
#1013=VERTEX_POINT('',#3326);
#1014=VERTEX_POINT('',#3333);
#1015=VERTEX_POINT('',#3334);
#1016=VERTEX_POINT('',#3336);
#1017=VERTEX_POINT('',#3338);
#1018=VERTEX_POINT('',#3342);
#1019=VERTEX_POINT('',#3344);
#1020=VERTEX_POINT('',#3348);
#1021=VERTEX_POINT('',#3349);
#1022=VERTEX_POINT('',#3351);
#1023=VERTEX_POINT('',#3353);
#1024=VERTEX_POINT('',#3360);
#1025=VERTEX_POINT('',#3361);
#1026=VERTEX_POINT('',#3363);
#1027=VERTEX_POINT('',#3365);
#1028=VERTEX_POINT('',#3369);
#1029=VERTEX_POINT('',#3371);
#1030=VERTEX_POINT('',#3375);
#1031=VERTEX_POINT('',#3376);
#1032=VERTEX_POINT('',#3378);
#1033=VERTEX_POINT('',#3380);
#1034=VERTEX_POINT('',#3387);
#1035=VERTEX_POINT('',#3388);
#1036=VERTEX_POINT('',#3390);
#1037=VERTEX_POINT('',#3392);
#1038=VERTEX_POINT('',#3396);
#1039=VERTEX_POINT('',#3398);
#1040=VERTEX_POINT('',#3402);
#1041=VERTEX_POINT('',#3403);
#1042=VERTEX_POINT('',#3410);
#1043=VERTEX_POINT('',#3413);
#1044=VERTEX_POINT('',#3418);
#1045=VERTEX_POINT('',#3420);
#1046=VERTEX_POINT('',#3427);
#1047=VERTEX_POINT('',#3430);
#1048=VERTEX_POINT('',#3442);
#1049=VERTEX_POINT('',#3446);
#1050=VERTEX_POINT('',#3450);
#1051=VERTEX_POINT('',#3458);
#1052=VERTEX_POINT('',#3461);
#1053=VERTEX_POINT('',#3475);
#1054=VERTEX_POINT('',#3478);
#1055=VERTEX_POINT('',#4095);
#1056=VERTEX_POINT('',#4097);
#1057=VERTEX_POINT('',#4695);
#1058=VERTEX_POINT('',#4697);
#1059=EDGE_CURVE('',#855,#856,#351,.T.);
#1060=EDGE_CURVE('',#855,#857,#352,.T.);
#1061=EDGE_CURVE('',#858,#857,#353,.T.);
#1062=EDGE_CURVE('',#856,#858,#354,.T.);
#1063=EDGE_CURVE('',#859,#855,#355,.T.);
#1064=EDGE_CURVE('',#859,#860,#356,.T.);
#1065=EDGE_CURVE('',#857,#860,#357,.T.);
#1066=EDGE_CURVE('',#861,#859,#358,.T.);
#1067=EDGE_CURVE('',#861,#862,#359,.T.);
#1068=EDGE_CURVE('',#860,#862,#360,.T.);
#1069=EDGE_CURVE('',#856,#861,#361,.T.);
#1070=EDGE_CURVE('',#862,#858,#362,.T.);
#1071=EDGE_CURVE('',#863,#863,#45,.T.);
#1072=EDGE_CURVE('',#863,#864,#363,.T.);
#1073=EDGE_CURVE('',#864,#864,#46,.T.);
#1074=EDGE_CURVE('',#865,#865,#47,.T.);
#1075=EDGE_CURVE('',#866,#866,#48,.T.);
#1076=EDGE_CURVE('',#866,#867,#364,.T.);
#1077=EDGE_CURVE('',#867,#867,#49,.T.);
#1078=EDGE_CURVE('',#868,#868,#50,.T.);
#1079=EDGE_CURVE('',#869,#869,#51,.T.);
#1080=EDGE_CURVE('',#869,#870,#365,.T.);
#1081=EDGE_CURVE('',#870,#870,#52,.T.);
#1082=EDGE_CURVE('',#871,#871,#53,.T.);
#1083=EDGE_CURVE('',#872,#872,#54,.T.);
#1084=EDGE_CURVE('',#872,#873,#366,.T.);
#1085=EDGE_CURVE('',#873,#873,#55,.T.);
#1086=EDGE_CURVE('',#874,#874,#56,.T.);
#1087=EDGE_CURVE('',#875,#875,#57,.T.);
#1088=EDGE_CURVE('',#875,#868,#367,.T.);
#1089=EDGE_CURVE('',#871,#876,#368,.T.);
#1090=EDGE_CURVE('',#876,#876,#58,.T.);
#1091=EDGE_CURVE('',#877,#877,#59,.T.);
#1092=EDGE_CURVE('',#877,#865,#369,.T.);
#1093=EDGE_CURVE('',#874,#878,#370,.T.);
#1094=EDGE_CURVE('',#878,#878,#60,.T.);
#1095=EDGE_CURVE('',#879,#880,#371,.T.);
#1096=EDGE_CURVE('',#881,#879,#372,.T.);
#1097=EDGE_CURVE('',#882,#881,#373,.T.);
#1098=EDGE_CURVE('',#882,#883,#374,.T.);
#1099=EDGE_CURVE('',#883,#884,#375,.T.);
#1100=EDGE_CURVE('',#880,#884,#376,.T.);
#1101=EDGE_CURVE('',#884,#885,#377,.T.);
#1102=EDGE_CURVE('',#886,#883,#378,.T.);
#1103=EDGE_CURVE('',#885,#886,#379,.T.);
#1104=EDGE_CURVE('',#887,#882,#380,.T.);
#1105=EDGE_CURVE('',#887,#886,#381,.T.);
#1106=EDGE_CURVE('',#888,#889,#382,.T.);
#1107=EDGE_CURVE('',#885,#888,#383,.T.);
#1108=EDGE_CURVE('',#890,#887,#384,.T.);
#1109=EDGE_CURVE('',#890,#889,#385,.T.);
#1110=EDGE_CURVE('',#889,#879,#386,.T.);
#1111=EDGE_CURVE('',#881,#890,#387,.T.);
#1112=EDGE_CURVE('',#891,#892,#388,.T.);
#1113=EDGE_CURVE('',#893,#891,#389,.T.);
#1114=EDGE_CURVE('',#894,#893,#390,.T.);
#1115=EDGE_CURVE('',#894,#895,#391,.T.);
#1116=EDGE_CURVE('',#895,#896,#392,.T.);
#1117=EDGE_CURVE('',#892,#896,#393,.T.);
#1118=EDGE_CURVE('',#896,#897,#394,.T.);
#1119=EDGE_CURVE('',#898,#895,#395,.T.);
#1120=EDGE_CURVE('',#897,#898,#396,.T.);
#1121=EDGE_CURVE('',#899,#894,#397,.T.);
#1122=EDGE_CURVE('',#899,#898,#398,.T.);
#1123=EDGE_CURVE('',#900,#901,#399,.T.);
#1124=EDGE_CURVE('',#897,#900,#400,.T.);
#1125=EDGE_CURVE('',#902,#899,#401,.T.);
#1126=EDGE_CURVE('',#902,#901,#402,.T.);
#1127=EDGE_CURVE('',#901,#891,#403,.T.);
#1128=EDGE_CURVE('',#893,#902,#404,.T.);
#1129=EDGE_CURVE('',#903,#903,#61,.T.);
#1130=EDGE_CURVE('',#903,#904,#405,.T.);
#1131=EDGE_CURVE('',#904,#904,#62,.T.);
#1132=EDGE_CURVE('',#905,#906,#406,.T.);
#1133=EDGE_CURVE('',#907,#905,#407,.T.);
#1134=EDGE_CURVE('',#908,#907,#408,.T.);
#1135=EDGE_CURVE('',#908,#906,#409,.T.);
#1136=EDGE_CURVE('',#906,#909,#410,.T.);
#1137=EDGE_CURVE('',#910,#908,#411,.T.);
#1138=EDGE_CURVE('',#911,#910,#412,.T.);
#1139=EDGE_CURVE('',#911,#912,#413,.T.);
#1140=EDGE_CURVE('',#909,#912,#414,.T.);
#1141=EDGE_CURVE('',#912,#913,#415,.T.);
#1142=EDGE_CURVE('',#914,#911,#416,.T.);
#1143=EDGE_CURVE('',#913,#914,#417,.T.);
#1144=EDGE_CURVE('',#915,#916,#418,.T.);
#1145=EDGE_CURVE('',#917,#915,#419,.T.);
#1146=EDGE_CURVE('',#918,#917,#420,.T.);
#1147=EDGE_CURVE('',#918,#919,#421,.T.);
#1148=EDGE_CURVE('',#919,#920,#422,.T.);
#1149=EDGE_CURVE('',#916,#920,#423,.T.);
#1150=EDGE_CURVE('',#920,#921,#424,.T.);
#1151=EDGE_CURVE('',#922,#919,#425,.T.);
#1152=EDGE_CURVE('',#921,#922,#426,.T.);
#1153=EDGE_CURVE('',#923,#915,#427,.T.);
#1154=EDGE_CURVE('',#924,#923,#428,.T.);
#1155=EDGE_CURVE('',#917,#924,#429,.T.);
#1156=EDGE_CURVE('',#925,#918,#430,.T.);
#1157=EDGE_CURVE('',#925,#922,#431,.T.);
#1158=EDGE_CURVE('',#926,#923,#432,.T.);
#1159=EDGE_CURVE('',#921,#926,#433,.T.);
#1160=EDGE_CURVE('',#924,#925,#434,.T.);
#1161=EDGE_CURVE('',#927,#928,#435,.T.);
#1162=EDGE_CURVE('',#929,#927,#436,.T.);
#1163=EDGE_CURVE('',#930,#929,#437,.T.);
#1164=EDGE_CURVE('',#930,#931,#438,.T.);
#1165=EDGE_CURVE('',#931,#932,#439,.T.);
#1166=EDGE_CURVE('',#928,#932,#440,.T.);
#1167=EDGE_CURVE('',#932,#933,#441,.T.);
#1168=EDGE_CURVE('',#934,#931,#442,.T.);
#1169=EDGE_CURVE('',#933,#934,#443,.T.);
#1170=EDGE_CURVE('',#935,#930,#444,.T.);
#1171=EDGE_CURVE('',#935,#934,#445,.T.);
#1172=EDGE_CURVE('',#936,#937,#446,.T.);
#1173=EDGE_CURVE('',#933,#936,#447,.T.);
#1174=EDGE_CURVE('',#938,#935,#448,.T.);
#1175=EDGE_CURVE('',#938,#937,#449,.T.);
#1176=EDGE_CURVE('',#937,#927,#450,.T.);
#1177=EDGE_CURVE('',#929,#938,#451,.T.);
#1178=EDGE_CURVE('',#939,#939,#63,.T.);
#1179=EDGE_CURVE('',#939,#940,#452,.T.);
#1180=EDGE_CURVE('',#940,#940,#64,.T.);
#1181=EDGE_CURVE('',#941,#942,#453,.T.);
#1182=EDGE_CURVE('',#943,#941,#454,.T.);
#1183=EDGE_CURVE('',#944,#943,#455,.T.);
#1184=EDGE_CURVE('',#942,#944,#456,.T.);
#1185=EDGE_CURVE('',#945,#946,#457,.T.);
#1186=EDGE_CURVE('',#947,#945,#458,.T.);
#1187=EDGE_CURVE('',#948,#947,#459,.T.);
#1188=EDGE_CURVE('',#948,#946,#460,.T.);
#1189=EDGE_CURVE('',#949,#945,#461,.T.);
#1190=EDGE_CURVE('',#942,#949,#462,.T.);
#1191=EDGE_CURVE('',#950,#944,#463,.T.);
#1192=EDGE_CURVE('',#947,#950,#464,.T.);
#1193=EDGE_CURVE('',#900,#951,#465,.T.);
#1194=EDGE_CURVE('',#951,#952,#466,.T.);
#1195=EDGE_CURVE('',#952,#953,#467,.T.);
#1196=EDGE_CURVE('',#953,#954,#468,.T.);
#1197=EDGE_CURVE('',#954,#928,#469,.T.);
#1198=EDGE_CURVE('',#936,#955,#470,.T.);
#1199=EDGE_CURVE('',#955,#956,#471,.T.);
#1200=EDGE_CURVE('',#956,#957,#472,.T.);
#1201=EDGE_CURVE('',#958,#957,#473,.T.);
#1202=EDGE_CURVE('',#959,#958,#65,.T.);
#1203=EDGE_CURVE('',#960,#959,#474,.T.);
#1204=EDGE_CURVE('',#961,#960,#66,.T.);
#1205=EDGE_CURVE('',#962,#961,#475,.T.);
#1206=EDGE_CURVE('',#962,#963,#476,.T.);
#1207=EDGE_CURVE('',#963,#964,#477,.T.);
#1208=EDGE_CURVE('',#964,#892,#478,.T.);
#1209=EDGE_CURVE('',#965,#914,#479,.T.);
#1210=EDGE_CURVE('',#966,#910,#480,.T.);
#1211=EDGE_CURVE('',#967,#966,#481,.T.);
#1212=EDGE_CURVE('',#968,#967,#67,.T.);
#1213=EDGE_CURVE('',#969,#968,#482,.T.);
#1214=EDGE_CURVE('',#970,#969,#68,.T.);
#1215=EDGE_CURVE('',#970,#971,#483,.T.);
#1216=EDGE_CURVE('',#950,#971,#484,.T.);
#1217=EDGE_CURVE('',#943,#972,#485,.T.);
#1218=EDGE_CURVE('',#965,#972,#486,.T.);
#1219=EDGE_CURVE('',#972,#948,#487,.T.);
#1220=EDGE_CURVE('',#973,#941,#488,.T.);
#1221=EDGE_CURVE('',#973,#974,#489,.T.);
#1222=EDGE_CURVE('',#974,#975,#490,.T.);
#1223=EDGE_CURVE('',#976,#975,#69,.T.);
#1224=EDGE_CURVE('',#976,#977,#491,.T.);
#1225=EDGE_CURVE('',#978,#977,#70,.T.);
#1226=EDGE_CURVE('',#978,#979,#492,.T.);
#1227=EDGE_CURVE('',#979,#980,#493,.T.);
#1228=EDGE_CURVE('',#980,#981,#494,.T.);
#1229=EDGE_CURVE('',#981,#952,#495,.T.);
#1230=EDGE_CURVE('',#946,#951,#496,.T.);
#1231=EDGE_CURVE('',#888,#982,#497,.T.);
#1232=EDGE_CURVE('',#982,#983,#498,.T.);
#1233=EDGE_CURVE('',#983,#984,#499,.T.);
#1234=EDGE_CURVE('',#985,#984,#500,.T.);
#1235=EDGE_CURVE('',#986,#985,#71,.T.);
#1236=EDGE_CURVE('',#987,#986,#501,.T.);
#1237=EDGE_CURVE('',#988,#987,#72,.T.);
#1238=EDGE_CURVE('',#989,#988,#502,.T.);
#1239=EDGE_CURVE('',#989,#990,#503,.T.);
#1240=EDGE_CURVE('',#990,#991,#504,.T.);
#1241=EDGE_CURVE('',#991,#916,#505,.T.);
#1242=EDGE_CURVE('',#926,#909,#506,.T.);
#1243=EDGE_CURVE('',#913,#992,#507,.T.);
#1244=EDGE_CURVE('',#992,#973,#508,.T.);
#1245=EDGE_CURVE('',#949,#880,#509,.T.);
#1246=EDGE_CURVE('',#991,#955,#510,.T.);
#1247=EDGE_CURVE('',#954,#905,#511,.T.);
#1248=EDGE_CURVE('',#907,#965,#512,.T.);
#1249=EDGE_CURVE('',#971,#993,#513,.T.);
#1250=EDGE_CURVE('',#993,#994,#514,.T.);
#1251=EDGE_CURVE('',#994,#966,#515,.T.);
#1252=EDGE_CURVE('',#977,#995,#516,.T.);
#1253=EDGE_CURVE('',#995,#996,#73,.T.);
#1254=EDGE_CURVE('',#996,#978,#517,.T.);
#1255=EDGE_CURVE('',#997,#976,#518,.T.);
#1256=EDGE_CURVE('',#995,#997,#519,.T.);
#1257=EDGE_CURVE('',#975,#998,#520,.T.);
#1258=EDGE_CURVE('',#998,#997,#74,.T.);
#1259=EDGE_CURVE('',#974,#999,#521,.T.);
#1260=EDGE_CURVE('',#998,#999,#522,.T.);
#1261=EDGE_CURVE('',#1000,#1001,#75,.T.);
#1262=EDGE_CURVE('',#1001,#1002,#523,.T.);
#1263=EDGE_CURVE('',#1002,#1003,#76,.T.);
#1264=EDGE_CURVE('',#1003,#1000,#524,.T.);
#1265=EDGE_CURVE('',#1001,#957,#525,.T.);
#1266=EDGE_CURVE('',#1002,#956,#526,.T.);
#1267=EDGE_CURVE('',#1004,#1005,#77,.T.);
#1268=EDGE_CURVE('',#1005,#1006,#527,.T.);
#1269=EDGE_CURVE('',#1006,#1007,#78,.T.);
#1270=EDGE_CURVE('',#1007,#1004,#528,.T.);
#1271=EDGE_CURVE('',#1005,#1008,#529,.T.);
#1272=EDGE_CURVE('',#1008,#1009,#530,.T.);
#1273=EDGE_CURVE('',#1006,#1009,#531,.T.);
#1274=EDGE_CURVE('',#1010,#1011,#79,.T.);
#1275=EDGE_CURVE('',#1011,#1012,#532,.T.);
#1276=EDGE_CURVE('',#1012,#1013,#80,.T.);
#1277=EDGE_CURVE('',#1013,#1010,#533,.T.);
#1278=EDGE_CURVE('',#1012,#1007,#534,.T.);
#1279=EDGE_CURVE('',#1011,#1004,#535,.T.);
#1280=EDGE_CURVE('',#1014,#1015,#81,.T.);
#1281=EDGE_CURVE('',#1015,#1016,#536,.T.);
#1282=EDGE_CURVE('',#1016,#1017,#82,.T.);
#1283=EDGE_CURVE('',#1017,#1014,#537,.T.);
#1284=EDGE_CURVE('',#1015,#1018,#538,.T.);
#1285=EDGE_CURVE('',#1018,#1019,#539,.T.);
#1286=EDGE_CURVE('',#1016,#1019,#540,.T.);
#1287=EDGE_CURVE('',#1020,#1021,#83,.T.);
#1288=EDGE_CURVE('',#1021,#1022,#541,.T.);
#1289=EDGE_CURVE('',#1022,#1023,#84,.T.);
#1290=EDGE_CURVE('',#1023,#1020,#542,.T.);
#1291=EDGE_CURVE('',#984,#1021,#543,.T.);
#1292=EDGE_CURVE('',#1022,#983,#544,.T.);
#1293=EDGE_CURVE('',#1024,#1025,#85,.T.);
#1294=EDGE_CURVE('',#1025,#1026,#545,.T.);
#1295=EDGE_CURVE('',#1026,#1027,#86,.T.);
#1296=EDGE_CURVE('',#1027,#1024,#546,.T.);
#1297=EDGE_CURVE('',#1028,#1025,#547,.T.);
#1298=EDGE_CURVE('',#1028,#1029,#548,.T.);
#1299=EDGE_CURVE('',#1026,#1029,#549,.T.);
#1300=EDGE_CURVE('',#1030,#1031,#87,.T.);
#1301=EDGE_CURVE('',#1031,#1032,#550,.T.);
#1302=EDGE_CURVE('',#1032,#1033,#88,.T.);
#1303=EDGE_CURVE('',#1033,#1030,#551,.T.);
#1304=EDGE_CURVE('',#1032,#1027,#552,.T.);
#1305=EDGE_CURVE('',#1024,#1031,#553,.T.);
#1306=EDGE_CURVE('',#1034,#1035,#89,.T.);
#1307=EDGE_CURVE('',#1035,#1036,#554,.T.);
#1308=EDGE_CURVE('',#1036,#1037,#90,.T.);
#1309=EDGE_CURVE('',#1037,#1034,#555,.T.);
#1310=EDGE_CURVE('',#1038,#1035,#556,.T.);
#1311=EDGE_CURVE('',#1038,#1039,#557,.T.);
#1312=EDGE_CURVE('',#1036,#1039,#558,.T.);
#1313=EDGE_CURVE('',#1040,#1041,#91,.T.);
#1314=EDGE_CURVE('',#1041,#961,#559,.T.);
#1315=EDGE_CURVE('',#960,#1040,#560,.T.);
#1316=EDGE_CURVE('',#1041,#993,#561,.T.);
#1317=EDGE_CURVE('',#985,#970,#562,.T.);
#1318=EDGE_CURVE('',#1020,#1042,#563,.T.);
#1319=EDGE_CURVE('',#1042,#1028,#564,.T.);
#1320=EDGE_CURVE('',#1030,#1043,#565,.T.);
#1321=EDGE_CURVE('',#1043,#1038,#566,.T.);
#1322=EDGE_CURVE('',#1034,#962,#567,.T.);
#1323=EDGE_CURVE('',#1044,#1040,#568,.T.);
#1324=EDGE_CURVE('',#1045,#1044,#92,.T.);
#1325=EDGE_CURVE('',#1045,#994,#569,.T.);
#1326=EDGE_CURVE('',#1044,#959,#570,.T.);
#1327=EDGE_CURVE('',#958,#1045,#571,.T.);
#1328=EDGE_CURVE('',#1046,#1000,#572,.T.);
#1329=EDGE_CURVE('',#1008,#1046,#573,.T.);
#1330=EDGE_CURVE('',#1047,#1010,#574,.T.);
#1331=EDGE_CURVE('',#1018,#1047,#575,.T.);
#1332=EDGE_CURVE('',#989,#1014,#576,.T.);
#1333=EDGE_CURVE('',#967,#988,#577,.T.);
#1334=EDGE_CURVE('',#969,#986,#578,.T.);
#1335=EDGE_CURVE('',#987,#968,#579,.T.);
#1336=EDGE_CURVE('',#999,#992,#580,.T.);
#1337=EDGE_CURVE('',#1048,#996,#581,.T.);
#1338=EDGE_CURVE('',#979,#1048,#582,.T.);
#1339=EDGE_CURVE('',#980,#1049,#583,.T.);
#1340=EDGE_CURVE('',#1049,#1048,#584,.T.);
#1341=EDGE_CURVE('',#981,#1050,#585,.T.);
#1342=EDGE_CURVE('',#1050,#1049,#586,.T.);
#1343=EDGE_CURVE('',#953,#1050,#587,.T.);
#1344=EDGE_CURVE('',#963,#1037,#588,.T.);
#1345=EDGE_CURVE('',#1039,#1051,#589,.T.);
#1346=EDGE_CURVE('',#1051,#1033,#590,.T.);
#1347=EDGE_CURVE('',#1029,#1052,#591,.T.);
#1348=EDGE_CURVE('',#1052,#1023,#592,.T.);
#1349=EDGE_CURVE('',#964,#982,#593,.T.);
#1350=EDGE_CURVE('',#1042,#1052,#594,.T.);
#1351=EDGE_CURVE('',#1043,#1051,#595,.T.);
#1352=EDGE_CURVE('',#990,#1017,#596,.T.);
#1353=EDGE_CURVE('',#1019,#1053,#597,.T.);
#1354=EDGE_CURVE('',#1053,#1013,#598,.T.);
#1355=EDGE_CURVE('',#1009,#1054,#599,.T.);
#1356=EDGE_CURVE('',#1054,#1003,#600,.T.);
#1357=EDGE_CURVE('',#1046,#1054,#601,.T.);
#1358=EDGE_CURVE('',#1047,#1053,#602,.T.);
#1359=EDGE_CURVE('',#1055,#1055,#93,.T.);
#1360=EDGE_CURVE('',#1055,#1056,#13,.T.);
#1361=EDGE_CURVE('',#1056,#1056,#94,.T.);
#1362=EDGE_CURVE('',#1057,#1057,#95,.T.);
#1363=EDGE_CURVE('',#1057,#1058,#14,.T.);
#1364=EDGE_CURVE('',#1058,#1058,#96,.T.);
#1365=ORIENTED_EDGE('',*,*,#1059,.F.);
#1366=ORIENTED_EDGE('',*,*,#1060,.T.);
#1367=ORIENTED_EDGE('',*,*,#1061,.F.);
#1368=ORIENTED_EDGE('',*,*,#1062,.F.);
#1369=ORIENTED_EDGE('',*,*,#1063,.F.);
#1370=ORIENTED_EDGE('',*,*,#1064,.T.);
#1371=ORIENTED_EDGE('',*,*,#1065,.F.);
#1372=ORIENTED_EDGE('',*,*,#1060,.F.);
#1373=ORIENTED_EDGE('',*,*,#1066,.F.);
#1374=ORIENTED_EDGE('',*,*,#1067,.T.);
#1375=ORIENTED_EDGE('',*,*,#1068,.F.);
#1376=ORIENTED_EDGE('',*,*,#1064,.F.);
#1377=ORIENTED_EDGE('',*,*,#1069,.F.);
#1378=ORIENTED_EDGE('',*,*,#1062,.T.);
#1379=ORIENTED_EDGE('',*,*,#1070,.F.);
#1380=ORIENTED_EDGE('',*,*,#1067,.F.);
#1381=ORIENTED_EDGE('',*,*,#1071,.F.);
#1382=ORIENTED_EDGE('',*,*,#1072,.T.);
#1383=ORIENTED_EDGE('',*,*,#1073,.T.);
#1384=ORIENTED_EDGE('',*,*,#1072,.F.);
#1385=ORIENTED_EDGE('',*,*,#1073,.F.);
#1386=ORIENTED_EDGE('',*,*,#1074,.F.);
#1387=ORIENTED_EDGE('',*,*,#1075,.F.);
#1388=ORIENTED_EDGE('',*,*,#1076,.T.);
#1389=ORIENTED_EDGE('',*,*,#1077,.T.);
#1390=ORIENTED_EDGE('',*,*,#1076,.F.);
#1391=ORIENTED_EDGE('',*,*,#1077,.F.);
#1392=ORIENTED_EDGE('',*,*,#1078,.F.);
#1393=ORIENTED_EDGE('',*,*,#1079,.F.);
#1394=ORIENTED_EDGE('',*,*,#1080,.T.);
#1395=ORIENTED_EDGE('',*,*,#1081,.T.);
#1396=ORIENTED_EDGE('',*,*,#1080,.F.);
#1397=ORIENTED_EDGE('',*,*,#1081,.F.);
#1398=ORIENTED_EDGE('',*,*,#1082,.F.);
#1399=ORIENTED_EDGE('',*,*,#1083,.F.);
#1400=ORIENTED_EDGE('',*,*,#1084,.T.);
#1401=ORIENTED_EDGE('',*,*,#1085,.T.);
#1402=ORIENTED_EDGE('',*,*,#1084,.F.);
#1403=ORIENTED_EDGE('',*,*,#1085,.F.);
#1404=ORIENTED_EDGE('',*,*,#1086,.F.);
#1405=ORIENTED_EDGE('',*,*,#1087,.F.);
#1406=ORIENTED_EDGE('',*,*,#1088,.T.);
#1407=ORIENTED_EDGE('',*,*,#1078,.T.);
#1408=ORIENTED_EDGE('',*,*,#1088,.F.);
#1409=ORIENTED_EDGE('',*,*,#1082,.T.);
#1410=ORIENTED_EDGE('',*,*,#1089,.T.);
#1411=ORIENTED_EDGE('',*,*,#1090,.F.);
#1412=ORIENTED_EDGE('',*,*,#1089,.F.);
#1413=ORIENTED_EDGE('',*,*,#1091,.F.);
#1414=ORIENTED_EDGE('',*,*,#1092,.T.);
#1415=ORIENTED_EDGE('',*,*,#1074,.T.);
#1416=ORIENTED_EDGE('',*,*,#1092,.F.);
#1417=ORIENTED_EDGE('',*,*,#1086,.T.);
#1418=ORIENTED_EDGE('',*,*,#1093,.T.);
#1419=ORIENTED_EDGE('',*,*,#1094,.F.);
#1420=ORIENTED_EDGE('',*,*,#1093,.F.);
#1421=ORIENTED_EDGE('',*,*,#1095,.F.);
#1422=ORIENTED_EDGE('',*,*,#1096,.F.);
#1423=ORIENTED_EDGE('',*,*,#1097,.F.);
#1424=ORIENTED_EDGE('',*,*,#1098,.T.);
#1425=ORIENTED_EDGE('',*,*,#1099,.T.);
#1426=ORIENTED_EDGE('',*,*,#1100,.F.);
#1427=ORIENTED_EDGE('',*,*,#1101,.F.);
#1428=ORIENTED_EDGE('',*,*,#1099,.F.);
#1429=ORIENTED_EDGE('',*,*,#1102,.F.);
#1430=ORIENTED_EDGE('',*,*,#1103,.F.);
#1431=ORIENTED_EDGE('',*,*,#1104,.F.);
#1432=ORIENTED_EDGE('',*,*,#1105,.T.);
#1433=ORIENTED_EDGE('',*,*,#1102,.T.);
#1434=ORIENTED_EDGE('',*,*,#1098,.F.);
#1435=ORIENTED_EDGE('',*,*,#1106,.F.);
#1436=ORIENTED_EDGE('',*,*,#1107,.F.);
#1437=ORIENTED_EDGE('',*,*,#1103,.T.);
#1438=ORIENTED_EDGE('',*,*,#1105,.F.);
#1439=ORIENTED_EDGE('',*,*,#1108,.F.);
#1440=ORIENTED_EDGE('',*,*,#1109,.T.);
#1441=ORIENTED_EDGE('',*,*,#1110,.F.);
#1442=ORIENTED_EDGE('',*,*,#1109,.F.);
#1443=ORIENTED_EDGE('',*,*,#1111,.F.);
#1444=ORIENTED_EDGE('',*,*,#1096,.T.);
#1445=ORIENTED_EDGE('',*,*,#1112,.F.);
#1446=ORIENTED_EDGE('',*,*,#1113,.F.);
#1447=ORIENTED_EDGE('',*,*,#1114,.F.);
#1448=ORIENTED_EDGE('',*,*,#1115,.T.);
#1449=ORIENTED_EDGE('',*,*,#1116,.T.);
#1450=ORIENTED_EDGE('',*,*,#1117,.F.);
#1451=ORIENTED_EDGE('',*,*,#1118,.F.);
#1452=ORIENTED_EDGE('',*,*,#1116,.F.);
#1453=ORIENTED_EDGE('',*,*,#1119,.F.);
#1454=ORIENTED_EDGE('',*,*,#1120,.F.);
#1455=ORIENTED_EDGE('',*,*,#1121,.F.);
#1456=ORIENTED_EDGE('',*,*,#1122,.T.);
#1457=ORIENTED_EDGE('',*,*,#1119,.T.);
#1458=ORIENTED_EDGE('',*,*,#1115,.F.);
#1459=ORIENTED_EDGE('',*,*,#1123,.F.);
#1460=ORIENTED_EDGE('',*,*,#1124,.F.);
#1461=ORIENTED_EDGE('',*,*,#1120,.T.);
#1462=ORIENTED_EDGE('',*,*,#1122,.F.);
#1463=ORIENTED_EDGE('',*,*,#1125,.F.);
#1464=ORIENTED_EDGE('',*,*,#1126,.T.);
#1465=ORIENTED_EDGE('',*,*,#1127,.F.);
#1466=ORIENTED_EDGE('',*,*,#1126,.F.);
#1467=ORIENTED_EDGE('',*,*,#1128,.F.);
#1468=ORIENTED_EDGE('',*,*,#1113,.T.);
#1469=ORIENTED_EDGE('',*,*,#1129,.F.);
#1470=ORIENTED_EDGE('',*,*,#1130,.T.);
#1471=ORIENTED_EDGE('',*,*,#1131,.F.);
#1472=ORIENTED_EDGE('',*,*,#1130,.F.);
#1473=ORIENTED_EDGE('',*,*,#1132,.F.);
#1474=ORIENTED_EDGE('',*,*,#1133,.F.);
#1475=ORIENTED_EDGE('',*,*,#1134,.F.);
#1476=ORIENTED_EDGE('',*,*,#1135,.T.);
#1477=ORIENTED_EDGE('',*,*,#1136,.F.);
#1478=ORIENTED_EDGE('',*,*,#1135,.F.);
#1479=ORIENTED_EDGE('',*,*,#1137,.F.);
#1480=ORIENTED_EDGE('',*,*,#1138,.F.);
#1481=ORIENTED_EDGE('',*,*,#1139,.T.);
#1482=ORIENTED_EDGE('',*,*,#1140,.F.);
#1483=ORIENTED_EDGE('',*,*,#1141,.F.);
#1484=ORIENTED_EDGE('',*,*,#1139,.F.);
#1485=ORIENTED_EDGE('',*,*,#1142,.F.);
#1486=ORIENTED_EDGE('',*,*,#1143,.F.);
#1487=ORIENTED_EDGE('',*,*,#1144,.F.);
#1488=ORIENTED_EDGE('',*,*,#1145,.F.);
#1489=ORIENTED_EDGE('',*,*,#1146,.F.);
#1490=ORIENTED_EDGE('',*,*,#1147,.T.);
#1491=ORIENTED_EDGE('',*,*,#1148,.T.);
#1492=ORIENTED_EDGE('',*,*,#1149,.F.);
#1493=ORIENTED_EDGE('',*,*,#1150,.F.);
#1494=ORIENTED_EDGE('',*,*,#1148,.F.);
#1495=ORIENTED_EDGE('',*,*,#1151,.F.);
#1496=ORIENTED_EDGE('',*,*,#1152,.F.);
#1497=ORIENTED_EDGE('',*,*,#1153,.F.);
#1498=ORIENTED_EDGE('',*,*,#1154,.F.);
#1499=ORIENTED_EDGE('',*,*,#1155,.F.);
#1500=ORIENTED_EDGE('',*,*,#1145,.T.);
#1501=ORIENTED_EDGE('',*,*,#1156,.F.);
#1502=ORIENTED_EDGE('',*,*,#1157,.T.);
#1503=ORIENTED_EDGE('',*,*,#1151,.T.);
#1504=ORIENTED_EDGE('',*,*,#1147,.F.);
#1505=ORIENTED_EDGE('',*,*,#1158,.F.);
#1506=ORIENTED_EDGE('',*,*,#1159,.F.);
#1507=ORIENTED_EDGE('',*,*,#1152,.T.);
#1508=ORIENTED_EDGE('',*,*,#1157,.F.);
#1509=ORIENTED_EDGE('',*,*,#1160,.F.);
#1510=ORIENTED_EDGE('',*,*,#1154,.T.);
#1511=ORIENTED_EDGE('',*,*,#1161,.F.);
#1512=ORIENTED_EDGE('',*,*,#1162,.F.);
#1513=ORIENTED_EDGE('',*,*,#1163,.F.);
#1514=ORIENTED_EDGE('',*,*,#1164,.T.);
#1515=ORIENTED_EDGE('',*,*,#1165,.T.);
#1516=ORIENTED_EDGE('',*,*,#1166,.F.);
#1517=ORIENTED_EDGE('',*,*,#1167,.F.);
#1518=ORIENTED_EDGE('',*,*,#1165,.F.);
#1519=ORIENTED_EDGE('',*,*,#1168,.F.);
#1520=ORIENTED_EDGE('',*,*,#1169,.F.);
#1521=ORIENTED_EDGE('',*,*,#1170,.F.);
#1522=ORIENTED_EDGE('',*,*,#1171,.T.);
#1523=ORIENTED_EDGE('',*,*,#1168,.T.);
#1524=ORIENTED_EDGE('',*,*,#1164,.F.);
#1525=ORIENTED_EDGE('',*,*,#1172,.F.);
#1526=ORIENTED_EDGE('',*,*,#1173,.F.);
#1527=ORIENTED_EDGE('',*,*,#1169,.T.);
#1528=ORIENTED_EDGE('',*,*,#1171,.F.);
#1529=ORIENTED_EDGE('',*,*,#1174,.F.);
#1530=ORIENTED_EDGE('',*,*,#1175,.T.);
#1531=ORIENTED_EDGE('',*,*,#1176,.F.);
#1532=ORIENTED_EDGE('',*,*,#1175,.F.);
#1533=ORIENTED_EDGE('',*,*,#1177,.F.);
#1534=ORIENTED_EDGE('',*,*,#1162,.T.);
#1535=ORIENTED_EDGE('',*,*,#1178,.F.);
#1536=ORIENTED_EDGE('',*,*,#1179,.T.);
#1537=ORIENTED_EDGE('',*,*,#1180,.F.);
#1538=ORIENTED_EDGE('',*,*,#1179,.F.);
#1539=ORIENTED_EDGE('',*,*,#1181,.F.);
#1540=ORIENTED_EDGE('',*,*,#1182,.F.);
#1541=ORIENTED_EDGE('',*,*,#1183,.F.);
#1542=ORIENTED_EDGE('',*,*,#1184,.F.);
#1543=ORIENTED_EDGE('',*,*,#1185,.F.);
#1544=ORIENTED_EDGE('',*,*,#1186,.F.);
#1545=ORIENTED_EDGE('',*,*,#1187,.F.);
#1546=ORIENTED_EDGE('',*,*,#1188,.T.);
#1547=ORIENTED_EDGE('',*,*,#1189,.F.);
#1548=ORIENTED_EDGE('',*,*,#1190,.F.);
#1549=ORIENTED_EDGE('',*,*,#1184,.T.);
#1550=ORIENTED_EDGE('',*,*,#1191,.F.);
#1551=ORIENTED_EDGE('',*,*,#1192,.F.);
#1552=ORIENTED_EDGE('',*,*,#1186,.T.);
#1553=ORIENTED_EDGE('',*,*,#1117,.T.);
#1554=ORIENTED_EDGE('',*,*,#1118,.T.);
#1555=ORIENTED_EDGE('',*,*,#1124,.T.);
#1556=ORIENTED_EDGE('',*,*,#1193,.T.);
#1557=ORIENTED_EDGE('',*,*,#1194,.T.);
#1558=ORIENTED_EDGE('',*,*,#1195,.T.);
#1559=ORIENTED_EDGE('',*,*,#1196,.T.);
#1560=ORIENTED_EDGE('',*,*,#1197,.T.);
#1561=ORIENTED_EDGE('',*,*,#1166,.T.);
#1562=ORIENTED_EDGE('',*,*,#1167,.T.);
#1563=ORIENTED_EDGE('',*,*,#1173,.T.);
#1564=ORIENTED_EDGE('',*,*,#1198,.T.);
#1565=ORIENTED_EDGE('',*,*,#1199,.T.);
#1566=ORIENTED_EDGE('',*,*,#1200,.T.);
#1567=ORIENTED_EDGE('',*,*,#1201,.F.);
#1568=ORIENTED_EDGE('',*,*,#1202,.F.);
#1569=ORIENTED_EDGE('',*,*,#1203,.F.);
#1570=ORIENTED_EDGE('',*,*,#1204,.F.);
#1571=ORIENTED_EDGE('',*,*,#1205,.F.);
#1572=ORIENTED_EDGE('',*,*,#1206,.T.);
#1573=ORIENTED_EDGE('',*,*,#1207,.T.);
#1574=ORIENTED_EDGE('',*,*,#1208,.T.);
#1575=ORIENTED_EDGE('',*,*,#1061,.T.);
#1576=ORIENTED_EDGE('',*,*,#1065,.T.);
#1577=ORIENTED_EDGE('',*,*,#1068,.T.);
#1578=ORIENTED_EDGE('',*,*,#1070,.T.);
#1579=ORIENTED_EDGE('',*,*,#1090,.T.);
#1580=ORIENTED_EDGE('',*,*,#1094,.T.);
#1581=ORIENTED_EDGE('',*,*,#1209,.T.);
#1582=ORIENTED_EDGE('',*,*,#1142,.T.);
#1583=ORIENTED_EDGE('',*,*,#1138,.T.);
#1584=ORIENTED_EDGE('',*,*,#1210,.F.);
#1585=ORIENTED_EDGE('',*,*,#1211,.F.);
#1586=ORIENTED_EDGE('',*,*,#1212,.F.);
#1587=ORIENTED_EDGE('',*,*,#1213,.F.);
#1588=ORIENTED_EDGE('',*,*,#1214,.F.);
#1589=ORIENTED_EDGE('',*,*,#1215,.T.);
#1590=ORIENTED_EDGE('',*,*,#1216,.F.);
#1591=ORIENTED_EDGE('',*,*,#1191,.T.);
#1592=ORIENTED_EDGE('',*,*,#1183,.T.);
#1593=ORIENTED_EDGE('',*,*,#1217,.T.);
#1594=ORIENTED_EDGE('',*,*,#1218,.F.);
#1595=ORIENTED_EDGE('',*,*,#1071,.T.);
#1596=ORIENTED_EDGE('',*,*,#1075,.T.);
#1597=ORIENTED_EDGE('',*,*,#1188,.F.);
#1598=ORIENTED_EDGE('',*,*,#1219,.F.);
#1599=ORIENTED_EDGE('',*,*,#1217,.F.);
#1600=ORIENTED_EDGE('',*,*,#1182,.T.);
#1601=ORIENTED_EDGE('',*,*,#1220,.F.);
#1602=ORIENTED_EDGE('',*,*,#1221,.T.);
#1603=ORIENTED_EDGE('',*,*,#1222,.T.);
#1604=ORIENTED_EDGE('',*,*,#1223,.F.);
#1605=ORIENTED_EDGE('',*,*,#1224,.T.);
#1606=ORIENTED_EDGE('',*,*,#1225,.F.);
#1607=ORIENTED_EDGE('',*,*,#1226,.T.);
#1608=ORIENTED_EDGE('',*,*,#1227,.T.);
#1609=ORIENTED_EDGE('',*,*,#1228,.T.);
#1610=ORIENTED_EDGE('',*,*,#1229,.T.);
#1611=ORIENTED_EDGE('',*,*,#1194,.F.);
#1612=ORIENTED_EDGE('',*,*,#1230,.F.);
#1613=ORIENTED_EDGE('',*,*,#1100,.T.);
#1614=ORIENTED_EDGE('',*,*,#1101,.T.);
#1615=ORIENTED_EDGE('',*,*,#1107,.T.);
#1616=ORIENTED_EDGE('',*,*,#1231,.T.);
#1617=ORIENTED_EDGE('',*,*,#1232,.T.);
#1618=ORIENTED_EDGE('',*,*,#1233,.T.);
#1619=ORIENTED_EDGE('',*,*,#1234,.F.);
#1620=ORIENTED_EDGE('',*,*,#1235,.F.);
#1621=ORIENTED_EDGE('',*,*,#1236,.F.);
#1622=ORIENTED_EDGE('',*,*,#1237,.F.);
#1623=ORIENTED_EDGE('',*,*,#1238,.F.);
#1624=ORIENTED_EDGE('',*,*,#1239,.T.);
#1625=ORIENTED_EDGE('',*,*,#1240,.T.);
#1626=ORIENTED_EDGE('',*,*,#1241,.T.);
#1627=ORIENTED_EDGE('',*,*,#1149,.T.);
#1628=ORIENTED_EDGE('',*,*,#1150,.T.);
#1629=ORIENTED_EDGE('',*,*,#1159,.T.);
#1630=ORIENTED_EDGE('',*,*,#1242,.T.);
#1631=ORIENTED_EDGE('',*,*,#1140,.T.);
#1632=ORIENTED_EDGE('',*,*,#1141,.T.);
#1633=ORIENTED_EDGE('',*,*,#1243,.T.);
#1634=ORIENTED_EDGE('',*,*,#1244,.T.);
#1635=ORIENTED_EDGE('',*,*,#1220,.T.);
#1636=ORIENTED_EDGE('',*,*,#1181,.T.);
#1637=ORIENTED_EDGE('',*,*,#1190,.T.);
#1638=ORIENTED_EDGE('',*,*,#1245,.T.);
#1639=ORIENTED_EDGE('',*,*,#1087,.T.);
#1640=ORIENTED_EDGE('',*,*,#1091,.T.);
#1641=ORIENTED_EDGE('',*,*,#1132,.T.);
#1642=ORIENTED_EDGE('',*,*,#1136,.T.);
#1643=ORIENTED_EDGE('',*,*,#1242,.F.);
#1644=ORIENTED_EDGE('',*,*,#1158,.T.);
#1645=ORIENTED_EDGE('',*,*,#1153,.T.);
#1646=ORIENTED_EDGE('',*,*,#1144,.T.);
#1647=ORIENTED_EDGE('',*,*,#1241,.F.);
#1648=ORIENTED_EDGE('',*,*,#1246,.T.);
#1649=ORIENTED_EDGE('',*,*,#1198,.F.);
#1650=ORIENTED_EDGE('',*,*,#1172,.T.);
#1651=ORIENTED_EDGE('',*,*,#1176,.T.);
#1652=ORIENTED_EDGE('',*,*,#1161,.T.);
#1653=ORIENTED_EDGE('',*,*,#1197,.F.);
#1654=ORIENTED_EDGE('',*,*,#1247,.T.);
#1655=ORIENTED_EDGE('',*,*,#1131,.T.);
#1656=ORIENTED_EDGE('',*,*,#1248,.T.);
#1657=ORIENTED_EDGE('',*,*,#1218,.T.);
#1658=ORIENTED_EDGE('',*,*,#1219,.T.);
#1659=ORIENTED_EDGE('',*,*,#1187,.T.);
#1660=ORIENTED_EDGE('',*,*,#1192,.T.);
#1661=ORIENTED_EDGE('',*,*,#1216,.T.);
#1662=ORIENTED_EDGE('',*,*,#1249,.T.);
#1663=ORIENTED_EDGE('',*,*,#1250,.T.);
#1664=ORIENTED_EDGE('',*,*,#1251,.T.);
#1665=ORIENTED_EDGE('',*,*,#1210,.T.);
#1666=ORIENTED_EDGE('',*,*,#1137,.T.);
#1667=ORIENTED_EDGE('',*,*,#1134,.T.);
#1668=ORIENTED_EDGE('',*,*,#1178,.T.);
#1669=ORIENTED_EDGE('',*,*,#1163,.T.);
#1670=ORIENTED_EDGE('',*,*,#1177,.T.);
#1671=ORIENTED_EDGE('',*,*,#1174,.T.);
#1672=ORIENTED_EDGE('',*,*,#1170,.T.);
#1673=ORIENTED_EDGE('',*,*,#1155,.T.);
#1674=ORIENTED_EDGE('',*,*,#1160,.T.);
#1675=ORIENTED_EDGE('',*,*,#1156,.T.);
#1676=ORIENTED_EDGE('',*,*,#1146,.T.);
#1677=ORIENTED_EDGE('',*,*,#1129,.T.);
#1678=ORIENTED_EDGE('',*,*,#1114,.T.);
#1679=ORIENTED_EDGE('',*,*,#1128,.T.);
#1680=ORIENTED_EDGE('',*,*,#1125,.T.);
#1681=ORIENTED_EDGE('',*,*,#1121,.T.);
#1682=ORIENTED_EDGE('',*,*,#1097,.T.);
#1683=ORIENTED_EDGE('',*,*,#1111,.T.);
#1684=ORIENTED_EDGE('',*,*,#1108,.T.);
#1685=ORIENTED_EDGE('',*,*,#1104,.T.);
#1686=ORIENTED_EDGE('',*,*,#1225,.T.);
#1687=ORIENTED_EDGE('',*,*,#1252,.T.);
#1688=ORIENTED_EDGE('',*,*,#1253,.T.);
#1689=ORIENTED_EDGE('',*,*,#1254,.T.);
#1690=ORIENTED_EDGE('',*,*,#1252,.F.);
#1691=ORIENTED_EDGE('',*,*,#1224,.F.);
#1692=ORIENTED_EDGE('',*,*,#1255,.F.);
#1693=ORIENTED_EDGE('',*,*,#1256,.F.);
#1694=ORIENTED_EDGE('',*,*,#1223,.T.);
#1695=ORIENTED_EDGE('',*,*,#1257,.T.);
#1696=ORIENTED_EDGE('',*,*,#1258,.T.);
#1697=ORIENTED_EDGE('',*,*,#1255,.T.);
#1698=ORIENTED_EDGE('',*,*,#1257,.F.);
#1699=ORIENTED_EDGE('',*,*,#1222,.F.);
#1700=ORIENTED_EDGE('',*,*,#1259,.T.);
#1701=ORIENTED_EDGE('',*,*,#1260,.F.);
#1702=ORIENTED_EDGE('',*,*,#1261,.T.);
#1703=ORIENTED_EDGE('',*,*,#1262,.T.);
#1704=ORIENTED_EDGE('',*,*,#1263,.T.);
#1705=ORIENTED_EDGE('',*,*,#1264,.T.);
#1706=ORIENTED_EDGE('',*,*,#1262,.F.);
#1707=ORIENTED_EDGE('',*,*,#1265,.T.);
#1708=ORIENTED_EDGE('',*,*,#1200,.F.);
#1709=ORIENTED_EDGE('',*,*,#1266,.F.);
#1710=ORIENTED_EDGE('',*,*,#1267,.T.);
#1711=ORIENTED_EDGE('',*,*,#1268,.T.);
#1712=ORIENTED_EDGE('',*,*,#1269,.T.);
#1713=ORIENTED_EDGE('',*,*,#1270,.T.);
#1714=ORIENTED_EDGE('',*,*,#1268,.F.);
#1715=ORIENTED_EDGE('',*,*,#1271,.T.);
#1716=ORIENTED_EDGE('',*,*,#1272,.T.);
#1717=ORIENTED_EDGE('',*,*,#1273,.F.);
#1718=ORIENTED_EDGE('',*,*,#1274,.T.);
#1719=ORIENTED_EDGE('',*,*,#1275,.T.);
#1720=ORIENTED_EDGE('',*,*,#1276,.T.);
#1721=ORIENTED_EDGE('',*,*,#1277,.T.);
#1722=ORIENTED_EDGE('',*,*,#1270,.F.);
#1723=ORIENTED_EDGE('',*,*,#1278,.F.);
#1724=ORIENTED_EDGE('',*,*,#1275,.F.);
#1725=ORIENTED_EDGE('',*,*,#1279,.T.);
#1726=ORIENTED_EDGE('',*,*,#1280,.T.);
#1727=ORIENTED_EDGE('',*,*,#1281,.T.);
#1728=ORIENTED_EDGE('',*,*,#1282,.T.);
#1729=ORIENTED_EDGE('',*,*,#1283,.T.);
#1730=ORIENTED_EDGE('',*,*,#1281,.F.);
#1731=ORIENTED_EDGE('',*,*,#1284,.T.);
#1732=ORIENTED_EDGE('',*,*,#1285,.T.);
#1733=ORIENTED_EDGE('',*,*,#1286,.F.);
#1734=ORIENTED_EDGE('',*,*,#1287,.T.);
#1735=ORIENTED_EDGE('',*,*,#1288,.T.);
#1736=ORIENTED_EDGE('',*,*,#1289,.T.);
#1737=ORIENTED_EDGE('',*,*,#1290,.T.);
#1738=ORIENTED_EDGE('',*,*,#1288,.F.);
#1739=ORIENTED_EDGE('',*,*,#1291,.F.);
#1740=ORIENTED_EDGE('',*,*,#1233,.F.);
#1741=ORIENTED_EDGE('',*,*,#1292,.F.);
#1742=ORIENTED_EDGE('',*,*,#1293,.T.);
#1743=ORIENTED_EDGE('',*,*,#1294,.T.);
#1744=ORIENTED_EDGE('',*,*,#1295,.T.);
#1745=ORIENTED_EDGE('',*,*,#1296,.T.);
#1746=ORIENTED_EDGE('',*,*,#1294,.F.);
#1747=ORIENTED_EDGE('',*,*,#1297,.F.);
#1748=ORIENTED_EDGE('',*,*,#1298,.T.);
#1749=ORIENTED_EDGE('',*,*,#1299,.F.);
#1750=ORIENTED_EDGE('',*,*,#1300,.T.);
#1751=ORIENTED_EDGE('',*,*,#1301,.T.);
#1752=ORIENTED_EDGE('',*,*,#1302,.T.);
#1753=ORIENTED_EDGE('',*,*,#1303,.T.);
#1754=ORIENTED_EDGE('',*,*,#1296,.F.);
#1755=ORIENTED_EDGE('',*,*,#1304,.F.);
#1756=ORIENTED_EDGE('',*,*,#1301,.F.);
#1757=ORIENTED_EDGE('',*,*,#1305,.F.);
#1758=ORIENTED_EDGE('',*,*,#1306,.T.);
#1759=ORIENTED_EDGE('',*,*,#1307,.T.);
#1760=ORIENTED_EDGE('',*,*,#1308,.T.);
#1761=ORIENTED_EDGE('',*,*,#1309,.T.);
#1762=ORIENTED_EDGE('',*,*,#1307,.F.);
#1763=ORIENTED_EDGE('',*,*,#1310,.F.);
#1764=ORIENTED_EDGE('',*,*,#1311,.T.);
#1765=ORIENTED_EDGE('',*,*,#1312,.F.);
#1766=ORIENTED_EDGE('',*,*,#1313,.T.);
#1767=ORIENTED_EDGE('',*,*,#1314,.T.);
#1768=ORIENTED_EDGE('',*,*,#1204,.T.);
#1769=ORIENTED_EDGE('',*,*,#1315,.T.);
#1770=ORIENTED_EDGE('',*,*,#1314,.F.);
#1771=ORIENTED_EDGE('',*,*,#1316,.T.);
#1772=ORIENTED_EDGE('',*,*,#1249,.F.);
#1773=ORIENTED_EDGE('',*,*,#1215,.F.);
#1774=ORIENTED_EDGE('',*,*,#1317,.F.);
#1775=ORIENTED_EDGE('',*,*,#1234,.T.);
#1776=ORIENTED_EDGE('',*,*,#1291,.T.);
#1777=ORIENTED_EDGE('',*,*,#1287,.F.);
#1778=ORIENTED_EDGE('',*,*,#1318,.T.);
#1779=ORIENTED_EDGE('',*,*,#1319,.T.);
#1780=ORIENTED_EDGE('',*,*,#1297,.T.);
#1781=ORIENTED_EDGE('',*,*,#1293,.F.);
#1782=ORIENTED_EDGE('',*,*,#1305,.T.);
#1783=ORIENTED_EDGE('',*,*,#1300,.F.);
#1784=ORIENTED_EDGE('',*,*,#1320,.T.);
#1785=ORIENTED_EDGE('',*,*,#1321,.T.);
#1786=ORIENTED_EDGE('',*,*,#1310,.T.);
#1787=ORIENTED_EDGE('',*,*,#1306,.F.);
#1788=ORIENTED_EDGE('',*,*,#1322,.T.);
#1789=ORIENTED_EDGE('',*,*,#1205,.T.);
#1790=ORIENTED_EDGE('',*,*,#1313,.F.);
#1791=ORIENTED_EDGE('',*,*,#1323,.F.);
#1792=ORIENTED_EDGE('',*,*,#1324,.F.);
#1793=ORIENTED_EDGE('',*,*,#1325,.T.);
#1794=ORIENTED_EDGE('',*,*,#1250,.F.);
#1795=ORIENTED_EDGE('',*,*,#1316,.F.);
#1796=ORIENTED_EDGE('',*,*,#1059,.T.);
#1797=ORIENTED_EDGE('',*,*,#1069,.T.);
#1798=ORIENTED_EDGE('',*,*,#1066,.T.);
#1799=ORIENTED_EDGE('',*,*,#1063,.T.);
#1800=ORIENTED_EDGE('',*,*,#1079,.T.);
#1801=ORIENTED_EDGE('',*,*,#1083,.T.);
#1802=ORIENTED_EDGE('',*,*,#1324,.T.);
#1803=ORIENTED_EDGE('',*,*,#1326,.T.);
#1804=ORIENTED_EDGE('',*,*,#1202,.T.);
#1805=ORIENTED_EDGE('',*,*,#1327,.T.);
#1806=ORIENTED_EDGE('',*,*,#1327,.F.);
#1807=ORIENTED_EDGE('',*,*,#1201,.T.);
#1808=ORIENTED_EDGE('',*,*,#1265,.F.);
#1809=ORIENTED_EDGE('',*,*,#1261,.F.);
#1810=ORIENTED_EDGE('',*,*,#1328,.F.);
#1811=ORIENTED_EDGE('',*,*,#1329,.F.);
#1812=ORIENTED_EDGE('',*,*,#1271,.F.);
#1813=ORIENTED_EDGE('',*,*,#1267,.F.);
#1814=ORIENTED_EDGE('',*,*,#1279,.F.);
#1815=ORIENTED_EDGE('',*,*,#1274,.F.);
#1816=ORIENTED_EDGE('',*,*,#1330,.F.);
#1817=ORIENTED_EDGE('',*,*,#1331,.F.);
#1818=ORIENTED_EDGE('',*,*,#1284,.F.);
#1819=ORIENTED_EDGE('',*,*,#1280,.F.);
#1820=ORIENTED_EDGE('',*,*,#1332,.F.);
#1821=ORIENTED_EDGE('',*,*,#1238,.T.);
#1822=ORIENTED_EDGE('',*,*,#1333,.F.);
#1823=ORIENTED_EDGE('',*,*,#1211,.T.);
#1824=ORIENTED_EDGE('',*,*,#1251,.F.);
#1825=ORIENTED_EDGE('',*,*,#1325,.F.);
#1826=ORIENTED_EDGE('',*,*,#1214,.T.);
#1827=ORIENTED_EDGE('',*,*,#1334,.T.);
#1828=ORIENTED_EDGE('',*,*,#1235,.T.);
#1829=ORIENTED_EDGE('',*,*,#1317,.T.);
#1830=ORIENTED_EDGE('',*,*,#1212,.T.);
#1831=ORIENTED_EDGE('',*,*,#1333,.T.);
#1832=ORIENTED_EDGE('',*,*,#1237,.T.);
#1833=ORIENTED_EDGE('',*,*,#1335,.T.);
#1834=ORIENTED_EDGE('',*,*,#1259,.F.);
#1835=ORIENTED_EDGE('',*,*,#1221,.F.);
#1836=ORIENTED_EDGE('',*,*,#1244,.F.);
#1837=ORIENTED_EDGE('',*,*,#1336,.F.);
#1838=ORIENTED_EDGE('',*,*,#1254,.F.);
#1839=ORIENTED_EDGE('',*,*,#1337,.F.);
#1840=ORIENTED_EDGE('',*,*,#1338,.F.);
#1841=ORIENTED_EDGE('',*,*,#1226,.F.);
#1842=ORIENTED_EDGE('',*,*,#1339,.F.);
#1843=ORIENTED_EDGE('',*,*,#1227,.F.);
#1844=ORIENTED_EDGE('',*,*,#1338,.T.);
#1845=ORIENTED_EDGE('',*,*,#1340,.F.);
#1846=ORIENTED_EDGE('',*,*,#1341,.F.);
#1847=ORIENTED_EDGE('',*,*,#1228,.F.);
#1848=ORIENTED_EDGE('',*,*,#1339,.T.);
#1849=ORIENTED_EDGE('',*,*,#1342,.F.);
#1850=ORIENTED_EDGE('',*,*,#1195,.F.);
#1851=ORIENTED_EDGE('',*,*,#1229,.F.);
#1852=ORIENTED_EDGE('',*,*,#1341,.T.);
#1853=ORIENTED_EDGE('',*,*,#1343,.F.);
#1854=ORIENTED_EDGE('',*,*,#1247,.F.);
#1855=ORIENTED_EDGE('',*,*,#1196,.F.);
#1856=ORIENTED_EDGE('',*,*,#1343,.T.);
#1857=ORIENTED_EDGE('',*,*,#1342,.T.);
#1858=ORIENTED_EDGE('',*,*,#1340,.T.);
#1859=ORIENTED_EDGE('',*,*,#1337,.T.);
#1860=ORIENTED_EDGE('',*,*,#1253,.F.);
#1861=ORIENTED_EDGE('',*,*,#1256,.T.);
#1862=ORIENTED_EDGE('',*,*,#1258,.F.);
#1863=ORIENTED_EDGE('',*,*,#1260,.T.);
#1864=ORIENTED_EDGE('',*,*,#1336,.T.);
#1865=ORIENTED_EDGE('',*,*,#1243,.F.);
#1866=ORIENTED_EDGE('',*,*,#1143,.T.);
#1867=ORIENTED_EDGE('',*,*,#1209,.F.);
#1868=ORIENTED_EDGE('',*,*,#1248,.F.);
#1869=ORIENTED_EDGE('',*,*,#1133,.T.);
#1870=ORIENTED_EDGE('',*,*,#1207,.F.);
#1871=ORIENTED_EDGE('',*,*,#1344,.T.);
#1872=ORIENTED_EDGE('',*,*,#1308,.F.);
#1873=ORIENTED_EDGE('',*,*,#1312,.T.);
#1874=ORIENTED_EDGE('',*,*,#1345,.T.);
#1875=ORIENTED_EDGE('',*,*,#1346,.T.);
#1876=ORIENTED_EDGE('',*,*,#1302,.F.);
#1877=ORIENTED_EDGE('',*,*,#1304,.T.);
#1878=ORIENTED_EDGE('',*,*,#1295,.F.);
#1879=ORIENTED_EDGE('',*,*,#1299,.T.);
#1880=ORIENTED_EDGE('',*,*,#1347,.T.);
#1881=ORIENTED_EDGE('',*,*,#1348,.T.);
#1882=ORIENTED_EDGE('',*,*,#1289,.F.);
#1883=ORIENTED_EDGE('',*,*,#1292,.T.);
#1884=ORIENTED_EDGE('',*,*,#1232,.F.);
#1885=ORIENTED_EDGE('',*,*,#1349,.F.);
#1886=ORIENTED_EDGE('',*,*,#1290,.F.);
#1887=ORIENTED_EDGE('',*,*,#1348,.F.);
#1888=ORIENTED_EDGE('',*,*,#1350,.F.);
#1889=ORIENTED_EDGE('',*,*,#1318,.F.);
#1890=ORIENTED_EDGE('',*,*,#1319,.F.);
#1891=ORIENTED_EDGE('',*,*,#1350,.T.);
#1892=ORIENTED_EDGE('',*,*,#1347,.F.);
#1893=ORIENTED_EDGE('',*,*,#1298,.F.);
#1894=ORIENTED_EDGE('',*,*,#1303,.F.);
#1895=ORIENTED_EDGE('',*,*,#1346,.F.);
#1896=ORIENTED_EDGE('',*,*,#1351,.F.);
#1897=ORIENTED_EDGE('',*,*,#1320,.F.);
#1898=ORIENTED_EDGE('',*,*,#1321,.F.);
#1899=ORIENTED_EDGE('',*,*,#1351,.T.);
#1900=ORIENTED_EDGE('',*,*,#1345,.F.);
#1901=ORIENTED_EDGE('',*,*,#1311,.F.);
#1902=ORIENTED_EDGE('',*,*,#1309,.F.);
#1903=ORIENTED_EDGE('',*,*,#1344,.F.);
#1904=ORIENTED_EDGE('',*,*,#1206,.F.);
#1905=ORIENTED_EDGE('',*,*,#1322,.F.);
#1906=ORIENTED_EDGE('',*,*,#1095,.T.);
#1907=ORIENTED_EDGE('',*,*,#1245,.F.);
#1908=ORIENTED_EDGE('',*,*,#1189,.T.);
#1909=ORIENTED_EDGE('',*,*,#1185,.T.);
#1910=ORIENTED_EDGE('',*,*,#1230,.T.);
#1911=ORIENTED_EDGE('',*,*,#1193,.F.);
#1912=ORIENTED_EDGE('',*,*,#1123,.T.);
#1913=ORIENTED_EDGE('',*,*,#1127,.T.);
#1914=ORIENTED_EDGE('',*,*,#1112,.T.);
#1915=ORIENTED_EDGE('',*,*,#1208,.F.);
#1916=ORIENTED_EDGE('',*,*,#1349,.T.);
#1917=ORIENTED_EDGE('',*,*,#1231,.F.);
#1918=ORIENTED_EDGE('',*,*,#1106,.T.);
#1919=ORIENTED_EDGE('',*,*,#1110,.T.);
#1920=ORIENTED_EDGE('',*,*,#1180,.T.);
#1921=ORIENTED_EDGE('',*,*,#1199,.F.);
#1922=ORIENTED_EDGE('',*,*,#1246,.F.);
#1923=ORIENTED_EDGE('',*,*,#1240,.F.);
#1924=ORIENTED_EDGE('',*,*,#1352,.T.);
#1925=ORIENTED_EDGE('',*,*,#1282,.F.);
#1926=ORIENTED_EDGE('',*,*,#1286,.T.);
#1927=ORIENTED_EDGE('',*,*,#1353,.T.);
#1928=ORIENTED_EDGE('',*,*,#1354,.T.);
#1929=ORIENTED_EDGE('',*,*,#1276,.F.);
#1930=ORIENTED_EDGE('',*,*,#1278,.T.);
#1931=ORIENTED_EDGE('',*,*,#1269,.F.);
#1932=ORIENTED_EDGE('',*,*,#1273,.T.);
#1933=ORIENTED_EDGE('',*,*,#1355,.T.);
#1934=ORIENTED_EDGE('',*,*,#1356,.T.);
#1935=ORIENTED_EDGE('',*,*,#1263,.F.);
#1936=ORIENTED_EDGE('',*,*,#1266,.T.);
#1937=ORIENTED_EDGE('',*,*,#1283,.F.);
#1938=ORIENTED_EDGE('',*,*,#1352,.F.);
#1939=ORIENTED_EDGE('',*,*,#1239,.F.);
#1940=ORIENTED_EDGE('',*,*,#1332,.T.);
#1941=ORIENTED_EDGE('',*,*,#1264,.F.);
#1942=ORIENTED_EDGE('',*,*,#1356,.F.);
#1943=ORIENTED_EDGE('',*,*,#1357,.F.);
#1944=ORIENTED_EDGE('',*,*,#1328,.T.);
#1945=ORIENTED_EDGE('',*,*,#1329,.T.);
#1946=ORIENTED_EDGE('',*,*,#1357,.T.);
#1947=ORIENTED_EDGE('',*,*,#1355,.F.);
#1948=ORIENTED_EDGE('',*,*,#1272,.F.);
#1949=ORIENTED_EDGE('',*,*,#1277,.F.);
#1950=ORIENTED_EDGE('',*,*,#1354,.F.);
#1951=ORIENTED_EDGE('',*,*,#1358,.F.);
#1952=ORIENTED_EDGE('',*,*,#1330,.T.);
#1953=ORIENTED_EDGE('',*,*,#1331,.T.);
#1954=ORIENTED_EDGE('',*,*,#1358,.T.);
#1955=ORIENTED_EDGE('',*,*,#1353,.F.);
#1956=ORIENTED_EDGE('',*,*,#1285,.F.);
#1957=ORIENTED_EDGE('',*,*,#1315,.F.);
#1958=ORIENTED_EDGE('',*,*,#1203,.T.);
#1959=ORIENTED_EDGE('',*,*,#1326,.F.);
#1960=ORIENTED_EDGE('',*,*,#1323,.T.);
#1961=ORIENTED_EDGE('',*,*,#1334,.F.);
#1962=ORIENTED_EDGE('',*,*,#1213,.T.);
#1963=ORIENTED_EDGE('',*,*,#1335,.F.);
#1964=ORIENTED_EDGE('',*,*,#1236,.T.);
#1965=ORIENTED_EDGE('',*,*,#1359,.T.);
#1966=ORIENTED_EDGE('',*,*,#1360,.T.);
#1967=ORIENTED_EDGE('',*,*,#1361,.F.);
#1968=ORIENTED_EDGE('',*,*,#1360,.F.);
#1969=ORIENTED_EDGE('',*,*,#1361,.T.);
#1970=ORIENTED_EDGE('',*,*,#1359,.F.);
#1971=ORIENTED_EDGE('',*,*,#1362,.T.);
#1972=ORIENTED_EDGE('',*,*,#1363,.T.);
#1973=ORIENTED_EDGE('',*,*,#1364,.F.);
#1974=ORIENTED_EDGE('',*,*,#1363,.F.);
#1975=ORIENTED_EDGE('',*,*,#1364,.T.);
#1976=ORIENTED_EDGE('',*,*,#1362,.F.);
#1977=PLANE('',#2175);
#1978=PLANE('',#2176);
#1979=PLANE('',#2177);
#1980=PLANE('',#2178);
#1981=PLANE('',#2182);
#1982=PLANE('',#2187);
#1983=PLANE('',#2192);
#1984=PLANE('',#2197);
#1985=PLANE('',#2207);
#1986=PLANE('',#2208);
#1987=PLANE('',#2209);
#1988=PLANE('',#2210);
#1989=PLANE('',#2211);
#1990=PLANE('',#2212);
#1991=PLANE('',#2213);
#1992=PLANE('',#2214);
#1993=PLANE('',#2215);
#1994=PLANE('',#2216);
#1995=PLANE('',#2220);
#1996=PLANE('',#2221);
#1997=PLANE('',#2222);
#1998=PLANE('',#2223);
#1999=PLANE('',#2224);
#2000=PLANE('',#2225);
#2001=PLANE('',#2226);
#2002=PLANE('',#2227);
#2003=PLANE('',#2228);
#2004=PLANE('',#2229);
#2005=PLANE('',#2230);
#2006=PLANE('',#2231);
#2007=PLANE('',#2232);
#2008=PLANE('',#2236);
#2009=PLANE('',#2237);
#2010=PLANE('',#2238);
#2011=PLANE('',#2239);
#2012=PLANE('',#2242);
#2013=PLANE('',#2245);
#2014=PLANE('',#2248);
#2015=PLANE('',#2251);
#2016=PLANE('',#2252);
#2017=PLANE('',#2255);
#2018=PLANE('',#2258);
#2019=PLANE('',#2262);
#2020=PLANE('',#2266);
#2021=PLANE('',#2270);
#2022=PLANE('',#2274);
#2023=PLANE('',#2278);
#2024=PLANE('',#2282);
#2025=PLANE('',#2286);
#2026=PLANE('',#2290);
#2027=PLANE('',#2293);
#2028=PLANE('',#2294);
#2029=PLANE('',#2297);
#2030=PLANE('',#2300);
#2031=PLANE('',#2301);
#2032=PLANE('',#2302);
#2033=PLANE('',#2303);
#2034=PLANE('',#2304);
#2035=PLANE('',#2305);
#2036=PLANE('',#2306);
#2037=PLANE('',#2307);
#2038=PLANE('',#2308);
#2039=PLANE('',#2309);
#2040=PLANE('',#2310);
#2041=PLANE('',#2311);
#2042=PLANE('',#2312);
#2043=PLANE('',#2313);
#2044=PLANE('',#2314);
#2045=PLANE('',#2315);
#2046=PLANE('',#2316);
#2047=PLANE('',#2317);
#2048=PLANE('',#2318);
#2049=PLANE('',#2319);
#2050=PLANE('',#2320);
#2051=PLANE('',#2323);
#2052=PLANE('',#2324);
#2053=PLANE('',#2327);
#2054=PLANE('',#2328);
#2055=ADVANCED_FACE('',(#121),#1977,.F.);
#2056=ADVANCED_FACE('',(#122),#1978,.F.);
#2057=ADVANCED_FACE('',(#123),#1979,.F.);
#2058=ADVANCED_FACE('',(#124),#1980,.F.);
#2059=ADVANCED_FACE('',(#125),#97,.F.);
#2060=ADVANCED_FACE('',(#126,#23),#1981,.T.);
#2061=ADVANCED_FACE('',(#127),#98,.F.);
#2062=ADVANCED_FACE('',(#128,#24),#1982,.T.);
#2063=ADVANCED_FACE('',(#129),#99,.F.);
#2064=ADVANCED_FACE('',(#130,#25),#1983,.T.);
#2065=ADVANCED_FACE('',(#131),#100,.F.);
#2066=ADVANCED_FACE('',(#132,#26),#1984,.T.);
#2067=ADVANCED_FACE('',(#133),#101,.F.);
#2068=ADVANCED_FACE('',(#134),#102,.F.);
#2069=ADVANCED_FACE('',(#135),#103,.F.);
#2070=ADVANCED_FACE('',(#136),#104,.F.);
#2071=ADVANCED_FACE('',(#137),#1985,.F.);
#2072=ADVANCED_FACE('',(#138),#1986,.F.);
#2073=ADVANCED_FACE('',(#139),#1987,.F.);
#2074=ADVANCED_FACE('',(#140),#1988,.F.);
#2075=ADVANCED_FACE('',(#141),#1989,.F.);
#2076=ADVANCED_FACE('',(#142),#1990,.F.);
#2077=ADVANCED_FACE('',(#143),#1991,.F.);
#2078=ADVANCED_FACE('',(#144),#1992,.F.);
#2079=ADVANCED_FACE('',(#145),#1993,.F.);
#2080=ADVANCED_FACE('',(#146),#1994,.F.);
#2081=ADVANCED_FACE('',(#147),#105,.F.);
#2082=ADVANCED_FACE('',(#148),#1995,.F.);
#2083=ADVANCED_FACE('',(#149),#1996,.F.);
#2084=ADVANCED_FACE('',(#150),#1997,.F.);
#2085=ADVANCED_FACE('',(#151),#1998,.F.);
#2086=ADVANCED_FACE('',(#152),#1999,.F.);
#2087=ADVANCED_FACE('',(#153),#2000,.F.);
#2088=ADVANCED_FACE('',(#154),#2001,.F.);
#2089=ADVANCED_FACE('',(#155),#2002,.F.);
#2090=ADVANCED_FACE('',(#156),#2003,.F.);
#2091=ADVANCED_FACE('',(#157),#2004,.F.);
#2092=ADVANCED_FACE('',(#158),#2005,.F.);
#2093=ADVANCED_FACE('',(#159),#2006,.F.);
#2094=ADVANCED_FACE('',(#160),#2007,.F.);
#2095=ADVANCED_FACE('',(#161),#106,.F.);
#2096=ADVANCED_FACE('',(#162),#2008,.F.);
#2097=ADVANCED_FACE('',(#163),#2009,.F.);
#2098=ADVANCED_FACE('',(#164),#2010,.F.);
#2099=ADVANCED_FACE('',(#165,#27,#28,#29),#2011,.T.);
#2100=ADVANCED_FACE('',(#166,#30,#31),#2012,.F.);
#2101=ADVANCED_FACE('',(#167),#2013,.F.);
#2102=ADVANCED_FACE('',(#168,#32,#33),#2014,.T.);
#2103=ADVANCED_FACE('',(#169,#34),#2015,.T.);
#2104=ADVANCED_FACE('',(#170,#35,#36,#37,#38,#39,#40),#2016,.F.);
#2105=ADVANCED_FACE('',(#171),#107,.F.);
#2106=ADVANCED_FACE('',(#172),#2017,.T.);
#2107=ADVANCED_FACE('',(#173),#108,.F.);
#2108=ADVANCED_FACE('',(#174),#2018,.T.);
#2109=ADVANCED_FACE('',(#175),#109,.F.);
#2110=ADVANCED_FACE('',(#176),#2019,.T.);
#2111=ADVANCED_FACE('',(#177),#110,.F.);
#2112=ADVANCED_FACE('',(#178),#2020,.T.);
#2113=ADVANCED_FACE('',(#179),#111,.F.);
#2114=ADVANCED_FACE('',(#180),#2021,.T.);
#2115=ADVANCED_FACE('',(#181),#112,.F.);
#2116=ADVANCED_FACE('',(#182),#2022,.T.);
#2117=ADVANCED_FACE('',(#183),#113,.F.);
#2118=ADVANCED_FACE('',(#184),#2023,.T.);
#2119=ADVANCED_FACE('',(#185),#114,.F.);
#2120=ADVANCED_FACE('',(#186),#2024,.T.);
#2121=ADVANCED_FACE('',(#187),#115,.F.);
#2122=ADVANCED_FACE('',(#188),#2025,.T.);
#2123=ADVANCED_FACE('',(#189),#116,.F.);
#2124=ADVANCED_FACE('',(#190),#2026,.T.);
#2125=ADVANCED_FACE('',(#191),#117,.T.);
#2126=ADVANCED_FACE('',(#192),#2027,.F.);
#2127=ADVANCED_FACE('',(#193,#41,#42,#43),#2028,.F.);
#2128=ADVANCED_FACE('',(#194),#118,.T.);
#2129=ADVANCED_FACE('',(#195),#2029,.T.);
#2130=ADVANCED_FACE('',(#196),#119,.T.);
#2131=ADVANCED_FACE('',(#197),#120,.T.);
#2132=ADVANCED_FACE('',(#198),#2030,.T.);
#2133=ADVANCED_FACE('',(#199),#2031,.T.);
#2134=ADVANCED_FACE('',(#200),#2032,.T.);
#2135=ADVANCED_FACE('',(#201),#2033,.T.);
#2136=ADVANCED_FACE('',(#202),#2034,.T.);
#2137=ADVANCED_FACE('',(#203),#2035,.T.);
#2138=ADVANCED_FACE('',(#204),#2036,.T.);
#2139=ADVANCED_FACE('',(#205),#2037,.T.);
#2140=ADVANCED_FACE('',(#206),#2038,.T.);
#2141=ADVANCED_FACE('',(#207),#2039,.T.);
#2142=ADVANCED_FACE('',(#208),#2040,.T.);
#2143=ADVANCED_FACE('',(#209),#2041,.T.);
#2144=ADVANCED_FACE('',(#210,#44),#2042,.T.);
#2145=ADVANCED_FACE('',(#211),#2043,.T.);
#2146=ADVANCED_FACE('',(#212),#2044,.T.);
#2147=ADVANCED_FACE('',(#213),#2045,.T.);
#2148=ADVANCED_FACE('',(#214),#2046,.T.);
#2149=ADVANCED_FACE('',(#215),#2047,.T.);
#2150=ADVANCED_FACE('',(#216),#2048,.T.);
#2151=ADVANCED_FACE('',(#217),#2049,.T.);
#2152=ADVANCED_FACE('',(#218),#2050,.T.);
#2153=ADVANCED_FACE('',(#219),#15,.T.);
#2154=ADVANCED_FACE('',(#220),#2051,.T.);
#2155=ADVANCED_FACE('',(#221),#2052,.F.);
#2156=ADVANCED_FACE('',(#222),#16,.T.);
#2157=ADVANCED_FACE('',(#223),#2053,.T.);
#2158=ADVANCED_FACE('',(#224),#2054,.F.);
#2159=CLOSED_SHELL('',(#2055,#2056,#2057,#2058,#2059,#2060,#2061,#2062,
#2063,#2064,#2065,#2066,#2067,#2068,#2069,#2070,#2071,#2072,#2073,#2074,
#2075,#2076,#2077,#2078,#2079,#2080,#2081,#2082,#2083,#2084,#2085,#2086,
#2087,#2088,#2089,#2090,#2091,#2092,#2093,#2094,#2095,#2096,#2097,#2098,
#2099,#2100,#2101,#2102,#2103,#2104,#2105,#2106,#2107,#2108,#2109,#2110,
#2111,#2112,#2113,#2114,#2115,#2116,#2117,#2118,#2119,#2120,#2121,#2122,
#2123,#2124,#2125,#2126,#2127,#2128,#2129,#2130,#2131,#2132,#2133,#2134,
#2135,#2136,#2137,#2138,#2139,#2140,#2141,#2142,#2143,#2144,#2145,#2146,
#2147,#2148,#2149,#2150,#2151,#2152));
#2160=CLOSED_SHELL('',(#2153,#2154,#2155));
#2161=CLOSED_SHELL('',(#2156,#2157,#2158));
#2162=DERIVED_UNIT_ELEMENT(#2164,1.);
#2163=DERIVED_UNIT_ELEMENT(#4755,-3.);
#2164=(
MASS_UNIT()
NAMED_UNIT(*)
SI_UNIT(.KILO.,.GRAM.)
);
#2165=DERIVED_UNIT((#2162,#2163));
#2166=MEASURE_REPRESENTATION_ITEM('density measure',
POSITIVE_RATIO_MEASURE(7850.),#2165);
#2167=PROPERTY_DEFINITION_REPRESENTATION(#2172,#2169);
#2168=PROPERTY_DEFINITION_REPRESENTATION(#2173,#2170);
#2169=REPRESENTATION('material name',(#2171),#4752);
#2170=REPRESENTATION('density',(#2166),#4752);
#2171=DESCRIPTIVE_REPRESENTATION_ITEM('Steel','Steel');
#2172=PROPERTY_DEFINITION('material property','material name',#4762);
#2173=PROPERTY_DEFINITION('material property','density of part',#4762);
#2174=AXIS2_PLACEMENT_3D('',#2891,#2329,#2330);
#2175=AXIS2_PLACEMENT_3D('',#2892,#2331,#2332);
#2176=AXIS2_PLACEMENT_3D('',#2901,#2337,#2338);
#2177=AXIS2_PLACEMENT_3D('',#2907,#2342,#2343);
#2178=AXIS2_PLACEMENT_3D('',#2913,#2347,#2348);
#2179=AXIS2_PLACEMENT_3D('',#2916,#2351,#2352);
#2180=AXIS2_PLACEMENT_3D('',#2918,#2353,#2354);
#2181=AXIS2_PLACEMENT_3D('',#2921,#2356,#2357);
#2182=AXIS2_PLACEMENT_3D('',#2922,#2358,#2359);
#2183=AXIS2_PLACEMENT_3D('',#2924,#2360,#2361);
#2184=AXIS2_PLACEMENT_3D('',#2925,#2362,#2363);
#2185=AXIS2_PLACEMENT_3D('',#2927,#2364,#2365);
#2186=AXIS2_PLACEMENT_3D('',#2930,#2367,#2368);
#2187=AXIS2_PLACEMENT_3D('',#2931,#2369,#2370);
#2188=AXIS2_PLACEMENT_3D('',#2933,#2371,#2372);
#2189=AXIS2_PLACEMENT_3D('',#2934,#2373,#2374);
#2190=AXIS2_PLACEMENT_3D('',#2936,#2375,#2376);
#2191=AXIS2_PLACEMENT_3D('',#2939,#2378,#2379);
#2192=AXIS2_PLACEMENT_3D('',#2940,#2380,#2381);
#2193=AXIS2_PLACEMENT_3D('',#2942,#2382,#2383);
#2194=AXIS2_PLACEMENT_3D('',#2943,#2384,#2385);
#2195=AXIS2_PLACEMENT_3D('',#2945,#2386,#2387);
#2196=AXIS2_PLACEMENT_3D('',#2948,#2389,#2390);
#2197=AXIS2_PLACEMENT_3D('',#2949,#2391,#2392);
#2198=AXIS2_PLACEMENT_3D('',#2951,#2393,#2394);
#2199=AXIS2_PLACEMENT_3D('',#2952,#2395,#2396);
#2200=AXIS2_PLACEMENT_3D('',#2954,#2397,#2398);
#2201=AXIS2_PLACEMENT_3D('',#2956,#2400,#2401);
#2202=AXIS2_PLACEMENT_3D('',#2959,#2403,#2404);
#2203=AXIS2_PLACEMENT_3D('',#2960,#2405,#2406);
#2204=AXIS2_PLACEMENT_3D('',#2962,#2407,#2408);
#2205=AXIS2_PLACEMENT_3D('',#2964,#2410,#2411);
#2206=AXIS2_PLACEMENT_3D('',#2967,#2413,#2414);
#2207=AXIS2_PLACEMENT_3D('',#2968,#2415,#2416);
#2208=AXIS2_PLACEMENT_3D('',#2981,#2423,#2424);
#2209=AXIS2_PLACEMENT_3D('',#2987,#2428,#2429);
#2210=AXIS2_PLACEMENT_3D('',#2991,#2432,#2433);
#2211=AXIS2_PLACEMENT_3D('',#2999,#2438,#2439);
#2212=AXIS2_PLACEMENT_3D('',#3002,#2442,#2443);
#2213=AXIS2_PLACEMENT_3D('',#3015,#2450,#2451);
#2214=AXIS2_PLACEMENT_3D('',#3021,#2455,#2456);
#2215=AXIS2_PLACEMENT_3D('',#3025,#2459,#2460);
#2216=AXIS2_PLACEMENT_3D('',#3033,#2465,#2466);
#2217=AXIS2_PLACEMENT_3D('',#3036,#2469,#2470);
#2218=AXIS2_PLACEMENT_3D('',#3038,#2471,#2472);
#2219=AXIS2_PLACEMENT_3D('',#3041,#2474,#2475);
#2220=AXIS2_PLACEMENT_3D('',#3042,#2476,#2477);
#2221=AXIS2_PLACEMENT_3D('',#3051,#2482,#2483);
#2222=AXIS2_PLACEMENT_3D('',#3061,#2489,#2490);
#2223=AXIS2_PLACEMENT_3D('',#3067,#2494,#2495);
#2224=AXIS2_PLACEMENT_3D('',#3080,#2502,#2503);
#2225=AXIS2_PLACEMENT_3D('',#3086,#2507,#2508);
#2226=AXIS2_PLACEMENT_3D('',#3092,#2512,#2513);
#2227=AXIS2_PLACEMENT_3D('',#3096,#2516,#2517);
#2228=AXIS2_PLACEMENT_3D('',#3101,#2521,#2522);
#2229=AXIS2_PLACEMENT_3D('',#3114,#2529,#2530);
#2230=AXIS2_PLACEMENT_3D('',#3120,#2534,#2535);
#2231=AXIS2_PLACEMENT_3D('',#3124,#2538,#2539);
#2232=AXIS2_PLACEMENT_3D('',#3132,#2544,#2545);
#2233=AXIS2_PLACEMENT_3D('',#3135,#2548,#2549);
#2234=AXIS2_PLACEMENT_3D('',#3137,#2550,#2551);
#2235=AXIS2_PLACEMENT_3D('',#3140,#2553,#2554);
#2236=AXIS2_PLACEMENT_3D('',#3141,#2555,#2556);
#2237=AXIS2_PLACEMENT_3D('',#3150,#2561,#2562);
#2238=AXIS2_PLACEMENT_3D('',#3159,#2567,#2568);
#2239=AXIS2_PLACEMENT_3D('',#3166,#2573,#2574);
#2240=AXIS2_PLACEMENT_3D('',#3185,#2584,#2585);
#2241=AXIS2_PLACEMENT_3D('',#3189,#2587,#2588);
#2242=AXIS2_PLACEMENT_3D('',#3197,#2593,#2594);
#2243=AXIS2_PLACEMENT_3D('',#3205,#2598,#2599);
#2244=AXIS2_PLACEMENT_3D('',#3209,#2601,#2602);
#2245=AXIS2_PLACEMENT_3D('',#3216,#2607,#2608);
#2246=AXIS2_PLACEMENT_3D('',#3225,#2613,#2614);
#2247=AXIS2_PLACEMENT_3D('',#3229,#2616,#2617);
#2248=AXIS2_PLACEMENT_3D('',#3238,#2623,#2624);
#2249=AXIS2_PLACEMENT_3D('',#3248,#2629,#2630);
#2250=AXIS2_PLACEMENT_3D('',#3252,#2632,#2633);
#2251=AXIS2_PLACEMENT_3D('',#3265,#2642,#2643);
#2252=AXIS2_PLACEMENT_3D('',#3268,#2646,#2647);
#2253=AXIS2_PLACEMENT_3D('',#3275,#2652,#2653);
#2254=AXIS2_PLACEMENT_3D('',#3279,#2655,#2656);
#2255=AXIS2_PLACEMENT_3D('',#3281,#2658,#2659);
#2256=AXIS2_PLACEMENT_3D('',#3285,#2662,#2663);
#2257=AXIS2_PLACEMENT_3D('',#3288,#2665,#2666);
#2258=AXIS2_PLACEMENT_3D('',#3289,#2667,#2668);
#2259=AXIS2_PLACEMENT_3D('',#3293,#2671,#2672);
#2260=AXIS2_PLACEMENT_3D('',#3296,#2673,#2674);
#2261=AXIS2_PLACEMENT_3D('',#3300,#2676,#2677);
#2262=AXIS2_PLACEMENT_3D('',#3302,#2679,#2680);
#2263=AXIS2_PLACEMENT_3D('',#3305,#2683,#2684);
#2264=AXIS2_PLACEMENT_3D('',#3308,#2685,#2686);
#2265=AXIS2_PLACEMENT_3D('',#3312,#2688,#2689);
#2266=AXIS2_PLACEMENT_3D('',#3314,#2691,#2692);
#2267=AXIS2_PLACEMENT_3D('',#3320,#2696,#2697);
#2268=AXIS2_PLACEMENT_3D('',#3323,#2698,#2699);
#2269=AXIS2_PLACEMENT_3D('',#3327,#2701,#2702);
#2270=AXIS2_PLACEMENT_3D('',#3329,#2704,#2705);
#2271=AXIS2_PLACEMENT_3D('',#3332,#2708,#2709);
#2272=AXIS2_PLACEMENT_3D('',#3335,#2710,#2711);
#2273=AXIS2_PLACEMENT_3D('',#3339,#2713,#2714);
#2274=AXIS2_PLACEMENT_3D('',#3341,#2716,#2717);
#2275=AXIS2_PLACEMENT_3D('',#3347,#2721,#2722);
#2276=AXIS2_PLACEMENT_3D('',#3350,#2723,#2724);
#2277=AXIS2_PLACEMENT_3D('',#3354,#2726,#2727);
#2278=AXIS2_PLACEMENT_3D('',#3356,#2729,#2730);
#2279=AXIS2_PLACEMENT_3D('',#3359,#2733,#2734);
#2280=AXIS2_PLACEMENT_3D('',#3362,#2735,#2736);
#2281=AXIS2_PLACEMENT_3D('',#3366,#2738,#2739);
#2282=AXIS2_PLACEMENT_3D('',#3368,#2741,#2742);
#2283=AXIS2_PLACEMENT_3D('',#3374,#2746,#2747);
#2284=AXIS2_PLACEMENT_3D('',#3377,#2748,#2749);
#2285=AXIS2_PLACEMENT_3D('',#3381,#2751,#2752);
#2286=AXIS2_PLACEMENT_3D('',#3383,#2754,#2755);
#2287=AXIS2_PLACEMENT_3D('',#3386,#2758,#2759);
#2288=AXIS2_PLACEMENT_3D('',#3389,#2760,#2761);
#2289=AXIS2_PLACEMENT_3D('',#3393,#2763,#2764);
#2290=AXIS2_PLACEMENT_3D('',#3395,#2766,#2767);
#2291=AXIS2_PLACEMENT_3D('',#3401,#2771,#2772);
#2292=AXIS2_PLACEMENT_3D('',#3404,#2773,#2774);
#2293=AXIS2_PLACEMENT_3D('',#3407,#2777,#2778);
#2294=AXIS2_PLACEMENT_3D('',#3417,#2786,#2787);
#2295=AXIS2_PLACEMENT_3D('',#3421,#2789,#2790);
#2296=AXIS2_PLACEMENT_3D('',#3423,#2792,#2793);
#2297=AXIS2_PLACEMENT_3D('',#3426,#2796,#2797);
#2298=AXIS2_PLACEMENT_3D('',#3435,#2804,#2805);
#2299=AXIS2_PLACEMENT_3D('',#3437,#2807,#2808);
#2300=AXIS2_PLACEMENT_3D('',#3439,#2810,#2811);
#2301=AXIS2_PLACEMENT_3D('',#3441,#2813,#2814);
#2302=AXIS2_PLACEMENT_3D('',#3445,#2817,#2818);
#2303=AXIS2_PLACEMENT_3D('',#3449,#2821,#2822);
#2304=AXIS2_PLACEMENT_3D('',#3453,#2825,#2826);
#2305=AXIS2_PLACEMENT_3D('',#3455,#2828,#2829);
#2306=AXIS2_PLACEMENT_3D('',#3456,#2830,#2831);
#2307=AXIS2_PLACEMENT_3D('',#3465,#2838,#2839);
#2308=AXIS2_PLACEMENT_3D('',#3467,#2841,#2842);
#2309=AXIS2_PLACEMENT_3D('',#3468,#2843,#2844);
#2310=AXIS2_PLACEMENT_3D('',#3470,#2846,#2847);
#2311=AXIS2_PLACEMENT_3D('',#3471,#2848,#2849);
#2312=AXIS2_PLACEMENT_3D('',#3472,#2850,#2851);
#2313=AXIS2_PLACEMENT_3D('',#3473,#2852,#2853);
#2314=AXIS2_PLACEMENT_3D('',#3481,#2859,#2860);
#2315=AXIS2_PLACEMENT_3D('',#3482,#2861,#2862);
#2316=AXIS2_PLACEMENT_3D('',#3484,#2864,#2865);
#2317=AXIS2_PLACEMENT_3D('',#3485,#2866,#2867);
#2318=AXIS2_PLACEMENT_3D('',#3487,#2869,#2870);
#2319=AXIS2_PLACEMENT_3D('',#3488,#2871,#2872);
#2320=AXIS2_PLACEMENT_3D('',#3489,#2873,#2874);
#2321=AXIS2_PLACEMENT_3D('',#4096,#2875,#2876);
#2322=AXIS2_PLACEMENT_3D('',#4153,#2877,#2878);
#2323=AXIS2_PLACEMENT_3D('',#4154,#2879,#2880);
#2324=AXIS2_PLACEMENT_3D('',#4155,#2881,#2882);
#2325=AXIS2_PLACEMENT_3D('',#4696,#2883,#2884);
#2326=AXIS2_PLACEMENT_3D('',#4747,#2885,#2886);
#2327=AXIS2_PLACEMENT_3D('',#4748,#2887,#2888);
#2328=AXIS2_PLACEMENT_3D('',#4749,#2889,#2890);
#2329=DIRECTION('axis',(0.,0.,1.));
#2330=DIRECTION('refdir',(1.,0.,0.));
#2331=DIRECTION('center_axis',(-1.,0.,0.));
#2332=DIRECTION('ref_axis',(0.,-2.96758176159931E-48,1.));
#2333=DIRECTION('',(0.,0.,1.));
#2334=DIRECTION('',(0.,1.,0.));
#2335=DIRECTION('',(0.,0.,-1.));
#2336=DIRECTION('',(0.,1.,0.));
#2337=DIRECTION('center_axis',(0.,0.,-1.));
#2338=DIRECTION('ref_axis',(-1.,0.,0.));
#2339=DIRECTION('',(-1.,7.65671051465625E-17,0.));
#2340=DIRECTION('',(0.,1.,0.));
#2341=DIRECTION('',(1.,-7.65671051465625E-17,0.));
#2342=DIRECTION('center_axis',(1.,0.,0.));
#2343=DIRECTION('ref_axis',(0.,0.,-1.));
#2344=DIRECTION('',(0.,0.,-1.));
#2345=DIRECTION('',(0.,1.,0.));
#2346=DIRECTION('',(0.,0.,1.));
#2347=DIRECTION('center_axis',(0.,0.,1.));
#2348=DIRECTION('ref_axis',(1.,5.93516352319862E-48,0.));
#2349=DIRECTION('',(1.,-7.65671051465625E-17,0.));
#2350=DIRECTION('',(-1.,7.65671051465625E-17,0.));
#2351=DIRECTION('center_axis',(0.,-1.,0.));
#2352=DIRECTION('ref_axis',(-1.,0.,0.));
#2353=DIRECTION('center_axis',(-7.65671051465625E-17,-1.,0.));
#2354=DIRECTION('ref_axis',(-1.,0.,0.));
#2355=DIRECTION('',(0.,-1.,0.));
#2356=DIRECTION('center_axis',(0.,-1.,0.));
#2357=DIRECTION('ref_axis',(-1.,0.,0.));
#2358=DIRECTION('center_axis',(0.,1.,0.));
#2359=DIRECTION('ref_axis',(-1.,0.,0.));
#2360=DIRECTION('center_axis',(0.,1.,0.));
#2361=DIRECTION('ref_axis',(1.,0.,0.));
#2362=DIRECTION('center_axis',(0.,-1.,0.));
#2363=DIRECTION('ref_axis',(-1.,0.,0.));
#2364=DIRECTION('center_axis',(-7.65671051465625E-17,-1.,0.));
#2365=DIRECTION('ref_axis',(-1.,0.,0.));
#2366=DIRECTION('',(0.,-1.,0.));
#2367=DIRECTION('center_axis',(0.,-1.,0.));
#2368=DIRECTION('ref_axis',(-1.,0.,0.));
#2369=DIRECTION('center_axis',(0.,1.,0.));
#2370=DIRECTION('ref_axis',(-1.,0.,0.));
#2371=DIRECTION('center_axis',(0.,1.,0.));
#2372=DIRECTION('ref_axis',(1.,0.,0.));
#2373=DIRECTION('center_axis',(0.,1.,0.));
#2374=DIRECTION('ref_axis',(1.,0.,0.));
#2375=DIRECTION('center_axis',(7.65671051465625E-17,1.,0.));
#2376=DIRECTION('ref_axis',(1.,0.,0.));
#2377=DIRECTION('',(0.,1.,0.));
#2378=DIRECTION('center_axis',(0.,1.,0.));
#2379=DIRECTION('ref_axis',(1.,0.,0.));
#2380=DIRECTION('center_axis',(0.,-1.,0.));
#2381=DIRECTION('ref_axis',(1.,0.,0.));
#2382=DIRECTION('center_axis',(0.,-1.,0.));
#2383=DIRECTION('ref_axis',(1.,0.,0.));
#2384=DIRECTION('center_axis',(0.,1.,0.));
#2385=DIRECTION('ref_axis',(1.,0.,0.));
#2386=DIRECTION('center_axis',(7.65671051465625E-17,1.,0.));
#2387=DIRECTION('ref_axis',(1.,0.,0.));
#2388=DIRECTION('',(0.,1.,0.));
#2389=DIRECTION('center_axis',(0.,1.,0.));
#2390=DIRECTION('ref_axis',(1.,0.,0.));
#2391=DIRECTION('center_axis',(0.,-1.,0.));
#2392=DIRECTION('ref_axis',(1.,0.,0.));
#2393=DIRECTION('center_axis',(0.,-1.,0.));
#2394=DIRECTION('ref_axis',(1.,0.,0.));
#2395=DIRECTION('center_axis',(0.,1.,0.));
#2396=DIRECTION('ref_axis',(1.,0.,0.));
#2397=DIRECTION('center_axis',(7.65671051465625E-17,1.,0.));
#2398=DIRECTION('ref_axis',(1.,0.,0.));
#2399=DIRECTION('',(0.,1.,0.));
#2400=DIRECTION('center_axis',(0.,1.,0.));
#2401=DIRECTION('ref_axis',(1.,0.,0.));
#2402=DIRECTION('',(0.,1.,0.));
#2403=DIRECTION('center_axis',(-7.65671051465625E-17,-1.,0.));
#2404=DIRECTION('ref_axis',(1.,0.,0.));
#2405=DIRECTION('center_axis',(0.,1.,0.));
#2406=DIRECTION('ref_axis',(1.,0.,0.));
#2407=DIRECTION('center_axis',(7.65671051465625E-17,1.,0.));
#2408=DIRECTION('ref_axis',(1.,0.,0.));
#2409=DIRECTION('',(0.,1.,0.));
#2410=DIRECTION('center_axis',(0.,1.,0.));
#2411=DIRECTION('ref_axis',(1.,0.,0.));
#2412=DIRECTION('',(0.,1.,0.));
#2413=DIRECTION('center_axis',(-7.65671051465625E-17,-1.,0.));
#2414=DIRECTION('ref_axis',(1.,0.,0.));
#2415=DIRECTION('center_axis',(-1.,0.,0.));
#2416=DIRECTION('ref_axis',(0.,-1.,0.));
#2417=DIRECTION('',(0.,1.,0.));
#2418=DIRECTION('',(0.,0.,1.));
#2419=DIRECTION('',(0.,-1.,0.));
#2420=DIRECTION('',(0.,0.,1.));
#2421=DIRECTION('',(0.,-1.,0.));
#2422=DIRECTION('',(0.,0.,1.));
#2423=DIRECTION('center_axis',(0.,0.,1.));
#2424=DIRECTION('ref_axis',(1.,0.,0.));
#2425=DIRECTION('',(1.,-7.65671051465625E-17,0.));
#2426=DIRECTION('',(-1.,0.,0.));
#2427=DIRECTION('',(0.,1.,0.));
#2428=DIRECTION('center_axis',(0.,1.,0.));
#2429=DIRECTION('ref_axis',(-1.,0.,0.));
#2430=DIRECTION('',(-1.,0.,0.));
#2431=DIRECTION('',(0.,0.,1.));
#2432=DIRECTION('center_axis',(1.,0.,0.));
#2433=DIRECTION('ref_axis',(0.,1.,0.));
#2434=DIRECTION('',(0.,-1.,0.));
#2435=DIRECTION('',(0.,0.,-1.));
#2436=DIRECTION('',(0.,1.,0.));
#2437=DIRECTION('',(0.,0.,1.));
#2438=DIRECTION('center_axis',(0.,-1.,0.));
#2439=DIRECTION('ref_axis',(1.,0.,0.));
#2440=DIRECTION('',(-1.,0.,0.));
#2441=DIRECTION('',(1.,0.,0.));
#2442=DIRECTION('center_axis',(1.,0.,0.));
#2443=DIRECTION('ref_axis',(0.,1.,0.));
#2444=DIRECTION('',(0.,-1.,0.));
#2445=DIRECTION('',(0.,0.,1.));
#2446=DIRECTION('',(0.,1.,0.));
#2447=DIRECTION('',(0.,0.,1.));
#2448=DIRECTION('',(0.,1.,0.));
#2449=DIRECTION('',(0.,0.,1.));
#2450=DIRECTION('center_axis',(0.,0.,1.));
#2451=DIRECTION('ref_axis',(1.,0.,0.));
#2452=DIRECTION('',(-1.,7.65671051465625E-17,0.));
#2453=DIRECTION('',(1.,-1.61907524424502E-16,0.));
#2454=DIRECTION('',(0.,-1.,0.));
#2455=DIRECTION('center_axis',(-1.61907524424502E-16,-1.,0.));
#2456=DIRECTION('ref_axis',(1.,-1.61907524424502E-16,0.));
#2457=DIRECTION('',(1.,-1.61907524424502E-16,0.));
#2458=DIRECTION('',(0.,0.,1.));
#2459=DIRECTION('center_axis',(-1.,0.,0.));
#2460=DIRECTION('ref_axis',(0.,-1.,0.));
#2461=DIRECTION('',(0.,1.,0.));
#2462=DIRECTION('',(0.,0.,-1.));
#2463=DIRECTION('',(0.,-1.,0.));
#2464=DIRECTION('',(0.,0.,1.));
#2465=DIRECTION('center_axis',(1.85037170770859E-16,1.,0.));
#2466=DIRECTION('ref_axis',(-1.,1.85037170770859E-16,0.));
#2467=DIRECTION('',(1.,-1.85037170770859E-16,0.));
#2468=DIRECTION('',(-1.,1.85037170770859E-16,0.));
#2469=DIRECTION('center_axis',(0.,0.,1.));
#2470=DIRECTION('ref_axis',(1.,0.,0.));
#2471=DIRECTION('center_axis',(0.,0.,1.));
#2472=DIRECTION('ref_axis',(1.,0.,0.));
#2473=DIRECTION('',(0.,0.,1.));
#2474=DIRECTION('center_axis',(0.,0.,-1.));
#2475=DIRECTION('ref_axis',(1.,0.,0.));
#2476=DIRECTION('center_axis',(0.,-1.,0.));
#2477=DIRECTION('ref_axis',(1.,0.,0.));
#2478=DIRECTION('',(-1.,0.,0.));
#2479=DIRECTION('',(0.,0.,1.));
#2480=DIRECTION('',(1.,0.,0.));
#2481=DIRECTION('',(0.,0.,1.));
#2482=DIRECTION('center_axis',(-1.,0.,0.));
#2483=DIRECTION('ref_axis',(0.,-1.,0.));
#2484=DIRECTION('',(0.,1.,0.));
#2485=DIRECTION('',(0.,-1.,0.));
#2486=DIRECTION('',(0.,0.,-1.));
#2487=DIRECTION('',(0.,-1.,0.));
#2488=DIRECTION('',(0.,0.,1.));
#2489=DIRECTION('center_axis',(0.,0.,1.));
#2490=DIRECTION('ref_axis',(1.,0.,0.));
#2491=DIRECTION('',(1.,-7.65671051465625E-17,0.));
#2492=DIRECTION('',(-1.,7.65671051465625E-17,0.));
#2493=DIRECTION('',(0.,1.,0.));
#2494=DIRECTION('center_axis',(-1.,0.,0.));
#2495=DIRECTION('ref_axis',(0.,-1.,0.));
#2496=DIRECTION('',(0.,1.,0.));
#2497=DIRECTION('',(0.,0.,1.));
#2498=DIRECTION('',(0.,-1.,0.));
#2499=DIRECTION('',(0.,0.,1.));
#2500=DIRECTION('',(0.,-1.,0.));
#2501=DIRECTION('',(0.,0.,1.));
#2502=DIRECTION('center_axis',(0.,0.,1.));
#2503=DIRECTION('ref_axis',(1.,0.,0.));
#2504=DIRECTION('',(1.,-7.65671051465625E-17,0.));
#2505=DIRECTION('',(-1.,0.,0.));
#2506=DIRECTION('',(0.,1.,0.));
#2507=DIRECTION('center_axis',(0.,-1.,0.));
#2508=DIRECTION('ref_axis',(1.,0.,0.));
#2509=DIRECTION('',(-1.,0.,0.));
#2510=DIRECTION('',(0.,0.,1.));
#2511=DIRECTION('',(1.,0.,0.));
#2512=DIRECTION('center_axis',(0.,1.,0.));
#2513=DIRECTION('ref_axis',(-1.,0.,0.));
#2514=DIRECTION('',(-1.,0.,0.));
#2515=DIRECTION('',(0.,0.,1.));
#2516=DIRECTION('center_axis',(1.,0.,0.));
#2517=DIRECTION('ref_axis',(0.,1.,0.));
#2518=DIRECTION('',(0.,-1.,0.));
#2519=DIRECTION('',(0.,0.,-1.));
#2520=DIRECTION('',(0.,1.,0.));
#2521=DIRECTION('center_axis',(1.,0.,0.));
#2522=DIRECTION('ref_axis',(0.,1.,0.));
#2523=DIRECTION('',(0.,-1.,0.));
#2524=DIRECTION('',(0.,0.,1.));
#2525=DIRECTION('',(0.,1.,0.));
#2526=DIRECTION('',(0.,0.,1.));
#2527=DIRECTION('',(0.,1.,0.));
#2528=DIRECTION('',(0.,0.,1.));
#2529=DIRECTION('center_axis',(0.,0.,1.));
#2530=DIRECTION('ref_axis',(1.,0.,0.));
#2531=DIRECTION('',(-1.,7.65671051465625E-17,0.));
#2532=DIRECTION('',(1.,0.,0.));
#2533=DIRECTION('',(0.,-1.,0.));
#2534=DIRECTION('center_axis',(0.,-1.,0.));
#2535=DIRECTION('ref_axis',(1.,0.,0.));
#2536=DIRECTION('',(1.,0.,0.));
#2537=DIRECTION('',(0.,0.,1.));
#2538=DIRECTION('center_axis',(-1.,0.,0.));
#2539=DIRECTION('ref_axis',(0.,-1.,0.));
#2540=DIRECTION('',(0.,1.,0.));
#2541=DIRECTION('',(0.,0.,-1.));
#2542=DIRECTION('',(0.,-1.,0.));
#2543=DIRECTION('',(0.,0.,1.));
#2544=DIRECTION('center_axis',(0.,1.,0.));
#2545=DIRECTION('ref_axis',(-1.,0.,0.));
#2546=DIRECTION('',(1.,0.,0.));
#2547=DIRECTION('',(-1.,0.,0.));
#2548=DIRECTION('center_axis',(0.,0.,1.));
#2549=DIRECTION('ref_axis',(1.,0.,0.));
#2550=DIRECTION('center_axis',(0.,0.,1.));
#2551=DIRECTION('ref_axis',(1.,0.,0.));
#2552=DIRECTION('',(0.,0.,1.));
#2553=DIRECTION('center_axis',(0.,0.,-1.));
#2554=DIRECTION('ref_axis',(1.,0.,0.));
#2555=DIRECTION('center_axis',(0.,0.,1.));
#2556=DIRECTION('ref_axis',(1.,0.,0.));
#2557=DIRECTION('',(1.,-7.65671051465625E-17,0.));
#2558=DIRECTION('',(0.,-1.,0.));
#2559=DIRECTION('',(-1.,7.65671051465625E-17,0.));
#2560=DIRECTION('',(0.,1.,0.));
#2561=DIRECTION('center_axis',(0.,-1.,0.));
#2562=DIRECTION('ref_axis',(1.,0.,0.));
#2563=DIRECTION('',(-1.,0.,0.));
#2564=DIRECTION('',(0.,0.,1.));
#2565=DIRECTION('',(1.,0.,0.));
#2566=DIRECTION('',(0.,0.,1.));
#2567=DIRECTION('center_axis',(1.,0.,0.));
#2568=DIRECTION('ref_axis',(0.,1.,0.));
#2569=DIRECTION('',(0.,-1.,0.));
#2570=DIRECTION('',(0.,0.,-1.));
#2571=DIRECTION('',(0.,0.,1.));
#2572=DIRECTION('',(0.,1.,0.));
#2573=DIRECTION('center_axis',(7.65671051465625E-17,1.,0.));
#2574=DIRECTION('ref_axis',(0.,0.,-1.));
#2575=DIRECTION('',(-1.,7.65671051465625E-17,0.));
#2576=DIRECTION('',(1.03274352184237E-34,-7.90741818263362E-51,1.));
#2577=DIRECTION('',(-1.,7.65671051465625E-17,1.23335415157808E-34));
#2578=DIRECTION('',(-1.23335415157808E-34,9.44343570068286E-51,-1.));
#2579=DIRECTION('',(-1.,7.65671051465625E-17,0.));
#2580=DIRECTION('',(-1.,7.65671051465625E-17,0.));
#2581=DIRECTION('',(0.,0.,1.));
#2582=DIRECTION('',(-1.,7.65671051465625E-17,0.));
#2583=DIRECTION('',(0.,0.,-1.));
#2584=DIRECTION('center_axis',(-7.65671051465625E-17,-1.,0.));
#2585=DIRECTION('ref_axis',(-0.707106781186548,0.,0.707106781186547));
#2586=DIRECTION('',(-1.,7.65671051465625E-17,0.));
#2587=DIRECTION('center_axis',(-7.65671051465625E-17,-1.,0.));
#2588=DIRECTION('ref_axis',(0.707106781186548,0.,0.707106781186547));
#2589=DIRECTION('',(0.,0.,1.));
#2590=DIRECTION('',(-1.,7.65671051465625E-17,-1.72249427608694E-32));
#2591=DIRECTION('',(-1.23335415157808E-34,9.44343570068286E-51,-1.));
#2592=DIRECTION('',(-1.,7.65671051465625E-17,0.));
#2593=DIRECTION('center_axis',(-7.65671051465625E-17,-1.,0.));
#2594=DIRECTION('ref_axis',(0.,0.,1.));
#2595=DIRECTION('',(0.,0.,1.));
#2596=DIRECTION('',(1.,-7.65671051465625E-17,0.));
#2597=DIRECTION('',(0.,0.,-1.));
#2598=DIRECTION('center_axis',(-7.65671051465625E-17,-1.,0.));
#2599=DIRECTION('ref_axis',(-0.707106781186548,0.,0.707106781186547));
#2600=DIRECTION('',(-1.,7.65671051465625E-17,0.));
#2601=DIRECTION('center_axis',(-7.65671051465625E-17,-1.,0.));
#2602=DIRECTION('ref_axis',(0.707106781186548,0.,0.707106781186547));
#2603=DIRECTION('',(0.,0.,-1.));
#2604=DIRECTION('',(1.,-7.65671051465625E-17,0.));
#2605=DIRECTION('',(0.,0.,-1.));
#2606=DIRECTION('',(1.,-7.65671051465625E-17,0.));
#2607=DIRECTION('center_axis',(-1.,-2.6485909743726E-34,1.03274352184237E-34));
#2608=DIRECTION('ref_axis',(2.6485909743726E-34,-1.,7.38148656842953E-68));
#2609=DIRECTION('',(0.,-1.,0.));
#2610=DIRECTION('',(-1.03274352184237E-34,7.90741818263362E-51,-1.));
#2611=DIRECTION('',(0.,-1.,-2.22044604925031E-15));
#2612=DIRECTION('',(0.,-0.745355992499931,-0.666666666666665));
#2613=DIRECTION('center_axis',(1.,2.6485909743726E-34,-1.03274352184237E-34));
#2614=DIRECTION('ref_axis',(0.,0.356822089773091,-0.934172358962715));
#2615=DIRECTION('',(0.,-1.,6.99291408960422E-16));
#2616=DIRECTION('center_axis',(1.,2.6485909743726E-34,-1.03274352184237E-34));
#2617=DIRECTION('ref_axis',(0.,-0.356822089773089,-0.934172358962716));
#2618=DIRECTION('',(0.,-0.745355992499931,0.666666666666665));
#2619=DIRECTION('',(0.,-1.,7.40148683083438E-16));
#2620=DIRECTION('',(0.,-2.77555756156289E-16,-1.));
#2621=DIRECTION('',(0.,-1.,0.));
#2622=DIRECTION('',(2.6485909743726E-34,-1.,0.));
#2623=DIRECTION('center_axis',(-7.65671051465625E-17,-1.,0.));
#2624=DIRECTION('ref_axis',(0.,0.,1.));
#2625=DIRECTION('',(1.,-7.65671051465625E-17,0.));
#2626=DIRECTION('',(1.23335415157808E-34,-9.44343570068286E-51,1.));
#2627=DIRECTION('',(1.,-7.65671051465625E-17,-1.23335415157808E-34));
#2628=DIRECTION('',(0.,0.,-1.));
#2629=DIRECTION('center_axis',(7.65671051465625E-17,1.,0.));
#2630=DIRECTION('ref_axis',(0.707106781186548,0.,0.707106781186547));
#2631=DIRECTION('',(1.,-7.65671051465625E-17,0.));
#2632=DIRECTION('center_axis',(7.65671051465625E-17,1.,0.));
#2633=DIRECTION('ref_axis',(-0.707106781186548,0.,0.707106781186547));
#2634=DIRECTION('',(0.,0.,1.));
#2635=DIRECTION('',(1.,-7.65671051465625E-17,0.));
#2636=DIRECTION('',(0.,0.,-1.));
#2637=DIRECTION('',(1.,-7.65671051465625E-17,0.));
#2638=DIRECTION('',(1.,-7.65671051465625E-17,0.));
#2639=DIRECTION('',(1.23335415157808E-34,-9.44343570068286E-51,1.));
#2640=DIRECTION('',(1.,-7.65671051465625E-17,-1.70136461540376E-31));
#2641=DIRECTION('',(1.,-7.65671051465625E-17,0.));
#2642=DIRECTION('center_axis',(0.,0.,1.));
#2643=DIRECTION('ref_axis',(7.65671051465625E-17,1.,0.));
#2644=DIRECTION('',(0.,-1.,0.));
#2645=DIRECTION('',(-8.63347906104654E-34,1.,0.));
#2646=DIRECTION('center_axis',(0.,0.,1.));
#2647=DIRECTION('ref_axis',(7.65671051465625E-17,1.,0.));
#2648=DIRECTION('',(0.,1.,0.));
#2649=DIRECTION('',(-7.65671051465625E-17,-1.,0.));
#2650=DIRECTION('',(-1.,7.65671051465625E-17,0.));
#2651=DIRECTION('',(7.65671051465625E-17,1.,0.));
#2652=DIRECTION('center_axis',(-1.,-8.63347906104654E-34,1.23335415157808E-34));
#2653=DIRECTION('ref_axis',(0.,-0.356822089773089,-0.934172358962716));
#2654=DIRECTION('',(-1.,-8.63347906104654E-34,1.23335415157808E-34));
#2655=DIRECTION('center_axis',(-1.,-8.63347906104654E-34,1.23335415157808E-34));
#2656=DIRECTION('ref_axis',(0.,-0.356822089773089,-0.934172358962716));
#2657=DIRECTION('',(1.,8.63347906104654E-34,-1.23335415157808E-34));
#2658=DIRECTION('center_axis',(1.23335415157808E-34,6.99291408960422E-16,
1.));
#2659=DIRECTION('ref_axis',(0.,1.,-6.99291408960422E-16));
#2660=DIRECTION('',(1.,8.63347906104654E-34,-1.23335415157808E-34));
#2661=DIRECTION('',(0.,1.,-6.99291408960422E-16));
#2662=DIRECTION('center_axis',(-1.,-8.63347906104654E-34,1.23335415157808E-34));
#2663=DIRECTION('ref_axis',(0.,0.356822089773091,-0.934172358962715));
#2664=DIRECTION('',(-1.,-8.63347906104654E-34,1.23335415157808E-34));
#2665=DIRECTION('center_axis',(-1.,-8.63347906104654E-34,1.23335415157808E-34));
#2666=DIRECTION('ref_axis',(0.,0.356822089773091,-0.934172358962715));
#2667=DIRECTION('center_axis',(6.67494061511774E-34,-0.666666666666665,
0.745355992499931));
#2668=DIRECTION('ref_axis',(0.,0.745355992499931,0.666666666666665));
#2669=DIRECTION('',(-1.,-8.63347906104654E-34,1.23335415157808E-34));
#2670=DIRECTION('',(0.,0.745355992499931,0.666666666666665));
#2671=DIRECTION('center_axis',(1.,0.,0.));
#2672=DIRECTION('ref_axis',(0.,0.707106781186547,-0.707106781186548));
#2673=DIRECTION('center_axis',(-1.,0.,0.));
#2674=DIRECTION('ref_axis',(0.,0.707106781186547,-0.707106781186548));
#2675=DIRECTION('',(1.,0.,0.));
#2676=DIRECTION('center_axis',(1.,0.,0.));
#2677=DIRECTION('ref_axis',(0.,0.707106781186547,-0.707106781186548));
#2678=DIRECTION('',(-1.,0.,0.));
#2679=DIRECTION('center_axis',(0.,0.,1.));
#2680=DIRECTION('ref_axis',(0.,-1.,0.));
#2681=DIRECTION('',(0.,-1.,0.));
#2682=DIRECTION('',(0.,-1.,0.));
#2683=DIRECTION('center_axis',(1.,0.,0.));
#2684=DIRECTION('ref_axis',(0.,-0.707106781186548,-0.707106781186547));
#2685=DIRECTION('center_axis',(-1.,0.,0.));
#2686=DIRECTION('ref_axis',(0.,-0.707106781186548,-0.707106781186547));
#2687=DIRECTION('',(1.,0.,0.));
#2688=DIRECTION('center_axis',(1.,0.,0.));
#2689=DIRECTION('ref_axis',(0.,-0.707106781186548,-0.707106781186547));
#2690=DIRECTION('',(-1.,0.,0.));
#2691=DIRECTION('center_axis',(0.,1.,-8.88178419700125E-16));
#2692=DIRECTION('ref_axis',(0.,8.88178419700125E-16,1.));
#2693=DIRECTION('',(0.,8.88178419700125E-16,1.));
#2694=DIRECTION('',(1.,0.,0.));
#2695=DIRECTION('',(0.,8.88178419700125E-16,1.));
#2696=DIRECTION('center_axis',(1.,0.,0.));
#2697=DIRECTION('ref_axis',(0.,0.707106781186548,-0.707106781186547));
#2698=DIRECTION('center_axis',(-1.,0.,0.));
#2699=DIRECTION('ref_axis',(0.,0.707106781186548,-0.707106781186547));
#2700=DIRECTION('',(1.,0.,0.));
#2701=DIRECTION('center_axis',(1.,0.,0.));
#2702=DIRECTION('ref_axis',(0.,0.707106781186548,-0.707106781186547));
#2703=DIRECTION('',(-1.,0.,0.));
#2704=DIRECTION('center_axis',(0.,-5.55111512312578E-17,1.));
#2705=DIRECTION('ref_axis',(0.,-1.,-5.55111512312578E-17));
#2706=DIRECTION('',(0.,-1.,-5.55111512312578E-17));
#2707=DIRECTION('',(0.,-1.,-5.55111512312578E-17));
#2708=DIRECTION('center_axis',(1.,0.,0.));
#2709=DIRECTION('ref_axis',(0.,-0.707106781186546,-0.707106781186549));
#2710=DIRECTION('center_axis',(-1.,0.,0.));
#2711=DIRECTION('ref_axis',(0.,-0.707106781186546,-0.707106781186549));
#2712=DIRECTION('',(1.,0.,0.));
#2713=DIRECTION('center_axis',(1.,0.,0.));
#2714=DIRECTION('ref_axis',(0.,-0.707106781186546,-0.707106781186549));
#2715=DIRECTION('',(-1.,0.,0.));
#2716=DIRECTION('center_axis',(0.,1.,0.));
#2717=DIRECTION('ref_axis',(0.,0.,1.));
#2718=DIRECTION('',(0.,0.,1.));
#2719=DIRECTION('',(1.,0.,0.));
#2720=DIRECTION('',(0.,0.,1.));
#2721=DIRECTION('center_axis',(-1.,-8.63347906104654E-34,1.23335415157808E-34));
#2722=DIRECTION('ref_axis',(0.,-0.707106781186546,-0.707106781186549));
#2723=DIRECTION('center_axis',(1.,-5.69647857159985E-29,9.80919941435881E-17));
#2724=DIRECTION('ref_axis',(0.,-0.707106781186546,-0.707106781186549));
#2725=DIRECTION('',(-1.,-8.63347906104654E-34,1.23335415157808E-34));
#2726=DIRECTION('center_axis',(-1.,-8.63347906104654E-34,1.23335415157808E-34));
#2727=DIRECTION('ref_axis',(0.,-0.707106781186546,-0.707106781186549));
#2728=DIRECTION('',(1.,8.63347906104654E-34,-1.23335415157808E-34));
#2729=DIRECTION('center_axis',(1.23335415157808E-34,1.06481372425042E-67,
1.));
#2730=DIRECTION('ref_axis',(4.98467480443873E-16,1.,-6.14786936432118E-50));
#2731=DIRECTION('',(-4.98467480443873E-16,-1.,6.14786936432118E-50));
#2732=DIRECTION('',(0.,1.,0.));
#2733=DIRECTION('center_axis',(-1.,-8.63347906104654E-34,1.23335415157808E-34));
#2734=DIRECTION('ref_axis',(0.,0.707106781186548,-0.707106781186547));
#2735=DIRECTION('center_axis',(1.,-5.69647857159985E-29,9.80919941435881E-17));
#2736=DIRECTION('ref_axis',(0.,0.707106781186548,-0.707106781186547));
#2737=DIRECTION('',(-1.,-8.63347906104654E-34,1.23335415157808E-34));
#2738=DIRECTION('center_axis',(-1.,-8.63347906104654E-34,1.23335415157808E-34));
#2739=DIRECTION('ref_axis',(0.,0.707106781186548,-0.707106781186547));
#2740=DIRECTION('',(1.,8.63347906104654E-34,-1.23335415157808E-34));
#2741=DIRECTION('center_axis',(8.63347906104654E-34,-1.,0.));
#2742=DIRECTION('ref_axis',(0.,0.,1.));
#2743=DIRECTION('',(0.,0.,-1.));
#2744=DIRECTION('',(-1.,-8.63347906104654E-34,1.23335415157808E-34));
#2745=DIRECTION('',(0.,0.,1.));
#2746=DIRECTION('center_axis',(-1.,-8.63347906104654E-34,1.23335415157808E-34));
#2747=DIRECTION('ref_axis',(0.,-0.707106781186548,-0.707106781186547));
#2748=DIRECTION('center_axis',(1.,-5.69647857159985E-29,9.80919941435881E-17));
#2749=DIRECTION('ref_axis',(0.,-0.707106781186548,-0.707106781186547));
#2750=DIRECTION('',(-1.,-8.63347906104654E-34,1.23335415157808E-34));
#2751=DIRECTION('center_axis',(-1.,-8.63347906104654E-34,1.23335415157808E-34));
#2752=DIRECTION('ref_axis',(0.,-0.707106781186548,-0.707106781186547));
#2753=DIRECTION('',(1.,8.63347906104654E-34,-1.23335415157808E-34));
#2754=DIRECTION('center_axis',(1.23335415157808E-34,-5.55111512312578E-17,
1.));
#2755=DIRECTION('ref_axis',(0.,1.,5.55111512312578E-17));
#2756=DIRECTION('',(0.,1.,5.55111512312578E-17));
#2757=DIRECTION('',(0.,-1.,-5.55111512312578E-17));
#2758=DIRECTION('center_axis',(-1.,-8.63347906104654E-34,1.23335415157808E-34));
#2759=DIRECTION('ref_axis',(0.,0.707106781186548,-0.707106781186547));
#2760=DIRECTION('center_axis',(1.,-5.69647857159985E-29,9.80919941435881E-17));
#2761=DIRECTION('ref_axis',(0.,0.707106781186548,-0.707106781186547));
#2762=DIRECTION('',(-1.,-8.63347906104654E-34,1.23335415157808E-34));
#2763=DIRECTION('center_axis',(-1.,-8.63347906104654E-34,1.23335415157808E-34));
#2764=DIRECTION('ref_axis',(0.,0.707106781186548,-0.707106781186547));
#2765=DIRECTION('',(1.,8.63347906104654E-34,-1.23335415157808E-34));
#2766=DIRECTION('center_axis',(8.63347906104654E-34,-1.,0.));
#2767=DIRECTION('ref_axis',(0.,0.,1.));
#2768=DIRECTION('',(0.,0.,-1.));
#2769=DIRECTION('',(-1.,-8.63347906104654E-34,1.23335415157808E-34));
#2770=DIRECTION('',(0.,0.,1.));
#2771=DIRECTION('center_axis',(5.69647857159985E-29,1.,0.));
#2772=DIRECTION('ref_axis',(0.707106781186548,0.,0.707106781186547));
#2773=DIRECTION('center_axis',(7.65671051465625E-17,1.,0.));
#2774=DIRECTION('ref_axis',(0.707106781186548,0.,0.707106781186547));
#2775=DIRECTION('',(5.69647857159985E-29,1.,0.));
#2776=DIRECTION('',(-5.69647857159985E-29,-1.,0.));
#2777=DIRECTION('center_axis',(-1.,5.69647857159985E-29,-9.80919941435881E-17));
#2778=DIRECTION('ref_axis',(-5.69647857159985E-29,-1.,7.0258819770307E-63));
#2779=DIRECTION('',(0.,0.,-1.));
#2780=DIRECTION('',(5.69647857159985E-29,1.,0.));
#2781=DIRECTION('',(0.,0.,1.));
#2782=DIRECTION('',(0.,-1.,0.));
#2783=DIRECTION('',(0.,8.88178419700125E-16,1.));
#2784=DIRECTION('',(0.,-1.,0.));
#2785=DIRECTION('',(0.,-1.,0.));
#2786=DIRECTION('center_axis',(7.65671051465625E-17,1.,0.));
#2787=DIRECTION('ref_axis',(0.,0.,-1.));
#2788=DIRECTION('',(1.,-7.65671051465625E-17,0.));
#2789=DIRECTION('center_axis',(7.65671051465625E-17,1.,0.));
#2790=DIRECTION('ref_axis',(-0.707106781186548,0.,0.707106781186547));
#2791=DIRECTION('',(0.,0.,-1.));
#2792=DIRECTION('center_axis',(0.,-1.,0.));
#2793=DIRECTION('ref_axis',(-0.707106781186548,0.,0.707106781186547));
#2794=DIRECTION('',(0.,1.,0.));
#2795=DIRECTION('',(0.,-1.,0.));
#2796=DIRECTION('center_axis',(-1.,0.,0.));
#2797=DIRECTION('ref_axis',(0.,-1.,0.));
#2798=DIRECTION('',(0.,0.,-1.));
#2799=DIRECTION('',(0.,-1.,0.));
#2800=DIRECTION('',(0.,0.,-1.));
#2801=DIRECTION('',(0.,-1.,0.));
#2802=DIRECTION('',(0.,-1.,0.));
#2803=DIRECTION('',(0.,-1.,0.));
#2804=DIRECTION('center_axis',(5.69647857159985E-29,1.,0.));
#2805=DIRECTION('ref_axis',(0.707106781186548,0.,0.707106781186547));
#2806=DIRECTION('',(-5.69647857159985E-29,-1.,0.));
#2807=DIRECTION('center_axis',(0.,-1.,0.));
#2808=DIRECTION('ref_axis',(-0.707106781186548,0.,0.707106781186547));
#2809=DIRECTION('',(0.,1.,0.));
#2810=DIRECTION('center_axis',(1.2333541515781E-34,-2.22044604925031E-15,
1.));
#2811=DIRECTION('ref_axis',(0.,1.,2.22044604925031E-15));
#2812=DIRECTION('',(0.,1.,2.22044604925031E-15));
#2813=DIRECTION('center_axis',(-4.83636479961096E-34,0.666666666666665,
0.745355992499931));
#2814=DIRECTION('ref_axis',(0.,0.745355992499931,-0.666666666666665));
#2815=DIRECTION('',(0.,0.745355992499931,-0.666666666666665));
#2816=DIRECTION('',(-1.,-8.63347906104654E-34,1.23335415157808E-34));
#2817=DIRECTION('center_axis',(1.23335415157808E-34,7.40148683083438E-16,
1.));
#2818=DIRECTION('ref_axis',(0.,1.,-7.40148683083438E-16));
#2819=DIRECTION('',(-1.,-8.63347906104654E-34,1.23335415157808E-34));
#2820=DIRECTION('',(0.,1.,-7.40148683083438E-16));
#2821=DIRECTION('center_axis',(8.63347906104654E-34,-1.,2.77555756156289E-16));
#2822=DIRECTION('ref_axis',(0.,2.77555756156289E-16,1.));
#2823=DIRECTION('',(-1.,-8.63347906104654E-34,1.23335415157808E-34));
#2824=DIRECTION('',(0.,2.77555756156289E-16,1.));
#2825=DIRECTION('center_axis',(1.23335415157808E-34,1.06481372425042E-67,
1.));
#2826=DIRECTION('ref_axis',(-5.57526417497406E-34,1.,-3.7718620261554E-68));
#2827=DIRECTION('',(-5.57526417497406E-34,1.,-3.7718620261554E-68));
#2828=DIRECTION('center_axis',(-1.,-8.63347906104654E-34,1.23335415157808E-34));
#2829=DIRECTION('ref_axis',(8.63347906104654E-34,-1.,0.));
#2830=DIRECTION('center_axis',(-1.,-8.63347906104654E-34,1.23335415157808E-34));
#2831=DIRECTION('ref_axis',(8.63347906104654E-34,-1.,0.));
#2832=DIRECTION('',(-4.98467480443503E-16,1.,-2.2657612747432E-16));
#2833=DIRECTION('',(0.,1.,0.));
#2834=DIRECTION('',(0.,-8.88178419700125E-16,-1.));
#2835=DIRECTION('',(0.,1.,0.));
#2836=DIRECTION('',(0.,0.,-1.));
#2837=DIRECTION('',(-8.63347906104654E-34,1.,0.));
#2838=DIRECTION('center_axis',(-8.63347906104654E-34,1.,0.));
#2839=DIRECTION('ref_axis',(0.,0.,-1.));
#2840=DIRECTION('',(-1.,-8.63347906104654E-34,1.23335415157808E-34));
#2841=DIRECTION('center_axis',(1.23335415157808E-34,0.,1.));
#2842=DIRECTION('ref_axis',(0.,1.,0.));
#2843=DIRECTION('center_axis',(-8.63347906104655E-34,1.,-8.88178419700125E-16));
#2844=DIRECTION('ref_axis',(0.,-8.88178419700125E-16,-1.));
#2845=DIRECTION('',(-1.,-8.63347906104654E-34,1.23335415157808E-34));
#2846=DIRECTION('center_axis',(1.23335415157808E-34,0.,1.));
#2847=DIRECTION('ref_axis',(0.,1.,0.));
#2848=DIRECTION('center_axis',(1.23335415157808E-34,2.2657612747432E-16,
1.));
#2849=DIRECTION('ref_axis',(-4.98467480443503E-16,1.,-2.2657612747432E-16));
#2850=DIRECTION('center_axis',(0.,0.,1.));
#2851=DIRECTION('ref_axis',(7.65671051465625E-17,1.,0.));
#2852=DIRECTION('center_axis',(1.,0.,0.));
#2853=DIRECTION('ref_axis',(0.,1.,0.));
#2854=DIRECTION('',(0.,-1.,0.));
#2855=DIRECTION('',(0.,-1.,0.));
#2856=DIRECTION('',(0.,0.,-1.));
#2857=DIRECTION('',(0.,-1.,0.));
#2858=DIRECTION('',(0.,0.,-1.));
#2859=DIRECTION('center_axis',(0.,0.,1.));
#2860=DIRECTION('ref_axis',(0.,-1.,0.));
#2861=DIRECTION('center_axis',(0.,-1.,0.));
#2862=DIRECTION('ref_axis',(0.,0.,-1.));
#2863=DIRECTION('',(1.,0.,0.));
#2864=DIRECTION('center_axis',(0.,0.,1.));
#2865=DIRECTION('ref_axis',(0.,-1.,0.));
#2866=DIRECTION('center_axis',(0.,-1.,0.));
#2867=DIRECTION('ref_axis',(0.,0.,-1.));
#2868=DIRECTION('',(1.,0.,0.));
#2869=DIRECTION('center_axis',(0.,0.,1.));
#2870=DIRECTION('ref_axis',(0.,-1.,0.));
#2871=DIRECTION('center_axis',(0.,0.,1.));
#2872=DIRECTION('ref_axis',(7.65671051465625E-17,1.,0.));
#2873=DIRECTION('center_axis',(0.,0.,1.));
#2874=DIRECTION('ref_axis',(7.65671051465625E-17,1.,0.));
#2875=DIRECTION('center_axis',(0.,0.,1.));
#2876=DIRECTION('ref_axis',(1.,0.,0.));
#2877=DIRECTION('center_axis',(3.38270359224341E-16,-2.59003821626956E-32,
1.));
#2878=DIRECTION('ref_axis',(1.,0.,-3.38270359224341E-16));
#2879=DIRECTION('center_axis',(3.38270359224341E-16,-2.59003821626956E-32,
1.));
#2880=DIRECTION('ref_axis',(1.,0.,-3.38270359224341E-16));
#2881=DIRECTION('center_axis',(0.,0.,1.));
#2882=DIRECTION('ref_axis',(1.,0.,0.));
#2883=DIRECTION('center_axis',(0.,0.,1.));
#2884=DIRECTION('ref_axis',(1.,0.,0.));
#2885=DIRECTION('center_axis',(-9.19581775559113E-16,7.04097145000973E-32,
1.));
#2886=DIRECTION('ref_axis',(1.,0.,9.19581775559113E-16));
#2887=DIRECTION('center_axis',(-9.19581775559113E-16,7.04097145000973E-32,
1.));
#2888=DIRECTION('ref_axis',(1.,0.,9.19581775559113E-16));
#2889=DIRECTION('center_axis',(0.,0.,1.));
#2890=DIRECTION('ref_axis',(1.,0.,0.));
#2891=CARTESIAN_POINT('',(0.,0.,0.));
#2892=CARTESIAN_POINT('Origin',(14.4976018169077,-1.70013126125218E-31,
6.));
#2893=CARTESIAN_POINT('',(14.4976018169077,-1.70013126125218E-31,6.));
#2894=CARTESIAN_POINT('',(14.4976018169077,-1.70013126125218E-31,12.));
#2895=CARTESIAN_POINT('',(14.4976018169077,1.14850657719847E-16,7.));
#2896=CARTESIAN_POINT('',(14.4976018169077,2.,6.));
#2897=CARTESIAN_POINT('',(14.4976018169077,-1.70013126125218E-31,6.));
#2898=CARTESIAN_POINT('',(14.4976018169077,2.,12.));
#2899=CARTESIAN_POINT('',(14.4976018169077,2.,7.));
#2900=CARTESIAN_POINT('',(14.4976018169077,-1.70013126125218E-31,12.));
#2901=CARTESIAN_POINT('Origin',(17.4976018169077,-1.70013126125218E-31,
6.));
#2902=CARTESIAN_POINT('',(17.4976018169077,-1.70013126125218E-31,6.));
#2903=CARTESIAN_POINT('',(16.7476018169077,-5.742532885992E-17,6.));
#2904=CARTESIAN_POINT('',(17.4976018169077,2.,6.));
#2905=CARTESIAN_POINT('',(17.4976018169077,-1.70013126125218E-31,6.));
#2906=CARTESIAN_POINT('',(16.7476018169077,2.,6.));
#2907=CARTESIAN_POINT('Origin',(17.4976018169077,-1.70013126125218E-31,
12.));
#2908=CARTESIAN_POINT('',(17.4976018169077,-1.70013126125218E-31,12.));
#2909=CARTESIAN_POINT('',(17.4976018169077,-1.1485065771984E-16,10.));
#2910=CARTESIAN_POINT('',(17.4976018169077,2.,12.));
#2911=CARTESIAN_POINT('',(17.4976018169077,-1.70013126125218E-31,12.));
#2912=CARTESIAN_POINT('',(17.4976018169077,2.,10.));
#2913=CARTESIAN_POINT('Origin',(14.4976018169077,-1.70013126125218E-31,
12.));
#2914=CARTESIAN_POINT('',(15.2476018169077,5.74253288599237E-17,12.));
#2915=CARTESIAN_POINT('',(15.2476018169077,2.,12.));
#2916=CARTESIAN_POINT('Origin',(23.9976018169078,58.,9.5));
#2917=CARTESIAN_POINT('',(27.9976018169078,58.,9.5));
#2918=CARTESIAN_POINT('Origin',(23.9976018169078,58.,9.5));
#2919=CARTESIAN_POINT('',(27.9976018169078,57.5,9.5));
#2920=CARTESIAN_POINT('',(27.9976018169078,58.,9.5));
#2921=CARTESIAN_POINT('Origin',(23.9976018169078,57.5,9.5));
#2922=CARTESIAN_POINT('Origin',(23.9976018169078,57.5,9.5));
#2923=CARTESIAN_POINT('',(22.4976018169078,57.5,9.5));
#2924=CARTESIAN_POINT('Origin',(23.9976018169078,57.5,9.5));
#2925=CARTESIAN_POINT('Origin',(7.99760181690776,58.,9.5));
#2926=CARTESIAN_POINT('',(11.9976018169078,58.,9.5));
#2927=CARTESIAN_POINT('Origin',(7.99760181690776,58.,9.5));
#2928=CARTESIAN_POINT('',(11.9976018169078,57.5,9.5));
#2929=CARTESIAN_POINT('',(11.9976018169078,58.,9.5));
#2930=CARTESIAN_POINT('Origin',(7.99760181690776,57.5,9.5));
#2931=CARTESIAN_POINT('Origin',(7.99760181690776,57.5,9.5));
#2932=CARTESIAN_POINT('',(6.49760181690777,57.5,9.5));
#2933=CARTESIAN_POINT('Origin',(7.99760181690777,57.5,9.5));
#2934=CARTESIAN_POINT('Origin',(7.99760181690777,-1.70013126125218E-31,
9.5));
#2935=CARTESIAN_POINT('',(3.99760181690777,-1.70013126125218E-31,9.5));
#2936=CARTESIAN_POINT('Origin',(7.99760181690777,0.,9.5));
#2937=CARTESIAN_POINT('',(3.99760181690777,0.5,9.5));
#2938=CARTESIAN_POINT('',(3.99760181690777,-1.70013126125218E-31,9.5));
#2939=CARTESIAN_POINT('Origin',(7.99760181690777,0.5,9.5));
#2940=CARTESIAN_POINT('Origin',(7.99760181690777,0.5,9.5));
#2941=CARTESIAN_POINT('',(6.49760181690777,0.5,9.5));
#2942=CARTESIAN_POINT('Origin',(7.99760181690777,0.5,9.5));
#2943=CARTESIAN_POINT('Origin',(23.9976018169078,-1.70013126125218E-31,
9.5));
#2944=CARTESIAN_POINT('',(19.9976018169078,-1.70013126125218E-31,9.5));
#2945=CARTESIAN_POINT('Origin',(23.9976018169078,0.,9.5));
#2946=CARTESIAN_POINT('',(19.9976018169078,0.5,9.5));
#2947=CARTESIAN_POINT('',(19.9976018169078,-1.70013126125218E-31,9.5));
#2948=CARTESIAN_POINT('Origin',(23.9976018169078,0.5,9.5));
#2949=CARTESIAN_POINT('Origin',(23.9976018169078,0.5,9.5));
#2950=CARTESIAN_POINT('',(22.4976018169078,0.5,9.5));
#2951=CARTESIAN_POINT('Origin',(23.9976018169078,0.5,9.5));
#2952=CARTESIAN_POINT('Origin',(7.99760181690777,-1.70013126125218E-31,
9.5));
#2953=CARTESIAN_POINT('',(6.49760181690777,56.,9.5));
#2954=CARTESIAN_POINT('Origin',(7.99760181690777,56.,9.5));
#2955=CARTESIAN_POINT('',(6.49760181690777,-1.70013126125218E-31,9.5));
#2956=CARTESIAN_POINT('Origin',(7.99760181690777,-1.70013126125218E-31,
9.5));
#2957=CARTESIAN_POINT('',(6.49760181690777,2.,9.5));
#2958=CARTESIAN_POINT('',(6.49760181690777,-1.70013126125218E-31,9.5));
#2959=CARTESIAN_POINT('Origin',(7.99760181690777,2.,9.5));
#2960=CARTESIAN_POINT('Origin',(23.9976018169078,-1.70013126125218E-31,
9.5));
#2961=CARTESIAN_POINT('',(22.4976018169078,56.,9.5));
#2962=CARTESIAN_POINT('Origin',(23.9976018169078,56.,9.5));
#2963=CARTESIAN_POINT('',(22.4976018169078,-1.70013126125218E-31,9.5));
#2964=CARTESIAN_POINT('Origin',(23.9976018169078,-1.70013126125218E-31,
9.5));
#2965=CARTESIAN_POINT('',(22.4976018169078,2.,9.5));
#2966=CARTESIAN_POINT('',(22.4976018169078,-1.70013126125218E-31,9.5));
#2967=CARTESIAN_POINT('Origin',(23.9976018169078,2.,9.5));
#2968=CARTESIAN_POINT('Origin',(20.4976018169078,57.,0.));
#2969=CARTESIAN_POINT('',(20.4976018169078,54.,2.));
#2970=CARTESIAN_POINT('',(20.4976018169078,56.,2.));
#2971=CARTESIAN_POINT('',(20.4976018169078,43.,2.));
#2972=CARTESIAN_POINT('',(20.4976018169078,54.,0.));
#2973=CARTESIAN_POINT('',(20.4976018169078,54.,0.));
#2974=CARTESIAN_POINT('',(20.4976018169078,57.,0.));
#2975=CARTESIAN_POINT('',(20.4976018169078,43.,0.));
#2976=CARTESIAN_POINT('',(20.4976018169078,57.,6.));
#2977=CARTESIAN_POINT('',(20.4976018169078,57.,0.));
#2978=CARTESIAN_POINT('',(20.4976018169078,56.,6.));
#2979=CARTESIAN_POINT('',(20.4976018169078,57.,6.));
#2980=CARTESIAN_POINT('',(20.4976018169078,56.,4.));
#2981=CARTESIAN_POINT('Origin',(23.4976018169078,55.5,6.));
#2982=CARTESIAN_POINT('',(26.4976018169078,56.,6.));
#2983=CARTESIAN_POINT('',(19.7476018169078,56.,6.));
#2984=CARTESIAN_POINT('',(26.4976018169078,57.,6.));
#2985=CARTESIAN_POINT('',(26.4976018169078,57.,6.));
#2986=CARTESIAN_POINT('',(26.4976018169078,54.,6.));
#2987=CARTESIAN_POINT('Origin',(26.4976018169078,57.,0.));
#2988=CARTESIAN_POINT('',(26.4976018169078,57.,0.));
#2989=CARTESIAN_POINT('',(21.2476018169078,57.,0.));
#2990=CARTESIAN_POINT('',(26.4976018169078,57.,0.));
#2991=CARTESIAN_POINT('Origin',(26.4976018169078,54.,0.));
#2992=CARTESIAN_POINT('',(26.4976018169078,56.,2.));
#2993=CARTESIAN_POINT('',(26.4976018169078,54.,2.));
#2994=CARTESIAN_POINT('',(26.4976018169078,41.5,2.));
#2995=CARTESIAN_POINT('',(26.4976018169078,56.,4.));
#2996=CARTESIAN_POINT('',(26.4976018169078,54.,0.));
#2997=CARTESIAN_POINT('',(26.4976018169078,41.5,0.));
#2998=CARTESIAN_POINT('',(26.4976018169078,54.,0.));
#2999=CARTESIAN_POINT('Origin',(20.4976018169078,54.,0.));
#3000=CARTESIAN_POINT('',(18.2476018169078,54.,2.));
#3001=CARTESIAN_POINT('',(18.2476018169078,54.,0.));
#3002=CARTESIAN_POINT('Origin',(26.4976018169078,0.999999999999998,0.));
#3003=CARTESIAN_POINT('',(26.4976018169078,4.,2.));
#3004=CARTESIAN_POINT('',(26.4976018169078,2.,2.));
#3005=CARTESIAN_POINT('',(26.4976018169078,15.,2.));
#3006=CARTESIAN_POINT('',(26.4976018169078,4.,0.));
#3007=CARTESIAN_POINT('',(26.4976018169078,4.,0.));
#3008=CARTESIAN_POINT('',(26.4976018169078,0.999999999999998,0.));
#3009=CARTESIAN_POINT('',(26.4976018169078,15.,0.));
#3010=CARTESIAN_POINT('',(26.4976018169078,0.999999999999998,6.));
#3011=CARTESIAN_POINT('',(26.4976018169078,0.999999999999998,0.));
#3012=CARTESIAN_POINT('',(26.4976018169078,2.,6.));
#3013=CARTESIAN_POINT('',(26.4976018169078,4.,6.));
#3014=CARTESIAN_POINT('',(26.4976018169078,2.,4.));
#3015=CARTESIAN_POINT('Origin',(23.4976018169078,2.5,6.));
#3016=CARTESIAN_POINT('',(20.4976018169078,2.,6.));
#3017=CARTESIAN_POINT('',(19.7476018169078,2.,6.));
#3018=CARTESIAN_POINT('',(20.4976018169078,0.999999999999999,6.));
#3019=CARTESIAN_POINT('',(26.4976018169078,0.999999999999998,6.));
#3020=CARTESIAN_POINT('',(20.4976018169078,0.999999999999999,6.));
#3021=CARTESIAN_POINT('Origin',(20.4976018169078,0.999999999999999,0.));
#3022=CARTESIAN_POINT('',(20.4976018169078,0.999999999999999,0.));
#3023=CARTESIAN_POINT('',(18.2476018169078,1.,0.));
#3024=CARTESIAN_POINT('',(20.4976018169078,0.999999999999999,0.));
#3025=CARTESIAN_POINT('Origin',(20.4976018169078,4.,0.));
#3026=CARTESIAN_POINT('',(20.4976018169078,2.,2.));
#3027=CARTESIAN_POINT('',(20.4976018169078,4.,2.));
#3028=CARTESIAN_POINT('',(20.4976018169078,16.5,2.));
#3029=CARTESIAN_POINT('',(20.4976018169078,2.,4.));
#3030=CARTESIAN_POINT('',(20.4976018169078,4.,0.));
#3031=CARTESIAN_POINT('',(20.4976018169078,16.5,0.));
#3032=CARTESIAN_POINT('',(20.4976018169078,4.,0.));
#3033=CARTESIAN_POINT('Origin',(26.4976018169078,4.,0.));
#3034=CARTESIAN_POINT('',(21.2476018169078,4.,2.));
#3035=CARTESIAN_POINT('',(21.2476018169078,4.,0.));
#3036=CARTESIAN_POINT('Origin',(7.99760181690777,29.,0.));
#3037=CARTESIAN_POINT('',(6.49760181690777,29.,0.));
#3038=CARTESIAN_POINT('Origin',(7.99760181690777,29.,0.));
#3039=CARTESIAN_POINT('',(6.49760181690777,29.,2.));
#3040=CARTESIAN_POINT('',(6.49760181690777,29.,0.));
#3041=CARTESIAN_POINT('Origin',(7.99760181690777,29.,2.));
#3042=CARTESIAN_POINT('Origin',(12.4976018169078,54.,0.));
#3043=CARTESIAN_POINT('',(15.4976018169078,54.,2.));
#3044=CARTESIAN_POINT('',(12.4976018169078,54.,2.));
#3045=CARTESIAN_POINT('',(14.2476018169078,54.,2.));
#3046=CARTESIAN_POINT('',(15.4976018169078,54.,0.));
#3047=CARTESIAN_POINT('',(15.4976018169078,54.,0.));
#3048=CARTESIAN_POINT('',(12.4976018169078,54.,0.));
#3049=CARTESIAN_POINT('',(14.2476018169078,54.,0.));
#3050=CARTESIAN_POINT('',(12.4976018169078,54.,0.));
#3051=CARTESIAN_POINT('Origin',(12.4976018169078,58.,0.));
#3052=CARTESIAN_POINT('',(12.4976018169078,56.,2.));
#3053=CARTESIAN_POINT('',(12.4976018169078,43.5,2.));
#3054=CARTESIAN_POINT('',(12.4976018169078,58.,0.));
#3055=CARTESIAN_POINT('',(12.4976018169078,43.5,0.));
#3056=CARTESIAN_POINT('',(12.4976018169078,58.,6.));
#3057=CARTESIAN_POINT('',(12.4976018169078,58.,4.));
#3058=CARTESIAN_POINT('',(12.4976018169078,56.,6.));
#3059=CARTESIAN_POINT('',(12.4976018169078,54.,6.));
#3060=CARTESIAN_POINT('',(12.4976018169078,56.,4.));
#3061=CARTESIAN_POINT('Origin',(13.9976018169078,56.,6.));
#3062=CARTESIAN_POINT('',(15.4976018169078,56.,6.));
#3063=CARTESIAN_POINT('',(14.9976018169078,56.,6.));
#3064=CARTESIAN_POINT('',(15.4976018169078,58.,6.));
#3065=CARTESIAN_POINT('',(14.9976018169078,58.,6.));
#3066=CARTESIAN_POINT('',(15.4976018169078,58.,6.));
#3067=CARTESIAN_POINT('Origin',(5.49760181690776,57.,0.));
#3068=CARTESIAN_POINT('',(5.49760181690776,54.,2.));
#3069=CARTESIAN_POINT('',(5.49760181690776,56.,2.));
#3070=CARTESIAN_POINT('',(5.49760181690776,43.,2.));
#3071=CARTESIAN_POINT('',(5.49760181690776,54.,0.));
#3072=CARTESIAN_POINT('',(5.49760181690776,54.,0.));
#3073=CARTESIAN_POINT('',(5.49760181690776,57.,0.));
#3074=CARTESIAN_POINT('',(5.49760181690776,43.,0.));
#3075=CARTESIAN_POINT('',(5.49760181690776,57.,6.));
#3076=CARTESIAN_POINT('',(5.49760181690776,57.,0.));
#3077=CARTESIAN_POINT('',(5.49760181690776,56.,6.));
#3078=CARTESIAN_POINT('',(5.49760181690776,54.,6.));
#3079=CARTESIAN_POINT('',(5.49760181690776,56.,4.));
#3080=CARTESIAN_POINT('Origin',(8.49760181690776,55.5,6.));
#3081=CARTESIAN_POINT('',(11.4976018169078,56.,6.));
#3082=CARTESIAN_POINT('',(12.2476018169078,56.,6.));
#3083=CARTESIAN_POINT('',(11.4976018169078,57.,6.));
#3084=CARTESIAN_POINT('',(5.49760181690776,57.,6.));
#3085=CARTESIAN_POINT('',(11.4976018169078,57.,6.));
#3086=CARTESIAN_POINT('Origin',(5.49760181690776,54.,0.));
#3087=CARTESIAN_POINT('',(11.4976018169078,54.,2.));
#3088=CARTESIAN_POINT('',(10.7476018169078,54.,2.));
#3089=CARTESIAN_POINT('',(11.4976018169078,54.,0.));
#3090=CARTESIAN_POINT('',(11.4976018169078,54.,0.));
#3091=CARTESIAN_POINT('',(10.7476018169078,54.,0.));
#3092=CARTESIAN_POINT('Origin',(11.4976018169078,57.,0.));
#3093=CARTESIAN_POINT('',(11.4976018169078,57.,0.));
#3094=CARTESIAN_POINT('',(13.7476018169078,57.,0.));
#3095=CARTESIAN_POINT('',(11.4976018169078,57.,0.));
#3096=CARTESIAN_POINT('Origin',(11.4976018169078,54.,0.));
#3097=CARTESIAN_POINT('',(11.4976018169078,56.,2.));
#3098=CARTESIAN_POINT('',(11.4976018169078,41.5,2.));
#3099=CARTESIAN_POINT('',(11.4976018169078,56.,4.));
#3100=CARTESIAN_POINT('',(11.4976018169078,41.5,0.));
#3101=CARTESIAN_POINT('Origin',(11.4976018169078,1.,0.));
#3102=CARTESIAN_POINT('',(11.4976018169078,4.,2.));
#3103=CARTESIAN_POINT('',(11.4976018169078,2.,2.));
#3104=CARTESIAN_POINT('',(11.4976018169078,15.,2.));
#3105=CARTESIAN_POINT('',(11.4976018169078,4.,0.));
#3106=CARTESIAN_POINT('',(11.4976018169078,4.,0.));
#3107=CARTESIAN_POINT('',(11.4976018169078,1.,0.));
#3108=CARTESIAN_POINT('',(11.4976018169078,15.,0.));
#3109=CARTESIAN_POINT('',(11.4976018169078,1.,6.));
#3110=CARTESIAN_POINT('',(11.4976018169078,1.,0.));
#3111=CARTESIAN_POINT('',(11.4976018169078,2.,6.));
#3112=CARTESIAN_POINT('',(11.4976018169078,1.,6.));
#3113=CARTESIAN_POINT('',(11.4976018169078,2.,4.));
#3114=CARTESIAN_POINT('Origin',(8.49760181690776,2.5,6.));
#3115=CARTESIAN_POINT('',(5.49760181690776,2.,6.));
#3116=CARTESIAN_POINT('',(12.2476018169078,2.,6.));
#3117=CARTESIAN_POINT('',(5.49760181690776,1.,6.));
#3118=CARTESIAN_POINT('',(5.49760181690776,1.,6.));
#3119=CARTESIAN_POINT('',(5.49760181690776,4.,6.));
#3120=CARTESIAN_POINT('Origin',(5.49760181690776,1.,0.));
#3121=CARTESIAN_POINT('',(5.49760181690776,1.,0.));
#3122=CARTESIAN_POINT('',(10.7476018169078,1.,0.));
#3123=CARTESIAN_POINT('',(5.49760181690776,1.,0.));
#3124=CARTESIAN_POINT('Origin',(5.49760181690776,4.,0.));
#3125=CARTESIAN_POINT('',(5.49760181690776,2.,2.));
#3126=CARTESIAN_POINT('',(5.49760181690776,4.,2.));
#3127=CARTESIAN_POINT('',(5.49760181690776,16.5,2.));
#3128=CARTESIAN_POINT('',(5.49760181690776,2.,4.));
#3129=CARTESIAN_POINT('',(5.49760181690776,4.,0.));
#3130=CARTESIAN_POINT('',(5.49760181690776,16.5,0.));
#3131=CARTESIAN_POINT('',(5.49760181690776,4.,0.));
#3132=CARTESIAN_POINT('Origin',(11.4976018169078,4.,0.));
#3133=CARTESIAN_POINT('',(13.7476018169078,4.,2.));
#3134=CARTESIAN_POINT('',(13.7476018169078,4.,0.));
#3135=CARTESIAN_POINT('Origin',(23.9976018169078,29.,0.));
#3136=CARTESIAN_POINT('',(22.4976018169078,29.,0.));
#3137=CARTESIAN_POINT('Origin',(23.9976018169078,29.,0.));
#3138=CARTESIAN_POINT('',(22.4976018169078,29.,2.));
#3139=CARTESIAN_POINT('',(22.4976018169078,29.,0.));
#3140=CARTESIAN_POINT('Origin',(23.9976018169078,29.,2.));
#3141=CARTESIAN_POINT('Origin',(17.9976018169078,56.,6.));
#3142=CARTESIAN_POINT('',(16.4976018169078,56.,6.));
#3143=CARTESIAN_POINT('',(19.4976018169078,56.,6.));
#3144=CARTESIAN_POINT('',(16.9976018169078,56.,6.));
#3145=CARTESIAN_POINT('',(16.4976018169078,58.,6.));
#3146=CARTESIAN_POINT('',(16.4976018169078,58.,6.));
#3147=CARTESIAN_POINT('',(19.4976018169078,58.,6.));
#3148=CARTESIAN_POINT('',(16.9976018169078,58.,6.));
#3149=CARTESIAN_POINT('',(19.4976018169078,54.,6.));
#3150=CARTESIAN_POINT('Origin',(16.4976018169078,54.,0.));
#3151=CARTESIAN_POINT('',(19.4976018169078,54.,2.));
#3152=CARTESIAN_POINT('',(16.4976018169078,54.,2.));
#3153=CARTESIAN_POINT('',(16.2476018169078,54.,2.));
#3154=CARTESIAN_POINT('',(19.4976018169078,54.,0.));
#3155=CARTESIAN_POINT('',(19.4976018169078,54.,0.));
#3156=CARTESIAN_POINT('',(16.4976018169078,54.,0.));
#3157=CARTESIAN_POINT('',(16.2476018169078,54.,0.));
#3158=CARTESIAN_POINT('',(16.4976018169078,54.,0.));
#3159=CARTESIAN_POINT('Origin',(19.4976018169078,54.,0.));
#3160=CARTESIAN_POINT('',(19.4976018169078,56.,2.));
#3161=CARTESIAN_POINT('',(19.4976018169078,41.5,2.));
#3162=CARTESIAN_POINT('',(19.4976018169078,56.,4.));
#3163=CARTESIAN_POINT('',(19.4976018169078,58.,0.));
#3164=CARTESIAN_POINT('',(19.4976018169078,58.,4.));
#3165=CARTESIAN_POINT('',(19.4976018169078,41.5,0.));
#3166=CARTESIAN_POINT('Origin',(15.9976018169078,2.,8.));
#3167=CARTESIAN_POINT('',(16.4976018169078,2.,2.));
#3168=CARTESIAN_POINT('',(15.9976018169078,2.,2.));
#3169=CARTESIAN_POINT('',(16.4976018169078,2.,5.));
#3170=CARTESIAN_POINT('',(16.4976018169078,2.,6.59792341331781));
#3171=CARTESIAN_POINT('',(15.4976018169078,2.,5.));
#3172=CARTESIAN_POINT('',(16.2476018169078,2.,5.));
#3173=CARTESIAN_POINT('',(15.4976018169078,2.,2.));
#3174=CARTESIAN_POINT('',(15.4976018169078,2.,6.59792341331781));
#3175=CARTESIAN_POINT('',(15.9976018169078,2.,2.));
#3176=CARTESIAN_POINT('',(0.997601816907767,2.,2.));
#3177=CARTESIAN_POINT('',(15.9976018169078,2.,2.));
#3178=CARTESIAN_POINT('',(0.997601816907766,2.,7.5));
#3179=CARTESIAN_POINT('',(0.997601816907767,2.,6.06086251621277));
#3180=CARTESIAN_POINT('',(-0.00239818309223372,2.,7.5));
#3181=CARTESIAN_POINT('',(7.99760181690777,2.,7.5));
#3182=CARTESIAN_POINT('',(-0.00239818309223594,2.,12.));
#3183=CARTESIAN_POINT('',(-0.00239818309223594,2.,8.));
#3184=CARTESIAN_POINT('',(3.99760181690777,2.,16.));
#3185=CARTESIAN_POINT('Origin',(3.99760181690777,2.,12.));
#3186=CARTESIAN_POINT('',(27.9976018169078,2.,16.));
#3187=CARTESIAN_POINT('',(15.9976018169078,2.,16.));
#3188=CARTESIAN_POINT('',(31.9976018169078,2.,12.));
#3189=CARTESIAN_POINT('Origin',(27.9976018169078,2.,12.));
#3190=CARTESIAN_POINT('',(31.9976018169078,2.,7.5));
#3191=CARTESIAN_POINT('',(31.9976018169078,2.,8.));
#3192=CARTESIAN_POINT('',(30.9976018169078,2.,7.5));
#3193=CARTESIAN_POINT('',(23.9976018169078,2.,7.5));
#3194=CARTESIAN_POINT('',(30.9976018169078,2.,2.));
#3195=CARTESIAN_POINT('',(30.9976018169078,2.,6.06086251621277));
#3196=CARTESIAN_POINT('',(15.9976018169078,2.,2.));
#3197=CARTESIAN_POINT('Origin',(15.9976018169078,58.,8.));
#3198=CARTESIAN_POINT('',(15.4976018169078,58.,0.));
#3199=CARTESIAN_POINT('',(15.4976018169078,58.,4.));
#3200=CARTESIAN_POINT('',(-0.0023981830922315,58.,0.));
#3201=CARTESIAN_POINT('',(15.9976018169078,58.,0.));
#3202=CARTESIAN_POINT('',(-0.0023981830922315,58.,12.));
#3203=CARTESIAN_POINT('',(-0.0023981830922315,58.,8.));
#3204=CARTESIAN_POINT('',(3.99760181690777,58.,16.));
#3205=CARTESIAN_POINT('Origin',(3.99760181690777,58.,12.));
#3206=CARTESIAN_POINT('',(27.9976018169078,58.,16.));
#3207=CARTESIAN_POINT('',(15.9976018169078,58.,16.));
#3208=CARTESIAN_POINT('',(31.9976018169078,58.,12.));
#3209=CARTESIAN_POINT('Origin',(27.9976018169078,58.,12.));
#3210=CARTESIAN_POINT('',(31.9976018169078,58.,0.));
#3211=CARTESIAN_POINT('',(31.9976018169078,58.,8.));
#3212=CARTESIAN_POINT('',(15.9976018169078,58.,0.));
#3213=CARTESIAN_POINT('',(16.4976018169078,58.,0.));
#3214=CARTESIAN_POINT('',(16.4976018169078,58.,4.));
#3215=CARTESIAN_POINT('',(15.9976018169078,58.,0.));
#3216=CARTESIAN_POINT('Origin',(16.4976018169078,30.0044650475097,5.19584682663562));
#3217=CARTESIAN_POINT('',(16.4976018169078,43.5,0.));
#3218=CARTESIAN_POINT('',(16.4976018169078,56.,15.));
#3219=CARTESIAN_POINT('',(16.4976018169078,56.,6.59792341331781));
#3220=CARTESIAN_POINT('',(16.4976018169078,50.,15.));
#3221=CARTESIAN_POINT('',(16.4976018169078,56.,15.));
#3222=CARTESIAN_POINT('',(16.4976018169078,39.3890614233342,5.50928801500014));
#3223=CARTESIAN_POINT('',(16.4976018169078,50.,15.));
#3224=CARTESIAN_POINT('',(16.4976018169078,38.0557280900008,5.));
#3225=CARTESIAN_POINT('Origin',(16.4976018169078,38.0557280900008,7.));
#3226=CARTESIAN_POINT('',(16.4976018169078,18.9442719099992,5.00000000000002));
#3227=CARTESIAN_POINT('',(16.4976018169078,38.8196601125011,5.));
#3228=CARTESIAN_POINT('',(16.4976018169078,17.6109385766659,5.50928801500015));
#3229=CARTESIAN_POINT('Origin',(16.4976018169078,18.9442719099992,7.00000000000002));
#3230=CARTESIAN_POINT('',(16.4976018169078,7.,15.));
#3231=CARTESIAN_POINT('',(16.4976018169078,18.180339887499,5.00000000000002));
#3232=CARTESIAN_POINT('',(16.4976018169078,4.,15.));
#3233=CARTESIAN_POINT('',(16.4976018169078,7.00000000000001,15.));
#3234=CARTESIAN_POINT('',(16.4976018169078,4.,5.));
#3235=CARTESIAN_POINT('',(16.4976018169078,4.,15.));
#3236=CARTESIAN_POINT('',(16.4976018169078,4.,5.));
#3237=CARTESIAN_POINT('',(16.4976018169078,29.5022325237549,2.));
#3238=CARTESIAN_POINT('Origin',(15.9976018169078,56.,8.));
#3239=CARTESIAN_POINT('',(30.9976018169078,56.,2.));
#3240=CARTESIAN_POINT('',(15.9976018169078,56.,2.));
#3241=CARTESIAN_POINT('',(30.9976018169078,56.,7.5));
#3242=CARTESIAN_POINT('',(30.9976018169078,56.,6.06086251621277));
#3243=CARTESIAN_POINT('',(31.9976018169078,56.,7.5));
#3244=CARTESIAN_POINT('',(23.9976018169078,56.,7.5));
#3245=CARTESIAN_POINT('',(31.9976018169078,56.,12.));
#3246=CARTESIAN_POINT('',(31.9976018169078,56.,8.));
#3247=CARTESIAN_POINT('',(27.9976018169078,56.,16.));
#3248=CARTESIAN_POINT('Origin',(27.9976018169078,56.,12.));
#3249=CARTESIAN_POINT('',(3.99760181690777,56.,16.));
#3250=CARTESIAN_POINT('',(15.9976018169078,56.,16.));
#3251=CARTESIAN_POINT('',(-0.0023981830922315,56.,12.));
#3252=CARTESIAN_POINT('Origin',(3.99760181690777,56.,12.));
#3253=CARTESIAN_POINT('',(-0.00239818309223372,56.,7.5));
#3254=CARTESIAN_POINT('',(-0.0023981830922315,56.,8.));
#3255=CARTESIAN_POINT('',(0.997601816907766,56.,7.5));
#3256=CARTESIAN_POINT('',(7.99760181690777,56.,7.5));
#3257=CARTESIAN_POINT('',(0.997601816907767,56.,2.));
#3258=CARTESIAN_POINT('',(0.997601816907767,56.,6.06086251621277));
#3259=CARTESIAN_POINT('',(15.9976018169078,56.,2.));
#3260=CARTESIAN_POINT('',(15.9976018169078,56.,2.));
#3261=CARTESIAN_POINT('',(15.4976018169078,56.,15.));
#3262=CARTESIAN_POINT('',(15.4976018169078,56.,6.59792341331781));
#3263=CARTESIAN_POINT('',(16.2476018169078,56.,15.));
#3264=CARTESIAN_POINT('',(15.9976018169078,56.,2.));
#3265=CARTESIAN_POINT('Origin',(15.9976018169078,29.,2.));
#3266=CARTESIAN_POINT('',(0.997601816907767,28.9999999999996,2.));
#3267=CARTESIAN_POINT('',(15.4976018169078,29.5022325237549,2.));
#3268=CARTESIAN_POINT('Origin',(15.9976018169078,29.,0.));
#3269=CARTESIAN_POINT('',(15.4976018169078,41.5,0.));
#3270=CARTESIAN_POINT('',(31.9976018169078,0.,0.));
#3271=CARTESIAN_POINT('',(31.9976018169078,29.,0.));
#3272=CARTESIAN_POINT('',(-0.00239818309223594,0.,0.));
#3273=CARTESIAN_POINT('',(15.9976018169078,0.,0.));
#3274=CARTESIAN_POINT('',(-0.00239818309223372,29.,0.));
#3275=CARTESIAN_POINT('Origin',(16.4976018169078,18.9442719099992,7.00000000000002));
#3276=CARTESIAN_POINT('',(15.4976018169078,18.9442719099992,5.00000000000002));
#3277=CARTESIAN_POINT('',(16.4976018169078,18.9442719099992,5.00000000000002));
#3278=CARTESIAN_POINT('',(15.4976018169078,17.6109385766659,5.50928801500015));
#3279=CARTESIAN_POINT('Origin',(15.4976018169078,18.9442719099992,7.00000000000002));
#3280=CARTESIAN_POINT('',(16.4976018169078,17.6109385766659,5.50928801500015));
#3281=CARTESIAN_POINT('Origin',(16.4976018169078,18.180339887499,5.00000000000002));
#3282=CARTESIAN_POINT('',(15.4976018169078,38.0557280900008,5.));
#3283=CARTESIAN_POINT('',(16.4976018169078,38.0557280900008,5.));
#3284=CARTESIAN_POINT('',(15.4976018169078,38.8196601125011,5.));
#3285=CARTESIAN_POINT('Origin',(16.4976018169078,38.0557280900008,7.));
#3286=CARTESIAN_POINT('',(15.4976018169078,39.3890614233342,5.50928801500014));
#3287=CARTESIAN_POINT('',(16.4976018169078,39.3890614233342,5.50928801500014));
#3288=CARTESIAN_POINT('Origin',(15.4976018169078,38.0557280900008,7.));
#3289=CARTESIAN_POINT('Origin',(16.4976018169078,38.8196601125011,5.00000000000001));
#3290=CARTESIAN_POINT('',(15.4976018169078,50.,15.));
#3291=CARTESIAN_POINT('',(16.4976018169078,50.,15.));
#3292=CARTESIAN_POINT('',(15.4976018169078,50.,15.));
#3293=CARTESIAN_POINT('Origin',(-0.00239818309223372,4.,9.5));
#3294=CARTESIAN_POINT('',(-0.00239818309223372,6.,9.5));
#3295=CARTESIAN_POINT('',(-0.00239818309223372,4.,7.5));
#3296=CARTESIAN_POINT('Origin',(-0.00239818309223372,4.,9.5));
#3297=CARTESIAN_POINT('',(0.997601816907766,4.,7.5));
#3298=CARTESIAN_POINT('',(-0.00239818309223372,4.,7.5));
#3299=CARTESIAN_POINT('',(0.997601816907766,6.,9.5));
#3300=CARTESIAN_POINT('Origin',(0.997601816907766,4.,9.5));
#3301=CARTESIAN_POINT('',(-0.00239818309223372,6.,9.5));
#3302=CARTESIAN_POINT('Origin',(-0.00239818309223372,6.,7.5));
#3303=CARTESIAN_POINT('',(-0.00239818309223372,6.,7.5));
#3304=CARTESIAN_POINT('',(0.997601816907766,6.,7.5));
#3305=CARTESIAN_POINT('Origin',(-0.00239818309223372,21.,9.5));
#3306=CARTESIAN_POINT('',(-0.00239818309223372,21.,7.5));
#3307=CARTESIAN_POINT('',(-0.00239818309223372,19.,9.5));
#3308=CARTESIAN_POINT('Origin',(-0.00239818309223372,21.,9.5));
#3309=CARTESIAN_POINT('',(0.997601816907766,19.,9.5));
#3310=CARTESIAN_POINT('',(-0.00239818309223372,19.,9.5));
#3311=CARTESIAN_POINT('',(0.997601816907766,21.,7.5));
#3312=CARTESIAN_POINT('Origin',(0.997601816907766,21.,9.5));
#3313=CARTESIAN_POINT('',(-0.00239818309223372,21.,7.5));
#3314=CARTESIAN_POINT('Origin',(-0.00239818309223372,19.,7.5));
#3315=CARTESIAN_POINT('',(-0.00239818309223372,19.,10.));
#3316=CARTESIAN_POINT('',(-0.00239818309223372,19.,7.5));
#3317=CARTESIAN_POINT('',(0.997601816907766,19.,10.));
#3318=CARTESIAN_POINT('',(-0.00239818309223372,19.,10.));
#3319=CARTESIAN_POINT('',(0.997601816907766,19.,7.5));
#3320=CARTESIAN_POINT('Origin',(-0.00239818309223372,37.,9.5));
#3321=CARTESIAN_POINT('',(-0.00239818309223372,39.,9.5));
#3322=CARTESIAN_POINT('',(-0.00239818309223372,37.,7.5));
#3323=CARTESIAN_POINT('Origin',(-0.00239818309223372,37.,9.5));
#3324=CARTESIAN_POINT('',(0.997601816907766,37.,7.5));
#3325=CARTESIAN_POINT('',(-0.00239818309223372,37.,7.5));
#3326=CARTESIAN_POINT('',(0.997601816907766,39.,9.5));
#3327=CARTESIAN_POINT('Origin',(0.997601816907766,37.,9.5));
#3328=CARTESIAN_POINT('',(-0.00239818309223372,39.,9.5));
#3329=CARTESIAN_POINT('Origin',(-0.00239818309223372,39.,7.5));
#3330=CARTESIAN_POINT('',(0.997601816907766,39.,7.5));
#3331=CARTESIAN_POINT('',(-0.00239818309223372,39.,7.5));
#3332=CARTESIAN_POINT('Origin',(-0.00239818309223372,54.,9.5));
#3333=CARTESIAN_POINT('',(-0.00239818309223372,54.,7.5));
#3334=CARTESIAN_POINT('',(-0.00239818309223372,52.,9.5));
#3335=CARTESIAN_POINT('Origin',(-0.00239818309223372,54.,9.5));
#3336=CARTESIAN_POINT('',(0.997601816907766,52.,9.5));
#3337=CARTESIAN_POINT('',(-0.00239818309223372,52.,9.5));
#3338=CARTESIAN_POINT('',(0.997601816907766,54.,7.5));
#3339=CARTESIAN_POINT('Origin',(0.997601816907766,54.,9.5));
#3340=CARTESIAN_POINT('',(-0.00239818309223372,54.,7.5));
#3341=CARTESIAN_POINT('Origin',(-0.00239818309223372,52.,7.5));
#3342=CARTESIAN_POINT('',(-0.00239818309223372,52.,10.));
#3343=CARTESIAN_POINT('',(-0.00239818309223372,52.,7.5));
#3344=CARTESIAN_POINT('',(0.997601816907766,52.,10.));
#3345=CARTESIAN_POINT('',(-0.00239818309223372,52.,10.));
#3346=CARTESIAN_POINT('',(0.997601816907766,52.,7.5));
#3347=CARTESIAN_POINT('Origin',(31.9976018169078,54.,9.5));
#3348=CARTESIAN_POINT('',(31.9976018169078,52.,9.5));
#3349=CARTESIAN_POINT('',(31.9976018169078,54.,7.5));
#3350=CARTESIAN_POINT('Origin',(31.9976018169078,54.,9.5));
#3351=CARTESIAN_POINT('',(30.9976018169078,54.,7.5));
#3352=CARTESIAN_POINT('',(31.9976018169078,54.,7.5));
#3353=CARTESIAN_POINT('',(30.9976018169078,52.,9.5));
#3354=CARTESIAN_POINT('Origin',(30.9976018169078,54.,9.5));
#3355=CARTESIAN_POINT('',(31.9976018169078,52.,9.5));
#3356=CARTESIAN_POINT('Origin',(31.9976018169078,56.,7.5));
#3357=CARTESIAN_POINT('',(31.9976018169078,60.9000000000007,7.5));
#3358=CARTESIAN_POINT('',(30.9976018169078,56.,7.5));
#3359=CARTESIAN_POINT('Origin',(31.9976018169078,37.,9.5));
#3360=CARTESIAN_POINT('',(31.9976018169078,37.,7.5));
#3361=CARTESIAN_POINT('',(31.9976018169078,39.,9.5));
#3362=CARTESIAN_POINT('Origin',(31.9976018169078,37.,9.5));
#3363=CARTESIAN_POINT('',(30.9976018169078,39.,9.5));
#3364=CARTESIAN_POINT('',(31.9976018169078,39.,9.5));
#3365=CARTESIAN_POINT('',(30.9976018169078,37.,7.5));
#3366=CARTESIAN_POINT('Origin',(30.9976018169078,37.,9.5));
#3367=CARTESIAN_POINT('',(31.9976018169078,37.,7.5));
#3368=CARTESIAN_POINT('Origin',(31.9976018169078,39.,7.5));
#3369=CARTESIAN_POINT('',(31.9976018169078,39.,10.));
#3370=CARTESIAN_POINT('',(31.9976018169078,39.,10.));
#3371=CARTESIAN_POINT('',(30.9976018169078,39.,10.));
#3372=CARTESIAN_POINT('',(31.9976018169078,39.,10.));
#3373=CARTESIAN_POINT('',(30.9976018169078,39.,10.));
#3374=CARTESIAN_POINT('Origin',(31.9976018169078,21.,9.5));
#3375=CARTESIAN_POINT('',(31.9976018169078,19.,9.5));
#3376=CARTESIAN_POINT('',(31.9976018169078,21.,7.5));
#3377=CARTESIAN_POINT('Origin',(31.9976018169078,21.,9.5));
#3378=CARTESIAN_POINT('',(30.9976018169078,21.,7.5));
#3379=CARTESIAN_POINT('',(31.9976018169078,21.,7.5));
#3380=CARTESIAN_POINT('',(30.9976018169078,19.,9.5));
#3381=CARTESIAN_POINT('Origin',(30.9976018169078,21.,9.5));
#3382=CARTESIAN_POINT('',(31.9976018169078,19.,9.5));
#3383=CARTESIAN_POINT('Origin',(31.9976018169078,19.,7.5));
#3384=CARTESIAN_POINT('',(30.9976018169078,39.,7.5));
#3385=CARTESIAN_POINT('',(31.9976018169078,39.,7.5));
#3386=CARTESIAN_POINT('Origin',(31.9976018169078,4.,9.5));
#3387=CARTESIAN_POINT('',(31.9976018169078,4.,7.5));
#3388=CARTESIAN_POINT('',(31.9976018169078,6.,9.5));
#3389=CARTESIAN_POINT('Origin',(31.9976018169078,4.,9.5));
#3390=CARTESIAN_POINT('',(30.9976018169078,6.,9.5));
#3391=CARTESIAN_POINT('',(31.9976018169078,6.,9.5));
#3392=CARTESIAN_POINT('',(30.9976018169078,4.,7.5));
#3393=CARTESIAN_POINT('Origin',(30.9976018169078,4.,9.5));
#3394=CARTESIAN_POINT('',(31.9976018169078,4.,7.5));
#3395=CARTESIAN_POINT('Origin',(31.9976018169078,6.,7.5));
#3396=CARTESIAN_POINT('',(31.9976018169078,6.,10.));
#3397=CARTESIAN_POINT('',(31.9976018169078,6.,10.));
#3398=CARTESIAN_POINT('',(30.9976018169078,6.00000000000001,10.));
#3399=CARTESIAN_POINT('',(31.9976018169078,6.,10.));
#3400=CARTESIAN_POINT('',(30.9976018169078,6.,10.));
#3401=CARTESIAN_POINT('Origin',(27.9976018169078,28.9999999999996,12.));
#3402=CARTESIAN_POINT('',(27.9976018169078,-9.1880526175875E-16,16.));
#3403=CARTESIAN_POINT('',(31.9976018169078,0.,12.));
#3404=CARTESIAN_POINT('Origin',(27.9976018169078,0.,12.));
#3405=CARTESIAN_POINT('',(31.9976018169078,28.9999999999996,12.));
#3406=CARTESIAN_POINT('',(27.9976018169078,28.9999999999996,16.));
#3407=CARTESIAN_POINT('Origin',(31.9976018169078,28.9999999999992,4.12172503242553));
#3408=CARTESIAN_POINT('',(31.9976018169078,0.,8.));
#3409=CARTESIAN_POINT('',(31.9976018169078,28.9999999999996,12.));
#3410=CARTESIAN_POINT('',(31.9976018169078,52.,10.));
#3411=CARTESIAN_POINT('',(31.9976018169078,52.,7.5));
#3412=CARTESIAN_POINT('',(31.9976018169078,52.,10.));
#3413=CARTESIAN_POINT('',(31.9976018169078,19.,10.));
#3414=CARTESIAN_POINT('',(31.9976018169078,19.,7.5));
#3415=CARTESIAN_POINT('',(31.9976018169078,19.,10.));
#3416=CARTESIAN_POINT('',(31.9976018169078,6.,7.5));
#3417=CARTESIAN_POINT('Origin',(15.9976018169078,0.,8.));
#3418=CARTESIAN_POINT('',(3.99760181690777,9.1880526175875E-16,16.));
#3419=CARTESIAN_POINT('',(15.9976018169078,0.,16.));
#3420=CARTESIAN_POINT('',(-0.00239818309223594,0.,12.));
#3421=CARTESIAN_POINT('Origin',(3.99760181690777,0.,12.));
#3422=CARTESIAN_POINT('',(-0.00239818309223594,0.,8.));
#3423=CARTESIAN_POINT('Origin',(3.99760181690777,28.9999999999996,12.));
#3424=CARTESIAN_POINT('',(3.99760181690777,28.9999999999996,16.));
#3425=CARTESIAN_POINT('',(-0.00239818309223372,28.9999999999996,12.));
#3426=CARTESIAN_POINT('Origin',(-0.00239818309223372,28.9999999999992,4.12172503242553));
#3427=CARTESIAN_POINT('',(-0.00239818309223372,6.,10.));
#3428=CARTESIAN_POINT('',(-0.00239818309223372,6.,10.));
#3429=CARTESIAN_POINT('',(-0.00239818309223372,19.,10.));
#3430=CARTESIAN_POINT('',(-0.00239818309223372,39.,10.));
#3431=CARTESIAN_POINT('',(-0.00239818309223372,39.,10.));
#3432=CARTESIAN_POINT('',(-0.00239818309223372,52.,10.));
#3433=CARTESIAN_POINT('',(-0.00239818309223372,60.9000000000007,7.5));
#3434=CARTESIAN_POINT('',(-0.00239818309223372,28.9999999999996,12.));
#3435=CARTESIAN_POINT('Origin',(27.9976018169078,28.9999999999996,12.));
#3436=CARTESIAN_POINT('',(27.9976018169078,28.9999999999996,16.));
#3437=CARTESIAN_POINT('Origin',(3.99760181690777,28.9999999999996,12.));
#3438=CARTESIAN_POINT('',(3.99760181690777,28.9999999999996,16.));
#3439=CARTESIAN_POINT('Origin',(16.4976018169078,50.,15.));
#3440=CARTESIAN_POINT('',(15.4976018169078,56.,15.));
#3441=CARTESIAN_POINT('Origin',(16.4976018169078,7.,15.));
#3442=CARTESIAN_POINT('',(15.4976018169078,7.,15.));
#3443=CARTESIAN_POINT('',(15.4976018169078,18.180339887499,5.00000000000002));
#3444=CARTESIAN_POINT('',(16.4976018169078,7.,15.));
#3445=CARTESIAN_POINT('Origin',(16.4976018169078,4.,15.));
#3446=CARTESIAN_POINT('',(15.4976018169078,4.,15.));
#3447=CARTESIAN_POINT('',(16.4976018169078,4.,15.));
#3448=CARTESIAN_POINT('',(15.4976018169078,7.00000000000001,15.));
#3449=CARTESIAN_POINT('Origin',(16.4976018169078,4.,5.));
#3450=CARTESIAN_POINT('',(15.4976018169078,4.,5.));
#3451=CARTESIAN_POINT('',(16.4976018169078,4.,5.));
#3452=CARTESIAN_POINT('',(15.4976018169078,4.,15.));
#3453=CARTESIAN_POINT('Origin',(16.4976018169078,-2.90000000000437,5.));
#3454=CARTESIAN_POINT('',(15.4976018169078,-2.90000000000437,5.));
#3455=CARTESIAN_POINT('Origin',(15.4976018169078,30.0044650475097,5.19584682663562));
#3456=CARTESIAN_POINT('Origin',(30.9976018169078,28.9999999999992,4.12172503242553));
#3457=CARTESIAN_POINT('',(30.9976018169078,-2.90000000000437,7.5));
#3458=CARTESIAN_POINT('',(30.9976018169078,19.,10.));
#3459=CARTESIAN_POINT('',(30.9976018169078,19.,10.));
#3460=CARTESIAN_POINT('',(30.9976018169078,19.,7.5));
#3461=CARTESIAN_POINT('',(30.9976018169078,52.,10.));
#3462=CARTESIAN_POINT('',(30.9976018169078,52.,10.));
#3463=CARTESIAN_POINT('',(30.9976018169078,52.,7.5));
#3464=CARTESIAN_POINT('',(30.9976018169078,28.9999999999996,2.));
#3465=CARTESIAN_POINT('Origin',(31.9976018169078,52.,10.));
#3466=CARTESIAN_POINT('',(31.9976018169078,52.,10.));
#3467=CARTESIAN_POINT('Origin',(31.9976018169078,39.,10.));
#3468=CARTESIAN_POINT('Origin',(31.9976018169078,19.,10.));
#3469=CARTESIAN_POINT('',(31.9976018169078,19.,10.));
#3470=CARTESIAN_POINT('Origin',(31.9976018169078,6.,10.));
#3471=CARTESIAN_POINT('Origin',(31.9976018169078,-2.90000000000437,7.5));
#3472=CARTESIAN_POINT('Origin',(15.9976018169078,29.,2.));
#3473=CARTESIAN_POINT('Origin',(0.997601816907766,28.9999999999992,4.12172503242553));
#3474=CARTESIAN_POINT('',(0.997601816907766,60.9000000000007,7.5));
#3475=CARTESIAN_POINT('',(0.997601816907766,39.,10.));
#3476=CARTESIAN_POINT('',(0.997601816907766,52.,10.));
#3477=CARTESIAN_POINT('',(0.997601816907766,39.,10.));
#3478=CARTESIAN_POINT('',(0.997601816907766,6.00000000000001,10.));
#3479=CARTESIAN_POINT('',(0.997601816907766,19.,10.));
#3480=CARTESIAN_POINT('',(0.997601816907766,6.,10.));
#3481=CARTESIAN_POINT('Origin',(-0.00239818309223372,60.9000000000007,7.5));
#3482=CARTESIAN_POINT('Origin',(-0.00239818309223372,6.,10.));
#3483=CARTESIAN_POINT('',(-0.00239818309223372,6.,10.));
#3484=CARTESIAN_POINT('Origin',(-0.00239818309223372,19.,10.));
#3485=CARTESIAN_POINT('Origin',(-0.00239818309223372,39.,10.));
#3486=CARTESIAN_POINT('',(-0.00239818309223372,39.,10.));
#3487=CARTESIAN_POINT('Origin',(-0.00239818309223372,52.,10.));
#3488=CARTESIAN_POINT('Origin',(15.9976018169078,29.,16.));
#3489=CARTESIAN_POINT('Origin',(15.9976018169078,29.,16.));
#3490=CARTESIAN_POINT('Ctrl Pts',(11.6226018169078,56.,9.5));
#3491=CARTESIAN_POINT('Ctrl Pts',(11.6226018169078,55.9230769230769,10.0840140189366));
#3492=CARTESIAN_POINT('Ctrl Pts',(11.3348648172458,55.7692307692308,11.251305645311));
#3493=CARTESIAN_POINT('Ctrl Pts',(10.1388956131049,55.5384615384615,12.6024290277321));
#3494=CARTESIAN_POINT('Ctrl Pts',(8.45192185426371,55.3076923076923,13.2413126585449));
#3495=CARTESIAN_POINT('Ctrl Pts',(6.66085084908474,55.0769230769231,13.0246839035517));
#3496=CARTESIAN_POINT('Ctrl Pts',(5.17660388635763,54.8461538461539,11.999186087647));
#3497=CARTESIAN_POINT('Ctrl Pts',(4.33750628673423,54.6153846153846,10.4021357418856));
#3498=CARTESIAN_POINT('Ctrl Pts',(4.33829304555521,54.3846153846154,8.5980590994334));
#3499=CARTESIAN_POINT('Ctrl Pts',(5.17599279707117,54.1538461538462,7.0002745768458));
#3500=CARTESIAN_POINT('Ctrl Pts',(6.66115815035752,53.9230769230769,5.97608603182375));
#3501=CARTESIAN_POINT('Ctrl Pts',(8.45198012617646,53.6923076923077,5.75785601349818));
#3502=CARTESIAN_POINT('Ctrl Pts',(10.1385391295421,53.4615384615385,6.39831688662739));
#3503=CARTESIAN_POINT('Ctrl Pts',(11.3354425220287,53.2307692307692,7.74816607925665));
#3504=CARTESIAN_POINT('Ctrl Pts',(11.7664278754334,53.,9.49999997855955));
#3505=CARTESIAN_POINT('Ctrl Pts',(11.3354425684736,52.7692307692308,11.2518339862011));
#3506=CARTESIAN_POINT('Ctrl Pts',(10.1385390290929,52.5384615384615,12.601683014684));
#3507=CARTESIAN_POINT('Ctrl Pts',(8.4519803864034,52.3076923076923,13.2421442223407));
#3508=CARTESIAN_POINT('Ctrl Pts',(6.66115768799958,52.0769230769231,13.0239135568018));
#3509=CARTESIAN_POINT('Ctrl Pts',(5.17599394843445,51.8461538461539,11.9997264432426));
#3510=CARTESIAN_POINT('Ctrl Pts',(4.33829101789538,51.6153846153846,10.4019391057256));
#3511=CARTESIAN_POINT('Ctrl Pts',(4.33751132656045,51.3846153846154,8.59786871762157));
#3512=CARTESIAN_POINT('Ctrl Pts',(5.17659502231644,51.1538461538461,7.00080606163207));
#3513=CARTESIAN_POINT('Ctrl Pts',(6.66087292998638,50.9230769230769,5.97533560037668));
#3514=CARTESIAN_POINT('Ctrl Pts',(8.45188359555694,50.6923076923077,5.75865295080947));
#3515=CARTESIAN_POINT('Ctrl Pts',(10.13899519393,50.4615384615385,6.39765610352476));
#3516=CARTESIAN_POINT('Ctrl Pts',(11.334731538618,50.2307692307692,7.74853921045852));
#3517=CARTESIAN_POINT('Ctrl Pts',(11.7672308765376,50.,9.5));
#3518=CARTESIAN_POINT('Ctrl Pts',(11.334731538618,49.7692307692308,11.2514607895415));
#3519=CARTESIAN_POINT('Ctrl Pts',(10.13899519393,49.5384615384615,12.6023438964752));
#3520=CARTESIAN_POINT('Ctrl Pts',(8.45188359555693,49.3076923076923,13.2413470491905));
#3521=CARTESIAN_POINT('Ctrl Pts',(6.66087292998639,49.0769230769231,13.0246643996233));
#3522=CARTESIAN_POINT('Ctrl Pts',(5.17659502231644,48.8461538461539,11.9991939383679));
#3523=CARTESIAN_POINT('Ctrl Pts',(4.33751132656045,48.6153846153846,10.4021312823784));
#3524=CARTESIAN_POINT('Ctrl Pts',(4.33829101789538,48.3846153846154,8.59806089427439));
#3525=CARTESIAN_POINT('Ctrl Pts',(5.17599394843444,48.1538461538461,7.00027355675739));
#3526=CARTESIAN_POINT('Ctrl Pts',(6.66115768799958,47.9230769230769,5.97608644319819));
#3527=CARTESIAN_POINT('Ctrl Pts',(8.45198038640339,47.6923076923077,5.7578557776593));
#3528=CARTESIAN_POINT('Ctrl Pts',(10.1385390290929,47.4615384615384,6.39831698531596));
#3529=CARTESIAN_POINT('Ctrl Pts',(11.3354425684736,47.2307692307693,7.74816601379887));
#3530=CARTESIAN_POINT('Ctrl Pts',(11.7664278754334,47.,9.50000002144045));
#3531=CARTESIAN_POINT('Ctrl Pts',(11.3354425220287,46.7692307692308,11.2518339207433));
#3532=CARTESIAN_POINT('Ctrl Pts',(10.1385391295421,46.5384615384615,12.6016831133726));
#3533=CARTESIAN_POINT('Ctrl Pts',(8.45198012617647,46.3076923076923,13.2421439865018));
#3534=CARTESIAN_POINT('Ctrl Pts',(6.66115815035754,46.0769230769231,13.0239139681763));
#3535=CARTESIAN_POINT('Ctrl Pts',(5.17599279707116,45.8461538461539,11.9997254231542));
#3536=CARTESIAN_POINT('Ctrl Pts',(4.33829304555521,45.6153846153846,10.4019409005666));
#3537=CARTESIAN_POINT('Ctrl Pts',(4.33750628673423,45.3846153846154,8.59786425811437));
#3538=CARTESIAN_POINT('Ctrl Pts',(5.17660388635762,45.1538461538462,7.00081391235306));
#3539=CARTESIAN_POINT('Ctrl Pts',(6.66085084908473,44.9230769230769,5.97531609644829));
#3540=CARTESIAN_POINT('Ctrl Pts',(8.4519218542637,44.6923076923077,5.75868734145511));
#3541=CARTESIAN_POINT('Ctrl Pts',(10.1388956131049,44.4615384615385,6.39757097226792));
#3542=CARTESIAN_POINT('Ctrl Pts',(11.3348648172458,44.2307692307692,7.748694354689));
#3543=CARTESIAN_POINT('Ctrl Pts',(11.6226018169078,44.0769230769231,8.91598598106343));
#3544=CARTESIAN_POINT('Ctrl Pts',(11.6226018169078,44.,9.5));
#3545=CARTESIAN_POINT('Ctrl Pts',(11.6226018169078,55.9158501967789,9.5));
#3546=CARTESIAN_POINT('Ctrl Pts',(11.6226018169078,55.8389271198558,10.0838859096258));
#3547=CARTESIAN_POINT('Ctrl Pts',(11.3348547390676,55.6850809660096,11.2513481356494));
#3548=CARTESIAN_POINT('Ctrl Pts',(10.1388543278793,55.4543117352404,12.6023241761191));
#3549=CARTESIAN_POINT('Ctrl Pts',(8.45191781120754,55.2235425044712,13.2413311916283));
#3550=CARTESIAN_POINT('Ctrl Pts',(6.66088780715404,54.9927732737019,13.0245884369044));
#3551=CARTESIAN_POINT('Ctrl Pts',(5.17659626806607,54.7620040429327,11.9991941021874));
#3552=CARTESIAN_POINT('Ctrl Pts',(4.33760012232561,54.5312348121634,10.4021114662969));
#3553=CARTESIAN_POINT('Ctrl Pts',(4.33828442091806,54.3004655813942,8.59805756800758));
#3554=CARTESIAN_POINT('Ctrl Pts',(5.17606477310732,54.069696350625,7.00033790657241));
#3555=CARTESIAN_POINT('Ctrl Pts',(6.66115503727448,53.8389271198558,5.97607810633446));
#3556=CARTESIAN_POINT('Ctrl Pts',(8.4519685951,53.6081578890865,5.75795119991583));
#3557=CARTESIAN_POINT('Ctrl Pts',(10.1385440038958,53.3773886583173,6.39830983211123));
#3558=CARTESIAN_POINT('Ctrl Pts',(11.3353575664412,53.1466194275481,7.74821065590924));
#3559=CARTESIAN_POINT('Ctrl Pts',(11.766436477622,52.9158501967788,9.49999998486778));
#3560=CARTESIAN_POINT('Ctrl Pts',(11.3353576067188,52.6850809660096,11.2517893902895));
#3561=CARTESIAN_POINT('Ctrl Pts',(10.1385439167852,52.4543117352404,12.6016900982365));
#3562=CARTESIAN_POINT('Ctrl Pts',(8.45196882077177,52.2235425044712,13.2420489665342));
#3563=CARTESIAN_POINT('Ctrl Pts',(6.66115463631241,51.9927732737019,13.0239216033259));
#3564=CARTESIAN_POINT('Ctrl Pts',(5.17606577158265,51.7620040429327,11.999662813383));
#3565=CARTESIAN_POINT('Ctrl Pts',(4.33828266250838,51.5312348121635,10.4019411652094));
#3566=CARTESIAN_POINT('Ctrl Pts',(4.33760449292022,51.3004655813942,8.59789168101864));
#3567=CARTESIAN_POINT('Ctrl Pts',(5.17658858106875,51.069696350625,7.00080035520958));
#3568=CARTESIAN_POINT('Ctrl Pts',(6.66090695596303,50.8389271198557,5.97542531948054));
#3569=CARTESIAN_POINT('Ctrl Pts',(8.45188463282197,50.6081578890866,5.75864440815044));
#3570=CARTESIAN_POINT('Ctrl Pts',(10.1389406855031,50.3773886583173,6.39773507261387));
#3571=CARTESIAN_POINT('Ctrl Pts',(11.3347391583261,50.1466194275481,7.74853521132764));
#3572=CARTESIAN_POINT('Ctrl Pts',(11.7671349219337,49.9158501967789,9.49999999999999));
#3573=CARTESIAN_POINT('Ctrl Pts',(11.334739158326,49.6850809660096,11.2514647886724));
#3574=CARTESIAN_POINT('Ctrl Pts',(10.1389406855032,49.4543117352404,12.6022649273861));
#3575=CARTESIAN_POINT('Ctrl Pts',(8.45188463282197,49.2235425044711,13.2413555918496));
#3576=CARTESIAN_POINT('Ctrl Pts',(6.66090695596303,48.9927732737019,13.0245746805195));
#3577=CARTESIAN_POINT('Ctrl Pts',(5.17658858106875,48.7620040429327,11.9991996447904));
#3578=CARTESIAN_POINT('Ctrl Pts',(4.33760449292022,48.5312348121635,10.4021083189814));
#3579=CARTESIAN_POINT('Ctrl Pts',(4.33828266250839,48.3004655813943,8.59805883479056));
#3580=CARTESIAN_POINT('Ctrl Pts',(5.17606577158265,48.069696350625,7.00033718661698));
#3581=CARTESIAN_POINT('Ctrl Pts',(6.66115463631241,47.8389271198558,5.97607839667412));
#3582=CARTESIAN_POINT('Ctrl Pts',(8.45196882077176,47.6081578890865,5.75795103346577));
#3583=CARTESIAN_POINT('Ctrl Pts',(10.1385439167852,47.3773886583173,6.39830990176353));
#3584=CARTESIAN_POINT('Ctrl Pts',(11.3353576067188,47.1466194275481,7.74821060971053));
#3585=CARTESIAN_POINT('Ctrl Pts',(11.7664364776219,46.9158501967788,9.50000001513221));
#3586=CARTESIAN_POINT('Ctrl Pts',(11.3353575664412,46.6850809660096,11.2517893440908));
#3587=CARTESIAN_POINT('Ctrl Pts',(10.1385440038958,46.4543117352404,12.6016901678888));
#3588=CARTESIAN_POINT('Ctrl Pts',(8.45196859510001,46.2235425044712,13.2420488000842));
#3589=CARTESIAN_POINT('Ctrl Pts',(6.66115503727448,45.9927732737019,13.0239218936656));
#3590=CARTESIAN_POINT('Ctrl Pts',(5.17606477310732,45.7620040429327,11.9996620934276));
#3591=CARTESIAN_POINT('Ctrl Pts',(4.33828442091805,45.5312348121635,10.4019424319924));
#3592=CARTESIAN_POINT('Ctrl Pts',(4.33760012232562,45.3004655813943,8.59788853370306));
#3593=CARTESIAN_POINT('Ctrl Pts',(5.17659626806605,45.069696350625,7.00080589781263));
#3594=CARTESIAN_POINT('Ctrl Pts',(6.66088780715403,44.8389271198558,5.9754115630956));
#3595=CARTESIAN_POINT('Ctrl Pts',(8.45191781120753,44.6081578890865,5.75866880837166));
#3596=CARTESIAN_POINT('Ctrl Pts',(10.1388543278793,44.3773886583174,6.39767582388085));
#3597=CARTESIAN_POINT('Ctrl Pts',(11.3348547390676,44.146619427548,7.74865186435057));
#3598=CARTESIAN_POINT('Ctrl Pts',(11.6226018169078,43.9927732737019,8.91611409037422));
#3599=CARTESIAN_POINT('Ctrl Pts',(11.6226018169078,43.9158501967788,9.5));
#3600=CARTESIAN_POINT('Ctrl Pts',(11.6620680621903,55.8043886220695,9.5));
#3601=CARTESIAN_POINT('Ctrl Pts',(11.6620680621903,55.7274655451464,10.0904253068709));
#3602=CARTESIAN_POINT('Ctrl Pts',(11.371202569154,55.5736193913003,11.2703549559557));
#3603=CARTESIAN_POINT('Ctrl Pts',(10.1622254686622,55.342850160531,12.6362492849013));
#3604=CARTESIAN_POINT('Ctrl Pts',(8.45686981782507,55.1120809297619,13.2820375622241));
#3605=CARTESIAN_POINT('Ctrl Pts',(6.64628203420162,54.8813116989925,13.0630974692264));
#3606=CARTESIAN_POINT('Ctrl Pts',(5.14589415561858,54.6505424682234,12.0263920117005));
#3607=CARTESIAN_POINT('Ctrl Pts',(4.29761913678977,54.4197732374541,10.4119675508805));
#3608=CARTESIAN_POINT('Ctrl Pts',(4.29845683966552,54.189004006685,8.58824008572357));
#3609=CARTESIAN_POINT('Ctrl Pts',(5.14524349236495,53.9582347759157,6.97303327232104));
#3610=CARTESIAN_POINT('Ctrl Pts',(6.6466092549068,53.7274655451464,5.93772361248802));
#3611=CARTESIAN_POINT('Ctrl Pts',(8.45693182126703,53.4966963143772,5.7170750235984));
#3612=CARTESIAN_POINT('Ctrl Pts',(10.1618460119824,53.265927083608,6.36455103573432));
#3613=CARTESIAN_POINT('Ctrl Pts',(11.3718175334814,53.0351578528387,7.72907500550192));
#3614=CARTESIAN_POINT('Ctrl Pts',(11.8074564316061,52.8043886220695,9.49999997571699));
#3615=CARTESIAN_POINT('Ctrl Pts',(11.3718175829828,52.5736193913002,11.2709250686342));
#3616=CARTESIAN_POINT('Ctrl Pts',(10.1618459049227,52.3428501605311,12.635448852493));
#3617=CARTESIAN_POINT('Ctrl Pts',(8.45693209861945,52.1120809297618,13.2829252435079));
#3618=CARTESIAN_POINT('Ctrl Pts',(6.64660876212119,51.8813116989926,13.0622759215978));
#3619=CARTESIAN_POINT('Ctrl Pts',(5.14524471949915,51.6505424682234,12.0269678830109));
#3620=CARTESIAN_POINT('Ctrl Pts',(4.2984546785659,51.4197732374541,10.4117578814853));
#3621=CARTESIAN_POINT('Ctrl Pts',(4.29762450828568,51.1890040066849,8.58803749991202));
#3622=CARTESIAN_POINT('Ctrl Pts',(5.14588470823708,50.9582347759157,6.97359909744863));
#3623=CARTESIAN_POINT('Ctrl Pts',(6.64630556824181,50.7274655451464,5.93692462427882));
#3624=CARTESIAN_POINT('Ctrl Pts',(8.45682904132247,50.4966963143772,5.7179235405865));
#3625=CARTESIAN_POINT('Ctrl Pts',(10.1623316028762,50.265927083608,6.36384747843211));
#3626=CARTESIAN_POINT('Ctrl Pts',(11.3710605194934,50.0351578528388,7.72947229043024));
#3627=CARTESIAN_POINT('Ctrl Pts',(11.8083114207554,49.8043886220695,9.5));
#3628=CARTESIAN_POINT('Ctrl Pts',(11.3710605194934,49.5736193913003,11.2705277095698));
#3629=CARTESIAN_POINT('Ctrl Pts',(10.1623316028762,49.3428501605311,12.6361525215679));
#3630=CARTESIAN_POINT('Ctrl Pts',(8.45682904132248,49.1120809297618,13.2820764594135));
#3631=CARTESIAN_POINT('Ctrl Pts',(6.6463055682418,48.8813116989926,13.0630753757212));
#3632=CARTESIAN_POINT('Ctrl Pts',(5.14588470823708,48.6505424682233,12.0264009025514));
#3633=CARTESIAN_POINT('Ctrl Pts',(4.29762450828568,48.4197732374542,10.411962500088));
#3634=CARTESIAN_POINT('Ctrl Pts',(4.2984546785659,48.1890040066849,8.58824211851471));
#3635=CARTESIAN_POINT('Ctrl Pts',(5.14524471949916,47.9582347759157,6.97303211698914));
#3636=CARTESIAN_POINT('Ctrl Pts',(6.64660876212119,47.7274655451465,5.93772407840222));
#3637=CARTESIAN_POINT('Ctrl Pts',(8.45693209861944,47.4966963143772,5.71707475649209));
#3638=CARTESIAN_POINT('Ctrl Pts',(10.1618459049227,47.265927083608,6.36455114750698));
#3639=CARTESIAN_POINT('Ctrl Pts',(11.3718175829828,47.0351578528388,7.72907493136579));
#3640=CARTESIAN_POINT('Ctrl Pts',(11.8074564316061,46.8043886220695,9.50000002428301));
#3641=CARTESIAN_POINT('Ctrl Pts',(11.3718175334814,46.5736193913003,11.2709249944981));
#3642=CARTESIAN_POINT('Ctrl Pts',(10.1618460119824,46.3428501605311,12.6354489642657));
#3643=CARTESIAN_POINT('Ctrl Pts',(8.45693182126704,46.1120809297618,13.2829249764016));
#3644=CARTESIAN_POINT('Ctrl Pts',(6.64660925490681,45.8813116989926,13.062276387512));
#3645=CARTESIAN_POINT('Ctrl Pts',(5.14524349236494,45.6505424682234,12.026966727679));
#3646=CARTESIAN_POINT('Ctrl Pts',(4.29845683966552,45.4197732374541,10.4117599142764));
#3647=CARTESIAN_POINT('Ctrl Pts',(4.29761913678977,45.1890040066849,8.58803244911948));
#3648=CARTESIAN_POINT('Ctrl Pts',(5.14589415561857,44.9582347759157,6.97360798829953));
#3649=CARTESIAN_POINT('Ctrl Pts',(6.64628203420161,44.7274655451464,5.93690253077359));
#3650=CARTESIAN_POINT('Ctrl Pts',(8.45686981782506,44.4966963143772,5.71796243777594));
#3651=CARTESIAN_POINT('Ctrl Pts',(10.1622254686622,44.265927083608,6.36375071509868));
#3652=CARTESIAN_POINT('Ctrl Pts',(11.371202569154,44.0351578528388,7.72964504404426));
#3653=CARTESIAN_POINT('Ctrl Pts',(11.6620680621903,43.8813116989926,8.90957469312908));
#3654=CARTESIAN_POINT('Ctrl Pts',(11.6620680621903,43.8043886220695,9.5));
#3655=CARTESIAN_POINT('Ctrl Pts',(11.8213067543956,55.6437423229466,9.5));
#3656=CARTESIAN_POINT('Ctrl Pts',(11.8213067543956,55.5668192460235,10.1159716667391));
#3657=CARTESIAN_POINT('Ctrl Pts',(11.5177930662038,55.4129730921773,11.3473220348003));
#3658=CARTESIAN_POINT('Ctrl Pts',(10.256253185004,55.1822038614081,12.7724440011294));
#3659=CARTESIAN_POINT('Ctrl Pts',(8.47682373643435,54.9514346306389,13.4464012738748));
#3660=CARTESIAN_POINT('Ctrl Pts',(6.58759255363978,54.7206653998696,13.2178488851961));
#3661=CARTESIAN_POINT('Ctrl Pts',(5.02196716618672,54.4898961691004,12.1361828123615));
#3662=CARTESIAN_POINT('Ctrl Pts',(4.13691799333802,54.2591269383311,10.4515759980905));
#3663=CARTESIAN_POINT('Ctrl Pts',(4.1377037531753,54.028357707562,8.54861840949514));
#3664=CARTESIAN_POINT('Ctrl Pts',(5.02135685785955,53.7975884767927,6.86327901333257));
#3665=CARTESIAN_POINT('Ctrl Pts',(6.58789944272757,53.5668192460235,5.78291872768247));
#3666=CARTESIAN_POINT('Ctrl Pts',(8.47688197775713,53.3360500152543,5.55277080298074));
#3667=CARTESIAN_POINT('Ctrl Pts',(10.2558970397195,53.105280784485,6.22829460740066));
#3668=CARTESIAN_POINT('Ctrl Pts',(11.5183701914281,52.8745115537158,7.65215822834119));
#3669=CARTESIAN_POINT('Ctrl Pts',(11.9730203652357,52.6437423229466,9.49999998010098));
#3670=CARTESIAN_POINT('Ctrl Pts',(11.5183702377629,52.4129730921773,11.3478418324106));
#3671=CARTESIAN_POINT('Ctrl Pts',(10.2558969395086,52.1822038614081,12.7717053010058));
#3672=CARTESIAN_POINT('Ctrl Pts',(8.476882237367,51.9514346306389,13.4472294159029));
#3673=CARTESIAN_POINT('Ctrl Pts',(6.58789898146602,51.7206653998697,13.2170808905181));
#3674=CARTESIAN_POINT('Ctrl Pts',(5.02135800649261,51.4898961691004,12.1367219334176));
#3675=CARTESIAN_POINT('Ctrl Pts',(4.13770173032365,51.2591269383312,10.4513799246916));
#3676=CARTESIAN_POINT('Ctrl Pts',(4.13692302121332,51.0283577075619,8.54842814075985));
#3677=CARTESIAN_POINT('Ctrl Pts',(5.0219583231648,50.7975884767927,6.86380990058786));
#3678=CARTESIAN_POINT('Ctrl Pts',(6.58761458218107,50.5668192460235,5.78216921261909));
#3679=CARTESIAN_POINT('Ctrl Pts',(8.47678556845028,50.3360500152542,5.55356675280458));
#3680=CARTESIAN_POINT('Ctrl Pts',(10.2563525296935,50.105280784485,6.22763465010124));
#3681=CARTESIAN_POINT('Ctrl Pts',(11.5176601036191,49.8745115537158,7.65253089325062));
#3682=CARTESIAN_POINT('Ctrl Pts',(11.973822354778,49.6437423229466,9.5));
#3683=CARTESIAN_POINT('Ctrl Pts',(11.517660103619,49.4129730921774,11.3474691067494));
#3684=CARTESIAN_POINT('Ctrl Pts',(10.2563525296935,49.1822038614081,12.7723653498988));
#3685=CARTESIAN_POINT('Ctrl Pts',(8.47678556845028,48.9514346306389,13.4464332471954));
#3686=CARTESIAN_POINT('Ctrl Pts',(6.58761458218106,48.7206653998696,13.2178307873809));
#3687=CARTESIAN_POINT('Ctrl Pts',(5.02195832316479,48.4898961691004,12.1361900994121));
#3688=CARTESIAN_POINT('Ctrl Pts',(4.13692302121333,48.2591269383312,10.4515718592402));
#3689=CARTESIAN_POINT('Ctrl Pts',(4.13770173032365,48.028357707562,8.54862007530835));
#3690=CARTESIAN_POINT('Ctrl Pts',(5.02135800649262,47.7975884767927,6.86327806658245));
#3691=CARTESIAN_POINT('Ctrl Pts',(6.587898981466,47.5668192460235,5.7829191094819));
#3692=CARTESIAN_POINT('Ctrl Pts',(8.476882237367,47.3360500152542,5.55277058409715));
#3693=CARTESIAN_POINT('Ctrl Pts',(10.2558969395086,47.105280784485,6.22829469899416));
#3694=CARTESIAN_POINT('Ctrl Pts',(11.5183702377629,46.8745115537158,7.65215816758942));
#3695=CARTESIAN_POINT('Ctrl Pts',(11.9730203652357,46.6437423229466,9.50000001989901));
#3696=CARTESIAN_POINT('Ctrl Pts',(11.5183701914281,46.4129730921773,11.3478417716588));
#3697=CARTESIAN_POINT('Ctrl Pts',(10.2558970397195,46.1822038614081,12.7717053925993));
#3698=CARTESIAN_POINT('Ctrl Pts',(8.47688197775714,45.9514346306389,13.4472291970193));
#3699=CARTESIAN_POINT('Ctrl Pts',(6.58789944272757,45.7206653998697,13.2170812723175));
#3700=CARTESIAN_POINT('Ctrl Pts',(5.02135685785956,45.4898961691004,12.1367209866674));
#3701=CARTESIAN_POINT('Ctrl Pts',(4.1377037531753,45.2591269383312,10.4513815905049));
#3702=CARTESIAN_POINT('Ctrl Pts',(4.13691799333802,45.0283577075619,8.54842400190955));
#3703=CARTESIAN_POINT('Ctrl Pts',(5.02196716618671,44.7975884767927,6.86381718763848));
#3704=CARTESIAN_POINT('Ctrl Pts',(6.58759255363977,44.5668192460235,5.78215111480391));
#3705=CARTESIAN_POINT('Ctrl Pts',(8.47682373643434,44.3360500152543,5.55359872612518));
#3706=CARTESIAN_POINT('Ctrl Pts',(10.256253185004,44.105280784485,6.22755599887058));
#3707=CARTESIAN_POINT('Ctrl Pts',(11.5177930662038,43.8745115537158,7.65267796519969));
#3708=CARTESIAN_POINT('Ctrl Pts',(11.8213067543956,43.7206653998696,8.88402833326089));
#3709=CARTESIAN_POINT('Ctrl Pts',(11.8213067543956,43.6437423229466,9.5));
#3710=CARTESIAN_POINT('Ctrl Pts',(12.0927082374852,55.5816315076439,9.50000000000001));
#3711=CARTESIAN_POINT('Ctrl Pts',(12.0927082374852,55.5047084307208,10.1597894310259));
#3712=CARTESIAN_POINT('Ctrl Pts',(11.7676591762373,55.3508622768747,11.4784103477646));
#3713=CARTESIAN_POINT('Ctrl Pts',(10.4166004831287,55.1200930461055,13.0047970384871));
#3714=CARTESIAN_POINT('Ctrl Pts',(8.51084132854359,54.8893238153363,13.7264975590329));
#3715=CARTESIAN_POINT('Ctrl Pts',(6.48748401521454,54.6585545845669,13.4818090681084));
#3716=CARTESIAN_POINT('Ctrl Pts',(4.81076634568679,54.4277853537978,12.3232894937762));
#3717=CARTESIAN_POINT('Ctrl Pts',(3.86282081067251,54.1970161230285,10.5191359595955));
#3718=CARTESIAN_POINT('Ctrl Pts',(3.86373985481437,53.9662468922594,8.48109177002863));
#3719=CARTESIAN_POINT('Ctrl Pts',(4.81005250463665,53.7354776614901,6.67608016041949));
#3720=CARTESIAN_POINT('Ctrl Pts',(6.48784300108128,53.5047084307208,5.51909124602492));
#3721=CARTESIAN_POINT('Ctrl Pts',(8.51090936851502,53.2739391999516,5.27252972307804));
#3722=CARTESIAN_POINT('Ctrl Pts',(10.4161841389743,53.0431699691824,5.99607865352243));
#3723=CARTESIAN_POINT('Ctrl Pts',(11.7683339104994,52.8124007384131,7.52096715815671));
#3724=CARTESIAN_POINT('Ctrl Pts',(12.2551837706965,52.5816315076439,9.49999997391635));
#3725=CARTESIAN_POINT('Ctrl Pts',(11.7683339647886,52.3508622768747,11.4790329214768));
#3726=CARTESIAN_POINT('Ctrl Pts',(10.4161840215598,52.1200930461055,13.0039212264167));
#3727=CARTESIAN_POINT('Ctrl Pts',(8.51090967269297,51.8893238153362,13.7274705638349));
#3728=CARTESIAN_POINT('Ctrl Pts',(6.48784246063343,51.658554584567,13.4809082535121));
#3729=CARTESIAN_POINT('Ctrl Pts',(4.81005385045931,51.4277853537978,12.3239210805831));
#3730=CARTESIAN_POINT('Ctrl Pts',(3.86373748469314,51.1970161230285,10.5189060464402));
#3731=CARTESIAN_POINT('Ctrl Pts',(3.86282670169966,50.9662468922593,8.48086946571011));
#3732=CARTESIAN_POINT('Ctrl Pts',(4.81075598455428,50.7354776614901,6.67670095583532));
#3733=CARTESIAN_POINT('Ctrl Pts',(6.48750982546778,50.5047084307208,5.5182146623358));
#3734=CARTESIAN_POINT('Ctrl Pts',(8.51079660813648,50.2739391999516,5.27346064037357));
#3735=CARTESIAN_POINT('Ctrl Pts',(10.4167168826469,50.0431699691824,5.99530677567372));
#3736=CARTESIAN_POINT('Ctrl Pts',(11.7675033875295,49.8124007384131,7.521403022358));
#3737=CARTESIAN_POINT('Ctrl Pts',(12.2561217825764,49.5816315076439,9.5));
#3738=CARTESIAN_POINT('Ctrl Pts',(11.7675033875295,49.3508622768747,11.478596977642));
#3739=CARTESIAN_POINT('Ctrl Pts',(10.4167168826469,49.1200930461055,13.0046932243263));
#3740=CARTESIAN_POINT('Ctrl Pts',(8.51079660813649,48.8893238153362,13.7265393596264));
#3741=CARTESIAN_POINT('Ctrl Pts',(6.48750982546778,48.658554584567,13.4817853376642));
#3742=CARTESIAN_POINT('Ctrl Pts',(4.81075598455428,48.4277853537977,12.3232990441647));
#3743=CARTESIAN_POINT('Ctrl Pts',(3.86282670169966,48.1970161230286,10.5191305342899));
#3744=CARTESIAN_POINT('Ctrl Pts',(3.86373748469314,47.9662468922593,8.48109395355985));
#3745=CARTESIAN_POINT('Ctrl Pts',(4.81005385045931,47.7354776614901,6.67607891941691));
#3746=CARTESIAN_POINT('Ctrl Pts',(6.48784246063343,47.5047084307209,5.5190917464879));
#3747=CARTESIAN_POINT('Ctrl Pts',(8.51090967269296,47.2739391999517,5.27252943616511));
#3748=CARTESIAN_POINT('Ctrl Pts',(10.4161840215598,47.0431699691824,5.99607877358332));
#3749=CARTESIAN_POINT('Ctrl Pts',(11.7683339647886,46.8124007384132,7.52096707852319));
#3750=CARTESIAN_POINT('Ctrl Pts',(12.2551837706965,46.5816315076439,9.50000002608366));
#3751=CARTESIAN_POINT('Ctrl Pts',(11.7683339104994,46.3508622768747,11.4790328418433));
#3752=CARTESIAN_POINT('Ctrl Pts',(10.4161841389743,46.1200930461054,13.0039213464776));
#3753=CARTESIAN_POINT('Ctrl Pts',(8.51090936851503,45.8893238153363,13.727470276922));
#3754=CARTESIAN_POINT('Ctrl Pts',(6.48784300108128,45.658554584567,13.4809087539751));
#3755=CARTESIAN_POINT('Ctrl Pts',(4.81005250463665,45.4277853537978,12.3239198395805));
#3756=CARTESIAN_POINT('Ctrl Pts',(3.86373985481437,45.1970161230285,10.5189082299714));
#3757=CARTESIAN_POINT('Ctrl Pts',(3.86282081067251,44.9662468922593,8.48086404040454));
#3758=CARTESIAN_POINT('Ctrl Pts',(4.81076634568677,44.7354776614901,6.67671050622382));
#3759=CARTESIAN_POINT('Ctrl Pts',(6.48748401521454,44.5047084307208,5.5181909318916));
#3760=CARTESIAN_POINT('Ctrl Pts',(8.51084132854358,44.2739391999516,5.27350244096709));
#3761=CARTESIAN_POINT('Ctrl Pts',(10.4166004831287,44.0431699691824,5.99520296151293));
#3762=CARTESIAN_POINT('Ctrl Pts',(11.7676591762373,43.8124007384131,7.52158965223541));
#3763=CARTESIAN_POINT('Ctrl Pts',(12.0927082374852,43.658554584567,8.84021056897416));
#3764=CARTESIAN_POINT('Ctrl Pts',(12.0927082374852,43.5816315076439,9.50000000000001));
#3765=CARTESIAN_POINT('Ctrl Pts',(12.3848480844872,55.8138665281964,9.5));
#3766=CARTESIAN_POINT('Ctrl Pts',(12.3848480844872,55.7369434512733,10.206754293234));
#3767=CARTESIAN_POINT('Ctrl Pts',(12.0366022654948,55.5830972974272,11.6195821000579));
#3768=CARTESIAN_POINT('Ctrl Pts',(10.5891354479484,55.3523280666579,13.2547400652813));
#3769=CARTESIAN_POINT('Ctrl Pts',(8.54745193020296,55.1215588358887,14.028025690293));
#3770=CARTESIAN_POINT('Ctrl Pts',(6.37978398877621,54.8907896051194,13.76578914245));
#3771=CARTESIAN_POINT('Ctrl Pts',(4.58341526233439,54.6600203743502,12.5247059757336));
#3772=CARTESIAN_POINT('Ctrl Pts',(3.56792658640123,54.429251143581,10.5918202126097));
#3773=CARTESIAN_POINT('Ctrl Pts',(3.56882825368513,54.1984819128118,8.40840287249432));
#3774=CARTESIAN_POINT('Ctrl Pts',(4.58271492740356,53.9677126820425,6.47467646270349));
#3775=CARTESIAN_POINT('Ctrl Pts',(6.38013614713181,53.7369434512733,5.23509170428118));
#3776=CARTESIAN_POINT('Ctrl Pts',(8.5475187625989,53.5061742205041,4.97102425390401));
#3777=CARTESIAN_POINT('Ctrl Pts',(10.5887267679447,53.2754049897349,5.74610751083851));
#3778=CARTESIAN_POINT('Ctrl Pts',(12.0372645220969,53.0446357589656,7.37982147759506));
#3779=CARTESIAN_POINT('Ctrl Pts',(12.5589213854423,52.8138665281964,9.499999977162));
#3780=CARTESIAN_POINT('Ctrl Pts',(12.0372645752666,52.5830972974271,11.6201785921294));
#3781=CARTESIAN_POINT('Ctrl Pts',(10.5887266529514,52.3523280666579,13.2538923840401));
#3782=CARTESIAN_POINT('Ctrl Pts',(8.54751906050453,52.1215588358887,14.0289759973075));
#3783=CARTESIAN_POINT('Ctrl Pts',(6.38013561782831,51.8907896051195,13.7649078575296));
#3784=CARTESIAN_POINT('Ctrl Pts',(4.58271624547458,51.6600203743502,12.5253246238766));
#3785=CARTESIAN_POINT('Ctrl Pts',(3.56882593243717,51.429251143581,10.5915952156607));
#3786=CARTESIAN_POINT('Ctrl Pts',(3.56793235595197,51.1984819128117,8.408184537527));
#3787=CARTESIAN_POINT('Ctrl Pts',(4.58340511485446,50.9677126820425,6.47528566095895));
#3788=CARTESIAN_POINT('Ctrl Pts',(6.37980926680703,50.7369434512733,5.2342316283269));
#3789=CARTESIAN_POINT('Ctrl Pts',(8.54740813195664,50.5061742205041,4.97193761424029));
#3790=CARTESIAN_POINT('Ctrl Pts',(10.5892494472409,50.2754049897348,5.74535020325901));
#3791=CARTESIAN_POINT('Ctrl Pts',(12.0364496892407,50.0446357589656,7.38024911429327));
#3792=CARTESIAN_POINT('Ctrl Pts',(12.5598416764558,49.8138665281964,9.50000000000001));
#3793=CARTESIAN_POINT('Ctrl Pts',(12.0364496892407,49.5830972974272,11.6197508857067));
#3794=CARTESIAN_POINT('Ctrl Pts',(10.5892494472409,49.3523280666578,13.254649796741));
#3795=CARTESIAN_POINT('Ctrl Pts',(8.54740813195664,49.1215588358887,14.0280623857597));
#3796=CARTESIAN_POINT('Ctrl Pts',(6.37980926680703,48.8907896051194,13.7657683716731));
#3797=CARTESIAN_POINT('Ctrl Pts',(4.58340511485446,48.6600203743502,12.524714339041));
#3798=CARTESIAN_POINT('Ctrl Pts',(3.56793235595197,48.429251143581,10.591815462473));
#3799=CARTESIAN_POINT('Ctrl Pts',(3.56882593243717,48.1984819128118,8.4084047843393));
#3800=CARTESIAN_POINT('Ctrl Pts',(4.58271624547458,47.9677126820425,6.4746753761234));
#3801=CARTESIAN_POINT('Ctrl Pts',(6.38013561782831,47.7369434512733,5.23509214247036));
#3802=CARTESIAN_POINT('Ctrl Pts',(8.54751906050451,47.5061742205041,4.97102400269248));
#3803=CARTESIAN_POINT('Ctrl Pts',(10.5887266529514,47.2754049897349,5.74610761595988));
#3804=CARTESIAN_POINT('Ctrl Pts',(12.0372645752666,47.0446357589656,7.37982140787056));
#3805=CARTESIAN_POINT('Ctrl Pts',(12.5589213854423,46.8138665281964,9.50000002283799));
#3806=CARTESIAN_POINT('Ctrl Pts',(12.0372645220969,46.5830972974271,11.6201785224049));
#3807=CARTESIAN_POINT('Ctrl Pts',(10.5887267679447,46.3523280666579,13.2538924891615));
#3808=CARTESIAN_POINT('Ctrl Pts',(8.54751876259891,46.1215588358886,14.028975746096));
#3809=CARTESIAN_POINT('Ctrl Pts',(6.38013614713181,45.8907896051195,13.7649082957188));
#3810=CARTESIAN_POINT('Ctrl Pts',(4.58271492740356,45.6600203743502,12.5253235372965));
#3811=CARTESIAN_POINT('Ctrl Pts',(3.56882825368512,45.429251143581,10.5915971275057));
#3812=CARTESIAN_POINT('Ctrl Pts',(3.56792658640123,45.1984819128118,8.4081797873903));
#3813=CARTESIAN_POINT('Ctrl Pts',(4.58341526233438,44.9677126820425,6.47529402426642));
#3814=CARTESIAN_POINT('Ctrl Pts',(6.37978398877621,44.7369434512733,5.23421085755004));
#3815=CARTESIAN_POINT('Ctrl Pts',(8.54745193020294,44.5061742205041,4.97197430970705));
#3816=CARTESIAN_POINT('Ctrl Pts',(10.5891354479484,44.2754049897348,5.74525993471868));
#3817=CARTESIAN_POINT('Ctrl Pts',(12.0366022654948,44.0446357589656,7.38041789994211));
#3818=CARTESIAN_POINT('Ctrl Pts',(12.3848480844872,43.8907896051194,8.79324570676595));
#3819=CARTESIAN_POINT('Ctrl Pts',(12.3848480844872,43.8138665281964,9.49999999999999));
#3820=CARTESIAN_POINT('Ctrl Pts',(12.3840724915555,56.1859345634228,9.50000000000001));
#3821=CARTESIAN_POINT('Ctrl Pts',(12.3840724915555,56.1090114864997,10.2067573658941));
#3822=CARTESIAN_POINT('Ctrl Pts',(12.0358983074659,55.9551653326535,11.6191649337081));
#3823=CARTESIAN_POINT('Ctrl Pts',(10.5887185623485,55.7243961018843,13.2541810636128));
#3824=CARTESIAN_POINT('Ctrl Pts',(8.54735876583844,55.4936268711151,14.0272066904095));
#3825=CARTESIAN_POINT('Ctrl Pts',(6.3800330614254,55.2628576403458,13.7651304176455));
#3826=CARTESIAN_POINT('Ctrl Pts',(4.5840264470184,55.0320884095766,12.5241632488478));
#3827=CARTESIAN_POINT('Ctrl Pts',(3.5686159134263,54.8013191788074,10.5916514545191));
#3828=CARTESIAN_POINT('Ctrl Pts',(3.56961980625968,54.5705499480382,8.40859737920083));
#3829=CARTESIAN_POINT('Ctrl Pts',(4.58324670004673,54.3397807172689,6.47514800691468));
#3830=CARTESIAN_POINT('Ctrl Pts',(6.38042519923663,54.1090114864996,5.23585358953926));
#3831=CARTESIAN_POINT('Ctrl Pts',(8.54743306893822,53.8782422557305,4.97172978579208));
#3832=CARTESIAN_POINT('Ctrl Pts',(10.5882638289275,53.6474730249612,5.74677818657943));
#3833=CARTESIAN_POINT('Ctrl Pts',(12.0366352693876,53.416703794192,7.38015174636099));
#3834=CARTESIAN_POINT('Ctrl Pts',(12.5581064233476,53.1859345634227,9.49999997086244));
#3835=CARTESIAN_POINT('Ctrl Pts',(12.0366353287107,52.9551653326535,11.6198483425961));
#3836=CARTESIAN_POINT('Ctrl Pts',(10.5882637006257,52.7243961018843,13.2532216793029));
#3837=CARTESIAN_POINT('Ctrl Pts',(8.54743340132096,52.493626871115,14.0282705347129));
#3838=CARTESIAN_POINT('Ctrl Pts',(6.38042460867595,52.2628576403459,13.7641458514032));
#3839=CARTESIAN_POINT('Ctrl Pts',(4.58324817066036,52.0320884095766,12.5248533793858));
#3840=CARTESIAN_POINT('Ctrl Pts',(3.56961721636974,51.8013191788074,10.5914001816221));
#3841=CARTESIAN_POINT('Ctrl Pts',(3.568622350697,51.5705499480381,8.40835460600538));
#3842=CARTESIAN_POINT('Ctrl Pts',(4.58401512515329,51.3397807172689,6.47582608290107));
#3843=CARTESIAN_POINT('Ctrl Pts',(6.38006126492588,51.1090114864997,5.23489609278011));
#3844=CARTESIAN_POINT('Ctrl Pts',(8.5473098987463,50.8782422557304,4.97274663752659));
#3845=CARTESIAN_POINT('Ctrl Pts',(10.5888457549737,50.6474730249613,5.74593505247707));
#3846=CARTESIAN_POINT('Ctrl Pts',(12.0357280733014,50.416703794192,7.38062784755415));
#3847=CARTESIAN_POINT('Ctrl Pts',(12.5591310316417,50.1859345634228,9.5));
#3848=CARTESIAN_POINT('Ctrl Pts',(12.0357280733014,49.9551653326535,11.6193721524459));
#3849=CARTESIAN_POINT('Ctrl Pts',(10.5888457549737,49.7243961018843,13.2540649475229));
#3850=CARTESIAN_POINT('Ctrl Pts',(8.54730989874631,49.4936268711151,14.0272533624734));
#3851=CARTESIAN_POINT('Ctrl Pts',(6.38006126492588,49.2628576403458,13.7651039072199));
#3852=CARTESIAN_POINT('Ctrl Pts',(4.58401512515328,49.0320884095766,12.5241739170989));
#3853=CARTESIAN_POINT('Ctrl Pts',(3.568622350697,48.8013191788074,10.5916453939946));
#3854=CARTESIAN_POINT('Ctrl Pts',(3.56961721636974,48.5705499480381,8.40859981837785));
#3855=CARTESIAN_POINT('Ctrl Pts',(4.58324817066035,48.3397807172689,6.47514662061421));
#3856=CARTESIAN_POINT('Ctrl Pts',(6.38042460867595,48.1090114864997,5.23585414859684));
#3857=CARTESIAN_POINT('Ctrl Pts',(8.54743340132096,47.8782422557305,4.97172946528713));
#3858=CARTESIAN_POINT('Ctrl Pts',(10.5882637006257,47.6474730249612,5.74677832069716));
#3859=CARTESIAN_POINT('Ctrl Pts',(12.0366353287107,47.416703794192,7.3801516574039));
#3860=CARTESIAN_POINT('Ctrl Pts',(12.5581064233477,47.1859345634228,9.50000002913755));
#3861=CARTESIAN_POINT('Ctrl Pts',(12.0366352693876,46.9551653326535,11.619848253639));
#3862=CARTESIAN_POINT('Ctrl Pts',(10.5882638289275,46.7243961018843,13.2532218134206));
#3863=CARTESIAN_POINT('Ctrl Pts',(8.54743306893823,46.4936268711151,14.0282702142079));
#3864=CARTESIAN_POINT('Ctrl Pts',(6.38042519923665,46.2628576403458,13.7641464104608));
#3865=CARTESIAN_POINT('Ctrl Pts',(4.58324670004672,46.0320884095766,12.5248519930853));
#3866=CARTESIAN_POINT('Ctrl Pts',(3.56961980625969,45.8013191788074,10.5914026207992));
#3867=CARTESIAN_POINT('Ctrl Pts',(3.5686159134263,45.5705499480382,8.4083485454809));
#3868=CARTESIAN_POINT('Ctrl Pts',(4.58402644701839,45.3397807172689,6.47583675115217));
#3869=CARTESIAN_POINT('Ctrl Pts',(6.38003306142539,45.1090114864997,5.23486958235453));
#3870=CARTESIAN_POINT('Ctrl Pts',(8.54735876583843,44.8782422557304,4.97279330959051));
#3871=CARTESIAN_POINT('Ctrl Pts',(10.5887185623485,44.6474730249612,5.74581893638719));
#3872=CARTESIAN_POINT('Ctrl Pts',(12.0358983074659,44.416703794192,7.38083506629191));
#3873=CARTESIAN_POINT('Ctrl Pts',(12.3840724915555,44.2628576403458,8.79324263410586));
#3874=CARTESIAN_POINT('Ctrl Pts',(12.3840724915555,44.1859345634228,9.5));
#3875=CARTESIAN_POINT('Ctrl Pts',(12.093274447677,56.4191608080918,9.5));
#3876=CARTESIAN_POINT('Ctrl Pts',(12.093274447677,56.3422377311688,10.159771547209));
#3877=CARTESIAN_POINT('Ctrl Pts',(11.7681718599947,56.1883915773226,11.4787200814909));
#3878=CARTESIAN_POINT('Ctrl Pts',(10.4168997838694,55.9576223465534,13.0051923282481));
#3879=CARTESIAN_POINT('Ctrl Pts',(8.51090884820472,55.7268531157842,13.7270977205056));
#3880=CARTESIAN_POINT('Ctrl Pts',(6.48730669555021,55.4960838850149,13.4822783050713));
#3881=CARTESIAN_POINT('Ctrl Pts',(4.81031922920837,55.2653146542458,12.3236866820251));
#3882=CARTESIAN_POINT('Ctrl Pts',(3.86232903387626,55.0345454234764,10.519256195184));
#3883=CARTESIAN_POINT('Ctrl Pts',(3.86316094055191,54.8037761927072,8.48094958630411));
#3884=CARTESIAN_POINT('Ctrl Pts',(4.8096730792963,54.573006961938,6.67574364834398));
#3885=CARTESIAN_POINT('Ctrl Pts',(6.48763160277972,54.3422377311688,5.5185340753076));
#3886=CARTESIAN_POINT('Ctrl Pts',(8.51097052009814,54.1114685003995,5.27202628108062));
#3887=CARTESIAN_POINT('Ctrl Pts',(10.4165226958849,53.8806992696303,5.99558817530494));
#3888=CARTESIAN_POINT('Ctrl Pts',(11.7687829150724,53.649930038861,7.52073149260473));
#3889=CARTESIAN_POINT('Ctrl Pts',(12.2557797719935,53.4191608080919,9.4999999792854));
#3890=CARTESIAN_POINT('Ctrl Pts',(11.7687829641165,53.1883915773226,11.479268570637));
#3891=CARTESIAN_POINT('Ctrl Pts',(10.4165225898145,52.9576223465534,13.0044117293475));
#3892=CARTESIAN_POINT('Ctrl Pts',(8.51097079488778,52.7268531157842,13.7279739467741));
#3893=CARTESIAN_POINT('Ctrl Pts',(6.48763111454751,52.496083885015,13.4814655272445));
#3894=CARTESIAN_POINT('Ctrl Pts',(4.80967429509163,52.2653146542457,12.3242573372094));
#3895=CARTESIAN_POINT('Ctrl Pts',(3.86315879942114,52.0345454234764,10.5190486796054));
#3896=CARTESIAN_POINT('Ctrl Pts',(3.86233435573885,51.8037761927072,8.4807481132888));
#3897=CARTESIAN_POINT('Ctrl Pts',(4.81030986912191,51.573006961938,6.67630573207108));
#3898=CARTESIAN_POINT('Ctrl Pts',(6.48733001213279,51.3422377311688,5.51774053351824));
#3899=CARTESIAN_POINT('Ctrl Pts',(8.51086844848235,51.1114685003995,5.27286898188401));
#3900=CARTESIAN_POINT('Ctrl Pts',(10.4170049373893,50.8806992696303,5.9948894563329));
#3901=CARTESIAN_POINT('Ctrl Pts',(11.7680311228916,50.6499300388611,7.52112604547368));
#3902=CARTESIAN_POINT('Ctrl Pts',(12.2566288634034,50.4191608080918,9.49999999999999));
#3903=CARTESIAN_POINT('Ctrl Pts',(11.7680311228916,50.1883915773227,11.4788739545263));
#3904=CARTESIAN_POINT('Ctrl Pts',(10.4170049373893,49.9576223465534,13.0051105436671));
#3905=CARTESIAN_POINT('Ctrl Pts',(8.51086844848235,49.7268531157842,13.727131018116));
#3906=CARTESIAN_POINT('Ctrl Pts',(6.48733001213278,49.4960838850149,13.4822594664818));
#3907=CARTESIAN_POINT('Ctrl Pts',(4.81030986912191,49.2653146542457,12.3236942679289));
#3908=CARTESIAN_POINT('Ctrl Pts',(3.86233435573885,49.0345454234765,10.5192518867112));
#3909=CARTESIAN_POINT('Ctrl Pts',(3.86315879942114,48.8037761927073,8.48095132039455));
#3910=CARTESIAN_POINT('Ctrl Pts',(4.80967429509163,48.573006961938,6.67574266279062));
#3911=CARTESIAN_POINT('Ctrl Pts',(6.48763111454751,48.3422377311688,5.51853447275545));
#3912=CARTESIAN_POINT('Ctrl Pts',(8.51097079488778,48.1114685003995,5.27202605322589));
#3913=CARTESIAN_POINT('Ctrl Pts',(10.4165225898145,47.8806992696304,5.99558827065249));
#3914=CARTESIAN_POINT('Ctrl Pts',(11.7687829641165,47.649930038861,7.52073142936297));
#3915=CARTESIAN_POINT('Ctrl Pts',(12.2557797719935,47.4191608080919,9.50000002071459));
#3916=CARTESIAN_POINT('Ctrl Pts',(11.7687829150725,47.1883915773225,11.4792685073953));
#3917=CARTESIAN_POINT('Ctrl Pts',(10.4165226958849,46.9576223465534,13.0044118246951));
#3918=CARTESIAN_POINT('Ctrl Pts',(8.51097052009815,46.7268531157841,13.7279737189194));
#3919=CARTESIAN_POINT('Ctrl Pts',(6.48763160277972,46.4960838850149,13.4814659246924));
#3920=CARTESIAN_POINT('Ctrl Pts',(4.80967307929631,46.2653146542457,12.324256351656));
#3921=CARTESIAN_POINT('Ctrl Pts',(3.86316094055191,46.0345454234765,10.5190504136959));
#3922=CARTESIAN_POINT('Ctrl Pts',(3.86232903387627,45.8037761927072,8.48074380481596));
#3923=CARTESIAN_POINT('Ctrl Pts',(4.81031922920836,45.573006961938,6.67631331797491));
#3924=CARTESIAN_POINT('Ctrl Pts',(6.4873066955502,45.3422377311688,5.51772169492867));
#3925=CARTESIAN_POINT('Ctrl Pts',(8.51090884820471,45.1114685003996,5.27290227949439));
#3926=CARTESIAN_POINT('Ctrl Pts',(10.4168997838694,44.8806992696303,5.99480767175192));
#3927=CARTESIAN_POINT('Ctrl Pts',(11.7681718599947,44.6499300388611,7.52127991850911));
#3928=CARTESIAN_POINT('Ctrl Pts',(12.093274447677,44.4960838850149,8.84022845279102));
#3929=CARTESIAN_POINT('Ctrl Pts',(12.093274447677,44.4191608080918,9.5));
#3930=CARTESIAN_POINT('Ctrl Pts',(11.7299680143172,56.3351159138069,9.50000000000001));
#3931=CARTESIAN_POINT('Ctrl Pts',(11.7299680143172,56.2581928368839,10.1014015464195));
#3932=CARTESIAN_POINT('Ctrl Pts',(11.433715828918,56.1043466830376,11.3031464072986));
#3933=CARTESIAN_POINT('Ctrl Pts',(10.2023460316536,55.8735774522685,12.6943912813809));
#3934=CARTESIAN_POINT('Ctrl Pts',(8.46538086572023,55.6428082214992,13.3521108078273));
#3935=CARTESIAN_POINT('Ctrl Pts',(6.62123263184232,55.41203899073,13.1291460158075));
#3936=CARTESIAN_POINT('Ctrl Pts',(5.09305618724398,55.1812697599607,12.0732020009685));
#3937=CARTESIAN_POINT('Ctrl Pts',(4.22903466399483,54.9505005291915,10.4288724973016));
#3938=CARTESIAN_POINT('Ctrl Pts',(4.2299167442197,54.7197312984223,8.5713462545487));
#3939=CARTESIAN_POINT('Ctrl Pts',(5.09237105195028,54.4889620676531,6.92619254168118));
#3940=CARTESIAN_POINT('Ctrl Pts',(6.62157720073269,54.2581928368838,5.87171939772587));
#3941=CARTESIAN_POINT('Ctrl Pts',(8.46544612685184,54.0274236061146,5.64695330864394));
#3942=CARTESIAN_POINT('Ctrl Pts',(10.2019465442429,53.7966543753454,6.30645538413464));
#3943=CARTESIAN_POINT('Ctrl Pts',(11.43436327541,53.5658851445761,7.69624847155244));
#3944=CARTESIAN_POINT('Ctrl Pts',(11.8780479041822,53.3351159138069,9.49999997349049));
#3945=CARTESIAN_POINT('Ctrl Pts',(11.4343633275655,53.1043466830376,11.3037516093812));
#3946=CARTESIAN_POINT('Ctrl Pts',(10.201946431443,52.8735774522685,12.6935444938443));
#3947=CARTESIAN_POINT('Ctrl Pts',(8.46544641907498,52.6428082214992,13.3530469829533));
#3948=CARTESIAN_POINT('Ctrl Pts',(6.62157668152553,52.41203899073,13.1282800936405));
#3949=CARTESIAN_POINT('Ctrl Pts',(5.09237234487941,52.1812697599607,12.073808719583));
#3950=CARTESIAN_POINT('Ctrl Pts',(4.229914467249,51.9505005291915,10.4286515262799));
#3951=CARTESIAN_POINT('Ctrl Pts',(4.22904032349276,51.7197312984223,8.57113301662389));
#3952=CARTESIAN_POINT('Ctrl Pts',(5.09304623332483,51.4889620676531,6.92678829341693));
#3953=CARTESIAN_POINT('Ctrl Pts',(6.62125742770067,51.2581928368838,5.87087810572369));
#3954=CARTESIAN_POINT('Ctrl Pts',(8.46533790291511,51.0274236061146,5.6478467606977));
#3955=CARTESIAN_POINT('Ctrl Pts',(10.2024578564365,50.7966543753454,6.30571456406119));
#3956=CARTESIAN_POINT('Ctrl Pts',(11.4335661630199,50.5658851445761,7.69666679801866));
#3957=CARTESIAN_POINT('Ctrl Pts',(11.8789481814267,50.3351159138069,9.5));
#3958=CARTESIAN_POINT('Ctrl Pts',(11.4335661630199,50.1043466830376,11.3033332019814));
#3959=CARTESIAN_POINT('Ctrl Pts',(10.2024578564365,49.8735774522685,12.6942854359388));
#3960=CARTESIAN_POINT('Ctrl Pts',(8.46533790291511,49.6428082214992,13.3521532393023));
#3961=CARTESIAN_POINT('Ctrl Pts',(6.62125742770067,49.41203899073,13.1291218942763));
#3962=CARTESIAN_POINT('Ctrl Pts',(5.09304623332483,49.1812697599607,12.0732117065831));
#3963=CARTESIAN_POINT('Ctrl Pts',(4.22904032349276,48.9505005291915,10.4288669833761));
#3964=CARTESIAN_POINT('Ctrl Pts',(4.229914467249,48.7197312984223,8.57134847372008));
#3965=CARTESIAN_POINT('Ctrl Pts',(5.0923723448794,48.488962067653,6.926191280417));
#3966=CARTESIAN_POINT('Ctrl Pts',(6.62157668152554,48.2581928368838,5.87171990635947));
#3967=CARTESIAN_POINT('Ctrl Pts',(8.46544641907497,48.0274236061146,5.64695301704676));
#3968=CARTESIAN_POINT('Ctrl Pts',(10.201946431443,47.7966543753453,6.30645550615569));
#3969=CARTESIAN_POINT('Ctrl Pts',(11.4343633275655,47.5658851445761,7.69624839061879));
#3970=CARTESIAN_POINT('Ctrl Pts',(11.8780479041822,47.3351159138069,9.50000002650951));
#3971=CARTESIAN_POINT('Ctrl Pts',(11.43436327541,47.1043466830377,11.3037515284476));
#3972=CARTESIAN_POINT('Ctrl Pts',(10.2019465442429,46.8735774522684,12.6935446158654));
#3973=CARTESIAN_POINT('Ctrl Pts',(8.46544612685184,46.6428082214993,13.3530466913561));
#3974=CARTESIAN_POINT('Ctrl Pts',(6.6215772007327,46.41203899073,13.1282806022741));
#3975=CARTESIAN_POINT('Ctrl Pts',(5.09237105195028,46.1812697599608,12.0738074583188));
#3976=CARTESIAN_POINT('Ctrl Pts',(4.2299167442197,45.9505005291915,10.4286537454513));
#3977=CARTESIAN_POINT('Ctrl Pts',(4.22903466399483,45.7197312984223,8.57112750269845));
#3978=CARTESIAN_POINT('Ctrl Pts',(5.09305618724397,45.488962067653,6.92679799903154));
#3979=CARTESIAN_POINT('Ctrl Pts',(6.62123263184232,45.2581928368839,5.87085398419247));
#3980=CARTESIAN_POINT('Ctrl Pts',(8.46538086572022,45.0274236061146,5.64788919217269));
#3981=CARTESIAN_POINT('Ctrl Pts',(10.2023460316536,44.7966543753454,6.30560871861915));
#3982=CARTESIAN_POINT('Ctrl Pts',(11.433715828918,44.5658851445761,7.69685359270138));
#3983=CARTESIAN_POINT('Ctrl Pts',(11.7299680143172,44.41203899073,8.89859845358047));
#3984=CARTESIAN_POINT('Ctrl Pts',(11.7299680143172,44.3351159138069,9.50000000000001));
#3985=CARTESIAN_POINT('Ctrl Pts',(11.6226018169078,56.1121997376282,9.5));
#3986=CARTESIAN_POINT('Ctrl Pts',(11.6226018169078,56.0352766607051,10.0838224756962));
#3987=CARTESIAN_POINT('Ctrl Pts',(11.3348497488101,55.881430506859,11.2513691749409));
#3988=CARTESIAN_POINT('Ctrl Pts',(10.1388338853051,55.6506612760897,12.6022722583484));
#3989=CARTESIAN_POINT('Ctrl Pts',(8.4519158092692,55.4198920453206,13.241340368372));
#3990=CARTESIAN_POINT('Ctrl Pts',(6.66090610711639,55.1891228145513,13.0245411661437));
#3991=CARTESIAN_POINT('Ctrl Pts',(5.17659249583306,54.9583535837821,11.9991980706249));
#3992=CARTESIAN_POINT('Ctrl Pts',(4.33764658546133,54.7275843530128,10.4020994461247));
#3993=CARTESIAN_POINT('Ctrl Pts',(4.33828015038827,54.4968151222436,8.59805680971486));
#3994=CARTESIAN_POINT('Ctrl Pts',(5.17610041238115,54.2660458914744,7.00036926458528));
#3995=CARTESIAN_POINT('Ctrl Pts',(6.66115349581672,54.0352766607051,5.97607418199106));
#3996=CARTESIAN_POINT('Ctrl Pts',(8.45196288543311,53.8045074299359,5.75799833191955));
#3997=CARTESIAN_POINT('Ctrl Pts',(10.1385464174551,53.5737381991667,6.39830633903428));
#3998=CARTESIAN_POINT('Ctrl Pts',(11.3353155002813,53.3429689683975,7.74823272824904));
#3999=CARTESIAN_POINT('Ctrl Pts',(11.7664407370362,53.1121997376282,9.49999998799133));
#4000=CARTESIAN_POINT('Ctrl Pts',(11.3353155375051,52.881430506859,11.2517673084135));
#4001=CARTESIAN_POINT('Ctrl Pts',(10.1385463369491,52.6506612760898,12.6016936056909));
#4002=CARTESIAN_POINT('Ctrl Pts',(8.45196309399471,52.4198920453206,13.2420018001723));
#4003=CARTESIAN_POINT('Ctrl Pts',(6.66115312525511,52.1891228145513,13.0239255876002));
#4004=CARTESIAN_POINT('Ctrl Pts',(5.17610133515329,51.9583535837821,11.9996313067579));
#4005=CARTESIAN_POINT('Ctrl Pts',(4.3382785252991,51.7275843530128,10.4019421849726));
#4006=CARTESIAN_POINT('Ctrl Pts',(4.33765062468275,51.4968151222436,8.59790305145302));
#4007=CARTESIAN_POINT('Ctrl Pts',(5.17658539165458,51.2660458914744,7.00079752964757));
#4008=CARTESIAN_POINT('Ctrl Pts',(6.66092380408586,51.0352766607052,5.97546974431804));
#4009=CARTESIAN_POINT('Ctrl Pts',(8.45188514642865,50.8045074299359,5.75864017821253));
#4010=CARTESIAN_POINT('Ctrl Pts',(10.1389136953985,50.5737381991667,6.39777417453086));
#4011=CARTESIAN_POINT('Ctrl Pts',(11.3347429312604,50.3429689683974,7.74853323113911));
#4012=CARTESIAN_POINT('Ctrl Pts',(11.767087409559,50.1121997376282,9.5));
#4013=CARTESIAN_POINT('Ctrl Pts',(11.3347429312604,49.881430506859,11.2514667688609));
#4014=CARTESIAN_POINT('Ctrl Pts',(10.1389136953985,49.6506612760898,12.6022258254691));
#4015=CARTESIAN_POINT('Ctrl Pts',(8.45188514642865,49.4198920453205,13.2413598217875));
#4016=CARTESIAN_POINT('Ctrl Pts',(6.66092380408587,49.1891228145513,13.0245302556819));
#4017=CARTESIAN_POINT('Ctrl Pts',(5.17658539165458,48.958353583782,11.9992024703524));
#4018=CARTESIAN_POINT('Ctrl Pts',(4.33765062468275,48.7275843530129,10.402096948547));
#4019=CARTESIAN_POINT('Ctrl Pts',(4.3382785252991,48.4968151222436,8.59805781502744));
#4020=CARTESIAN_POINT('Ctrl Pts',(5.17610133515329,48.2660458914744,7.00036869324211));
#4021=CARTESIAN_POINT('Ctrl Pts',(6.66115312525511,48.0352766607051,5.97607441239977));
#4022=CARTESIAN_POINT('Ctrl Pts',(8.4519630939947,47.8045074299359,5.75799819982768));
#4023=CARTESIAN_POINT('Ctrl Pts',(10.1385463369491,47.5737381991667,6.39830639430914));
#4024=CARTESIAN_POINT('Ctrl Pts',(11.3353155375051,47.3429689683974,7.74823269158654));
#4025=CARTESIAN_POINT('Ctrl Pts',(11.7664407370362,47.1121997376282,9.50000001200865));
#4026=CARTESIAN_POINT('Ctrl Pts',(11.3353155002813,46.8814305068589,11.251767271751));
#4027=CARTESIAN_POINT('Ctrl Pts',(10.1385464174551,46.6506612760898,12.6016936609657));
#4028=CARTESIAN_POINT('Ctrl Pts',(8.45196288543311,46.4198920453205,13.2420016680804));
#4029=CARTESIAN_POINT('Ctrl Pts',(6.66115349581672,46.1891228145513,13.023925818009));
#4030=CARTESIAN_POINT('Ctrl Pts',(5.17610041238115,45.9583535837821,11.9996307354147));
#4031=CARTESIAN_POINT('Ctrl Pts',(4.33828015038827,45.7275843530128,10.4019431902852));
#4032=CARTESIAN_POINT('Ctrl Pts',(4.33764658546133,45.4968151222436,8.59790055387531));
#4033=CARTESIAN_POINT('Ctrl Pts',(5.17659249583305,45.2660458914744,7.00080192937513));
#4034=CARTESIAN_POINT('Ctrl Pts',(6.66090610711639,45.0352766607051,5.97545883385635));
#4035=CARTESIAN_POINT('Ctrl Pts',(8.45191580926918,44.8045074299359,5.75865963162797));
#4036=CARTESIAN_POINT('Ctrl Pts',(10.1388338853051,44.5737381991667,6.39772774165161));
#4037=CARTESIAN_POINT('Ctrl Pts',(11.3348497488101,44.3429689683974,7.74863082505907));
#4038=CARTESIAN_POINT('Ctrl Pts',(11.6226018169078,44.1891228145513,8.91617752430377));
#4039=CARTESIAN_POINT('Ctrl Pts',(11.6226018169078,44.1121997376282,9.5));
#4040=CARTESIAN_POINT('Ctrl Pts',(11.6226018169078,56.,9.5));
#4041=CARTESIAN_POINT('Ctrl Pts',(11.6226018169078,55.9230769230769,10.0840140189366));
#4042=CARTESIAN_POINT('Ctrl Pts',(11.3348648172458,55.7692307692308,11.251305645311));
#4043=CARTESIAN_POINT('Ctrl Pts',(10.1388956131049,55.5384615384615,12.6024290277321));
#4044=CARTESIAN_POINT('Ctrl Pts',(8.45192185426371,55.3076923076923,13.2413126585449));
#4045=CARTESIAN_POINT('Ctrl Pts',(6.66085084908474,55.0769230769231,13.0246839035517));
#4046=CARTESIAN_POINT('Ctrl Pts',(5.17660388635763,54.8461538461539,11.999186087647));
#4047=CARTESIAN_POINT('Ctrl Pts',(4.33750628673423,54.6153846153846,10.4021357418856));
#4048=CARTESIAN_POINT('Ctrl Pts',(4.33829304555521,54.3846153846154,8.5980590994334));
#4049=CARTESIAN_POINT('Ctrl Pts',(5.17599279707117,54.1538461538462,7.0002745768458));
#4050=CARTESIAN_POINT('Ctrl Pts',(6.66115815035752,53.9230769230769,5.97608603182375));
#4051=CARTESIAN_POINT('Ctrl Pts',(8.45198012617646,53.6923076923077,5.75785601349818));
#4052=CARTESIAN_POINT('Ctrl Pts',(10.1385391295421,53.4615384615385,6.39831688662739));
#4053=CARTESIAN_POINT('Ctrl Pts',(11.3354425220287,53.2307692307692,7.74816607925665));
#4054=CARTESIAN_POINT('Ctrl Pts',(11.7664278754334,53.,9.49999997855955));
#4055=CARTESIAN_POINT('Ctrl Pts',(11.3354425684736,52.7692307692308,11.2518339862011));
#4056=CARTESIAN_POINT('Ctrl Pts',(10.1385390290929,52.5384615384615,12.601683014684));
#4057=CARTESIAN_POINT('Ctrl Pts',(8.4519803864034,52.3076923076923,13.2421442223407));
#4058=CARTESIAN_POINT('Ctrl Pts',(6.66115768799958,52.0769230769231,13.0239135568018));
#4059=CARTESIAN_POINT('Ctrl Pts',(5.17599394843445,51.8461538461539,11.9997264432426));
#4060=CARTESIAN_POINT('Ctrl Pts',(4.33829101789538,51.6153846153846,10.4019391057256));
#4061=CARTESIAN_POINT('Ctrl Pts',(4.33751132656045,51.3846153846154,8.59786871762157));
#4062=CARTESIAN_POINT('Ctrl Pts',(5.17659502231644,51.1538461538461,7.00080606163207));
#4063=CARTESIAN_POINT('Ctrl Pts',(6.66087292998638,50.9230769230769,5.97533560037668));
#4064=CARTESIAN_POINT('Ctrl Pts',(8.45188359555694,50.6923076923077,5.75865295080947));
#4065=CARTESIAN_POINT('Ctrl Pts',(10.13899519393,50.4615384615385,6.39765610352476));
#4066=CARTESIAN_POINT('Ctrl Pts',(11.334731538618,50.2307692307692,7.74853921045852));
#4067=CARTESIAN_POINT('Ctrl Pts',(11.7672308765376,50.,9.5));
#4068=CARTESIAN_POINT('Ctrl Pts',(11.334731538618,49.7692307692308,11.2514607895415));
#4069=CARTESIAN_POINT('Ctrl Pts',(10.13899519393,49.5384615384615,12.6023438964752));
#4070=CARTESIAN_POINT('Ctrl Pts',(8.45188359555693,49.3076923076923,13.2413470491905));
#4071=CARTESIAN_POINT('Ctrl Pts',(6.66087292998639,49.0769230769231,13.0246643996233));
#4072=CARTESIAN_POINT('Ctrl Pts',(5.17659502231644,48.8461538461539,11.9991939383679));
#4073=CARTESIAN_POINT('Ctrl Pts',(4.33751132656045,48.6153846153846,10.4021312823784));
#4074=CARTESIAN_POINT('Ctrl Pts',(4.33829101789538,48.3846153846154,8.59806089427439));
#4075=CARTESIAN_POINT('Ctrl Pts',(5.17599394843444,48.1538461538461,7.00027355675739));
#4076=CARTESIAN_POINT('Ctrl Pts',(6.66115768799958,47.9230769230769,5.97608644319819));
#4077=CARTESIAN_POINT('Ctrl Pts',(8.45198038640339,47.6923076923077,5.7578557776593));
#4078=CARTESIAN_POINT('Ctrl Pts',(10.1385390290929,47.4615384615384,6.39831698531596));
#4079=CARTESIAN_POINT('Ctrl Pts',(11.3354425684736,47.2307692307693,7.74816601379887));
#4080=CARTESIAN_POINT('Ctrl Pts',(11.7664278754334,47.,9.50000002144045));
#4081=CARTESIAN_POINT('Ctrl Pts',(11.3354425220287,46.7692307692308,11.2518339207433));
#4082=CARTESIAN_POINT('Ctrl Pts',(10.1385391295421,46.5384615384615,12.6016831133726));
#4083=CARTESIAN_POINT('Ctrl Pts',(8.45198012617647,46.3076923076923,13.2421439865018));
#4084=CARTESIAN_POINT('Ctrl Pts',(6.66115815035754,46.0769230769231,13.0239139681763));
#4085=CARTESIAN_POINT('Ctrl Pts',(5.17599279707116,45.8461538461539,11.9997254231542));
#4086=CARTESIAN_POINT('Ctrl Pts',(4.33829304555521,45.6153846153846,10.4019409005666));
#4087=CARTESIAN_POINT('Ctrl Pts',(4.33750628673423,45.3846153846154,8.59786425811437));
#4088=CARTESIAN_POINT('Ctrl Pts',(5.17660388635762,45.1538461538462,7.00081391235306));
#4089=CARTESIAN_POINT('Ctrl Pts',(6.66085084908473,44.9230769230769,5.97531609644829));
#4090=CARTESIAN_POINT('Ctrl Pts',(8.4519218542637,44.6923076923077,5.75868734145511));
#4091=CARTESIAN_POINT('Ctrl Pts',(10.1388956131049,44.4615384615385,6.39757097226792));
#4092=CARTESIAN_POINT('Ctrl Pts',(11.3348648172458,44.2307692307692,7.748694354689));
#4093=CARTESIAN_POINT('Ctrl Pts',(11.6226018169078,44.0769230769231,8.91598598106343));
#4094=CARTESIAN_POINT('Ctrl Pts',(11.6226018169078,44.,9.5));
#4095=CARTESIAN_POINT('',(11.6226018169078,56.,9.5));
#4096=CARTESIAN_POINT('Origin',(11.9976018169078,56.,9.5));
#4097=CARTESIAN_POINT('',(11.6226018169078,44.,9.5));
#4098=CARTESIAN_POINT('Ctrl Pts',(11.6226018169078,56.,9.5));
#4099=CARTESIAN_POINT('Ctrl Pts',(11.6226018169078,55.9230769230769,10.0840140189366));
#4100=CARTESIAN_POINT('Ctrl Pts',(11.3348648172458,55.7692307692308,11.251305645311));
#4101=CARTESIAN_POINT('Ctrl Pts',(10.1388956131049,55.5384615384615,12.6024290277321));
#4102=CARTESIAN_POINT('Ctrl Pts',(8.45192185426371,55.3076923076923,13.2413126585449));
#4103=CARTESIAN_POINT('Ctrl Pts',(6.66085084908474,55.0769230769231,13.0246839035517));
#4104=CARTESIAN_POINT('Ctrl Pts',(5.17660388635763,54.8461538461539,11.999186087647));
#4105=CARTESIAN_POINT('Ctrl Pts',(4.33750628673423,54.6153846153846,10.4021357418856));
#4106=CARTESIAN_POINT('Ctrl Pts',(4.33829304555521,54.3846153846154,8.5980590994334));
#4107=CARTESIAN_POINT('Ctrl Pts',(5.17599279707117,54.1538461538462,7.0002745768458));
#4108=CARTESIAN_POINT('Ctrl Pts',(6.66115815035752,53.9230769230769,5.97608603182375));
#4109=CARTESIAN_POINT('Ctrl Pts',(8.45198012617646,53.6923076923077,5.75785601349818));
#4110=CARTESIAN_POINT('Ctrl Pts',(10.1385391295421,53.4615384615385,6.39831688662739));
#4111=CARTESIAN_POINT('Ctrl Pts',(11.3354425220287,53.2307692307692,7.74816607925665));
#4112=CARTESIAN_POINT('Ctrl Pts',(11.7664278754334,53.,9.49999997855955));
#4113=CARTESIAN_POINT('Ctrl Pts',(11.3354425684736,52.7692307692308,11.2518339862011));
#4114=CARTESIAN_POINT('Ctrl Pts',(10.1385390290929,52.5384615384615,12.601683014684));
#4115=CARTESIAN_POINT('Ctrl Pts',(8.4519803864034,52.3076923076923,13.2421442223407));
#4116=CARTESIAN_POINT('Ctrl Pts',(6.66115768799958,52.0769230769231,13.0239135568018));
#4117=CARTESIAN_POINT('Ctrl Pts',(5.17599394843445,51.8461538461539,11.9997264432426));
#4118=CARTESIAN_POINT('Ctrl Pts',(4.33829101789538,51.6153846153846,10.4019391057256));
#4119=CARTESIAN_POINT('Ctrl Pts',(4.33751132656045,51.3846153846154,8.59786871762157));
#4120=CARTESIAN_POINT('Ctrl Pts',(5.17659502231644,51.1538461538461,7.00080606163207));
#4121=CARTESIAN_POINT('Ctrl Pts',(6.66087292998638,50.9230769230769,5.97533560037668));
#4122=CARTESIAN_POINT('Ctrl Pts',(8.45188359555694,50.6923076923077,5.75865295080947));
#4123=CARTESIAN_POINT('Ctrl Pts',(10.13899519393,50.4615384615385,6.39765610352476));
#4124=CARTESIAN_POINT('Ctrl Pts',(11.334731538618,50.2307692307692,7.74853921045852));
#4125=CARTESIAN_POINT('Ctrl Pts',(11.7672308765376,50.,9.5));
#4126=CARTESIAN_POINT('Ctrl Pts',(11.334731538618,49.7692307692308,11.2514607895415));
#4127=CARTESIAN_POINT('Ctrl Pts',(10.13899519393,49.5384615384615,12.6023438964752));
#4128=CARTESIAN_POINT('Ctrl Pts',(8.45188359555693,49.3076923076923,13.2413470491905));
#4129=CARTESIAN_POINT('Ctrl Pts',(6.66087292998639,49.0769230769231,13.0246643996233));
#4130=CARTESIAN_POINT('Ctrl Pts',(5.17659502231644,48.8461538461539,11.9991939383679));
#4131=CARTESIAN_POINT('Ctrl Pts',(4.33751132656045,48.6153846153846,10.4021312823784));
#4132=CARTESIAN_POINT('Ctrl Pts',(4.33829101789538,48.3846153846154,8.59806089427439));
#4133=CARTESIAN_POINT('Ctrl Pts',(5.17599394843444,48.1538461538461,7.00027355675739));
#4134=CARTESIAN_POINT('Ctrl Pts',(6.66115768799958,47.9230769230769,5.97608644319819));
#4135=CARTESIAN_POINT('Ctrl Pts',(8.45198038640339,47.6923076923077,5.7578557776593));
#4136=CARTESIAN_POINT('Ctrl Pts',(10.1385390290929,47.4615384615384,6.39831698531596));
#4137=CARTESIAN_POINT('Ctrl Pts',(11.3354425684736,47.2307692307693,7.74816601379887));
#4138=CARTESIAN_POINT('Ctrl Pts',(11.7664278754334,47.,9.50000002144045));
#4139=CARTESIAN_POINT('Ctrl Pts',(11.3354425220287,46.7692307692308,11.2518339207433));
#4140=CARTESIAN_POINT('Ctrl Pts',(10.1385391295421,46.5384615384615,12.6016831133726));
#4141=CARTESIAN_POINT('Ctrl Pts',(8.45198012617647,46.3076923076923,13.2421439865018));
#4142=CARTESIAN_POINT('Ctrl Pts',(6.66115815035754,46.0769230769231,13.0239139681763));
#4143=CARTESIAN_POINT('Ctrl Pts',(5.17599279707116,45.8461538461539,11.9997254231542));
#4144=CARTESIAN_POINT('Ctrl Pts',(4.33829304555521,45.6153846153846,10.4019409005666));
#4145=CARTESIAN_POINT('Ctrl Pts',(4.33750628673423,45.3846153846154,8.59786425811437));
#4146=CARTESIAN_POINT('Ctrl Pts',(5.17660388635762,45.1538461538462,7.00081391235306));
#4147=CARTESIAN_POINT('Ctrl Pts',(6.66085084908473,44.9230769230769,5.97531609644829));
#4148=CARTESIAN_POINT('Ctrl Pts',(8.4519218542637,44.6923076923077,5.75868734145511));
#4149=CARTESIAN_POINT('Ctrl Pts',(10.1388956131049,44.4615384615385,6.39757097226792));
#4150=CARTESIAN_POINT('Ctrl Pts',(11.3348648172458,44.2307692307692,7.748694354689));
#4151=CARTESIAN_POINT('Ctrl Pts',(11.6226018169078,44.0769230769231,8.91598598106343));
#4152=CARTESIAN_POINT('Ctrl Pts',(11.6226018169078,44.,9.5));
#4153=CARTESIAN_POINT('Origin',(11.9976018169078,44.,9.5));
#4154=CARTESIAN_POINT('Origin',(11.9976018169078,44.,9.5));
#4155=CARTESIAN_POINT('Origin',(11.9976018169078,56.,9.5));
#4156=CARTESIAN_POINT('Ctrl Pts',(19.6226018169078,2.,9.5));
#4157=CARTESIAN_POINT('Ctrl Pts',(19.6226018169078,2.07692307692308,10.2048445056131));
#4158=CARTESIAN_POINT('Ctrl Pts',(19.9697930706685,2.23076923076923,11.6136985728389));
#4159=CARTESIAN_POINT('Ctrl Pts',(21.4132918815818,2.46153846153846,13.2442140271229));
#4160=CARTESIAN_POINT('Ctrl Pts',(23.4493232500919,2.69230769230769,14.0155060823358));
#4161=CARTESIAN_POINT('Ctrl Pts',(25.6107824114764,2.92307692307692,13.7536975064015));
#4162=CARTESIAN_POINT('Ctrl Pts',(27.402507284643,3.15384615384616,12.5166026270675));
#4163=CARTESIAN_POINT('Ctrl Pts',(28.414392736862,3.38461538461538,10.5880381375669));
#4164=CARTESIAN_POINT('Ctrl Pts',(28.4149609136571,3.61538461538462,8.41273469041681));
#4165=CARTESIAN_POINT('Ctrl Pts',(27.4008086249776,3.84615384615385,6.48004230852367));
#4166=CARTESIAN_POINT('Ctrl Pts',(25.6143807648486,4.07692307692308,5.25245473847218));
#4167=CARTESIAN_POINT('Ctrl Pts',(22.717068862393,4.38461538461538,4.87901410984304));
#4168=CARTESIAN_POINT('Ctrl Pts',(20.1309840000968,4.6923076923077,6.66404161954899));
#4169=CARTESIAN_POINT('Ctrl Pts',(19.4527590607927,5.,9.50553270488471));
#4170=CARTESIAN_POINT('Ctrl Pts',(19.9671070507143,5.23076923076924,11.6111131267563));
#4171=CARTESIAN_POINT('Ctrl Pts',(21.4145565992504,5.46153846153846,13.2448413369594));
#4172=CARTESIAN_POINT('Ctrl Pts',(23.4487622768117,5.69230769230769,14.0153826923809));
#4173=CARTESIAN_POINT('Ctrl Pts',(25.6107017574624,5.92307692307692,13.7537206867149));
#4174=CARTESIAN_POINT('Ctrl Pts',(27.4030190178511,6.15384615384616,12.5158324131739));
#4175=CARTESIAN_POINT('Ctrl Pts',(28.4137715047204,6.38461538461538,10.5901666857312));
#4176=CARTESIAN_POINT('Ctrl Pts',(28.4156821784889,6.61538461538462,8.40754417794143));
#4177=CARTESIAN_POINT('Ctrl Pts',(27.4008621602238,6.84615384615385,6.49021969016934));
#4178=CARTESIAN_POINT('Ctrl Pts',(25.0176912605504,7.15384615384615,4.81360109464802));
#4179=CARTESIAN_POINT('Ctrl Pts',(21.0955538455349,7.53846153846155,5.28567532249595));
#4180=CARTESIAN_POINT('Ctrl Pts',(18.8746420175527,7.99999999999999,9.49999999999998));
#4181=CARTESIAN_POINT('Ctrl Pts',(21.0955538455349,8.46153846153847,13.7143246775041));
#4182=CARTESIAN_POINT('Ctrl Pts',(25.0176912605504,8.84615384615385,14.186398905352));
#4183=CARTESIAN_POINT('Ctrl Pts',(27.4008621602238,9.15384615384615,12.5097803098307));
#4184=CARTESIAN_POINT('Ctrl Pts',(28.4156821784889,9.38461538461539,10.5924558220586));
#4185=CARTESIAN_POINT('Ctrl Pts',(28.4137715047204,9.61538461538461,8.40983331426883));
#4186=CARTESIAN_POINT('Ctrl Pts',(27.4030190178511,9.84615384615385,6.48416758682606));
#4187=CARTESIAN_POINT('Ctrl Pts',(25.6107017574624,10.0769230769231,5.24627931328506));
#4188=CARTESIAN_POINT('Ctrl Pts',(23.4487622768117,10.3076923076923,4.98461730761912));
#4189=CARTESIAN_POINT('Ctrl Pts',(21.4145565992504,10.5384615384615,5.75515866304061));
#4190=CARTESIAN_POINT('Ctrl Pts',(19.9671070507143,10.7692307692308,7.38888687324368));
#4191=CARTESIAN_POINT('Ctrl Pts',(19.4527590607927,11.,9.49446729511528));
#4192=CARTESIAN_POINT('Ctrl Pts',(20.1309840000967,11.3076923076923,12.335958380451));
#4193=CARTESIAN_POINT('Ctrl Pts',(22.717068862393,11.6153846153846,14.120985890157));
#4194=CARTESIAN_POINT('Ctrl Pts',(25.6143807648487,11.9230769230769,13.7475452615278));
#4195=CARTESIAN_POINT('Ctrl Pts',(27.4008086249776,12.1538461538462,12.5199576914763));
#4196=CARTESIAN_POINT('Ctrl Pts',(28.4149609136571,12.3846153846154,10.5872653095832));
#4197=CARTESIAN_POINT('Ctrl Pts',(28.414392736862,12.6153846153846,8.41196186243309));
#4198=CARTESIAN_POINT('Ctrl Pts',(27.402507284643,12.8461538461539,6.48339737293248));
#4199=CARTESIAN_POINT('Ctrl Pts',(25.6107824114764,13.0769230769231,5.24630249359847));
#4200=CARTESIAN_POINT('Ctrl Pts',(23.4493232500919,13.3076923076923,4.98449391766418));
#4201=CARTESIAN_POINT('Ctrl Pts',(21.4132918815818,13.5384615384615,5.75578597287708));
#4202=CARTESIAN_POINT('Ctrl Pts',(19.9697930706685,13.7692307692308,7.38630142716113));
#4203=CARTESIAN_POINT('Ctrl Pts',(19.6226018169078,13.9230769230769,8.7951554943869));
#4204=CARTESIAN_POINT('Ctrl Pts',(19.6226018169078,14.,9.49999999999999));
#4205=CARTESIAN_POINT('Ctrl Pts',(19.6226018169078,1.91585019677885,9.5));
#4206=CARTESIAN_POINT('Ctrl Pts',(19.6226018169078,1.99277327370192,10.2049726149239));
#4207=CARTESIAN_POINT('Ctrl Pts',(19.9697872463491,2.14661942754808,11.6136431512917));
#4208=CARTESIAN_POINT('Ctrl Pts',(21.4132585304011,2.37738865831731,13.2443067686151));
#4209=CARTESIAN_POINT('Ctrl Pts',(23.4493203900061,2.60815788908654,14.015480357803));
#4210=CARTESIAN_POINT('Ctrl Pts',(25.6108126414344,2.83892711985577,13.7537780183246));
#4211=CARTESIAN_POINT('Ctrl Pts',(27.4024960163997,3.069696350625,12.5165893248644));
#4212=CARTESIAN_POINT('Ctrl Pts',(28.4144687805566,3.30046558139423,10.5880615736861));
#4213=CARTESIAN_POINT('Ctrl Pts',(28.4149482084979,3.53123481216346,8.41273179683878));
#4214=CARTESIAN_POINT('Ctrl Pts',(27.400864754676,3.76200404293269,6.48000404635978));
#4215=CARTESIAN_POINT('Ctrl Pts',(25.6143799596336,3.99277327370192,5.25244408753174));
#4216=CARTESIAN_POINT('Ctrl Pts',(22.7170338897648,4.30046558139423,4.87898315045204));
#4217=CARTESIAN_POINT('Ctrl Pts',(20.1309673469125,4.60815788908654,6.66399784118238));
#4218=CARTESIAN_POINT('Ctrl Pts',(19.4527495249005,4.91585019677884,9.50552825042047));
#4219=CARTESIAN_POINT('Ctrl Pts',(19.9670510023874,5.14661942754808,11.6111518805359));
#4220=CARTESIAN_POINT('Ctrl Pts',(21.4145590696841,5.37738865831731,13.2448287077942));
#4221=CARTESIAN_POINT('Ctrl Pts',(23.4487556139141,5.60815788908653,14.0154614496715));
#4222=CARTESIAN_POINT('Ctrl Pts',(25.6106961751896,5.83892711985578,13.7537065937158));
#4223=CARTESIAN_POINT('Ctrl Pts',(27.4030767470192,6.06969635062499,12.5158864585608));
#4224=CARTESIAN_POINT('Ctrl Pts',(28.4137605643905,6.30046558139423,10.5901597812189));
#4225=CARTESIAN_POINT('Ctrl Pts',(28.4157514208635,6.53123481216345,8.4075338280799));
#4226=CARTESIAN_POINT('Ctrl Pts',(27.4008635557836,6.7620040429327,6.49021394888146));
#4227=CARTESIAN_POINT('Ctrl Pts',(25.0176824540256,7.06969635062498,4.81354600791003));
#4228=CARTESIAN_POINT('Ctrl Pts',(21.0955469335579,7.4543117352404,5.28566026021193));
#4229=CARTESIAN_POINT('Ctrl Pts',(18.8746007345468,7.91585019677883,9.49999999999997));
#4230=CARTESIAN_POINT('Ctrl Pts',(21.0955469335579,8.37738865831732,13.7143397397881));
#4231=CARTESIAN_POINT('Ctrl Pts',(25.0176824540256,8.76200404293268,14.1864539920899));
#4232=CARTESIAN_POINT('Ctrl Pts',(27.4008635557835,9.069696350625,12.5097860511186));
#4233=CARTESIAN_POINT('Ctrl Pts',(28.4157514208635,9.30046558139423,10.5924661719201));
#4234=CARTESIAN_POINT('Ctrl Pts',(28.4137605643905,9.53123481216346,8.40984021878115));
#4235=CARTESIAN_POINT('Ctrl Pts',(27.4030767470191,9.7620040429327,6.48411354143916));
#4236=CARTESIAN_POINT('Ctrl Pts',(25.6106961751896,9.99277327370192,5.24629340628425));
#4237=CARTESIAN_POINT('Ctrl Pts',(23.4487556139141,10.2235425044712,4.98453855032847));
#4238=CARTESIAN_POINT('Ctrl Pts',(21.4145590696841,10.4543117352404,5.75517129220579));
#4239=CARTESIAN_POINT('Ctrl Pts',(19.9670510023874,10.6850809660096,7.38884811946409));
#4240=CARTESIAN_POINT('Ctrl Pts',(19.4527495249005,10.9158501967788,9.49447174957952));
#4241=CARTESIAN_POINT('Ctrl Pts',(20.1309673469125,11.2235425044711,12.3360021588176));
#4242=CARTESIAN_POINT('Ctrl Pts',(22.7170338897648,11.5312348121635,14.121016849548));
#4243=CARTESIAN_POINT('Ctrl Pts',(25.6143799596336,11.8389271198558,13.7475559124683));
#4244=CARTESIAN_POINT('Ctrl Pts',(27.400864754676,12.069696350625,12.5199959536402));
#4245=CARTESIAN_POINT('Ctrl Pts',(28.4149482084979,12.3004655813942,10.5872682031612));
#4246=CARTESIAN_POINT('Ctrl Pts',(28.4144687805566,12.5312348121634,8.41193842631389));
#4247=CARTESIAN_POINT('Ctrl Pts',(27.4024960163997,12.7620040429327,6.4834106751356));
#4248=CARTESIAN_POINT('Ctrl Pts',(25.6108126414344,12.9927732737019,5.24622198167541));
#4249=CARTESIAN_POINT('Ctrl Pts',(23.4493203900061,13.2235425044711,4.98451964219698));
#4250=CARTESIAN_POINT('Ctrl Pts',(21.4132585304011,13.4543117352404,5.75569323138486));
#4251=CARTESIAN_POINT('Ctrl Pts',(19.9697872463491,13.6850809660096,7.38635684870829));
#4252=CARTESIAN_POINT('Ctrl Pts',(19.6226018169078,13.8389271198558,8.79502738507612));
#4253=CARTESIAN_POINT('Ctrl Pts',(19.6226018169078,13.9158501967788,9.49999999999999));
#4254=CARTESIAN_POINT('Ctrl Pts',(19.6620572263528,1.80438510223981,9.5));
#4255=CARTESIAN_POINT('Ctrl Pts',(19.6620572263528,1.88130817916289,10.1984332176787));
#4256=CARTESIAN_POINT('Ctrl Pts',(20.0061198660523,2.03515433300904,11.594660115427));
#4257=CARTESIAN_POINT('Ctrl Pts',(21.4366124176171,2.26592356377827,13.21040766239));
#4258=CARTESIAN_POINT('Ctrl Pts',(23.4542690561004,2.4966927945475,13.9747945261774));
#4259=CARTESIAN_POINT('Ctrl Pts',(25.5962212216839,2.72746202531673,13.7153016513095));
#4260=CARTESIAN_POINT('Ctrl Pts',(27.371805369841,2.95823125608597,12.4894034435463));
#4261=CARTESIAN_POINT('Ctrl Pts',(28.3745279524904,3.18900048685519,10.5782157842076));
#4262=CARTESIAN_POINT('Ctrl Pts',(28.3751289219047,3.41976971762443,8.42254129761922));
#4263=CARTESIAN_POINT('Ctrl Pts',(27.3700932345455,3.65053894839366,6.50729377941183));
#4264=CARTESIAN_POINT('Ctrl Pts',(25.5998003830655,3.88130817916289,5.29076526320075));
#4265=CARTESIAN_POINT('Ctrl Pts',(22.7286321358303,4.1890004868552,4.92070114029646));
#4266=CARTESIAN_POINT('Ctrl Pts',(20.1658617410136,4.4966927945475,6.68963607157622));
#4267=CARTESIAN_POINT('Ctrl Pts',(19.4937502507048,4.80438510223981,9.50548471195835));
#4268=CARTESIAN_POINT('Ctrl Pts',(20.0034795271194,5.03515433300904,11.5920577508435));
#4269=CARTESIAN_POINT('Ctrl Pts',(21.4378504253199,5.26592356377827,13.2110743329845));
#4270=CARTESIAN_POINT('Ctrl Pts',(23.4537147665859,5.4966927945475,13.9746276106652));
#4271=CARTESIAN_POINT('Ctrl Pts',(25.5961565952916,5.72746202531674,13.7153650411469));
#4272=CARTESIAN_POINT('Ctrl Pts',(27.3722830099075,5.95823125608596,12.4886114024585));
#4273=CARTESIAN_POINT('Ctrl Pts',(28.3739494855113,6.1890004868552,10.5803380989093));
#4274=CARTESIAN_POINT('Ctrl Pts',(28.3758086712084,6.41976971762443,8.41740078074246));
#4275=CARTESIAN_POINT('Ctrl Pts',(27.3701696713527,6.65053894839366,6.51736548349971));
#4276=CARTESIAN_POINT('Ctrl Pts',(25.0084954694853,6.95823125608596,4.85588835254075));
#4277=CARTESIAN_POINT('Ctrl Pts',(21.1217285679337,7.34284664070135,5.32368813607936));
#4278=CARTESIAN_POINT('Ctrl Pts',(18.9208604497327,7.80438510223981,9.49999999999999));
#4279=CARTESIAN_POINT('Ctrl Pts',(21.1217285679337,8.26592356377827,13.6763118639206));
#4280=CARTESIAN_POINT('Ctrl Pts',(25.0084954694853,8.65053894839366,14.1441116474593));
#4281=CARTESIAN_POINT('Ctrl Pts',(27.3701696713527,8.95823125608596,12.4826345165003));
#4282=CARTESIAN_POINT('Ctrl Pts',(28.3758086712084,9.1890004868552,10.5825992192576));
#4283=CARTESIAN_POINT('Ctrl Pts',(28.3739494855113,9.41976971762442,8.4196619010907));
#4284=CARTESIAN_POINT('Ctrl Pts',(27.3722830099075,9.65053894839366,6.51138859754152));
#4285=CARTESIAN_POINT('Ctrl Pts',(25.5961565952916,9.8813081791629,5.28463495885311));
#4286=CARTESIAN_POINT('Ctrl Pts',(23.4537147665859,10.1120774099321,5.02537238933481));
#4287=CARTESIAN_POINT('Ctrl Pts',(21.4378504253199,10.3428466407013,5.78892566701547));
#4288=CARTESIAN_POINT('Ctrl Pts',(20.0034795271194,10.5736158714706,7.40794224915654));
#4289=CARTESIAN_POINT('Ctrl Pts',(19.4937502507049,10.8043851022398,9.49451528804163));
#4290=CARTESIAN_POINT('Ctrl Pts',(20.1658617410135,11.1120774099321,12.3103639284238));
#4291=CARTESIAN_POINT('Ctrl Pts',(22.7286321358304,11.4197697176244,14.0792988597035));
#4292=CARTESIAN_POINT('Ctrl Pts',(25.5998003830655,11.7274620253167,13.7092347367993));
#4293=CARTESIAN_POINT('Ctrl Pts',(27.3700932345455,11.958231256086,12.4927062205882));
#4294=CARTESIAN_POINT('Ctrl Pts',(28.3751289219047,12.1890004868552,10.5774587023808));
#4295=CARTESIAN_POINT('Ctrl Pts',(28.3745279524904,12.4197697176244,8.4217842157924));
#4296=CARTESIAN_POINT('Ctrl Pts',(27.371805369841,12.6505389483937,6.5105965564537));
#4297=CARTESIAN_POINT('Ctrl Pts',(25.5962212216839,12.8813081791629,5.28469834869047));
#4298=CARTESIAN_POINT('Ctrl Pts',(23.4542690561004,13.1120774099321,5.02520547382253));
#4299=CARTESIAN_POINT('Ctrl Pts',(21.4366124176171,13.3428466407013,5.78959233761));
#4300=CARTESIAN_POINT('Ctrl Pts',(20.0061198660523,13.5736158714706,7.40533988457301));
#4301=CARTESIAN_POINT('Ctrl Pts',(19.6620572263528,13.7274620253167,8.80156678232125));
#4302=CARTESIAN_POINT('Ctrl Pts',(19.6620572263528,13.8043851022398,9.49999999999999));
#4303=CARTESIAN_POINT('Ctrl Pts',(19.8212862533164,1.64371998774868,9.5));
#4304=CARTESIAN_POINT('Ctrl Pts',(19.8212862533164,1.72064306467175,10.1728868578105));
#4305=CARTESIAN_POINT('Ctrl Pts',(20.1527079492744,1.87448921851791,11.5176855031969));
#4306=CARTESIAN_POINT('Ctrl Pts',(21.5306411586028,2.10525844928714,13.0742133922132));
#4307=CARTESIAN_POINT('Ctrl Pts',(23.4742213876643,2.33602768005637,13.8104303457013));
#4308=CARTESIAN_POINT('Ctrl Pts',(25.5375343360609,2.5667969108256,13.5605544485029));
#4309=CARTESIAN_POINT('Ctrl Pts',(27.2478737569424,2.79756614159483,12.3796025001062));
#4310=CARTESIAN_POINT('Ctrl Pts',(28.2138412132095,3.02833537236406,10.538635913341));
#4311=CARTESIAN_POINT('Ctrl Pts',(28.2143476547733,3.25910460313329,8.46211013493605));
#4312=CARTESIAN_POINT('Ctrl Pts',(27.2462795273157,3.48987383390252,6.61717392381171));
#4313=CARTESIAN_POINT('Ctrl Pts',(25.5409567099063,3.72064306467175,5.44534668591159));
#4314=CARTESIAN_POINT('Ctrl Pts',(22.7752082955836,4.02833537236406,5.08885711278137));
#4315=CARTESIAN_POINT('Ctrl Pts',(20.3065742363048,4.33602768005637,6.7928149330219));
#4316=CARTESIAN_POINT('Ctrl Pts',(19.6591528048674,4.64371998774867,9.50527964141266));
#4317=CARTESIAN_POINT('Ctrl Pts',(20.1501235766189,4.87448921851791,11.5152556008259));
#4318=CARTESIAN_POINT('Ctrl Pts',(21.5318629442214,5.10525844928714,13.0747695516045));
#4319=CARTESIAN_POINT('Ctrl Pts',(23.4736843505247,5.33602768005637,13.8103548615152));
#4320=CARTESIAN_POINT('Ctrl Pts',(25.5374428453201,5.5667969108256,13.5605382728473));
#4321=CARTESIAN_POINT('Ctrl Pts',(27.2483901859105,5.79756614159483,12.3788945318138));
#4322=CARTESIAN_POINT('Ctrl Pts',(28.213212975698,6.02833537236406,10.5406555123061));
#4323=CARTESIAN_POINT('Ctrl Pts',(28.2150693429773,6.25910460313329,8.45715232337193));
#4324=CARTESIAN_POINT('Ctrl Pts',(27.2463084707922,6.48987383390253,6.62690228099022));
#4325=CARTESIAN_POINT('Ctrl Pts',(24.9713617758687,6.79756614159482,5.02640496855732));
#4326=CARTESIAN_POINT('Ctrl Pts',(21.2273434506119,7.18218152621023,5.4770568180562));
#4327=CARTESIAN_POINT('Ctrl Pts',(19.107277275733,7.64371998774866,9.49999999999999));
#4328=CARTESIAN_POINT('Ctrl Pts',(21.2273434506119,8.10525844928716,13.5229431819438));
#4329=CARTESIAN_POINT('Ctrl Pts',(24.9713617758688,8.48987383390251,13.9735950314427));
#4330=CARTESIAN_POINT('Ctrl Pts',(27.2463084707922,8.79756614159484,12.3730977190098));
#4331=CARTESIAN_POINT('Ctrl Pts',(28.2150693429773,9.02833537236406,10.5428476766281));
#4332=CARTESIAN_POINT('Ctrl Pts',(28.2132129756981,9.25910460313329,8.45934448769393));
#4333=CARTESIAN_POINT('Ctrl Pts',(27.2483901859105,9.48987383390253,6.62110546818625));
#4334=CARTESIAN_POINT('Ctrl Pts',(25.5374428453201,9.72064306467175,5.43946172715268));
#4335=CARTESIAN_POINT('Ctrl Pts',(23.4736843505246,9.95141229544099,5.18964513848477));
#4336=CARTESIAN_POINT('Ctrl Pts',(21.5318629442215,10.1821815262102,5.92523044839547));
#4337=CARTESIAN_POINT('Ctrl Pts',(20.1501235766189,10.4129507569795,7.48474439917413));
#4338=CARTESIAN_POINT('Ctrl Pts',(19.6591528048674,10.6437199877487,9.49472035858733));
#4339=CARTESIAN_POINT('Ctrl Pts',(20.3065742363048,10.951412295441,12.2071850669781));
#4340=CARTESIAN_POINT('Ctrl Pts',(22.7752082955836,11.2591046031333,13.9111428872186));
#4341=CARTESIAN_POINT('Ctrl Pts',(25.5409567099063,11.5667969108256,13.5546533140884));
#4342=CARTESIAN_POINT('Ctrl Pts',(27.2462795273157,11.7975661415948,12.3828260761883));
#4343=CARTESIAN_POINT('Ctrl Pts',(28.2143476547733,12.0283353723641,10.5378898650639));
#4344=CARTESIAN_POINT('Ctrl Pts',(28.2138412132095,12.2591046031333,8.46136408665897));
#4345=CARTESIAN_POINT('Ctrl Pts',(27.2478737569424,12.4898738339025,6.62039749989381));
#4346=CARTESIAN_POINT('Ctrl Pts',(25.5375343360609,12.7206430646718,5.43944555149711));
#4347=CARTESIAN_POINT('Ctrl Pts',(23.4742213876643,12.951412295441,5.18956965429873));
#4348=CARTESIAN_POINT('Ctrl Pts',(21.5306411586028,13.1821815262102,5.92578660778684));
#4349=CARTESIAN_POINT('Ctrl Pts',(20.1527079492744,13.4129507569794,7.48231449680311));
#4350=CARTESIAN_POINT('Ctrl Pts',(19.8212862533164,13.5667969108256,8.82711314218944));
#4351=CARTESIAN_POINT('Ctrl Pts',(19.8212862533164,13.6437199877487,9.49999999999999));
#4352=CARTESIAN_POINT('Ctrl Pts',(20.0927016376073,1.58161993932302,9.5));
#4353=CARTESIAN_POINT('Ctrl Pts',(20.0927016376073,1.6585430162461,10.1290690935238));
#4354=CARTESIAN_POINT('Ctrl Pts',(20.4025884775626,1.81238917009225,11.3865955533343));
#4355=CARTESIAN_POINT('Ctrl Pts',(21.6909896949734,2.04315840086148,12.8418648796544));
#4356=CARTESIAN_POINT('Ctrl Pts',(23.5082374111574,2.27392763163071,13.5303164976793));
#4357=CARTESIAN_POINT('Ctrl Pts',(25.43743474083,2.50469686239994,13.2966073648317));
#4358=CARTESIAN_POINT('Ctrl Pts',(27.0366488883848,2.73546609316917,12.1924685273211));
#4359=CARTESIAN_POINT('Ctrl Pts',(27.9397793381817,2.9662353239384,10.4711198151072));
#4360=CARTESIAN_POINT('Ctrl Pts',(27.940313406317,3.19700455470764,8.52956373505208));
#4361=CARTESIAN_POINT('Ctrl Pts',(27.035112291126,3.42777378547686,6.80455256870903));
#4362=CARTESIAN_POINT('Ctrl Pts',(25.440655867919,3.6585430162461,5.7088626041224));
#4363=CARTESIAN_POINT('Ctrl Pts',(22.854674522336,3.9662353239384,5.37555485454044));
#4364=CARTESIAN_POINT('Ctrl Pts',(20.5464625054264,4.27392763163071,6.96878257307984));
#4365=CARTESIAN_POINT('Ctrl Pts',(19.9411116162522,4.58161993932302,9.50493956037145));
#4366=CARTESIAN_POINT('Ctrl Pts',(20.4002063213807,4.81238917009225,11.3842593269057));
#4367=CARTESIAN_POINT('Ctrl Pts',(21.6921076421075,5.04315840086148,12.842456773016));
#4368=CARTESIAN_POINT('Ctrl Pts',(23.507737869707,5.27392763163071,13.5301746471444));
#4369=CARTESIAN_POINT('Ctrl Pts',(25.4373736252193,5.50469686239994,13.2966567749217));
#4370=CARTESIAN_POINT('Ctrl Pts',(27.0370846886448,5.73546609316918,12.1917606283336));
#4371=CARTESIAN_POINT('Ctrl Pts',(27.9392512652471,5.9662353239384,10.4730288587456));
#4372=CARTESIAN_POINT('Ctrl Pts',(27.940932292288,6.19700455470764,8.52493321395228));
#4373=CARTESIAN_POINT('Ctrl Pts',(27.0351766903402,6.42777378547686,6.81362650375977));
#4374=CARTESIAN_POINT('Ctrl Pts',(24.9080839078861,6.73546609316917,5.3171778832691));
#4375=CARTESIAN_POINT('Ctrl Pts',(21.4073850252722,7.12008147778457,5.73851492950933));
#4376=CARTESIAN_POINT('Ctrl Pts',(19.4251236894102,7.58161993932302,9.49999999999997));
#4377=CARTESIAN_POINT('Ctrl Pts',(21.4073850252722,8.04315840086148,13.2614850704907));
#4378=CARTESIAN_POINT('Ctrl Pts',(24.908083907886,8.42777378547687,13.6828221167309));
#4379=CARTESIAN_POINT('Ctrl Pts',(27.0351766903402,8.73546609316918,12.1863734962403));
#4380=CARTESIAN_POINT('Ctrl Pts',(27.9409322922881,8.9662353239384,10.4750667860477));
#4381=CARTESIAN_POINT('Ctrl Pts',(27.9392512652471,9.19700455470764,8.52697114125444));
#4382=CARTESIAN_POINT('Ctrl Pts',(27.0370846886448,9.42777378547687,6.80823937166638));
#4383=CARTESIAN_POINT('Ctrl Pts',(25.4373736252193,9.6585430162461,5.70334322507835));
#4384=CARTESIAN_POINT('Ctrl Pts',(23.5077378697071,9.88931224701533,5.46982535285556));
#4385=CARTESIAN_POINT('Ctrl Pts',(21.6921076421074,10.1200814777846,6.15754322698402));
#4386=CARTESIAN_POINT('Ctrl Pts',(20.4002063213807,10.3508507085538,7.61574067309427));
#4387=CARTESIAN_POINT('Ctrl Pts',(19.9411116162522,10.581619939323,9.49506043962853));
#4388=CARTESIAN_POINT('Ctrl Pts',(20.5464625054263,10.8893122470153,12.0312174269202));
#4389=CARTESIAN_POINT('Ctrl Pts',(22.8546745223361,11.1970045547076,13.6244451454595));
#4390=CARTESIAN_POINT('Ctrl Pts',(25.4406558679189,11.5046968623999,13.2911373958776));
#4391=CARTESIAN_POINT('Ctrl Pts',(27.035112291126,11.7354660931692,12.195447431291));
#4392=CARTESIAN_POINT('Ctrl Pts',(27.940313406317,11.9662353239384,10.4704362649479));
#4393=CARTESIAN_POINT('Ctrl Pts',(27.9397793381817,12.1970045547076,8.52888018489281));
#4394=CARTESIAN_POINT('Ctrl Pts',(27.0366488883848,12.4277737854769,6.80753147267887));
#4395=CARTESIAN_POINT('Ctrl Pts',(25.43743474083,12.6585430162461,5.70339263516828));
#4396=CARTESIAN_POINT('Ctrl Pts',(23.5082374111574,12.8893122470153,5.46968350232072));
#4397=CARTESIAN_POINT('Ctrl Pts',(21.6909896949734,13.1200814777846,6.15813512034558));
#4398=CARTESIAN_POINT('Ctrl Pts',(20.4025884775625,13.3508507085538,7.61340444666573));
#4399=CARTESIAN_POINT('Ctrl Pts',(20.0927016376073,13.5046968623999,8.87093090647618));
#4400=CARTESIAN_POINT('Ctrl Pts',(20.0927016376073,13.581619939323,9.5));
#4401=CARTESIAN_POINT('Ctrl Pts',(20.3848126088425,1.81384614508778,9.5));
#4402=CARTESIAN_POINT('Ctrl Pts',(20.3848126088425,1.89076922201086,10.0821042313156));
#4403=CARTESIAN_POINT('Ctrl Pts',(20.6715137255661,2.04461537585701,11.2454259747229));
#4404=CARTESIAN_POINT('Ctrl Pts',(21.8635143907072,2.27538460662624,12.5919401180358));
#4405=CARTESIAN_POINT('Ctrl Pts',(23.5448428451251,2.50615383739547,13.2288048374841));
#4406=CARTESIAN_POINT('Ctrl Pts',(25.3297482770065,2.7369230681647,13.0126560991912));
#4407=CARTESIAN_POINT('Ctrl Pts',(26.8093009292859,2.96769229893393,11.9910453287296));
#4408=CARTESIAN_POINT('Ctrl Pts',(27.6449352547024,3.19846152970316,10.3984910697227));
#4409=CARTESIAN_POINT('Ctrl Pts',(27.6453646378368,3.4292307604724,8.60215633032436));
#4410=CARTESIAN_POINT('Ctrl Pts',(26.8079284391376,3.65999999124162,7.00616099694117));
#4411=CARTESIAN_POINT('Ctrl Pts',(25.3327058065935,3.89076922201086,5.9924556384125));
#4412=CARTESIAN_POINT('Ctrl Pts',(22.940147127675,4.19846152970316,5.68406658144902));
#4413=CARTESIAN_POINT('Ctrl Pts',(20.8046171771791,4.50615383739548,7.15810154567834));
#4414=CARTESIAN_POINT('Ctrl Pts',(20.2445555142981,4.81384614508778,9.50456680125908));
#4415=CARTESIAN_POINT('Ctrl Pts',(20.6692731362132,5.04461537585702,11.24333320408));
#4416=CARTESIAN_POINT('Ctrl Pts',(21.8645748366637,5.27538460662624,12.592410876774));
#4417=CARTESIAN_POINT('Ctrl Pts',(23.5443778987328,5.50615383739548,13.2287498072377));
#4418=CARTESIAN_POINT('Ctrl Pts',(25.3296656118058,5.7369230681647,13.0126328083224));
#4419=CARTESIAN_POINT('Ctrl Pts',(26.8097544556305,5.96769229893394,11.9904395083092));
#4420=CARTESIAN_POINT('Ctrl Pts',(27.6443832388316,6.19846152970316,10.4002351745108));
#4421=CARTESIAN_POINT('Ctrl Pts',(27.6459969997472,6.42923076047239,8.59786676257294));
#4422=CARTESIAN_POINT('Ctrl Pts',(26.807948097839,6.65999999124164,7.01457986557108));
#4423=CARTESIAN_POINT('Ctrl Pts',(24.8399677259864,6.96769229893392,5.63003897449345));
#4424=CARTESIAN_POINT('Ctrl Pts',(21.601144409907,7.35230768354934,6.01988656665751));
#4425=CARTESIAN_POINT('Ctrl Pts',(19.7671435572368,7.81384614508776,9.49999999999998));
#4426=CARTESIAN_POINT('Ctrl Pts',(21.601144409907,8.27538460662627,12.9801134333425));
#4427=CARTESIAN_POINT('Ctrl Pts',(24.8399677259864,8.65999999124161,13.3699610255065));
#4428=CARTESIAN_POINT('Ctrl Pts',(26.807948097839,8.96769229893394,11.9854201344289));
#4429=CARTESIAN_POINT('Ctrl Pts',(27.6459969997472,9.19846152970317,10.4021332374271));
#4430=CARTESIAN_POINT('Ctrl Pts',(27.6443832388316,9.4292307604724,8.5997648254892));
#4431=CARTESIAN_POINT('Ctrl Pts',(26.8097544556305,9.65999999124162,7.0095604916908));
#4432=CARTESIAN_POINT('Ctrl Pts',(25.3296656118057,9.89076922201087,5.9873671916776));
#4433=CARTESIAN_POINT('Ctrl Pts',(23.5443778987328,10.1215384527801,5.77125019276229));
#4434=CARTESIAN_POINT('Ctrl Pts',(21.8645748366637,10.3523076835493,6.40758912322599));
#4435=CARTESIAN_POINT('Ctrl Pts',(20.6692731362132,10.5830769143186,7.75666679591998));
#4436=CARTESIAN_POINT('Ctrl Pts',(20.2445555142982,10.8138461450878,9.4954331987409));
#4437=CARTESIAN_POINT('Ctrl Pts',(20.804617177179,11.1215384527801,11.8418984543217));
#4438=CARTESIAN_POINT('Ctrl Pts',(22.9401471276749,11.4292307604724,13.315933418551));
#4439=CARTESIAN_POINT('Ctrl Pts',(25.3327058065936,11.7369230681647,13.0075443615875));
#4440=CARTESIAN_POINT('Ctrl Pts',(26.8079284391376,11.9676922989339,11.9938390030588));
#4441=CARTESIAN_POINT('Ctrl Pts',(27.6453646378368,12.1984615297032,10.3978436696756));
#4442=CARTESIAN_POINT('Ctrl Pts',(27.6449352547024,12.4292307604724,8.60150893027734));
#4443=CARTESIAN_POINT('Ctrl Pts',(26.8093009292859,12.6599999912416,7.00895467127041));
#4444=CARTESIAN_POINT('Ctrl Pts',(25.3297482770065,12.8907692220109,5.98734390080879));
#4445=CARTESIAN_POINT('Ctrl Pts',(23.5448428451251,13.1215384527801,5.77119516251593));
#4446=CARTESIAN_POINT('Ctrl Pts',(21.8635143907072,13.3523076835493,6.40805988196419));
#4447=CARTESIAN_POINT('Ctrl Pts',(20.6715137255661,13.5830769143185,7.75457402527708));
#4448=CARTESIAN_POINT('Ctrl Pts',(20.3848126088425,13.7369230681647,8.91789576868438));
#4449=CARTESIAN_POINT('Ctrl Pts',(20.3848126088425,13.8138461450878,9.5));
#4450=CARTESIAN_POINT('Ctrl Pts',(20.3841029686554,2.18596592232738,9.49999999999999));
#4451=CARTESIAN_POINT('Ctrl Pts',(20.3841029686554,2.26288899925045,10.0821011586555));
#4452=CARTESIAN_POINT('Ctrl Pts',(20.6708657384807,2.41673515309661,11.2458196129292));
#4453=CARTESIAN_POINT('Ctrl Pts',(21.8631257700806,2.64750438386584,12.5924624531495));
#4454=CARTESIAN_POINT('Ctrl Pts',(23.5447565334548,2.87827361463507,13.2295608425111));
#4455=CARTESIAN_POINT('Ctrl Pts',(25.3299822374082,3.1090428454043,13.0132722816154));
#4456=CARTESIAN_POINT('Ctrl Pts',(26.8098635431236,3.33981207617353,11.9915468224434));
#4457=CARTESIAN_POINT('Ctrl Pts',(27.6455819861817,3.57058130694276,10.3986460761491));
#4458=CARTESIAN_POINT('Ctrl Pts',(27.6460927919744,3.80135053771199,8.60198262382596));
#4459=CARTESIAN_POINT('Ctrl Pts',(26.8084290131769,4.03211976848122,7.00570621321929));
#4460=CARTESIAN_POINT('Ctrl Pts',(25.3329687916599,4.26288899925045,5.99177643247407));
#4461=CARTESIAN_POINT('Ctrl Pts',(22.9399714701142,4.57058130694277,5.68334541304828));
#4462=CARTESIAN_POINT('Ctrl Pts',(20.8040052595216,4.87827361463506,7.15768166239676));
#4463=CARTESIAN_POINT('Ctrl Pts',(20.2438270638307,5.18596592232738,9.50457178080666));
#4464=CARTESIAN_POINT('Ctrl Pts',(20.6686707393198,5.4167351530966,11.2436401195362));
#4465=CARTESIAN_POINT('Ctrl Pts',(21.8641535938281,5.64750438386584,12.5930298765546));
#4466=CARTESIAN_POINT('Ctrl Pts',(23.5442949810123,5.87827361463507,13.2294100438733));
#4467=CARTESIAN_POINT('Ctrl Pts',(25.3299323778764,6.1090428454043,13.0133356915748));
#4468=CARTESIAN_POINT('Ctrl Pts',(26.8102539224303,6.33981207617353,11.9908791589646));
#4469=CARTESIAN_POINT('Ctrl Pts',(27.6451095827324,6.57058130694276,10.4004183307082));
#4470=CARTESIAN_POINT('Ctrl Pts',(27.6466501731885,6.80135053771199,8.59769904718169));
#4471=CARTESIAN_POINT('Ctrl Pts',(26.808498839573,7.03211976848122,7.01409693014092));
#4472=CARTESIAN_POINT('Ctrl Pts',(24.8401412584387,7.33981207617352,5.62932930646035));
#4473=CARTESIAN_POINT('Ctrl Pts',(21.6006800218693,7.72442746078892,6.01921679182051));
#4474=CARTESIAN_POINT('Ctrl Pts',(19.7663504276082,8.18596592232738,9.49999999999998));
#4475=CARTESIAN_POINT('Ctrl Pts',(21.6006800218693,8.64750438386584,12.9807832081795));
#4476=CARTESIAN_POINT('Ctrl Pts',(24.8401412584387,9.03211976848122,13.3706706935396));
#4477=CARTESIAN_POINT('Ctrl Pts',(26.808498839573,9.33981207617352,11.9859030698591));
#4478=CARTESIAN_POINT('Ctrl Pts',(27.6466501731885,9.57058130694277,10.4023009528183));
#4479=CARTESIAN_POINT('Ctrl Pts',(27.6451095827324,9.80135053771199,8.59958166929182));
#4480=CARTESIAN_POINT('Ctrl Pts',(26.8102539224303,10.0321197684812,7.00912084103536));
#4481=CARTESIAN_POINT('Ctrl Pts',(25.3299323778764,10.2628889992505,5.98666430842522));
#4482=CARTESIAN_POINT('Ctrl Pts',(23.5442949810123,10.4936582300197,5.77058995612665));
#4483=CARTESIAN_POINT('Ctrl Pts',(21.8641535938282,10.7244274607889,6.4069701234454));
#4484=CARTESIAN_POINT('Ctrl Pts',(20.6686707393197,10.9551966915581,7.75635988046383));
#4485=CARTESIAN_POINT('Ctrl Pts',(20.2438270638307,11.1859659223274,9.49542821919332));
#4486=CARTESIAN_POINT('Ctrl Pts',(20.8040052595216,11.4936582300197,11.8423183376032));
#4487=CARTESIAN_POINT('Ctrl Pts',(22.9399714701142,11.801350537712,13.3166545869517));
#4488=CARTESIAN_POINT('Ctrl Pts',(25.3329687916599,12.1090428454043,13.0082235675259));
#4489=CARTESIAN_POINT('Ctrl Pts',(26.8084290131769,12.3398120761735,11.9942937867807));
#4490=CARTESIAN_POINT('Ctrl Pts',(27.6460927919744,12.5705813069428,10.398017376174));
#4491=CARTESIAN_POINT('Ctrl Pts',(27.6455819861817,12.801350537712,8.60135392385095));
#4492=CARTESIAN_POINT('Ctrl Pts',(26.8098635431236,13.0321197684812,7.00845317755661));
#4493=CARTESIAN_POINT('Ctrl Pts',(25.3299822374082,13.2628889992505,5.98672771838458));
#4494=CARTESIAN_POINT('Ctrl Pts',(23.5447565334548,13.4936582300197,5.77043915748883));
#4495=CARTESIAN_POINT('Ctrl Pts',(21.8631257700806,13.7244274607889,6.40753754685055));
#4496=CARTESIAN_POINT('Ctrl Pts',(20.6708657384807,13.9551966915581,7.75418038707074));
#4497=CARTESIAN_POINT('Ctrl Pts',(20.3841029686554,14.1090428454043,8.91789884134447));
#4498=CARTESIAN_POINT('Ctrl Pts',(20.3841029686554,14.1859659223274,9.49999999999999));
#4499=CARTESIAN_POINT('Ctrl Pts',(20.0932662497749,2.41909129988601,9.5));
#4500=CARTESIAN_POINT('Ctrl Pts',(20.0932662497749,2.49601437680908,10.1290869773407));
#4501=CARTESIAN_POINT('Ctrl Pts',(20.4031033346548,2.64986053065524,11.3862756831972));
#4502=CARTESIAN_POINT('Ctrl Pts',(21.6912948745078,2.88062976142447,12.8414604700785));
#4503=CARTESIAN_POINT('Ctrl Pts',(23.5083057387674,3.1113989921937,13.5297118959835));
#4504=CARTESIAN_POINT('Ctrl Pts',(25.4372522377054,3.34216822296293,13.2961268135204));
#4505=CARTESIAN_POINT('Ctrl Pts',(27.036199897035,3.57293745373216,12.1920679199512));
#4506=CARTESIAN_POINT('Ctrl Pts',(27.9392739425871,3.80370668450139,10.4709993115011));
#4507=CARTESIAN_POINT('Ctrl Pts',(27.939732532701,4.03447591527062,8.52970159271385));
#4508=CARTESIAN_POINT('Ctrl Pts',(27.0347207830734,4.26524514603985,6.80490979784588));
#4509=CARTESIAN_POINT('Ctrl Pts',(25.4404465316454,4.49601437680908,5.70940171824012));
#4510=CARTESIAN_POINT('Ctrl Pts',(22.8548100663136,4.80370668450139,5.37612490784406));
#4511=CARTESIAN_POINT('Ctrl Pts',(20.5469473594992,5.11139899219371,6.96911136953707));
#4512=CARTESIAN_POINT('Ctrl Pts',(19.9416900452542,5.41909129988601,9.50493506165559));
#4513=CARTESIAN_POINT('Ctrl Pts',(20.4006788527217,5.64986053065524,11.384019805683));
#4514=CARTESIAN_POINT('Ctrl Pts',(21.6924430939494,5.88062976142447,12.8419627552157));
#4515=CARTESIAN_POINT('Ctrl Pts',(23.5078030386868,6.11139899219369,13.52965883345));
#4516=CARTESIAN_POINT('Ctrl Pts',(25.4371607049514,6.34216822296294,13.2960958403651));
#4517=CARTESIAN_POINT('Ctrl Pts',(27.0366942543073,6.57293745373215,12.1914173416602));
#4518=CARTESIAN_POINT('Ctrl Pts',(27.9386720446013,6.8037066845014,10.4728823017863));
#4519=CARTESIAN_POINT('Ctrl Pts',(27.9404209516029,7.03447591527062,8.52506540630477));
#4520=CARTESIAN_POINT('Ctrl Pts',(27.0347386709913,7.26524514603986,6.81401005054359));
#4521=CARTESIAN_POINT('Ctrl Pts',(24.9079447786614,7.57293745373216,5.31773587880608));
#4522=CARTESIAN_POINT('Ctrl Pts',(21.4077536740784,7.95755283834755,5.73904600831089));
#4523=CARTESIAN_POINT('Ctrl Pts',(19.4257497531898,8.419091299886,9.49999999999999));
#4524=CARTESIAN_POINT('Ctrl Pts',(21.4077536740784,8.88062976142448,13.2609539916891));
#4525=CARTESIAN_POINT('Ctrl Pts',(24.9079447786614,9.26524514603984,13.6822641211939));
#4526=CARTESIAN_POINT('Ctrl Pts',(27.0347386709913,9.57293745373217,12.1859899494564));
#4527=CARTESIAN_POINT('Ctrl Pts',(27.9404209516029,9.80370668450139,10.4749345936952));
#4528=CARTESIAN_POINT('Ctrl Pts',(27.9386720446013,10.0344759152706,8.52711769821371));
#4529=CARTESIAN_POINT('Ctrl Pts',(27.0366942543073,10.2652451460399,6.80858265833982));
#4530=CARTESIAN_POINT('Ctrl Pts',(25.4371607049514,10.4960143768091,5.7039041596349));
#4531=CARTESIAN_POINT('Ctrl Pts',(23.5078030386869,10.7267836075783,5.47034116655003));
#4532=CARTESIAN_POINT('Ctrl Pts',(21.6924430939494,10.9575528383475,6.15803724478433));
#4533=CARTESIAN_POINT('Ctrl Pts',(20.4006788527217,11.1883220691168,7.615980194317));
#4534=CARTESIAN_POINT('Ctrl Pts',(19.9416900452542,11.419091299886,9.49506493834439));
#4535=CARTESIAN_POINT('Ctrl Pts',(20.5469473594992,11.7267836075783,12.0308886304629));
#4536=CARTESIAN_POINT('Ctrl Pts',(22.8548100663135,12.0344759152706,13.6238750921559));
#4537=CARTESIAN_POINT('Ctrl Pts',(25.4404465316455,12.3421682229629,13.2905982817599));
#4538=CARTESIAN_POINT('Ctrl Pts',(27.0347207830734,12.5729374537322,12.1950902021541));
#4539=CARTESIAN_POINT('Ctrl Pts',(27.939732532701,12.8037066845014,10.4702984072861));
#4540=CARTESIAN_POINT('Ctrl Pts',(27.9392739425872,13.0344759152706,8.52900068849892));
#4541=CARTESIAN_POINT('Ctrl Pts',(27.036199897035,13.2652451460399,6.80793208004883));
#4542=CARTESIAN_POINT('Ctrl Pts',(25.4372522377055,13.4960143768091,5.70387318647963));
#4543=CARTESIAN_POINT('Ctrl Pts',(23.5083057387673,13.7267836075783,5.47028810401653));
#4544=CARTESIAN_POINT('Ctrl Pts',(21.6912948745078,13.9575528383475,6.1585395299215));
#4545=CARTESIAN_POINT('Ctrl Pts',(20.4031033346547,14.1883220691168,7.61372431680276));
#4546=CARTESIAN_POINT('Ctrl Pts',(20.0932662497749,14.3421682229629,8.87091302265931));
#4547=CARTESIAN_POINT('Ctrl Pts',(20.0932662497749,14.419091299886,9.49999999999999));
#4548=CARTESIAN_POINT('Ctrl Pts',(19.7299312489355,2.33515355776031,9.5));
#4549=CARTESIAN_POINT('Ctrl Pts',(19.7299312489355,2.41207663468339,10.1874569781301));
#4550=CARTESIAN_POINT('Ctrl Pts',(20.0686094167222,2.56592278852954,11.5618859040918));
#4551=CARTESIAN_POINT('Ctrl Pts',(21.4767162986056,2.79669201929877,13.1522898395045));
#4552=CARTESIAN_POINT('Ctrl Pts',(23.4627760045987,3.027461250068,13.9047489641232));
#4553=CARTESIAN_POINT('Ctrl Pts',(25.5711845065053,3.25823048083723,13.6492836066422));
#4554=CARTESIAN_POINT('Ctrl Pts',(27.3189850814843,3.48899971160646,12.4426079643779));
#4555=CARTESIAN_POINT('Ctrl Pts',(28.305981104752,3.71976894237569,10.5613283487405));
#4556=CARTESIAN_POINT('Ctrl Pts',(28.3066018274056,3.95053817314492,8.43941013080717));
#4557=CARTESIAN_POINT('Ctrl Pts',(27.3172776041209,4.18130740391415,6.55415790766173));
#4558=CARTESIAN_POINT('Ctrl Pts',(25.5747178329305,4.41207663468338,5.35666537353314));
#4559=CARTESIAN_POINT('Ctrl Pts',(22.7485096614459,4.7197689423757,4.99240136903315));
#4560=CARTESIAN_POINT('Ctrl Pts',(20.225854051338,5.027461250068,6.7336473986987));
#4561=CARTESIAN_POINT('Ctrl Pts',(19.5642622939609,5.33515355776031,9.50540031110771));
#4562=CARTESIAN_POINT('Ctrl Pts',(20.066026915816,5.56592278852954,11.5592933355463));
#4563=CARTESIAN_POINT('Ctrl Pts',(21.4779231545377,5.79669201929877,13.1529806964495));
#4564=CARTESIAN_POINT('Ctrl Pts',(23.4622316421714,6.027461250068,13.9045503305288));
#4565=CARTESIAN_POINT('Ctrl Pts',(25.5711326592258,6.25823048083724,13.6493770898777));
#4566=CARTESIAN_POINT('Ctrl Pts',(27.3194325724461,6.48899971160646,12.4418061934647));
#4567=CARTESIAN_POINT('Ctrl Pts',(28.3054402754836,6.7197689423757,10.5634274075647));
#4568=CARTESIAN_POINT('Ctrl Pts',(28.3072440083152,6.95053817314492,8.43435254001793));
#4569=CARTESIAN_POINT('Ctrl Pts',(27.3173708291215,7.18130740391416,6.5640612508517));
#4570=CARTESIAN_POINT('Ctrl Pts',(24.9926725730922,7.48899971160646,4.92861116938576));
#4571=CARTESIAN_POINT('Ctrl Pts',(21.1667533459157,7.87361509622186,5.38907428019868));
#4572=CARTESIAN_POINT('Ctrl Pts',(19.0003516561103,8.3351535577603,9.49999999999998));
#4573=CARTESIAN_POINT('Ctrl Pts',(21.1667533459157,8.79669201929878,13.6109257198013));
#4574=CARTESIAN_POINT('Ctrl Pts',(24.9926725730922,9.18130740391416,14.0713888306142));
#4575=CARTESIAN_POINT('Ctrl Pts',(27.3173708291215,9.48899971160646,12.4359387491483));
#4576=CARTESIAN_POINT('Ctrl Pts',(28.3072440083152,9.71976894237569,10.5656474599821));
#4577=CARTESIAN_POINT('Ctrl Pts',(28.3054402754836,9.95053817314492,8.43657259243535));
#4578=CARTESIAN_POINT('Ctrl Pts',(27.3194325724461,10.1813074039142,6.55819380653532));
#4579=CARTESIAN_POINT('Ctrl Pts',(25.5711326592258,10.4120766346834,5.35062291012235));
#4580=CARTESIAN_POINT('Ctrl Pts',(23.4622316421714,10.6428458654526,5.09544966947118));
#4581=CARTESIAN_POINT('Ctrl Pts',(21.4779231545377,10.8736150962218,5.8470193035505));
#4582=CARTESIAN_POINT('Ctrl Pts',(20.066026915816,11.1043843269911,7.44070666445366));
#4583=CARTESIAN_POINT('Ctrl Pts',(19.5642622939609,11.3351535577603,9.49459968889227));
#4584=CARTESIAN_POINT('Ctrl Pts',(20.225854051338,11.6428458654526,12.2663526013013));
#4585=CARTESIAN_POINT('Ctrl Pts',(22.7485096614459,11.9505381731449,14.0075986309668));
#4586=CARTESIAN_POINT('Ctrl Pts',(25.5747178329305,12.2582304808372,13.6433346264669));
#4587=CARTESIAN_POINT('Ctrl Pts',(27.3172776041209,12.4889997116065,12.4458420923383));
#4588=CARTESIAN_POINT('Ctrl Pts',(28.3066018274056,12.7197689423757,10.5605898691928));
#4589=CARTESIAN_POINT('Ctrl Pts',(28.305981104752,12.9505381731449,8.43867165125951));
#4590=CARTESIAN_POINT('Ctrl Pts',(27.3189850814844,13.1813074039142,6.5573920356221));
#4591=CARTESIAN_POINT('Ctrl Pts',(25.5711845065053,13.4120766346834,5.35071639335785));
#4592=CARTESIAN_POINT('Ctrl Pts',(23.4627760045987,13.6428458654526,5.09525103587677));
#4593=CARTESIAN_POINT('Ctrl Pts',(21.4767162986056,13.8736150962219,5.8477101604955));
#4594=CARTESIAN_POINT('Ctrl Pts',(20.0686094167222,14.1043843269911,7.43811409590816));
#4595=CARTESIAN_POINT('Ctrl Pts',(19.7299312489355,14.2582304808372,8.81254302186986));
#4596=CARTESIAN_POINT('Ctrl Pts',(19.7299312489355,14.3351535577603,9.5));
#4597=CARTESIAN_POINT('Ctrl Pts',(19.6226018169078,2.11219973762821,9.5));
#4598=CARTESIAN_POINT('Ctrl Pts',(19.6226018169078,2.18912281455128,10.2050360488534));
#4599=CARTESIAN_POINT('Ctrl Pts',(19.9697843624099,2.34296896839744,11.6136157090512));
#4600=CARTESIAN_POINT('Ctrl Pts',(21.4132420164067,2.57373819916667,13.2443526900025));
#4601=CARTESIAN_POINT('Ctrl Pts',(23.4493189738211,2.8045074299359,14.0154676201793));
#4602=CARTESIAN_POINT('Ctrl Pts',(25.6108276099407,3.03527666070513,13.7538178841831));
#4603=CARTESIAN_POINT('Ctrl Pts',(27.4024904368759,3.26604589147436,12.5165827382158));
#4604=CARTESIAN_POINT('Ctrl Pts',(28.4145064339507,3.49681512224359,10.5880731781911));
#4605=CARTESIAN_POINT('Ctrl Pts',(28.4149419174784,3.72758435301282,8.41273036406997));
#4606=CARTESIAN_POINT('Ctrl Pts',(27.4008925475609,3.95835358378206,6.47998510066883));
#4607=CARTESIAN_POINT('Ctrl Pts',(25.6143795609275,4.18912281455128,5.25243881366835));
#4608=CARTESIAN_POINT('Ctrl Pts',(22.717016572903,4.4968151222436,4.87896782076353));
#4609=CARTESIAN_POINT('Ctrl Pts',(20.1309591010098,4.8045074299359,6.66397616411765));
#4610=CARTESIAN_POINT('Ctrl Pts',(19.4527448031585,5.11219973762821,9.50552604477149));
#4611=CARTESIAN_POINT('Ctrl Pts',(19.967023249794,5.34296896839744,11.6111710696527));
#4612=CARTESIAN_POINT('Ctrl Pts',(21.414560292931,5.57373819916667,13.2448224544035));
#4613=CARTESIAN_POINT('Ctrl Pts',(23.4487523147489,5.8045074299359,14.0155004467155));
#4614=CARTESIAN_POINT('Ctrl Pts',(25.6106934111009,6.03527666070513,13.7536996155007));
#4615=CARTESIAN_POINT('Ctrl Pts',(27.4031053318891,6.26604589147436,12.5159132193891));
#4616=CARTESIAN_POINT('Ctrl Pts',(28.4137551472346,6.49681512224359,10.590156362417));
#4617=CARTESIAN_POINT('Ctrl Pts',(28.4157857065519,6.72758435301282,8.40752870329715));
#4618=CARTESIAN_POINT('Ctrl Pts',(27.4008642468016,6.95835358378206,6.49021110605567));
#4619=CARTESIAN_POINT('Ctrl Pts',(25.0176780934332,7.26604589147436,4.81351873145187));
#4620=CARTESIAN_POINT('Ctrl Pts',(21.09554351106,7.65066127608975,5.28565280205092));
#4621=CARTESIAN_POINT('Ctrl Pts',(18.8745802930717,8.1121997376282,9.49999999999998));
#4622=CARTESIAN_POINT('Ctrl Pts',(21.09554351106,8.57373819916668,13.7143471979491));
#4623=CARTESIAN_POINT('Ctrl Pts',(25.0176780934332,8.95835358378205,14.1864812685481));
#4624=CARTESIAN_POINT('Ctrl Pts',(27.4008642468015,9.26604589147436,12.5097888939443));
#4625=CARTESIAN_POINT('Ctrl Pts',(28.4157857065519,9.4968151222436,10.5924712967029));
#4626=CARTESIAN_POINT('Ctrl Pts',(28.4137551472346,9.72758435301282,8.40984363758299));
#4627=CARTESIAN_POINT('Ctrl Pts',(27.4031053318891,9.95835358378206,6.48408678061091));
#4628=CARTESIAN_POINT('Ctrl Pts',(25.6106934111009,10.1891228145513,5.24630038449927));
#4629=CARTESIAN_POINT('Ctrl Pts',(23.4487523147489,10.4198920453205,4.98449955328449));
#4630=CARTESIAN_POINT('Ctrl Pts',(21.414560292931,10.6506612760897,5.75517754559651));
#4631=CARTESIAN_POINT('Ctrl Pts',(19.967023249794,10.881430506859,7.38882893034731));
#4632=CARTESIAN_POINT('Ctrl Pts',(19.4527448031585,11.1121997376282,9.4944739552285));
#4633=CARTESIAN_POINT('Ctrl Pts',(20.1309591010097,11.4198920453205,12.3360238358823));
#4634=CARTESIAN_POINT('Ctrl Pts',(22.717016572903,11.7275843530128,14.1210321792365));
#4635=CARTESIAN_POINT('Ctrl Pts',(25.6143795609275,12.0352766607051,13.7475611863317));
#4636=CARTESIAN_POINT('Ctrl Pts',(27.4008925475609,12.2660458914744,12.5200148993312));
#4637=CARTESIAN_POINT('Ctrl Pts',(28.4149419174784,12.4968151222436,10.58726963593));
#4638=CARTESIAN_POINT('Ctrl Pts',(28.4145064339507,12.7275843530128,8.41192682180892));
#4639=CARTESIAN_POINT('Ctrl Pts',(27.4024904368759,12.9583535837821,6.48341726178422));
#4640=CARTESIAN_POINT('Ctrl Pts',(25.6108276099407,13.1891228145513,5.24618211581692));
#4641=CARTESIAN_POINT('Ctrl Pts',(23.4493189738211,13.4198920453205,4.98453237982074));
#4642=CARTESIAN_POINT('Ctrl Pts',(21.4132420164067,13.6506612760897,5.7556473099975));
#4643=CARTESIAN_POINT('Ctrl Pts',(19.9697843624099,13.881430506859,7.3863842909488));
#4644=CARTESIAN_POINT('Ctrl Pts',(19.6226018169078,14.0352766607051,8.79496395114657));
#4645=CARTESIAN_POINT('Ctrl Pts',(19.6226018169078,14.1121997376282,9.49999999999999));
#4646=CARTESIAN_POINT('Ctrl Pts',(19.6226018169078,2.,9.5));
#4647=CARTESIAN_POINT('Ctrl Pts',(19.6226018169078,2.07692307692308,10.2048445056131));
#4648=CARTESIAN_POINT('Ctrl Pts',(19.9697930706685,2.23076923076923,11.6136985728389));
#4649=CARTESIAN_POINT('Ctrl Pts',(21.4132918815818,2.46153846153846,13.2442140271229));
#4650=CARTESIAN_POINT('Ctrl Pts',(23.4493232500919,2.69230769230769,14.0155060823358));
#4651=CARTESIAN_POINT('Ctrl Pts',(25.6107824114764,2.92307692307692,13.7536975064015));
#4652=CARTESIAN_POINT('Ctrl Pts',(27.402507284643,3.15384615384616,12.5166026270675));
#4653=CARTESIAN_POINT('Ctrl Pts',(28.414392736862,3.38461538461538,10.5880381375669));
#4654=CARTESIAN_POINT('Ctrl Pts',(28.4149609136571,3.61538461538462,8.41273469041681));
#4655=CARTESIAN_POINT('Ctrl Pts',(27.4008086249776,3.84615384615385,6.48004230852367));
#4656=CARTESIAN_POINT('Ctrl Pts',(25.6143807648486,4.07692307692308,5.25245473847218));
#4657=CARTESIAN_POINT('Ctrl Pts',(22.717068862393,4.38461538461538,4.87901410984304));
#4658=CARTESIAN_POINT('Ctrl Pts',(20.1309840000968,4.6923076923077,6.66404161954899));
#4659=CARTESIAN_POINT('Ctrl Pts',(19.4527590607927,5.,9.50553270488471));
#4660=CARTESIAN_POINT('Ctrl Pts',(19.9671070507143,5.23076923076924,11.6111131267563));
#4661=CARTESIAN_POINT('Ctrl Pts',(21.4145565992504,5.46153846153846,13.2448413369594));
#4662=CARTESIAN_POINT('Ctrl Pts',(23.4487622768117,5.69230769230769,14.0153826923809));
#4663=CARTESIAN_POINT('Ctrl Pts',(25.6107017574624,5.92307692307692,13.7537206867149));
#4664=CARTESIAN_POINT('Ctrl Pts',(27.4030190178511,6.15384615384616,12.5158324131739));
#4665=CARTESIAN_POINT('Ctrl Pts',(28.4137715047204,6.38461538461538,10.5901666857312));
#4666=CARTESIAN_POINT('Ctrl Pts',(28.4156821784889,6.61538461538462,8.40754417794143));
#4667=CARTESIAN_POINT('Ctrl Pts',(27.4008621602238,6.84615384615385,6.49021969016934));
#4668=CARTESIAN_POINT('Ctrl Pts',(25.0176912605504,7.15384615384615,4.81360109464802));
#4669=CARTESIAN_POINT('Ctrl Pts',(21.0955538455349,7.53846153846155,5.28567532249595));
#4670=CARTESIAN_POINT('Ctrl Pts',(18.8746420175527,7.99999999999999,9.49999999999998));
#4671=CARTESIAN_POINT('Ctrl Pts',(21.0955538455349,8.46153846153847,13.7143246775041));
#4672=CARTESIAN_POINT('Ctrl Pts',(25.0176912605504,8.84615384615385,14.186398905352));
#4673=CARTESIAN_POINT('Ctrl Pts',(27.4008621602238,9.15384615384615,12.5097803098307));
#4674=CARTESIAN_POINT('Ctrl Pts',(28.4156821784889,9.38461538461539,10.5924558220586));
#4675=CARTESIAN_POINT('Ctrl Pts',(28.4137715047204,9.61538461538461,8.40983331426883));
#4676=CARTESIAN_POINT('Ctrl Pts',(27.4030190178511,9.84615384615385,6.48416758682606));
#4677=CARTESIAN_POINT('Ctrl Pts',(25.6107017574624,10.0769230769231,5.24627931328506));
#4678=CARTESIAN_POINT('Ctrl Pts',(23.4487622768117,10.3076923076923,4.98461730761912));
#4679=CARTESIAN_POINT('Ctrl Pts',(21.4145565992504,10.5384615384615,5.75515866304061));
#4680=CARTESIAN_POINT('Ctrl Pts',(19.9671070507143,10.7692307692308,7.38888687324368));
#4681=CARTESIAN_POINT('Ctrl Pts',(19.4527590607927,11.,9.49446729511528));
#4682=CARTESIAN_POINT('Ctrl Pts',(20.1309840000967,11.3076923076923,12.335958380451));
#4683=CARTESIAN_POINT('Ctrl Pts',(22.717068862393,11.6153846153846,14.120985890157));
#4684=CARTESIAN_POINT('Ctrl Pts',(25.6143807648487,11.9230769230769,13.7475452615278));
#4685=CARTESIAN_POINT('Ctrl Pts',(27.4008086249776,12.1538461538462,12.5199576914763));
#4686=CARTESIAN_POINT('Ctrl Pts',(28.4149609136571,12.3846153846154,10.5872653095832));
#4687=CARTESIAN_POINT('Ctrl Pts',(28.414392736862,12.6153846153846,8.41196186243309));
#4688=CARTESIAN_POINT('Ctrl Pts',(27.402507284643,12.8461538461539,6.48339737293248));
#4689=CARTESIAN_POINT('Ctrl Pts',(25.6107824114764,13.0769230769231,5.24630249359847));
#4690=CARTESIAN_POINT('Ctrl Pts',(23.4493232500919,13.3076923076923,4.98449391766418));
#4691=CARTESIAN_POINT('Ctrl Pts',(21.4132918815818,13.5384615384615,5.75578597287708));
#4692=CARTESIAN_POINT('Ctrl Pts',(19.9697930706685,13.7692307692308,7.38630142716113));
#4693=CARTESIAN_POINT('Ctrl Pts',(19.6226018169078,13.9230769230769,8.7951554943869));
#4694=CARTESIAN_POINT('Ctrl Pts',(19.6226018169078,14.,9.49999999999999));
#4695=CARTESIAN_POINT('',(19.6226018169078,2.,9.5));
#4696=CARTESIAN_POINT('Origin',(19.9976018169078,2.,9.5));
#4697=CARTESIAN_POINT('',(19.6226018169078,14.,9.49999999999999));
#4698=CARTESIAN_POINT('Ctrl Pts',(19.6226018169078,2.,9.5));
#4699=CARTESIAN_POINT('Ctrl Pts',(19.6226018169078,2.07692307692308,10.2048445056131));
#4700=CARTESIAN_POINT('Ctrl Pts',(19.9697930706685,2.23076923076923,11.6136985728389));
#4701=CARTESIAN_POINT('Ctrl Pts',(21.4132918815818,2.46153846153846,13.2442140271229));
#4702=CARTESIAN_POINT('Ctrl Pts',(23.4493232500919,2.69230769230769,14.0155060823358));
#4703=CARTESIAN_POINT('Ctrl Pts',(25.6107824114764,2.92307692307692,13.7536975064015));
#4704=CARTESIAN_POINT('Ctrl Pts',(27.402507284643,3.15384615384616,12.5166026270675));
#4705=CARTESIAN_POINT('Ctrl Pts',(28.414392736862,3.38461538461538,10.5880381375669));
#4706=CARTESIAN_POINT('Ctrl Pts',(28.4149609136571,3.61538461538462,8.41273469041681));
#4707=CARTESIAN_POINT('Ctrl Pts',(27.4008086249776,3.84615384615385,6.48004230852367));
#4708=CARTESIAN_POINT('Ctrl Pts',(25.6143807648486,4.07692307692308,5.25245473847218));
#4709=CARTESIAN_POINT('Ctrl Pts',(22.717068862393,4.38461538461538,4.87901410984304));
#4710=CARTESIAN_POINT('Ctrl Pts',(20.1309840000968,4.6923076923077,6.66404161954899));
#4711=CARTESIAN_POINT('Ctrl Pts',(19.4527590607927,5.,9.50553270488471));
#4712=CARTESIAN_POINT('Ctrl Pts',(19.9671070507143,5.23076923076924,11.6111131267563));
#4713=CARTESIAN_POINT('Ctrl Pts',(21.4145565992504,5.46153846153846,13.2448413369594));
#4714=CARTESIAN_POINT('Ctrl Pts',(23.4487622768117,5.69230769230769,14.0153826923809));
#4715=CARTESIAN_POINT('Ctrl Pts',(25.6107017574624,5.92307692307692,13.7537206867149));
#4716=CARTESIAN_POINT('Ctrl Pts',(27.4030190178511,6.15384615384616,12.5158324131739));
#4717=CARTESIAN_POINT('Ctrl Pts',(28.4137715047204,6.38461538461538,10.5901666857312));
#4718=CARTESIAN_POINT('Ctrl Pts',(28.4156821784889,6.61538461538462,8.40754417794143));
#4719=CARTESIAN_POINT('Ctrl Pts',(27.4008621602238,6.84615384615385,6.49021969016934));
#4720=CARTESIAN_POINT('Ctrl Pts',(25.0176912605504,7.15384615384615,4.81360109464802));
#4721=CARTESIAN_POINT('Ctrl Pts',(21.0955538455349,7.53846153846155,5.28567532249595));
#4722=CARTESIAN_POINT('Ctrl Pts',(18.8746420175527,7.99999999999999,9.49999999999998));
#4723=CARTESIAN_POINT('Ctrl Pts',(21.0955538455349,8.46153846153847,13.7143246775041));
#4724=CARTESIAN_POINT('Ctrl Pts',(25.0176912605504,8.84615384615385,14.186398905352));
#4725=CARTESIAN_POINT('Ctrl Pts',(27.4008621602238,9.15384615384615,12.5097803098307));
#4726=CARTESIAN_POINT('Ctrl Pts',(28.4156821784889,9.38461538461539,10.5924558220586));
#4727=CARTESIAN_POINT('Ctrl Pts',(28.4137715047204,9.61538461538461,8.40983331426883));
#4728=CARTESIAN_POINT('Ctrl Pts',(27.4030190178511,9.84615384615385,6.48416758682606));
#4729=CARTESIAN_POINT('Ctrl Pts',(25.6107017574624,10.0769230769231,5.24627931328506));
#4730=CARTESIAN_POINT('Ctrl Pts',(23.4487622768117,10.3076923076923,4.98461730761912));
#4731=CARTESIAN_POINT('Ctrl Pts',(21.4145565992504,10.5384615384615,5.75515866304061));
#4732=CARTESIAN_POINT('Ctrl Pts',(19.9671070507143,10.7692307692308,7.38888687324368));
#4733=CARTESIAN_POINT('Ctrl Pts',(19.4527590607927,11.,9.49446729511528));
#4734=CARTESIAN_POINT('Ctrl Pts',(20.1309840000967,11.3076923076923,12.335958380451));
#4735=CARTESIAN_POINT('Ctrl Pts',(22.717068862393,11.6153846153846,14.120985890157));
#4736=CARTESIAN_POINT('Ctrl Pts',(25.6143807648487,11.9230769230769,13.7475452615278));
#4737=CARTESIAN_POINT('Ctrl Pts',(27.4008086249776,12.1538461538462,12.5199576914763));
#4738=CARTESIAN_POINT('Ctrl Pts',(28.4149609136571,12.3846153846154,10.5872653095832));
#4739=CARTESIAN_POINT('Ctrl Pts',(28.414392736862,12.6153846153846,8.41196186243309));
#4740=CARTESIAN_POINT('Ctrl Pts',(27.402507284643,12.8461538461539,6.48339737293248));
#4741=CARTESIAN_POINT('Ctrl Pts',(25.6107824114764,13.0769230769231,5.24630249359847));
#4742=CARTESIAN_POINT('Ctrl Pts',(23.4493232500919,13.3076923076923,4.98449391766418));
#4743=CARTESIAN_POINT('Ctrl Pts',(21.4132918815818,13.5384615384615,5.75578597287708));
#4744=CARTESIAN_POINT('Ctrl Pts',(19.9697930706685,13.7692307692308,7.38630142716113));
#4745=CARTESIAN_POINT('Ctrl Pts',(19.6226018169078,13.9230769230769,8.7951554943869));
#4746=CARTESIAN_POINT('Ctrl Pts',(19.6226018169078,14.,9.49999999999999));
#4747=CARTESIAN_POINT('Origin',(19.9976018169078,14.,9.49999999999999));
#4748=CARTESIAN_POINT('Origin',(19.9976018169078,14.,9.5));
#4749=CARTESIAN_POINT('Origin',(19.9976018169078,2.,9.5));
#4750=UNCERTAINTY_MEASURE_WITH_UNIT(LENGTH_MEASURE(0.01),#4754,
'DISTANCE_ACCURACY_VALUE',
'Maximum model space distance between geometric entities at asserted c
onnectivities');
#4751=UNCERTAINTY_MEASURE_WITH_UNIT(LENGTH_MEASURE(0.01),#4754,
'DISTANCE_ACCURACY_VALUE',
'Maximum model space distance between geometric entities at asserted c
onnectivities');
#4752=(
GEOMETRIC_REPRESENTATION_CONTEXT(3)
GLOBAL_UNCERTAINTY_ASSIGNED_CONTEXT((#4750))
GLOBAL_UNIT_ASSIGNED_CONTEXT((#4754,#4756,#4757))
REPRESENTATION_CONTEXT('','3D')
);
#4753=(
GEOMETRIC_REPRESENTATION_CONTEXT(3)
GLOBAL_UNCERTAINTY_ASSIGNED_CONTEXT((#4751))
GLOBAL_UNIT_ASSIGNED_CONTEXT((#4754,#4756,#4757))
REPRESENTATION_CONTEXT('','3D')
);
#4754=(
LENGTH_UNIT()
NAMED_UNIT(*)
SI_UNIT(.MILLI.,.METRE.)
);
#4755=(
LENGTH_UNIT()
NAMED_UNIT(*)
SI_UNIT($,.METRE.)
);
#4756=(
NAMED_UNIT(*)
PLANE_ANGLE_UNIT()
SI_UNIT($,.RADIAN.)
);
#4757=(
NAMED_UNIT(*)
SI_UNIT($,.STERADIAN.)
SOLID_ANGLE_UNIT()
);
#4758=SHAPE_DEFINITION_REPRESENTATION(#4759,#4760);
#4759=PRODUCT_DEFINITION_SHAPE('',$,#4762);
#4760=SHAPE_REPRESENTATION('',(#2174),#4752);
#4761=PRODUCT_DEFINITION_CONTEXT('part definition',#4766,'design');
#4762=PRODUCT_DEFINITION('battery holder','battery holder v2',#4763,#4761);
#4763=PRODUCT_DEFINITION_FORMATION('',$,#4768);
#4764=PRODUCT_RELATED_PRODUCT_CATEGORY('battery holder v2',
'battery holder v2',(#4768));
#4765=APPLICATION_PROTOCOL_DEFINITION('international standard',
'automotive_design',2009,#4766);
#4766=APPLICATION_CONTEXT(
'Core Data for Automotive Mechanical Design Process');
#4767=PRODUCT_CONTEXT('part definition',#4766,'mechanical');
#4768=PRODUCT('battery holder','battery holder v2',$,(#4767));
#4769=PRESENTATION_STYLE_ASSIGNMENT((#4771));
#4770=PRESENTATION_STYLE_ASSIGNMENT((#4772));
#4771=SURFACE_STYLE_USAGE(.BOTH.,#4773);
#4772=SURFACE_STYLE_USAGE(.BOTH.,#4774);
#4773=SURFACE_SIDE_STYLE('',(#4775));
#4774=SURFACE_SIDE_STYLE('',(#4776));
#4775=SURFACE_STYLE_FILL_AREA(#4777);
#4776=SURFACE_STYLE_FILL_AREA(#4778);
#4777=FILL_AREA_STYLE('Steel - Satin',(#4779));
#4778=FILL_AREA_STYLE('Plastic - Matte (Black)',(#4780));
#4779=FILL_AREA_STYLE_COLOUR('Steel - Satin',#4781);
#4780=FILL_AREA_STYLE_COLOUR('Plastic - Matte (Black)',#4782);
#4781=COLOUR_RGB('Steel - Satin',0.627450980392157,0.627450980392157,0.627450980392157);
#4782=COLOUR_RGB('Plastic - Matte (Black)',0.0980392156862745,0.0980392156862745,
0.0980392156862745);
ENDSEC;
END-ISO-10303-21;
