ISO-10303-21;
HEADER;
/* Generated by software containing ST-Developer
 * from STEP Tools, Inc. (www.steptools.com) 
 */

FILE_DESCRIPTION(
/* description */ ('FreeCAD Model'),
/* implementation_level */ '2;1');

FILE_NAME(
/* name */ 'button round 12mm v1.step',
/* time_stamp */ '2026-06-14T21:29:19-04:00',
/* author */ (''),
/* organization */ (''),
/* preprocessor_version */ 'ST-DEVELOPER v20.1',
/* originating_system */ 'Autodesk Translation Framework v15.8.0.0',
/* authorisation */ '');

FILE_SCHEMA (('AUTOMOTIVE_DESIGN { 1 0 10303 214 3 1 1 }'));
ENDSEC;

DATA;
#10=MECHANICAL_DESIGN_GEOMETRIC_PRESENTATION_REPRESENTATION('',(#156,#157,
#158,#159,#160,#161,#162,#163,#164,#165,#166,#167,#168,#169,#170,#171,#172,
#173,#174,#175,#176,#177,#178,#179,#180,#181,#182,#183,#184,#185,#186,#187,
#188,#189,#190,#191,#192,#193,#194,#195,#196,#197,#198,#199,#200,#201,#202,
#203,#204,#205,#206,#207,#208,#209,#210,#211,#212,#213,#214,#215,#216,#217,
#218,#219,#220,#221,#222,#223,#224,#225,#226,#227,#228,#229,#230,#231,#232,
#233,#234,#235,#236,#237,#238,#239,#240,#241,#242,#243,#244,#245,#246,#247,
#248,#249,#250,#251,#252,#253,#254,#255,#256,#257,#258,#259,#260,#261,#262,
#263,#264,#265,#266,#267,#268,#269,#270,#271,#272,#273,#274,#275,#276),
#5439);
#11=SHAPE_REPRESENTATION_RELATIONSHIP('SRR','None',#5446,#12);
#12=ADVANCED_BREP_SHAPE_REPRESENTATION('',(#13),#5438);
#13=MANIFOLD_SOLID_BREP('Body1',#3056);
#14=SPHERICAL_SURFACE('',#3439,0.05);
#15=SPHERICAL_SURFACE('',#3441,0.05);
#16=SPHERICAL_SURFACE('',#3444,0.05);
#17=SPHERICAL_SURFACE('',#3448,0.05);
#18=SPHERICAL_SURFACE('',#3453,0.05);
#19=SPHERICAL_SURFACE('',#3454,0.05);
#20=SPHERICAL_SURFACE('',#3456,0.05);
#21=SPHERICAL_SURFACE('',#3458,0.05);
#22=ELLIPSE('',#3194,0.07071067811865,0.05);
#23=ELLIPSE('',#3199,0.07071067811865,0.05);
#24=ELLIPSE('',#3201,0.07071067811865,0.05);
#25=ELLIPSE('',#3203,0.07071067811865,0.05);
#26=B_SPLINE_CURVE_WITH_KNOTS('',5,(#4643,#4644,#4645,#4646,#4647,#4648,
#4649,#4650,#4651,#4652,#4653,#4654,#4655,#4656),.UNSPECIFIED.,.F.,.F.,
(6,4,4,6),(0.,0.04003257988799,0.485280152301,1.),.UNSPECIFIED.);
#27=B_SPLINE_CURVE_WITH_KNOTS('',5,(#4659,#4660,#4661,#4662,#4663,#4664,
#4665,#4666,#4667,#4668,#4669,#4670,#4671,#4672),.UNSPECIFIED.,.F.,.F.,
(6,4,4,6),(0.,0.04003257988797,0.485280152301,1.),.UNSPECIFIED.);
#28=B_SPLINE_CURVE_WITH_KNOTS('',5,(#4772,#4773,#4774,#4775,#4776,#4777,
#4778,#4779,#4780,#4781,#4782,#4783,#4784,#4785),.UNSPECIFIED.,.F.,.F.,
(6,4,4,6),(0.,0.04003257988799,0.485280152301,1.),.UNSPECIFIED.);
#29=B_SPLINE_CURVE_WITH_KNOTS('',5,(#4788,#4789,#4790,#4791,#4792,#4793,
#4794,#4795,#4796,#4797,#4798,#4799,#4800,#4801),.UNSPECIFIED.,.F.,.F.,
(6,4,4,6),(0.,0.04003257988797,0.485280152301,1.),.UNSPECIFIED.);
#30=B_SPLINE_CURVE_WITH_KNOTS('',5,(#5131,#5132,#5133,#5134,#5135,#5136,
#5137,#5138,#5139,#5140,#5141,#5142,#5143,#5144),.UNSPECIFIED.,.F.,.F.,
(6,4,4,6),(0.,0.04003257988797,0.485280152301,1.),.UNSPECIFIED.);
#31=B_SPLINE_CURVE_WITH_KNOTS('',5,(#5147,#5148,#5149,#5150,#5151,#5152,
#5153,#5154,#5155,#5156,#5157,#5158,#5159,#5160),.UNSPECIFIED.,.F.,.F.,
(6,4,4,6),(0.,0.04003257988799,0.485280152301,1.),.UNSPECIFIED.);
#32=B_SPLINE_CURVE_WITH_KNOTS('',5,(#5181,#5182,#5183,#5184,#5185,#5186,
#5187,#5188,#5189,#5190,#5191,#5192,#5193,#5194),.UNSPECIFIED.,.F.,.F.,
(6,4,4,6),(0.,0.04003257988797,0.485280152301,1.),.UNSPECIFIED.);
#33=B_SPLINE_CURVE_WITH_KNOTS('',5,(#5197,#5198,#5199,#5200,#5201,#5202,
#5203,#5204,#5205,#5206,#5207,#5208,#5209,#5210),.UNSPECIFIED.,.F.,.F.,
(6,4,4,6),(0.,0.040032579888,0.485280152301,1.),.UNSPECIFIED.);
#34=TOROIDAL_SURFACE('',#3119,0.09,0.01);
#35=TOROIDAL_SURFACE('',#3126,0.169999855346,0.01);
#36=TOROIDAL_SURFACE('',#3135,0.169999855346,0.01);
#37=TOROIDAL_SURFACE('',#3140,0.09,0.01);
#38=TOROIDAL_SURFACE('',#3141,1.15,0.05);
#39=TOROIDAL_SURFACE('',#3144,1.15,0.05);
#40=TOROIDAL_SURFACE('',#3154,1.15,0.05);
#41=TOROIDAL_SURFACE('',#3165,1.15,0.05);
#42=TOROIDAL_SURFACE('',#3172,0.169999855346,0.01);
#43=TOROIDAL_SURFACE('',#3178,0.09,0.01);
#44=TOROIDAL_SURFACE('',#3182,0.09,0.01);
#45=TOROIDAL_SURFACE('',#3186,0.169999855346,0.01);
#46=TOROIDAL_SURFACE('',#3208,1.15,0.05);
#47=TOROIDAL_SURFACE('',#3211,1.15,0.05);
#48=TOROIDAL_SURFACE('',#3215,0.8,0.05);
#49=TOROIDAL_SURFACE('',#3218,0.8,0.05);
#50=TOROIDAL_SURFACE('',#3226,1.15,0.05);
#51=TOROIDAL_SURFACE('',#3233,1.15,0.05);
#52=TOROIDAL_SURFACE('',#3235,1.05,0.05);
#53=TOROIDAL_SURFACE('',#3240,1.05,0.05);
#54=TOROIDAL_SURFACE('',#3243,1.05,0.05);
#55=TOROIDAL_SURFACE('',#3246,1.05,0.05);
#56=TOROIDAL_SURFACE('',#3306,0.74,0.01);
#57=TOROIDAL_SURFACE('',#3309,0.74,0.01);
#58=TOROIDAL_SURFACE('',#3312,0.96,0.04);
#59=TOROIDAL_SURFACE('',#3318,0.96,0.04);
#60=TOROIDAL_SURFACE('',#3321,0.96,0.04);
#61=TOROIDAL_SURFACE('',#3324,0.96,0.04);
#62=TOROIDAL_SURFACE('',#3327,0.09,0.01);
#63=TOROIDAL_SURFACE('',#3334,0.169999855346,0.01);
#64=TOROIDAL_SURFACE('',#3343,0.169999855346,0.01);
#65=TOROIDAL_SURFACE('',#3348,0.09,0.01);
#66=TOROIDAL_SURFACE('',#3353,0.169999855346,0.01);
#67=TOROIDAL_SURFACE('',#3359,0.09,0.01);
#68=TOROIDAL_SURFACE('',#3363,0.09,0.01);
#69=TOROIDAL_SURFACE('',#3367,0.169999855346,0.01);
#70=TOROIDAL_SURFACE('',#3374,5.09999,1.E-5);
#71=TOROIDAL_SURFACE('',#3390,4.05001,1.E-5);
#72=TOROIDAL_SURFACE('',#3399,3.98,0.02);
#73=TOROIDAL_SURFACE('',#3463,0.8,0.05);
#74=CYLINDRICAL_SURFACE('',#3080,0.01);
#75=CYLINDRICAL_SURFACE('',#3089,0.01);
#76=CYLINDRICAL_SURFACE('',#3091,1.2);
#77=CYLINDRICAL_SURFACE('',#3094,0.05);
#78=CYLINDRICAL_SURFACE('',#3097,0.05);
#79=CYLINDRICAL_SURFACE('',#3100,1.2);
#80=CYLINDRICAL_SURFACE('',#3108,0.01);
#81=CYLINDRICAL_SURFACE('',#3117,0.01);
#82=CYLINDRICAL_SURFACE('',#3122,0.05999999999999);
#83=CYLINDRICAL_SURFACE('',#3123,0.01);
#84=CYLINDRICAL_SURFACE('',#3129,0.242499674528);
#85=CYLINDRICAL_SURFACE('',#3130,0.01);
#86=CYLINDRICAL_SURFACE('',#3131,0.1);
#87=CYLINDRICAL_SURFACE('',#3133,0.01);
#88=CYLINDRICAL_SURFACE('',#3138,0.01);
#89=CYLINDRICAL_SURFACE('',#3168,0.242499674528);
#90=CYLINDRICAL_SURFACE('',#3169,0.01);
#91=CYLINDRICAL_SURFACE('',#3175,0.05999999999999);
#92=CYLINDRICAL_SURFACE('',#3176,0.01);
#93=CYLINDRICAL_SURFACE('',#3180,0.1);
#94=CYLINDRICAL_SURFACE('',#3184,0.01);
#95=CYLINDRICAL_SURFACE('',#3189,0.01);
#96=CYLINDRICAL_SURFACE('',#3191,0.179999855346);
#97=CYLINDRICAL_SURFACE('',#3193,0.05);
#98=CYLINDRICAL_SURFACE('',#3195,0.05);
#99=CYLINDRICAL_SURFACE('',#3198,0.05);
#100=CYLINDRICAL_SURFACE('',#3200,0.05);
#101=CYLINDRICAL_SURFACE('',#3202,0.05);
#102=CYLINDRICAL_SURFACE('',#3204,0.05);
#103=CYLINDRICAL_SURFACE('',#3206,0.05);
#104=CYLINDRICAL_SURFACE('',#3214,0.05);
#105=CYLINDRICAL_SURFACE('',#3224,0.05);
#106=CYLINDRICAL_SURFACE('',#3229,0.05);
#107=CYLINDRICAL_SURFACE('',#3231,0.05);
#108=CYLINDRICAL_SURFACE('',#3238,5.15);
#109=CYLINDRICAL_SURFACE('',#3249,1.2);
#110=CYLINDRICAL_SURFACE('',#3251,0.179999855346);
#111=CYLINDRICAL_SURFACE('',#3254,1.2);
#112=CYLINDRICAL_SURFACE('',#3260,0.75);
#113=CYLINDRICAL_SURFACE('',#3262,0.75);
#114=CYLINDRICAL_SURFACE('',#3264,1.);
#115=CYLINDRICAL_SURFACE('',#3268,1.);
#116=CYLINDRICAL_SURFACE('',#3270,1.);
#117=CYLINDRICAL_SURFACE('',#3272,1.);
#118=CYLINDRICAL_SURFACE('',#3279,0.01);
#119=CYLINDRICAL_SURFACE('',#3288,0.01);
#120=CYLINDRICAL_SURFACE('',#3295,0.01);
#121=CYLINDRICAL_SURFACE('',#3304,0.01);
#122=CYLINDRICAL_SURFACE('',#3315,5.1);
#123=CYLINDRICAL_SURFACE('',#3330,0.05999999999999);
#124=CYLINDRICAL_SURFACE('',#3331,0.01);
#125=CYLINDRICAL_SURFACE('',#3337,0.242499674528);
#126=CYLINDRICAL_SURFACE('',#3338,0.01);
#127=CYLINDRICAL_SURFACE('',#3339,0.1);
#128=CYLINDRICAL_SURFACE('',#3341,0.01);
#129=CYLINDRICAL_SURFACE('',#3346,0.01);
#130=CYLINDRICAL_SURFACE('',#3349,0.242499674528);
#131=CYLINDRICAL_SURFACE('',#3350,0.01);
#132=CYLINDRICAL_SURFACE('',#3356,0.05999999999999);
#133=CYLINDRICAL_SURFACE('',#3357,0.01);
#134=CYLINDRICAL_SURFACE('',#3361,0.1);
#135=CYLINDRICAL_SURFACE('',#3365,0.01);
#136=CYLINDRICAL_SURFACE('',#3370,0.01);
#137=CYLINDRICAL_SURFACE('',#3382,0.179999855346);
#138=CYLINDRICAL_SURFACE('',#3385,0.179999855346);
#139=CYLINDRICAL_SURFACE('',#3393,4.05);
#140=CYLINDRICAL_SURFACE('',#3397,4.);
#141=CYLINDRICAL_SURFACE('',#3411,0.05);
#142=CYLINDRICAL_SURFACE('',#3414,0.05);
#143=CYLINDRICAL_SURFACE('',#3416,0.05);
#144=CYLINDRICAL_SURFACE('',#3419,0.05);
#145=CYLINDRICAL_SURFACE('',#3422,0.05);
#146=CYLINDRICAL_SURFACE('',#3425,0.05);
#147=CYLINDRICAL_SURFACE('',#3427,0.05);
#148=CYLINDRICAL_SURFACE('',#3430,0.05);
#149=CYLINDRICAL_SURFACE('',#3433,0.05);
#150=CYLINDRICAL_SURFACE('',#3436,0.05);
#151=CYLINDRICAL_SURFACE('',#3451,0.05);
#152=CYLINDRICAL_SURFACE('',#3460,0.05);
#153=CYLINDRICAL_SURFACE('',#3461,0.05);
#154=CYLINDRICAL_SURFACE('',#3462,0.05);
#155=CYLINDRICAL_SURFACE('',#3466,0.75);
#156=STYLED_ITEM('',(#5457),#2869);
#157=STYLED_ITEM('',(#5457),#2870);
#158=STYLED_ITEM('',(#5457),#2872);
#159=STYLED_ITEM('',(#5457),#2873);
#160=STYLED_ITEM('',(#5457),#2874);
#161=STYLED_ITEM('',(#5457),#2879);
#162=STYLED_ITEM('',(#5457),#2880);
#163=STYLED_ITEM('',(#5457),#2882);
#164=STYLED_ITEM('',(#5457),#2883);
#165=STYLED_ITEM('',(#5457),#2884);
#166=STYLED_ITEM('',(#5457),#2885);
#167=STYLED_ITEM('',(#5457),#2886);
#168=STYLED_ITEM('',(#5457),#2887);
#169=STYLED_ITEM('',(#5457),#2888);
#170=STYLED_ITEM('',(#5457),#2889);
#171=STYLED_ITEM('',(#5457),#2890);
#172=STYLED_ITEM('',(#5457),#2891);
#173=STYLED_ITEM('',(#5457),#2892);
#174=STYLED_ITEM('',(#5457),#2893);
#175=STYLED_ITEM('',(#5457),#2894);
#176=STYLED_ITEM('',(#5457),#2895);
#177=STYLED_ITEM('',(#5457),#2896);
#178=STYLED_ITEM('',(#5457),#2905);
#179=STYLED_ITEM('',(#5457),#2906);
#180=STYLED_ITEM('',(#5457),#2907);
#181=STYLED_ITEM('',(#5457),#2908);
#182=STYLED_ITEM('',(#5457),#2909);
#183=STYLED_ITEM('',(#5457),#2910);
#184=STYLED_ITEM('',(#5457),#2911);
#185=STYLED_ITEM('',(#5457),#2912);
#186=STYLED_ITEM('',(#5457),#2913);
#187=STYLED_ITEM('',(#5457),#2914);
#188=STYLED_ITEM('',(#5457),#2915);
#189=STYLED_ITEM('',(#5457),#2916);
#190=STYLED_ITEM('',(#5457),#2917);
#191=STYLED_ITEM('',(#5457),#2918);
#192=STYLED_ITEM('',(#5457),#2919);
#193=STYLED_ITEM('',(#5457),#2946);
#194=STYLED_ITEM('',(#5457),#2947);
#195=STYLED_ITEM('',(#5457),#2948);
#196=STYLED_ITEM('',(#5457),#2959);
#197=STYLED_ITEM('',(#5457),#2960);
#198=STYLED_ITEM('',(#5457),#2962);
#199=STYLED_ITEM('',(#5457),#2963);
#200=STYLED_ITEM('',(#5457),#2964);
#201=STYLED_ITEM('',(#5457),#2965);
#202=STYLED_ITEM('',(#5457),#2966);
#203=STYLED_ITEM('',(#5457),#2968);
#204=STYLED_ITEM('',(#5457),#2969);
#205=STYLED_ITEM('',(#5457),#2970);
#206=STYLED_ITEM('',(#5458),#2974);
#207=STYLED_ITEM('',(#5457),#2978);
#208=STYLED_ITEM('',(#5457),#2979);
#209=STYLED_ITEM('',(#5457),#2980);
#210=STYLED_ITEM('',(#5457),#2981);
#211=STYLED_ITEM('',(#5457),#2982);
#212=STYLED_ITEM('',(#5457),#2983);
#213=STYLED_ITEM('',(#5457),#2984);
#214=STYLED_ITEM('',(#5457),#2985);
#215=STYLED_ITEM('',(#5457),#2986);
#216=STYLED_ITEM('',(#5457),#2987);
#217=STYLED_ITEM('',(#5457),#2988);
#218=STYLED_ITEM('',(#5457),#2989);
#219=STYLED_ITEM('',(#5457),#2990);
#220=STYLED_ITEM('',(#5457),#2991);
#221=STYLED_ITEM('',(#5457),#2992);
#222=STYLED_ITEM('',(#5457),#2993);
#223=STYLED_ITEM('',(#5457),#2994);
#224=STYLED_ITEM('',(#5457),#2995);
#225=STYLED_ITEM('',(#5457),#2996);
#226=STYLED_ITEM('',(#5457),#2997);
#227=STYLED_ITEM('',(#5457),#2998);
#228=STYLED_ITEM('',(#5457),#2999);
#229=STYLED_ITEM('',(#5457),#3000);
#230=STYLED_ITEM('',(#5457),#3001);
#231=STYLED_ITEM('',(#5457),#3009);
#232=STYLED_ITEM('',(#5457),#3010);
#233=STYLED_ITEM('',(#5457),#3011);
#234=STYLED_ITEM('',(#5457),#3012);
#235=STYLED_ITEM('',(#5457),#3013);
#236=STYLED_ITEM('',(#5457),#3014);
#237=STYLED_ITEM('',(#5458),#3015);
#238=STYLED_ITEM('',(#5458),#3017);
#239=STYLED_ITEM('',(#5459),#3019);
#240=STYLED_ITEM('',(#5459),#3020);
#241=STYLED_ITEM('',(#5459),#3021);
#242=STYLED_ITEM('',(#5459),#3022);
#243=STYLED_ITEM('',(#5459),#3023);
#244=STYLED_ITEM('',(#5459),#3024);
#245=STYLED_ITEM('',(#5459),#3025);
#246=STYLED_ITEM('',(#5459),#3026);
#247=STYLED_ITEM('',(#5459),#3027);
#248=STYLED_ITEM('',(#5459),#3028);
#249=STYLED_ITEM('',(#5459),#3029);
#250=STYLED_ITEM('',(#5459),#3030);
#251=STYLED_ITEM('',(#5459),#3031);
#252=STYLED_ITEM('',(#5459),#3032);
#253=STYLED_ITEM('',(#5459),#3033);
#254=STYLED_ITEM('',(#5459),#3034);
#255=STYLED_ITEM('',(#5459),#3035);
#256=STYLED_ITEM('',(#5459),#3036);
#257=STYLED_ITEM('',(#5459),#3037);
#258=STYLED_ITEM('',(#5459),#3038);
#259=STYLED_ITEM('',(#5459),#3039);
#260=STYLED_ITEM('',(#5459),#3040);
#261=STYLED_ITEM('',(#5459),#3041);
#262=STYLED_ITEM('',(#5459),#3042);
#263=STYLED_ITEM('',(#5459),#3043);
#264=STYLED_ITEM('',(#5459),#3044);
#265=STYLED_ITEM('',(#5459),#3045);
#266=STYLED_ITEM('',(#5459),#3046);
#267=STYLED_ITEM('',(#5459),#3047);
#268=STYLED_ITEM('',(#5459),#3048);
#269=STYLED_ITEM('',(#5459),#3049);
#270=STYLED_ITEM('',(#5459),#3050);
#271=STYLED_ITEM('',(#5459),#3051);
#272=STYLED_ITEM('',(#5459),#3052);
#273=STYLED_ITEM('',(#5459),#3053);
#274=STYLED_ITEM('',(#5459),#3054);
#275=STYLED_ITEM('',(#5459),#3055);
#276=STYLED_ITEM('',(#5456),#13);
#277=FACE_BOUND('',#689,.T.);
#278=FACE_BOUND('',#690,.T.);
#279=FACE_BOUND('',#723,.T.);
#280=FACE_BOUND('',#724,.T.);
#281=FACE_BOUND('',#727,.T.);
#282=FACE_BOUND('',#728,.T.);
#283=FACE_BOUND('',#729,.T.);
#284=FACE_BOUND('',#730,.T.);
#285=FACE_BOUND('',#731,.T.);
#286=FACE_BOUND('',#781,.T.);
#287=FACE_BOUND('',#782,.T.);
#288=FACE_BOUND('',#787,.T.);
#289=FACE_BOUND('',#848,.T.);
#290=FACE_BOUND('',#852,.T.);
#291=FACE_BOUND('',#856,.T.);
#292=FACE_BOUND('',#878,.T.);
#293=CIRCLE('',#3071,0.01);
#294=CIRCLE('',#3072,0.01);
#295=CIRCLE('',#3073,0.01);
#296=CIRCLE('',#3074,0.01);
#297=CIRCLE('',#3076,0.05999999999999);
#298=CIRCLE('',#3077,0.242499674528);
#299=CIRCLE('',#3078,0.169999855346);
#300=CIRCLE('',#3079,0.09);
#301=CIRCLE('',#3081,0.01);
#302=CIRCLE('',#3085,0.242499674528);
#303=CIRCLE('',#3086,0.05999999999999);
#304=CIRCLE('',#3087,0.09);
#305=CIRCLE('',#3088,0.169999855346);
#306=CIRCLE('',#3090,0.01);
#307=CIRCLE('',#3092,1.2);
#308=CIRCLE('',#3093,1.2);
#309=CIRCLE('',#3095,0.05);
#310=CIRCLE('',#3096,0.05);
#311=CIRCLE('',#3098,0.05);
#312=CIRCLE('',#3099,0.05);
#313=CIRCLE('',#3101,1.2);
#314=CIRCLE('',#3102,1.2);
#315=CIRCLE('',#3104,0.242499674528);
#316=CIRCLE('',#3105,0.05999999999999);
#317=CIRCLE('',#3106,0.09);
#318=CIRCLE('',#3107,0.169999855346);
#319=CIRCLE('',#3109,0.01);
#320=CIRCLE('',#3113,0.05999999999999);
#321=CIRCLE('',#3114,0.242499674528);
#322=CIRCLE('',#3115,0.169999855346);
#323=CIRCLE('',#3116,0.09);
#324=CIRCLE('',#3118,0.01);
#325=CIRCLE('',#3120,0.01);
#326=CIRCLE('',#3121,0.1);
#327=CIRCLE('',#3124,0.01);
#328=CIRCLE('',#3127,0.01);
#329=CIRCLE('',#3128,0.179999855346);
#330=CIRCLE('',#3132,0.1);
#331=CIRCLE('',#3134,0.01);
#332=CIRCLE('',#3136,0.01);
#333=CIRCLE('',#3137,0.179999855346);
#334=CIRCLE('',#3139,0.01);
#335=CIRCLE('',#3142,0.05);
#336=CIRCLE('',#3143,1.15);
#337=CIRCLE('',#3145,0.05);
#338=CIRCLE('',#3146,1.15);
#339=CIRCLE('',#3149,1.15);
#340=CIRCLE('',#3150,1.15);
#341=CIRCLE('',#3151,1.15);
#342=CIRCLE('',#3152,0.8);
#343=CIRCLE('',#3153,0.8);
#344=CIRCLE('',#3155,0.05);
#345=CIRCLE('',#3157,1.15);
#346=CIRCLE('',#3158,1.15);
#347=CIRCLE('',#3159,1.15);
#348=CIRCLE('',#3160,1.05);
#349=CIRCLE('',#3161,5.15);
#350=CIRCLE('',#3162,1.05);
#351=CIRCLE('',#3163,1.05);
#352=CIRCLE('',#3164,1.05);
#353=CIRCLE('',#3166,0.05);
#354=CIRCLE('',#3170,0.01);
#355=CIRCLE('',#3173,0.01);
#356=CIRCLE('',#3174,0.179999855346);
#357=CIRCLE('',#3177,0.01);
#358=CIRCLE('',#3179,0.1);
#359=CIRCLE('',#3181,0.1);
#360=CIRCLE('',#3183,0.01);
#361=CIRCLE('',#3185,0.01);
#362=CIRCLE('',#3187,0.01);
#363=CIRCLE('',#3188,0.179999855346);
#364=CIRCLE('',#3196,0.05);
#365=CIRCLE('',#3205,0.05);
#366=CIRCLE('',#3207,0.05);
#367=CIRCLE('',#3209,0.05);
#368=CIRCLE('',#3210,1.2);
#369=CIRCLE('',#3212,0.05);
#370=CIRCLE('',#3213,1.2);
#371=CIRCLE('',#3216,0.05);
#372=CIRCLE('',#3217,0.75);
#373=CIRCLE('',#3219,0.05);
#374=CIRCLE('',#3220,0.75);
#375=CIRCLE('',#3223,0.05);
#376=CIRCLE('',#3225,0.05);
#377=CIRCLE('',#3227,0.05);
#378=CIRCLE('',#3228,1.2);
#379=CIRCLE('',#3230,0.05);
#380=CIRCLE('',#3232,0.05);
#381=CIRCLE('',#3234,1.2);
#382=CIRCLE('',#3236,1.);
#383=CIRCLE('',#3237,0.05);
#384=CIRCLE('',#3239,5.15);
#385=CIRCLE('',#3241,1.);
#386=CIRCLE('',#3242,0.05);
#387=CIRCLE('',#3244,1.);
#388=CIRCLE('',#3245,0.05);
#389=CIRCLE('',#3247,1.);
#390=CIRCLE('',#3248,0.05);
#391=CIRCLE('',#3256,0.01);
#392=CIRCLE('',#3257,0.01);
#393=CIRCLE('',#3258,0.01);
#394=CIRCLE('',#3259,0.01);
#395=CIRCLE('',#3261,0.75);
#396=CIRCLE('',#3263,0.75);
#397=CIRCLE('',#3265,1.);
#398=CIRCLE('',#3267,5.1);
#399=CIRCLE('',#3269,1.);
#400=CIRCLE('',#3271,1.);
#401=CIRCLE('',#3273,1.);
#402=CIRCLE('',#3275,0.09);
#403=CIRCLE('',#3276,0.169999855346);
#404=CIRCLE('',#3277,0.242499674528);
#405=CIRCLE('',#3278,0.05999999999999);
#406=CIRCLE('',#3280,0.01);
#407=CIRCLE('',#3284,0.242499674528);
#408=CIRCLE('',#3285,0.169999855346);
#409=CIRCLE('',#3286,0.09);
#410=CIRCLE('',#3287,0.05999999999999);
#411=CIRCLE('',#3289,0.01);
#412=CIRCLE('',#3291,0.242499674528);
#413=CIRCLE('',#3292,0.169999855346);
#414=CIRCLE('',#3293,0.09);
#415=CIRCLE('',#3294,0.05999999999999);
#416=CIRCLE('',#3296,0.01);
#417=CIRCLE('',#3300,0.09);
#418=CIRCLE('',#3301,0.169999855346);
#419=CIRCLE('',#3302,0.242499674528);
#420=CIRCLE('',#3303,0.05999999999999);
#421=CIRCLE('',#3305,0.01);
#422=CIRCLE('',#3307,0.74);
#423=CIRCLE('',#3308,0.01);
#424=CIRCLE('',#3310,0.74);
#425=CIRCLE('',#3311,0.01);
#426=CIRCLE('',#3313,0.04);
#427=CIRCLE('',#3314,0.96);
#428=CIRCLE('',#3316,5.1);
#429=CIRCLE('',#3317,5.1);
#430=CIRCLE('',#3319,0.04);
#431=CIRCLE('',#3320,0.96);
#432=CIRCLE('',#3322,0.04);
#433=CIRCLE('',#3323,0.96);
#434=CIRCLE('',#3325,0.04);
#435=CIRCLE('',#3326,0.96);
#436=CIRCLE('',#3328,0.1);
#437=CIRCLE('',#3329,0.01);
#438=CIRCLE('',#3332,0.01);
#439=CIRCLE('',#3335,0.179999855346);
#440=CIRCLE('',#3336,0.01);
#441=CIRCLE('',#3340,0.1);
#442=CIRCLE('',#3342,0.01);
#443=CIRCLE('',#3344,0.179999855346);
#444=CIRCLE('',#3345,0.01);
#445=CIRCLE('',#3347,0.01);
#446=CIRCLE('',#3351,0.01);
#447=CIRCLE('',#3354,0.179999855346);
#448=CIRCLE('',#3355,0.01);
#449=CIRCLE('',#3358,0.01);
#450=CIRCLE('',#3360,0.1);
#451=CIRCLE('',#3362,0.1);
#452=CIRCLE('',#3364,0.01);
#453=CIRCLE('',#3366,0.01);
#454=CIRCLE('',#3368,0.179999855346);
#455=CIRCLE('',#3369,0.01);
#456=CIRCLE('',#3375,5.09999);
#457=CIRCLE('',#3376,5.09999);
#458=CIRCLE('',#3377,1.E-5);
#459=CIRCLE('',#3388,4.05001);
#460=CIRCLE('',#3389,4.05001);
#461=CIRCLE('',#3391,4.05);
#462=CIRCLE('',#3392,1.E-5);
#463=CIRCLE('',#3394,4.05);
#464=CIRCLE('',#3396,4.);
#465=CIRCLE('',#3398,4.);
#466=CIRCLE('',#3400,0.02);
#467=CIRCLE('',#3401,3.98);
#468=CIRCLE('',#3405,0.05);
#469=CIRCLE('',#3406,0.05);
#470=CIRCLE('',#3409,0.05);
#471=CIRCLE('',#3410,0.05);
#472=CIRCLE('',#3412,0.05);
#473=CIRCLE('',#3413,0.05);
#474=CIRCLE('',#3415,0.05);
#475=CIRCLE('',#3417,0.05);
#476=CIRCLE('',#3418,0.05);
#477=CIRCLE('',#3420,0.05);
#478=CIRCLE('',#3421,0.05);
#479=CIRCLE('',#3423,0.05);
#480=CIRCLE('',#3426,0.05);
#481=CIRCLE('',#3428,0.05);
#482=CIRCLE('',#3429,0.05);
#483=CIRCLE('',#3431,0.05);
#484=CIRCLE('',#3432,0.05);
#485=CIRCLE('',#3434,0.05);
#486=CIRCLE('',#3435,0.05);
#487=CIRCLE('',#3437,0.05);
#488=CIRCLE('',#3440,0.05);
#489=CIRCLE('',#3442,0.05);
#490=CIRCLE('',#3445,0.05);
#491=CIRCLE('',#3447,0.8);
#492=CIRCLE('',#3449,0.05);
#493=CIRCLE('',#3452,0.05);
#494=CIRCLE('',#3455,0.05);
#495=CIRCLE('',#3457,0.05);
#496=CIRCLE('',#3459,0.05);
#497=CIRCLE('',#3464,0.75);
#498=CIRCLE('',#3465,0.05);
#499=CIRCLE('',#3467,0.75);
#500=FACE_OUTER_BOUND('',#688,.T.);
#501=FACE_OUTER_BOUND('',#691,.T.);
#502=FACE_OUTER_BOUND('',#692,.T.);
#503=FACE_OUTER_BOUND('',#693,.T.);
#504=FACE_OUTER_BOUND('',#694,.T.);
#505=FACE_OUTER_BOUND('',#695,.T.);
#506=FACE_OUTER_BOUND('',#696,.T.);
#507=FACE_OUTER_BOUND('',#697,.T.);
#508=FACE_OUTER_BOUND('',#698,.T.);
#509=FACE_OUTER_BOUND('',#699,.T.);
#510=FACE_OUTER_BOUND('',#700,.T.);
#511=FACE_OUTER_BOUND('',#701,.T.);
#512=FACE_OUTER_BOUND('',#702,.T.);
#513=FACE_OUTER_BOUND('',#703,.T.);
#514=FACE_OUTER_BOUND('',#704,.T.);
#515=FACE_OUTER_BOUND('',#705,.T.);
#516=FACE_OUTER_BOUND('',#706,.T.);
#517=FACE_OUTER_BOUND('',#707,.T.);
#518=FACE_OUTER_BOUND('',#708,.T.);
#519=FACE_OUTER_BOUND('',#709,.T.);
#520=FACE_OUTER_BOUND('',#710,.T.);
#521=FACE_OUTER_BOUND('',#711,.T.);
#522=FACE_OUTER_BOUND('',#712,.T.);
#523=FACE_OUTER_BOUND('',#713,.T.);
#524=FACE_OUTER_BOUND('',#714,.T.);
#525=FACE_OUTER_BOUND('',#715,.T.);
#526=FACE_OUTER_BOUND('',#716,.T.);
#527=FACE_OUTER_BOUND('',#717,.T.);
#528=FACE_OUTER_BOUND('',#718,.T.);
#529=FACE_OUTER_BOUND('',#719,.T.);
#530=FACE_OUTER_BOUND('',#720,.T.);
#531=FACE_OUTER_BOUND('',#721,.T.);
#532=FACE_OUTER_BOUND('',#722,.T.);
#533=FACE_OUTER_BOUND('',#725,.T.);
#534=FACE_OUTER_BOUND('',#726,.T.);
#535=FACE_OUTER_BOUND('',#732,.T.);
#536=FACE_OUTER_BOUND('',#733,.T.);
#537=FACE_OUTER_BOUND('',#734,.T.);
#538=FACE_OUTER_BOUND('',#735,.T.);
#539=FACE_OUTER_BOUND('',#736,.T.);
#540=FACE_OUTER_BOUND('',#737,.T.);
#541=FACE_OUTER_BOUND('',#738,.T.);
#542=FACE_OUTER_BOUND('',#739,.T.);
#543=FACE_OUTER_BOUND('',#740,.T.);
#544=FACE_OUTER_BOUND('',#741,.T.);
#545=FACE_OUTER_BOUND('',#742,.T.);
#546=FACE_OUTER_BOUND('',#743,.T.);
#547=FACE_OUTER_BOUND('',#744,.T.);
#548=FACE_OUTER_BOUND('',#745,.T.);
#549=FACE_OUTER_BOUND('',#746,.T.);
#550=FACE_OUTER_BOUND('',#747,.T.);
#551=FACE_OUTER_BOUND('',#748,.T.);
#552=FACE_OUTER_BOUND('',#749,.T.);
#553=FACE_OUTER_BOUND('',#750,.T.);
#554=FACE_OUTER_BOUND('',#751,.T.);
#555=FACE_OUTER_BOUND('',#752,.T.);
#556=FACE_OUTER_BOUND('',#753,.T.);
#557=FACE_OUTER_BOUND('',#754,.T.);
#558=FACE_OUTER_BOUND('',#755,.T.);
#559=FACE_OUTER_BOUND('',#756,.T.);
#560=FACE_OUTER_BOUND('',#757,.T.);
#561=FACE_OUTER_BOUND('',#758,.T.);
#562=FACE_OUTER_BOUND('',#759,.T.);
#563=FACE_OUTER_BOUND('',#760,.T.);
#564=FACE_OUTER_BOUND('',#761,.T.);
#565=FACE_OUTER_BOUND('',#762,.T.);
#566=FACE_OUTER_BOUND('',#763,.T.);
#567=FACE_OUTER_BOUND('',#764,.T.);
#568=FACE_OUTER_BOUND('',#765,.T.);
#569=FACE_OUTER_BOUND('',#766,.T.);
#570=FACE_OUTER_BOUND('',#767,.T.);
#571=FACE_OUTER_BOUND('',#768,.T.);
#572=FACE_OUTER_BOUND('',#769,.T.);
#573=FACE_OUTER_BOUND('',#770,.T.);
#574=FACE_OUTER_BOUND('',#771,.T.);
#575=FACE_OUTER_BOUND('',#772,.T.);
#576=FACE_OUTER_BOUND('',#773,.T.);
#577=FACE_OUTER_BOUND('',#774,.T.);
#578=FACE_OUTER_BOUND('',#775,.T.);
#579=FACE_OUTER_BOUND('',#776,.T.);
#580=FACE_OUTER_BOUND('',#777,.T.);
#581=FACE_OUTER_BOUND('',#778,.T.);
#582=FACE_OUTER_BOUND('',#779,.T.);
#583=FACE_OUTER_BOUND('',#780,.T.);
#584=FACE_OUTER_BOUND('',#783,.T.);
#585=FACE_OUTER_BOUND('',#784,.T.);
#586=FACE_OUTER_BOUND('',#785,.T.);
#587=FACE_OUTER_BOUND('',#786,.T.);
#588=FACE_OUTER_BOUND('',#788,.T.);
#589=FACE_OUTER_BOUND('',#789,.T.);
#590=FACE_OUTER_BOUND('',#790,.T.);
#591=FACE_OUTER_BOUND('',#791,.T.);
#592=FACE_OUTER_BOUND('',#792,.T.);
#593=FACE_OUTER_BOUND('',#793,.T.);
#594=FACE_OUTER_BOUND('',#794,.T.);
#595=FACE_OUTER_BOUND('',#795,.T.);
#596=FACE_OUTER_BOUND('',#796,.T.);
#597=FACE_OUTER_BOUND('',#797,.T.);
#598=FACE_OUTER_BOUND('',#798,.T.);
#599=FACE_OUTER_BOUND('',#799,.T.);
#600=FACE_OUTER_BOUND('',#800,.T.);
#601=FACE_OUTER_BOUND('',#801,.T.);
#602=FACE_OUTER_BOUND('',#802,.T.);
#603=FACE_OUTER_BOUND('',#803,.T.);
#604=FACE_OUTER_BOUND('',#804,.T.);
#605=FACE_OUTER_BOUND('',#805,.T.);
#606=FACE_OUTER_BOUND('',#806,.T.);
#607=FACE_OUTER_BOUND('',#807,.T.);
#608=FACE_OUTER_BOUND('',#808,.T.);
#609=FACE_OUTER_BOUND('',#809,.T.);
#610=FACE_OUTER_BOUND('',#810,.T.);
#611=FACE_OUTER_BOUND('',#811,.T.);
#612=FACE_OUTER_BOUND('',#812,.T.);
#613=FACE_OUTER_BOUND('',#813,.T.);
#614=FACE_OUTER_BOUND('',#814,.T.);
#615=FACE_OUTER_BOUND('',#815,.T.);
#616=FACE_OUTER_BOUND('',#816,.T.);
#617=FACE_OUTER_BOUND('',#817,.T.);
#618=FACE_OUTER_BOUND('',#818,.T.);
#619=FACE_OUTER_BOUND('',#819,.T.);
#620=FACE_OUTER_BOUND('',#820,.T.);
#621=FACE_OUTER_BOUND('',#821,.T.);
#622=FACE_OUTER_BOUND('',#822,.T.);
#623=FACE_OUTER_BOUND('',#823,.T.);
#624=FACE_OUTER_BOUND('',#824,.T.);
#625=FACE_OUTER_BOUND('',#825,.T.);
#626=FACE_OUTER_BOUND('',#826,.T.);
#627=FACE_OUTER_BOUND('',#827,.T.);
#628=FACE_OUTER_BOUND('',#828,.T.);
#629=FACE_OUTER_BOUND('',#829,.T.);
#630=FACE_OUTER_BOUND('',#830,.T.);
#631=FACE_OUTER_BOUND('',#831,.T.);
#632=FACE_OUTER_BOUND('',#832,.T.);
#633=FACE_OUTER_BOUND('',#833,.T.);
#634=FACE_OUTER_BOUND('',#834,.T.);
#635=FACE_OUTER_BOUND('',#835,.T.);
#636=FACE_OUTER_BOUND('',#836,.T.);
#637=FACE_OUTER_BOUND('',#837,.T.);
#638=FACE_OUTER_BOUND('',#838,.T.);
#639=FACE_OUTER_BOUND('',#839,.T.);
#640=FACE_OUTER_BOUND('',#840,.T.);
#641=FACE_OUTER_BOUND('',#841,.T.);
#642=FACE_OUTER_BOUND('',#842,.T.);
#643=FACE_OUTER_BOUND('',#843,.T.);
#644=FACE_OUTER_BOUND('',#844,.T.);
#645=FACE_OUTER_BOUND('',#845,.T.);
#646=FACE_OUTER_BOUND('',#846,.T.);
#647=FACE_OUTER_BOUND('',#847,.T.);
#648=FACE_OUTER_BOUND('',#849,.T.);
#649=FACE_OUTER_BOUND('',#850,.T.);
#650=FACE_OUTER_BOUND('',#851,.T.);
#651=FACE_OUTER_BOUND('',#853,.T.);
#652=FACE_OUTER_BOUND('',#854,.T.);
#653=FACE_OUTER_BOUND('',#855,.T.);
#654=FACE_OUTER_BOUND('',#857,.T.);
#655=FACE_OUTER_BOUND('',#858,.T.);
#656=FACE_OUTER_BOUND('',#859,.T.);
#657=FACE_OUTER_BOUND('',#860,.T.);
#658=FACE_OUTER_BOUND('',#861,.T.);
#659=FACE_OUTER_BOUND('',#862,.T.);
#660=FACE_OUTER_BOUND('',#863,.T.);
#661=FACE_OUTER_BOUND('',#864,.T.);
#662=FACE_OUTER_BOUND('',#865,.T.);
#663=FACE_OUTER_BOUND('',#866,.T.);
#664=FACE_OUTER_BOUND('',#867,.T.);
#665=FACE_OUTER_BOUND('',#868,.T.);
#666=FACE_OUTER_BOUND('',#869,.T.);
#667=FACE_OUTER_BOUND('',#870,.T.);
#668=FACE_OUTER_BOUND('',#871,.T.);
#669=FACE_OUTER_BOUND('',#872,.T.);
#670=FACE_OUTER_BOUND('',#873,.T.);
#671=FACE_OUTER_BOUND('',#874,.T.);
#672=FACE_OUTER_BOUND('',#875,.T.);
#673=FACE_OUTER_BOUND('',#876,.T.);
#674=FACE_OUTER_BOUND('',#877,.T.);
#675=FACE_OUTER_BOUND('',#879,.T.);
#676=FACE_OUTER_BOUND('',#880,.T.);
#677=FACE_OUTER_BOUND('',#881,.T.);
#678=FACE_OUTER_BOUND('',#882,.T.);
#679=FACE_OUTER_BOUND('',#883,.T.);
#680=FACE_OUTER_BOUND('',#884,.T.);
#681=FACE_OUTER_BOUND('',#885,.T.);
#682=FACE_OUTER_BOUND('',#886,.T.);
#683=FACE_OUTER_BOUND('',#887,.T.);
#684=FACE_OUTER_BOUND('',#888,.T.);
#685=FACE_OUTER_BOUND('',#889,.T.);
#686=FACE_OUTER_BOUND('',#890,.T.);
#687=FACE_OUTER_BOUND('',#891,.T.);
#688=EDGE_LOOP('',(#1968,#1969,#1970,#1971));
#689=EDGE_LOOP('',(#1972,#1973,#1974,#1975,#1976,#1977));
#690=EDGE_LOOP('',(#1978,#1979,#1980,#1981,#1982,#1983));
#691=EDGE_LOOP('',(#1984,#1985,#1986,#1987,#1988,#1989,#1990,#1991,#1992,
#1993));
#692=EDGE_LOOP('',(#1994,#1995,#1996,#1997));
#693=EDGE_LOOP('',(#1998,#1999,#2000,#2001));
#694=EDGE_LOOP('',(#2002,#2003,#2004,#2005));
#695=EDGE_LOOP('',(#2006,#2007,#2008,#2009,#2010,#2011,#2012,#2013,#2014,
#2015));
#696=EDGE_LOOP('',(#2016,#2017,#2018,#2019));
#697=EDGE_LOOP('',(#2020,#2021,#2022,#2023));
#698=EDGE_LOOP('',(#2024,#2025,#2026,#2027));
#699=EDGE_LOOP('',(#2028,#2029,#2030,#2031));
#700=EDGE_LOOP('',(#2032,#2033,#2034,#2035));
#701=EDGE_LOOP('',(#2036,#2037,#2038,#2039,#2040,#2041,#2042,#2043,#2044,
#2045));
#702=EDGE_LOOP('',(#2046,#2047,#2048,#2049));
#703=EDGE_LOOP('',(#2050,#2051,#2052,#2053));
#704=EDGE_LOOP('',(#2054,#2055,#2056,#2057));
#705=EDGE_LOOP('',(#2058,#2059,#2060,#2061,#2062,#2063,#2064,#2065,#2066,
#2067));
#706=EDGE_LOOP('',(#2068,#2069,#2070,#2071));
#707=EDGE_LOOP('',(#2072,#2073,#2074,#2075));
#708=EDGE_LOOP('',(#2076,#2077,#2078,#2079));
#709=EDGE_LOOP('',(#2080,#2081,#2082,#2083));
#710=EDGE_LOOP('',(#2084,#2085,#2086,#2087));
#711=EDGE_LOOP('',(#2088,#2089,#2090,#2091));
#712=EDGE_LOOP('',(#2092,#2093,#2094,#2095,#2096,#2097));
#713=EDGE_LOOP('',(#2098,#2099,#2100,#2101));
#714=EDGE_LOOP('',(#2102,#2103,#2104,#2105));
#715=EDGE_LOOP('',(#2106,#2107,#2108,#2109));
#716=EDGE_LOOP('',(#2110,#2111,#2112,#2113));
#717=EDGE_LOOP('',(#2114,#2115,#2116,#2117));
#718=EDGE_LOOP('',(#2118,#2119,#2120,#2121));
#719=EDGE_LOOP('',(#2122,#2123,#2124,#2125));
#720=EDGE_LOOP('',(#2126,#2127,#2128,#2129));
#721=EDGE_LOOP('',(#2130,#2131,#2132,#2133));
#722=EDGE_LOOP('',(#2134,#2135,#2136,#2137,#2138,#2139,#2140,#2141,#2142,
#2143,#2144,#2145));
#723=EDGE_LOOP('',(#2146));
#724=EDGE_LOOP('',(#2147));
#725=EDGE_LOOP('',(#2148,#2149,#2150,#2151));
#726=EDGE_LOOP('',(#2152,#2153,#2154,#2155,#2156,#2157,#2158,#2159,#2160,
#2161,#2162,#2163));
#727=EDGE_LOOP('',(#2164));
#728=EDGE_LOOP('',(#2165));
#729=EDGE_LOOP('',(#2166));
#730=EDGE_LOOP('',(#2167));
#731=EDGE_LOOP('',(#2168));
#732=EDGE_LOOP('',(#2169,#2170,#2171,#2172));
#733=EDGE_LOOP('',(#2173,#2174,#2175,#2176));
#734=EDGE_LOOP('',(#2177,#2178,#2179,#2180,#2181,#2182));
#735=EDGE_LOOP('',(#2183,#2184,#2185,#2186));
#736=EDGE_LOOP('',(#2187,#2188,#2189,#2190));
#737=EDGE_LOOP('',(#2191,#2192,#2193,#2194));
#738=EDGE_LOOP('',(#2195,#2196,#2197,#2198));
#739=EDGE_LOOP('',(#2199,#2200,#2201,#2202));
#740=EDGE_LOOP('',(#2203,#2204,#2205,#2206));
#741=EDGE_LOOP('',(#2207,#2208,#2209,#2210));
#742=EDGE_LOOP('',(#2211,#2212,#2213,#2214));
#743=EDGE_LOOP('',(#2215,#2216,#2217,#2218));
#744=EDGE_LOOP('',(#2219,#2220,#2221,#2222));
#745=EDGE_LOOP('',(#2223,#2224,#2225,#2226));
#746=EDGE_LOOP('',(#2227,#2228,#2229,#2230));
#747=EDGE_LOOP('',(#2231,#2232,#2233,#2234));
#748=EDGE_LOOP('',(#2235,#2236,#2237,#2238));
#749=EDGE_LOOP('',(#2239,#2240,#2241,#2242));
#750=EDGE_LOOP('',(#2243,#2244,#2245,#2246));
#751=EDGE_LOOP('',(#2247,#2248,#2249,#2250,#2251));
#752=EDGE_LOOP('',(#2252,#2253,#2254,#2255));
#753=EDGE_LOOP('',(#2256,#2257,#2258,#2259));
#754=EDGE_LOOP('',(#2260,#2261,#2262,#2263));
#755=EDGE_LOOP('',(#2264,#2265,#2266,#2267));
#756=EDGE_LOOP('',(#2268,#2269,#2270,#2271));
#757=EDGE_LOOP('',(#2272,#2273,#2274,#2275));
#758=EDGE_LOOP('',(#2276,#2277,#2278,#2279));
#759=EDGE_LOOP('',(#2280,#2281,#2282,#2283));
#760=EDGE_LOOP('',(#2284,#2285,#2286,#2287));
#761=EDGE_LOOP('',(#2288,#2289,#2290,#2291));
#762=EDGE_LOOP('',(#2292,#2293,#2294,#2295));
#763=EDGE_LOOP('',(#2296,#2297,#2298,#2299,#2300));
#764=EDGE_LOOP('',(#2301,#2302,#2303,#2304));
#765=EDGE_LOOP('',(#2305,#2306,#2307,#2308));
#766=EDGE_LOOP('',(#2309,#2310,#2311,#2312));
#767=EDGE_LOOP('',(#2313,#2314,#2315,#2316));
#768=EDGE_LOOP('',(#2317,#2318,#2319,#2320));
#769=EDGE_LOOP('',(#2321,#2322,#2323,#2324));
#770=EDGE_LOOP('',(#2325,#2326,#2327,#2328));
#771=EDGE_LOOP('',(#2329,#2330,#2331,#2332));
#772=EDGE_LOOP('',(#2333,#2334,#2335,#2336));
#773=EDGE_LOOP('',(#2337,#2338,#2339,#2340));
#774=EDGE_LOOP('',(#2341,#2342,#2343,#2344));
#775=EDGE_LOOP('',(#2345,#2346,#2347,#2348));
#776=EDGE_LOOP('',(#2349,#2350,#2351,#2352));
#777=EDGE_LOOP('',(#2353,#2354,#2355,#2356));
#778=EDGE_LOOP('',(#2357,#2358,#2359,#2360));
#779=EDGE_LOOP('',(#2361,#2362,#2363,#2364));
#780=EDGE_LOOP('',(#2365,#2366,#2367,#2368));
#781=EDGE_LOOP('',(#2369,#2370,#2371,#2372,#2373,#2374));
#782=EDGE_LOOP('',(#2375,#2376,#2377,#2378,#2379,#2380));
#783=EDGE_LOOP('',(#2381,#2382,#2383,#2384));
#784=EDGE_LOOP('',(#2385,#2386,#2387,#2388));
#785=EDGE_LOOP('',(#2389,#2390,#2391,#2392));
#786=EDGE_LOOP('',(#2393));
#787=EDGE_LOOP('',(#2394));
#788=EDGE_LOOP('',(#2395,#2396,#2397,#2398));
#789=EDGE_LOOP('',(#2399,#2400,#2401,#2402));
#790=EDGE_LOOP('',(#2403,#2404,#2405,#2406));
#791=EDGE_LOOP('',(#2407,#2408,#2409,#2410,#2411,#2412,#2413,#2414,#2415,
#2416));
#792=EDGE_LOOP('',(#2417,#2418,#2419,#2420));
#793=EDGE_LOOP('',(#2421,#2422,#2423,#2424));
#794=EDGE_LOOP('',(#2425,#2426,#2427,#2428));
#795=EDGE_LOOP('',(#2429,#2430,#2431,#2432,#2433,#2434,#2435,#2436,#2437,
#2438));
#796=EDGE_LOOP('',(#2439,#2440,#2441,#2442));
#797=EDGE_LOOP('',(#2443,#2444,#2445,#2446,#2447,#2448,#2449,#2450,#2451,
#2452));
#798=EDGE_LOOP('',(#2453,#2454,#2455,#2456));
#799=EDGE_LOOP('',(#2457,#2458,#2459,#2460));
#800=EDGE_LOOP('',(#2461,#2462,#2463,#2464));
#801=EDGE_LOOP('',(#2465,#2466,#2467,#2468,#2469,#2470,#2471,#2472,#2473,
#2474));
#802=EDGE_LOOP('',(#2475,#2476,#2477,#2478));
#803=EDGE_LOOP('',(#2479,#2480,#2481,#2482));
#804=EDGE_LOOP('',(#2483,#2484,#2485,#2486));
#805=EDGE_LOOP('',(#2487,#2488,#2489,#2490));
#806=EDGE_LOOP('',(#2491,#2492,#2493,#2494,#2495));
#807=EDGE_LOOP('',(#2496,#2497,#2498,#2499));
#808=EDGE_LOOP('',(#2500,#2501,#2502,#2503));
#809=EDGE_LOOP('',(#2504,#2505,#2506,#2507));
#810=EDGE_LOOP('',(#2508,#2509,#2510,#2511));
#811=EDGE_LOOP('',(#2512,#2513,#2514,#2515));
#812=EDGE_LOOP('',(#2516,#2517,#2518,#2519));
#813=EDGE_LOOP('',(#2520,#2521,#2522,#2523));
#814=EDGE_LOOP('',(#2524,#2525,#2526,#2527));
#815=EDGE_LOOP('',(#2528,#2529,#2530,#2531,#2532,#2533));
#816=EDGE_LOOP('',(#2534,#2535,#2536,#2537));
#817=EDGE_LOOP('',(#2538,#2539,#2540,#2541));
#818=EDGE_LOOP('',(#2542,#2543,#2544,#2545));
#819=EDGE_LOOP('',(#2546,#2547,#2548,#2549));
#820=EDGE_LOOP('',(#2550,#2551,#2552,#2553));
#821=EDGE_LOOP('',(#2554,#2555,#2556,#2557));
#822=EDGE_LOOP('',(#2558,#2559,#2560,#2561,#2562,#2563));
#823=EDGE_LOOP('',(#2564,#2565,#2566,#2567));
#824=EDGE_LOOP('',(#2568,#2569,#2570,#2571));
#825=EDGE_LOOP('',(#2572,#2573,#2574,#2575));
#826=EDGE_LOOP('',(#2576,#2577,#2578,#2579));
#827=EDGE_LOOP('',(#2580,#2581,#2582,#2583));
#828=EDGE_LOOP('',(#2584,#2585,#2586,#2587));
#829=EDGE_LOOP('',(#2588,#2589,#2590,#2591));
#830=EDGE_LOOP('',(#2592,#2593,#2594,#2595));
#831=EDGE_LOOP('',(#2596,#2597,#2598,#2599));
#832=EDGE_LOOP('',(#2600,#2601,#2602,#2603));
#833=EDGE_LOOP('',(#2604,#2605,#2606,#2607));
#834=EDGE_LOOP('',(#2608));
#835=EDGE_LOOP('',(#2609));
#836=EDGE_LOOP('',(#2610));
#837=EDGE_LOOP('',(#2611,#2612,#2613,#2614,#2615,#2616));
#838=EDGE_LOOP('',(#2617));
#839=EDGE_LOOP('',(#2618));
#840=EDGE_LOOP('',(#2619));
#841=EDGE_LOOP('',(#2620,#2621,#2622,#2623));
#842=EDGE_LOOP('',(#2624,#2625,#2626,#2627));
#843=EDGE_LOOP('',(#2628,#2629,#2630,#2631));
#844=EDGE_LOOP('',(#2632,#2633,#2634,#2635));
#845=EDGE_LOOP('',(#2636,#2637,#2638,#2639));
#846=EDGE_LOOP('',(#2640,#2641,#2642,#2643));
#847=EDGE_LOOP('',(#2644,#2645));
#848=EDGE_LOOP('',(#2646,#2647));
#849=EDGE_LOOP('',(#2648,#2649,#2650,#2651,#2652));
#850=EDGE_LOOP('',(#2653,#2654,#2655,#2656));
#851=EDGE_LOOP('',(#2657));
#852=EDGE_LOOP('',(#2658));
#853=EDGE_LOOP('',(#2659,#2660,#2661,#2662));
#854=EDGE_LOOP('',(#2663,#2664,#2665,#2666));
#855=EDGE_LOOP('',(#2667));
#856=EDGE_LOOP('',(#2668,#2669,#2670,#2671));
#857=EDGE_LOOP('',(#2672,#2673,#2674,#2675,#2676,#2677,#2678,#2679));
#858=EDGE_LOOP('',(#2680,#2681,#2682,#2683,#2684,#2685));
#859=EDGE_LOOP('',(#2686,#2687,#2688,#2689,#2690,#2691,#2692,#2693));
#860=EDGE_LOOP('',(#2694,#2695,#2696,#2697,#2698,#2699));
#861=EDGE_LOOP('',(#2700,#2701,#2702,#2703));
#862=EDGE_LOOP('',(#2704,#2705,#2706,#2707));
#863=EDGE_LOOP('',(#2708,#2709,#2710,#2711));
#864=EDGE_LOOP('',(#2712,#2713,#2714,#2715));
#865=EDGE_LOOP('',(#2716,#2717,#2718,#2719));
#866=EDGE_LOOP('',(#2720,#2721,#2722,#2723));
#867=EDGE_LOOP('',(#2724,#2725,#2726,#2727));
#868=EDGE_LOOP('',(#2728,#2729,#2730,#2731));
#869=EDGE_LOOP('',(#2732,#2733,#2734,#2735));
#870=EDGE_LOOP('',(#2736,#2737,#2738,#2739));
#871=EDGE_LOOP('',(#2740,#2741,#2742,#2743));
#872=EDGE_LOOP('',(#2744,#2745,#2746,#2747));
#873=EDGE_LOOP('',(#2748,#2749,#2750));
#874=EDGE_LOOP('',(#2751,#2752,#2753));
#875=EDGE_LOOP('',(#2754,#2755,#2756,#2757));
#876=EDGE_LOOP('',(#2758,#2759,#2760));
#877=EDGE_LOOP('',(#2761,#2762,#2763,#2764));
#878=EDGE_LOOP('',(#2765));
#879=EDGE_LOOP('',(#2766,#2767,#2768));
#880=EDGE_LOOP('',(#2769,#2770,#2771,#2772));
#881=EDGE_LOOP('',(#2773,#2774,#2775,#2776));
#882=EDGE_LOOP('',(#2777,#2778,#2779));
#883=EDGE_LOOP('',(#2780,#2781,#2782));
#884=EDGE_LOOP('',(#2783,#2784,#2785));
#885=EDGE_LOOP('',(#2786,#2787,#2788));
#886=EDGE_LOOP('',(#2789,#2790,#2791,#2792));
#887=EDGE_LOOP('',(#2793,#2794,#2795,#2796));
#888=EDGE_LOOP('',(#2797,#2798,#2799,#2800));
#889=EDGE_LOOP('',(#2801,#2802,#2803,#2804));
#890=EDGE_LOOP('',(#2805,#2806,#2807,#2808));
#891=EDGE_LOOP('',(#2809));
#892=LINE('',#4475,#1094);
#893=LINE('',#4477,#1095);
#894=LINE('',#4479,#1096);
#895=LINE('',#4480,#1097);
#896=LINE('',#4483,#1098);
#897=LINE('',#4485,#1099);
#898=LINE('',#4487,#1100);
#899=LINE('',#4491,#1101);
#900=LINE('',#4495,#1102);
#901=LINE('',#4499,#1103);
#902=LINE('',#4503,#1104);
#903=LINE('',#4504,#1105);
#904=LINE('',#4507,#1106);
#905=LINE('',#4511,#1107);
#906=LINE('',#4515,#1108);
#907=LINE('',#4519,#1109);
#908=LINE('',#4522,#1110);
#909=LINE('',#4526,#1111);
#910=LINE('',#4529,#1112);
#911=LINE('',#4530,#1113);
#912=LINE('',#4533,#1114);
#913=LINE('',#4534,#1115);
#914=LINE('',#4540,#1116);
#915=LINE('',#4543,#1117);
#916=LINE('',#4547,#1118);
#917=LINE('',#4550,#1119);
#918=LINE('',#4557,#1120);
#919=LINE('',#4563,#1121);
#920=LINE('',#4570,#1122);
#921=LINE('',#4574,#1123);
#922=LINE('',#4582,#1124);
#923=LINE('',#4585,#1125);
#924=LINE('',#4587,#1126);
#925=LINE('',#4591,#1127);
#926=LINE('',#4594,#1128);
#927=LINE('',#4597,#1129);
#928=LINE('',#4601,#1130);
#929=LINE('',#4602,#1131);
#930=LINE('',#4605,#1132);
#931=LINE('',#4606,#1133);
#932=LINE('',#4611,#1134);
#933=LINE('',#4615,#1135);
#934=LINE('',#4619,#1136);
#935=LINE('',#4622,#1137);
#936=LINE('',#4630,#1138);
#937=LINE('',#4634,#1139);
#938=LINE('',#4636,#1140);
#939=LINE('',#4658,#1141);
#940=LINE('',#4674,#1142);
#941=LINE('',#4677,#1143);
#942=LINE('',#4682,#1144);
#943=LINE('',#4689,#1145);
#944=LINE('',#4701,#1146);
#945=LINE('',#4703,#1147);
#946=LINE('',#4704,#1148);
#947=LINE('',#4707,#1149);
#948=LINE('',#4709,#1150);
#949=LINE('',#4711,#1151);
#950=LINE('',#4713,#1152);
#951=LINE('',#4715,#1153);
#952=LINE('',#4719,#1154);
#953=LINE('',#4723,#1155);
#954=LINE('',#4734,#1156);
#955=LINE('',#4735,#1157);
#956=LINE('',#4739,#1158);
#957=LINE('',#4743,#1159);
#958=LINE('',#4747,#1160);
#959=LINE('',#4749,#1161);
#960=LINE('',#4750,#1162);
#961=LINE('',#4765,#1163);
#962=LINE('',#4767,#1164);
#963=LINE('',#4768,#1165);
#964=LINE('',#4770,#1166);
#965=LINE('',#4787,#1167);
#966=LINE('',#4805,#1168);
#967=LINE('',#4807,#1169);
#968=LINE('',#4816,#1170);
#969=LINE('',#4821,#1171);
#970=LINE('',#4828,#1172);
#971=LINE('',#4834,#1173);
#972=LINE('',#4836,#1174);
#973=LINE('',#4838,#1175);
#974=LINE('',#4846,#1176);
#975=LINE('',#4847,#1177);
#976=LINE('',#4852,#1178);
#977=LINE('',#4856,#1179);
#978=LINE('',#4861,#1180);
#979=LINE('',#4873,#1181);
#980=LINE('',#4883,#1182);
#981=LINE('',#4887,#1183);
#982=LINE('',#4891,#1184);
#983=LINE('',#4901,#1185);
#984=LINE('',#4911,#1186);
#985=LINE('',#4925,#1187);
#986=LINE('',#4927,#1188);
#987=LINE('',#4929,#1189);
#988=LINE('',#4932,#1190);
#989=LINE('',#4934,#1191);
#990=LINE('',#4938,#1192);
#991=LINE('',#4942,#1193);
#992=LINE('',#4946,#1194);
#993=LINE('',#4947,#1195);
#994=LINE('',#4950,#1196);
#995=LINE('',#4952,#1197);
#996=LINE('',#4954,#1198);
#997=LINE('',#4958,#1199);
#998=LINE('',#4962,#1200);
#999=LINE('',#4966,#1201);
#1000=LINE('',#4971,#1202);
#1001=LINE('',#4978,#1203);
#1002=LINE('',#4982,#1204);
#1003=LINE('',#4986,#1205);
#1004=LINE('',#4989,#1206);
#1005=LINE('',#4993,#1207);
#1006=LINE('',#4997,#1208);
#1007=LINE('',#5001,#1209);
#1008=LINE('',#5004,#1210);
#1009=LINE('',#5007,#1211);
#1010=LINE('',#5011,#1212);
#1011=LINE('',#5012,#1213);
#1012=LINE('',#5015,#1214);
#1013=LINE('',#5016,#1215);
#1014=LINE('',#5022,#1216);
#1015=LINE('',#5026,#1217);
#1016=LINE('',#5029,#1218);
#1017=LINE('',#5032,#1219);
#1018=LINE('',#5040,#1220);
#1019=LINE('',#5044,#1221);
#1020=LINE('',#5047,#1222);
#1021=LINE('',#5049,#1223);
#1022=LINE('',#5052,#1224);
#1023=LINE('',#5056,#1225);
#1024=LINE('',#5059,#1226);
#1025=LINE('',#5060,#1227);
#1026=LINE('',#5063,#1228);
#1027=LINE('',#5064,#1229);
#1028=LINE('',#5067,#1230);
#1029=LINE('',#5071,#1231);
#1030=LINE('',#5075,#1232);
#1031=LINE('',#5079,#1233);
#1032=LINE('',#5100,#1234);
#1033=LINE('',#5118,#1235);
#1034=LINE('',#5121,#1236);
#1035=LINE('',#5124,#1237);
#1036=LINE('',#5146,#1238);
#1037=LINE('',#5162,#1239);
#1038=LINE('',#5165,#1240);
#1039=LINE('',#5169,#1241);
#1040=LINE('',#5176,#1242);
#1041=LINE('',#5196,#1243);
#1042=LINE('',#5211,#1244);
#1043=LINE('',#5214,#1245);
#1044=LINE('',#5217,#1246);
#1045=LINE('',#5225,#1247);
#1046=LINE('',#5231,#1248);
#1047=LINE('',#5237,#1249);
#1048=LINE('',#5244,#1250);
#1049=LINE('',#5258,#1251);
#1050=LINE('',#5260,#1252);
#1051=LINE('',#5263,#1253);
#1052=LINE('',#5265,#1254);
#1053=LINE('',#5279,#1255);
#1054=LINE('',#5286,#1256);
#1055=LINE('',#5294,#1257);
#1056=LINE('',#5296,#1258);
#1057=LINE('',#5298,#1259);
#1058=LINE('',#5299,#1260);
#1059=LINE('',#5303,#1261);
#1060=LINE('',#5305,#1262);
#1061=LINE('',#5307,#1263);
#1062=LINE('',#5309,#1264);
#1063=LINE('',#5310,#1265);
#1064=LINE('',#5312,#1266);
#1065=LINE('',#5313,#1267);
#1066=LINE('',#5317,#1268);
#1067=LINE('',#5320,#1269);
#1068=LINE('',#5325,#1270);
#1069=LINE('',#5327,#1271);
#1070=LINE('',#5329,#1272);
#1071=LINE('',#5331,#1273);
#1072=LINE('',#5332,#1274);
#1073=LINE('',#5333,#1275);
#1074=LINE('',#5337,#1276);
#1075=LINE('',#5344,#1277);
#1076=LINE('',#5349,#1278);
#1077=LINE('',#5355,#1279);
#1078=LINE('',#5360,#1280);
#1079=LINE('',#5365,#1281);
#1080=LINE('',#5368,#1282);
#1081=LINE('',#5369,#1283);
#1082=LINE('',#5376,#1284);
#1083=LINE('',#5383,#1285);
#1084=LINE('',#5388,#1286);
#1085=LINE('',#5393,#1287);
#1086=LINE('',#5395,#1288);
#1087=LINE('',#5401,#1289);
#1088=LINE('',#5402,#1290);
#1089=LINE('',#5406,#1291);
#1090=LINE('',#5407,#1292);
#1091=LINE('',#5413,#1293);
#1092=LINE('',#5414,#1294);
#1093=LINE('',#5434,#1295);
#1094=VECTOR('',#3473,1.);
#1095=VECTOR('',#3474,1.);
#1096=VECTOR('',#3475,1.);
#1097=VECTOR('',#3476,1.);
#1098=VECTOR('',#3477,1.);
#1099=VECTOR('',#3478,1.);
#1100=VECTOR('',#3479,1.);
#1101=VECTOR('',#3482,1.);
#1102=VECTOR('',#3485,1.);
#1103=VECTOR('',#3488,1.);
#1104=VECTOR('',#3491,1.);
#1105=VECTOR('',#3492,1.);
#1106=VECTOR('',#3495,1.);
#1107=VECTOR('',#3498,1.);
#1108=VECTOR('',#3501,1.);
#1109=VECTOR('',#3504,1.);
#1110=VECTOR('',#3507,1.);
#1111=VECTOR('',#3512,1.);
#1112=VECTOR('',#3515,1.);
#1113=VECTOR('',#3516,1.);
#1114=VECTOR('',#3519,1.);
#1115=VECTOR('',#3520,1.);
#1116=VECTOR('',#3525,1.);
#1117=VECTOR('',#3528,1.);
#1118=VECTOR('',#3531,1.);
#1119=VECTOR('',#3534,1.);
#1120=VECTOR('',#3543,1.);
#1121=VECTOR('',#3550,1.);
#1122=VECTOR('',#3559,1.);
#1123=VECTOR('',#3562,1.);
#1124=VECTOR('',#3571,1.);
#1125=VECTOR('',#3574,1.);
#1126=VECTOR('',#3575,1.);
#1127=VECTOR('',#3578,1.);
#1128=VECTOR('',#3581,1.);
#1129=VECTOR('',#3584,1.);
#1130=VECTOR('',#3589,1.);
#1131=VECTOR('',#3590,1.);
#1132=VECTOR('',#3593,1.);
#1133=VECTOR('',#3594,1.);
#1134=VECTOR('',#3599,1.);
#1135=VECTOR('',#3602,1.);
#1136=VECTOR('',#3605,1.);
#1137=VECTOR('',#3608,1.);
#1138=VECTOR('',#3621,1.);
#1139=VECTOR('',#3626,1.);
#1140=VECTOR('',#3629,1.);
#1141=VECTOR('',#3638,1.);
#1142=VECTOR('',#3641,1.);
#1143=VECTOR('',#3644,1.);
#1144=VECTOR('',#3651,1.);
#1145=VECTOR('',#3662,1.);
#1146=VECTOR('',#3679,1.);
#1147=VECTOR('',#3680,1.);
#1148=VECTOR('',#3681,1.);
#1149=VECTOR('',#3684,1.);
#1150=VECTOR('',#3685,1.);
#1151=VECTOR('',#3686,1.);
#1152=VECTOR('',#3687,1.);
#1153=VECTOR('',#3688,1.);
#1154=VECTOR('',#3691,1.);
#1155=VECTOR('',#3694,1.);
#1156=VECTOR('',#3707,1.);
#1157=VECTOR('',#3708,1.);
#1158=VECTOR('',#3711,1.);
#1159=VECTOR('',#3714,1.);
#1160=VECTOR('',#3717,1.);
#1161=VECTOR('',#3718,1.);
#1162=VECTOR('',#3719,1.);
#1163=VECTOR('',#3736,1.);
#1164=VECTOR('',#3737,1.);
#1165=VECTOR('',#3738,1.);
#1166=VECTOR('',#3741,1.);
#1167=VECTOR('',#3742,1.);
#1168=VECTOR('',#3747,1.);
#1169=VECTOR('',#3750,1.);
#1170=VECTOR('',#3763,1.);
#1171=VECTOR('',#3770,1.);
#1172=VECTOR('',#3781,1.);
#1173=VECTOR('',#3790,1.);
#1174=VECTOR('',#3793,1.);
#1175=VECTOR('',#3796,1.);
#1176=VECTOR('',#3809,1.);
#1177=VECTOR('',#3810,1.);
#1178=VECTOR('',#3817,1.);
#1179=VECTOR('',#3822,1.);
#1180=VECTOR('',#3829,1.);
#1181=VECTOR('',#3848,1.);
#1182=VECTOR('',#3863,1.);
#1183=VECTOR('',#3868,1.);
#1184=VECTOR('',#3873,1.);
#1185=VECTOR('',#3888,1.);
#1186=VECTOR('',#3903,5.15);
#1187=VECTOR('',#3924,1.);
#1188=VECTOR('',#3927,1.);
#1189=VECTOR('',#3930,1.);
#1190=VECTOR('',#3935,1.);
#1191=VECTOR('',#3938,1.);
#1192=VECTOR('',#3941,1.);
#1193=VECTOR('',#3944,1.);
#1194=VECTOR('',#3947,1.);
#1195=VECTOR('',#3948,1.);
#1196=VECTOR('',#3949,1.);
#1197=VECTOR('',#3950,1.);
#1198=VECTOR('',#3951,1.);
#1199=VECTOR('',#3954,1.);
#1200=VECTOR('',#3959,0.75);
#1201=VECTOR('',#3964,0.75);
#1202=VECTOR('',#3971,1.);
#1203=VECTOR('',#3980,1.);
#1204=VECTOR('',#3985,1.);
#1205=VECTOR('',#3990,1.);
#1206=VECTOR('',#3993,1.);
#1207=VECTOR('',#3996,1.);
#1208=VECTOR('',#3999,1.);
#1209=VECTOR('',#4002,1.);
#1210=VECTOR('',#4005,1.);
#1211=VECTOR('',#4008,1.);
#1212=VECTOR('',#4013,1.);
#1213=VECTOR('',#4014,1.);
#1214=VECTOR('',#4017,1.);
#1215=VECTOR('',#4018,1.);
#1216=VECTOR('',#4023,1.);
#1217=VECTOR('',#4026,1.);
#1218=VECTOR('',#4029,1.);
#1219=VECTOR('',#4032,1.);
#1220=VECTOR('',#4041,1.);
#1221=VECTOR('',#4044,1.);
#1222=VECTOR('',#4047,1.);
#1223=VECTOR('',#4048,1.);
#1224=VECTOR('',#4051,1.);
#1225=VECTOR('',#4056,1.);
#1226=VECTOR('',#4059,1.);
#1227=VECTOR('',#4060,1.);
#1228=VECTOR('',#4063,1.);
#1229=VECTOR('',#4064,1.);
#1230=VECTOR('',#4067,1.);
#1231=VECTOR('',#4070,1.);
#1232=VECTOR('',#4073,1.);
#1233=VECTOR('',#4076,1.);
#1234=VECTOR('',#4107,5.1);
#1235=VECTOR('',#4134,1.);
#1236=VECTOR('',#4137,1.);
#1237=VECTOR('',#4142,1.);
#1238=VECTOR('',#4151,1.);
#1239=VECTOR('',#4154,1.);
#1240=VECTOR('',#4157,1.);
#1241=VECTOR('',#4162,1.);
#1242=VECTOR('',#4173,1.);
#1243=VECTOR('',#4180,1.);
#1244=VECTOR('',#4181,1.);
#1245=VECTOR('',#4184,1.);
#1246=VECTOR('',#4189,1.);
#1247=VECTOR('',#4200,1.);
#1248=VECTOR('',#4209,1.);
#1249=VECTOR('',#4218,1.);
#1250=VECTOR('',#4229,1.);
#1251=VECTOR('',#4252,1.);
#1252=VECTOR('',#4255,1.);
#1253=VECTOR('',#4260,1.);
#1254=VECTOR('',#4263,1.);
#1255=VECTOR('',#4282,4.05);
#1256=VECTOR('',#4291,4.);
#1257=VECTOR('',#4300,1.);
#1258=VECTOR('',#4301,1.);
#1259=VECTOR('',#4302,1.);
#1260=VECTOR('',#4303,1.);
#1261=VECTOR('',#4306,1.);
#1262=VECTOR('',#4307,1.);
#1263=VECTOR('',#4308,1.);
#1264=VECTOR('',#4309,1.);
#1265=VECTOR('',#4310,1.);
#1266=VECTOR('',#4311,1.);
#1267=VECTOR('',#4312,1.);
#1268=VECTOR('',#4315,1.);
#1269=VECTOR('',#4318,1.);
#1270=VECTOR('',#4323,1.);
#1271=VECTOR('',#4324,1.);
#1272=VECTOR('',#4325,1.);
#1273=VECTOR('',#4326,1.);
#1274=VECTOR('',#4327,1.);
#1275=VECTOR('',#4328,1.);
#1276=VECTOR('',#4331,1.);
#1277=VECTOR('',#4340,1.);
#1278=VECTOR('',#4347,1.);
#1279=VECTOR('',#4354,1.);
#1280=VECTOR('',#4359,1.);
#1281=VECTOR('',#4366,1.);
#1282=VECTOR('',#4369,1.);
#1283=VECTOR('',#4370,1.);
#1284=VECTOR('',#4379,1.);
#1285=VECTOR('',#4388,1.);
#1286=VECTOR('',#4393,1.);
#1287=VECTOR('',#4400,1.);
#1288=VECTOR('',#4403,1.);
#1289=VECTOR('',#4414,1.);
#1290=VECTOR('',#4415,1.);
#1291=VECTOR('',#4422,1.);
#1292=VECTOR('',#4423,1.);
#1293=VECTOR('',#4432,1.);
#1294=VECTOR('',#4433,1.);
#1295=VECTOR('',#4468,0.75);
#1296=VERTEX_POINT('',#4473);
#1297=VERTEX_POINT('',#4474);
#1298=VERTEX_POINT('',#4476);
#1299=VERTEX_POINT('',#4478);
#1300=VERTEX_POINT('',#4481);
#1301=VERTEX_POINT('',#4482);
#1302=VERTEX_POINT('',#4484);
#1303=VERTEX_POINT('',#4486);
#1304=VERTEX_POINT('',#4488);
#1305=VERTEX_POINT('',#4490);
#1306=VERTEX_POINT('',#4493);
#1307=VERTEX_POINT('',#4494);
#1308=VERTEX_POINT('',#4496);
#1309=VERTEX_POINT('',#4498);
#1310=VERTEX_POINT('',#4500);
#1311=VERTEX_POINT('',#4502);
#1312=VERTEX_POINT('',#4506);
#1313=VERTEX_POINT('',#4508);
#1314=VERTEX_POINT('',#4510);
#1315=VERTEX_POINT('',#4512);
#1316=VERTEX_POINT('',#4514);
#1317=VERTEX_POINT('',#4516);
#1318=VERTEX_POINT('',#4518);
#1319=VERTEX_POINT('',#4520);
#1320=VERTEX_POINT('',#4524);
#1321=VERTEX_POINT('',#4528);
#1322=VERTEX_POINT('',#4532);
#1323=VERTEX_POINT('',#4536);
#1324=VERTEX_POINT('',#4537);
#1325=VERTEX_POINT('',#4539);
#1326=VERTEX_POINT('',#4542);
#1327=VERTEX_POINT('',#4544);
#1328=VERTEX_POINT('',#4546);
#1329=VERTEX_POINT('',#4548);
#1330=VERTEX_POINT('',#4554);
#1331=VERTEX_POINT('',#4556);
#1332=VERTEX_POINT('',#4560);
#1333=VERTEX_POINT('',#4562);
#1334=VERTEX_POINT('',#4566);
#1335=VERTEX_POINT('',#4568);
#1336=VERTEX_POINT('',#4572);
#1337=VERTEX_POINT('',#4573);
#1338=VERTEX_POINT('',#4578);
#1339=VERTEX_POINT('',#4579);
#1340=VERTEX_POINT('',#4581);
#1341=VERTEX_POINT('',#4583);
#1342=VERTEX_POINT('',#4586);
#1343=VERTEX_POINT('',#4588);
#1344=VERTEX_POINT('',#4590);
#1345=VERTEX_POINT('',#4592);
#1346=VERTEX_POINT('',#4596);
#1347=VERTEX_POINT('',#4600);
#1348=VERTEX_POINT('',#4604);
#1349=VERTEX_POINT('',#4608);
#1350=VERTEX_POINT('',#4610);
#1351=VERTEX_POINT('',#4612);
#1352=VERTEX_POINT('',#4614);
#1353=VERTEX_POINT('',#4616);
#1354=VERTEX_POINT('',#4618);
#1355=VERTEX_POINT('',#4620);
#1356=VERTEX_POINT('',#4626);
#1357=VERTEX_POINT('',#4632);
#1358=VERTEX_POINT('',#4638);
#1359=VERTEX_POINT('',#4642);
#1360=VERTEX_POINT('',#4657);
#1361=VERTEX_POINT('',#4676);
#1362=VERTEX_POINT('',#4680);
#1363=VERTEX_POINT('',#4684);
#1364=VERTEX_POINT('',#4692);
#1365=VERTEX_POINT('',#4696);
#1366=VERTEX_POINT('',#4700);
#1367=VERTEX_POINT('',#4702);
#1368=VERTEX_POINT('',#4706);
#1369=VERTEX_POINT('',#4708);
#1370=VERTEX_POINT('',#4710);
#1371=VERTEX_POINT('',#4712);
#1372=VERTEX_POINT('',#4714);
#1373=VERTEX_POINT('',#4716);
#1374=VERTEX_POINT('',#4718);
#1375=VERTEX_POINT('',#4720);
#1376=VERTEX_POINT('',#4722);
#1377=VERTEX_POINT('',#4725);
#1378=VERTEX_POINT('',#4727);
#1379=VERTEX_POINT('',#4732);
#1380=VERTEX_POINT('',#4733);
#1381=VERTEX_POINT('',#4736);
#1382=VERTEX_POINT('',#4738);
#1383=VERTEX_POINT('',#4740);
#1384=VERTEX_POINT('',#4742);
#1385=VERTEX_POINT('',#4744);
#1386=VERTEX_POINT('',#4746);
#1387=VERTEX_POINT('',#4748);
#1388=VERTEX_POINT('',#4751);
#1389=VERTEX_POINT('',#4753);
#1390=VERTEX_POINT('',#4755);
#1391=VERTEX_POINT('',#4757);
#1392=VERTEX_POINT('',#4759);
#1393=VERTEX_POINT('',#4764);
#1394=VERTEX_POINT('',#4766);
#1395=VERTEX_POINT('',#4771);
#1396=VERTEX_POINT('',#4786);
#1397=VERTEX_POINT('',#4803);
#1398=VERTEX_POINT('',#4809);
#1399=VERTEX_POINT('',#4814);
#1400=VERTEX_POINT('',#4820);
#1401=VERTEX_POINT('',#4826);
#1402=VERTEX_POINT('',#4830);
#1403=VERTEX_POINT('',#4845);
#1404=VERTEX_POINT('',#4851);
#1405=VERTEX_POINT('',#4855);
#1406=VERTEX_POINT('',#4859);
#1407=VERTEX_POINT('',#4865);
#1408=VERTEX_POINT('',#4869);
#1409=VERTEX_POINT('',#4875);
#1410=VERTEX_POINT('',#4879);
#1411=VERTEX_POINT('',#4885);
#1412=VERTEX_POINT('',#4889);
#1413=VERTEX_POINT('',#4893);
#1414=VERTEX_POINT('',#4899);
#1415=VERTEX_POINT('',#4905);
#1416=VERTEX_POINT('',#4909);
#1417=VERTEX_POINT('',#4913);
#1418=VERTEX_POINT('',#4917);
#1419=VERTEX_POINT('',#4921);
#1420=VERTEX_POINT('',#4936);
#1421=VERTEX_POINT('',#4937);
#1422=VERTEX_POINT('',#4939);
#1423=VERTEX_POINT('',#4941);
#1424=VERTEX_POINT('',#4943);
#1425=VERTEX_POINT('',#4945);
#1426=VERTEX_POINT('',#4948);
#1427=VERTEX_POINT('',#4949);
#1428=VERTEX_POINT('',#4951);
#1429=VERTEX_POINT('',#4953);
#1430=VERTEX_POINT('',#4955);
#1431=VERTEX_POINT('',#4957);
#1432=VERTEX_POINT('',#4961);
#1433=VERTEX_POINT('',#4965);
#1434=VERTEX_POINT('',#4969);
#1435=VERTEX_POINT('',#4973);
#1436=VERTEX_POINT('',#4976);
#1437=VERTEX_POINT('',#4980);
#1438=VERTEX_POINT('',#4984);
#1439=VERTEX_POINT('',#4988);
#1440=VERTEX_POINT('',#4990);
#1441=VERTEX_POINT('',#4992);
#1442=VERTEX_POINT('',#4994);
#1443=VERTEX_POINT('',#4996);
#1444=VERTEX_POINT('',#4998);
#1445=VERTEX_POINT('',#5000);
#1446=VERTEX_POINT('',#5002);
#1447=VERTEX_POINT('',#5006);
#1448=VERTEX_POINT('',#5010);
#1449=VERTEX_POINT('',#5014);
#1450=VERTEX_POINT('',#5018);
#1451=VERTEX_POINT('',#5019);
#1452=VERTEX_POINT('',#5021);
#1453=VERTEX_POINT('',#5023);
#1454=VERTEX_POINT('',#5025);
#1455=VERTEX_POINT('',#5027);
#1456=VERTEX_POINT('',#5030);
#1457=VERTEX_POINT('',#5036);
#1458=VERTEX_POINT('',#5037);
#1459=VERTEX_POINT('',#5039);
#1460=VERTEX_POINT('',#5041);
#1461=VERTEX_POINT('',#5043);
#1462=VERTEX_POINT('',#5045);
#1463=VERTEX_POINT('',#5048);
#1464=VERTEX_POINT('',#5050);
#1465=VERTEX_POINT('',#5054);
#1466=VERTEX_POINT('',#5058);
#1467=VERTEX_POINT('',#5062);
#1468=VERTEX_POINT('',#5066);
#1469=VERTEX_POINT('',#5068);
#1470=VERTEX_POINT('',#5070);
#1471=VERTEX_POINT('',#5072);
#1472=VERTEX_POINT('',#5074);
#1473=VERTEX_POINT('',#5076);
#1474=VERTEX_POINT('',#5078);
#1475=VERTEX_POINT('',#5084);
#1476=VERTEX_POINT('',#5088);
#1477=VERTEX_POINT('',#5092);
#1478=VERTEX_POINT('',#5096);
#1479=VERTEX_POINT('',#5097);
#1480=VERTEX_POINT('',#5102);
#1481=VERTEX_POINT('',#5106);
#1482=VERTEX_POINT('',#5110);
#1483=VERTEX_POINT('',#5114);
#1484=VERTEX_POINT('',#5120);
#1485=VERTEX_POINT('',#5126);
#1486=VERTEX_POINT('',#5130);
#1487=VERTEX_POINT('',#5145);
#1488=VERTEX_POINT('',#5164);
#1489=VERTEX_POINT('',#5168);
#1490=VERTEX_POINT('',#5172);
#1491=VERTEX_POINT('',#5180);
#1492=VERTEX_POINT('',#5195);
#1493=VERTEX_POINT('',#5213);
#1494=VERTEX_POINT('',#5219);
#1495=VERTEX_POINT('',#5224);
#1496=VERTEX_POINT('',#5230);
#1497=VERTEX_POINT('',#5236);
#1498=VERTEX_POINT('',#5240);
#1499=VERTEX_POINT('',#5249);
#1500=VERTEX_POINT('',#5250);
#1501=VERTEX_POINT('',#5268);
#1502=VERTEX_POINT('',#5269);
#1503=VERTEX_POINT('',#5273);
#1504=VERTEX_POINT('',#5277);
#1505=VERTEX_POINT('',#5281);
#1506=VERTEX_POINT('',#5284);
#1507=VERTEX_POINT('',#5288);
#1508=VERTEX_POINT('',#5292);
#1509=VERTEX_POINT('',#5293);
#1510=VERTEX_POINT('',#5295);
#1511=VERTEX_POINT('',#5297);
#1512=VERTEX_POINT('',#5301);
#1513=VERTEX_POINT('',#5302);
#1514=VERTEX_POINT('',#5304);
#1515=VERTEX_POINT('',#5306);
#1516=VERTEX_POINT('',#5308);
#1517=VERTEX_POINT('',#5311);
#1518=VERTEX_POINT('',#5315);
#1519=VERTEX_POINT('',#5316);
#1520=VERTEX_POINT('',#5318);
#1521=VERTEX_POINT('',#5323);
#1522=VERTEX_POINT('',#5324);
#1523=VERTEX_POINT('',#5326);
#1524=VERTEX_POINT('',#5328);
#1525=VERTEX_POINT('',#5330);
#1526=VERTEX_POINT('',#5335);
#1527=VERTEX_POINT('',#5336);
#1528=VERTEX_POINT('',#5341);
#1529=VERTEX_POINT('',#5343);
#1530=VERTEX_POINT('',#5347);
#1531=VERTEX_POINT('',#5351);
#1532=VERTEX_POINT('',#5353);
#1533=VERTEX_POINT('',#5357);
#1534=VERTEX_POINT('',#5359);
#1535=VERTEX_POINT('',#5363);
#1536=VERTEX_POINT('',#5367);
#1537=VERTEX_POINT('',#5373);
#1538=VERTEX_POINT('',#5375);
#1539=VERTEX_POINT('',#5379);
#1540=VERTEX_POINT('',#5381);
#1541=VERTEX_POINT('',#5385);
#1542=VERTEX_POINT('',#5387);
#1543=VERTEX_POINT('',#5391);
#1544=VERTEX_POINT('',#5408);
#1545=VERTEX_POINT('',#5428);
#1546=VERTEX_POINT('',#5432);
#1547=EDGE_CURVE('',#1296,#1297,#892,.T.);
#1548=EDGE_CURVE('',#1297,#1298,#893,.T.);
#1549=EDGE_CURVE('',#1299,#1298,#894,.T.);
#1550=EDGE_CURVE('',#1296,#1299,#895,.T.);
#1551=EDGE_CURVE('',#1300,#1301,#896,.T.);
#1552=EDGE_CURVE('',#1302,#1300,#897,.T.);
#1553=EDGE_CURVE('',#1303,#1302,#898,.T.);
#1554=EDGE_CURVE('',#1303,#1304,#293,.T.);
#1555=EDGE_CURVE('',#1304,#1305,#899,.T.);
#1556=EDGE_CURVE('',#1301,#1305,#294,.T.);
#1557=EDGE_CURVE('',#1306,#1307,#900,.T.);
#1558=EDGE_CURVE('',#1306,#1308,#295,.T.);
#1559=EDGE_CURVE('',#1308,#1309,#901,.T.);
#1560=EDGE_CURVE('',#1310,#1309,#296,.T.);
#1561=EDGE_CURVE('',#1311,#1310,#902,.T.);
#1562=EDGE_CURVE('',#1307,#1311,#903,.T.);
#1563=EDGE_CURVE('',#1307,#1312,#904,.T.);
#1564=EDGE_CURVE('',#1312,#1313,#297,.T.);
#1565=EDGE_CURVE('',#1313,#1314,#905,.T.);
#1566=EDGE_CURVE('',#1314,#1315,#298,.T.);
#1567=EDGE_CURVE('',#1316,#1315,#906,.T.);
#1568=EDGE_CURVE('',#1317,#1316,#299,.T.);
#1569=EDGE_CURVE('',#1318,#1317,#907,.T.);
#1570=EDGE_CURVE('',#1319,#1318,#300,.T.);
#1571=EDGE_CURVE('',#1306,#1319,#908,.T.);
#1572=EDGE_CURVE('',#1319,#1320,#301,.T.);
#1573=EDGE_CURVE('',#1308,#1320,#909,.T.);
#1574=EDGE_CURVE('',#1311,#1321,#910,.T.);
#1575=EDGE_CURVE('',#1312,#1321,#911,.T.);
#1576=EDGE_CURVE('',#1320,#1322,#912,.T.);
#1577=EDGE_CURVE('',#1309,#1322,#913,.T.);
#1578=EDGE_CURVE('',#1323,#1324,#302,.T.);
#1579=EDGE_CURVE('',#1325,#1324,#914,.T.);
#1580=EDGE_CURVE('',#1325,#1321,#303,.T.);
#1581=EDGE_CURVE('',#1310,#1326,#915,.T.);
#1582=EDGE_CURVE('',#1326,#1327,#304,.T.);
#1583=EDGE_CURVE('',#1327,#1328,#916,.T.);
#1584=EDGE_CURVE('',#1328,#1329,#305,.T.);
#1585=EDGE_CURVE('',#1329,#1323,#917,.T.);
#1586=EDGE_CURVE('',#1326,#1322,#306,.T.);
#1587=EDGE_CURVE('',#1330,#1296,#307,.T.);
#1588=EDGE_CURVE('',#1330,#1331,#918,.T.);
#1589=EDGE_CURVE('',#1331,#1297,#308,.T.);
#1590=EDGE_CURVE('',#1332,#1297,#309,.T.);
#1591=EDGE_CURVE('',#1332,#1333,#919,.T.);
#1592=EDGE_CURVE('',#1333,#1298,#310,.T.);
#1593=EDGE_CURVE('',#1334,#1296,#311,.T.);
#1594=EDGE_CURVE('',#1335,#1299,#312,.T.);
#1595=EDGE_CURVE('',#1334,#1335,#920,.T.);
#1596=EDGE_CURVE('',#1336,#1337,#921,.T.);
#1597=EDGE_CURVE('',#1299,#1336,#313,.T.);
#1598=EDGE_CURVE('',#1298,#1337,#314,.T.);
#1599=EDGE_CURVE('',#1338,#1339,#315,.T.);
#1600=EDGE_CURVE('',#1340,#1339,#922,.T.);
#1601=EDGE_CURVE('',#1340,#1341,#316,.T.);
#1602=EDGE_CURVE('',#1300,#1341,#923,.T.);
#1603=EDGE_CURVE('',#1301,#1342,#924,.T.);
#1604=EDGE_CURVE('',#1342,#1343,#317,.T.);
#1605=EDGE_CURVE('',#1343,#1344,#925,.T.);
#1606=EDGE_CURVE('',#1344,#1345,#318,.T.);
#1607=EDGE_CURVE('',#1345,#1338,#926,.T.);
#1608=EDGE_CURVE('',#1305,#1346,#927,.T.);
#1609=EDGE_CURVE('',#1342,#1346,#319,.T.);
#1610=EDGE_CURVE('',#1347,#1302,#928,.T.);
#1611=EDGE_CURVE('',#1347,#1341,#929,.T.);
#1612=EDGE_CURVE('',#1348,#1346,#930,.T.);
#1613=EDGE_CURVE('',#1348,#1304,#931,.T.);
#1614=EDGE_CURVE('',#1349,#1347,#320,.T.);
#1615=EDGE_CURVE('',#1350,#1349,#932,.T.);
#1616=EDGE_CURVE('',#1351,#1350,#321,.T.);
#1617=EDGE_CURVE('',#1351,#1352,#933,.T.);
#1618=EDGE_CURVE('',#1352,#1353,#322,.T.);
#1619=EDGE_CURVE('',#1353,#1354,#934,.T.);
#1620=EDGE_CURVE('',#1354,#1355,#323,.T.);
#1621=EDGE_CURVE('',#1355,#1303,#935,.T.);
#1622=EDGE_CURVE('',#1355,#1348,#324,.T.);
#1623=EDGE_CURVE('',#1318,#1356,#325,.T.);
#1624=EDGE_CURVE('',#1320,#1356,#326,.T.);
#1625=EDGE_CURVE('',#1313,#1325,#936,.T.);
#1626=EDGE_CURVE('',#1317,#1357,#327,.T.);
#1627=EDGE_CURVE('',#1356,#1357,#937,.T.);
#1628=EDGE_CURVE('',#1314,#1324,#938,.T.);
#1629=EDGE_CURVE('',#1316,#1358,#328,.T.);
#1630=EDGE_CURVE('',#1357,#1358,#329,.T.);
#1631=EDGE_CURVE('',#1323,#1359,#26,.T.);
#1632=EDGE_CURVE('',#1360,#1359,#939,.T.);
#1633=EDGE_CURVE('',#1315,#1360,#27,.T.);
#1634=EDGE_CURVE('',#1358,#1360,#940,.T.);
#1635=EDGE_CURVE('',#1356,#1361,#941,.T.);
#1636=EDGE_CURVE('',#1322,#1361,#330,.T.);
#1637=EDGE_CURVE('',#1329,#1362,#331,.T.);
#1638=EDGE_CURVE('',#1362,#1359,#942,.T.);
#1639=EDGE_CURVE('',#1328,#1363,#332,.T.);
#1640=EDGE_CURVE('',#1363,#1362,#333,.T.);
#1641=EDGE_CURVE('',#1327,#1361,#334,.T.);
#1642=EDGE_CURVE('',#1361,#1363,#943,.T.);
#1643=EDGE_CURVE('',#1364,#1331,#335,.T.);
#1644=EDGE_CURVE('',#1364,#1332,#336,.T.);
#1645=EDGE_CURVE('',#1365,#1330,#337,.T.);
#1646=EDGE_CURVE('',#1365,#1334,#338,.T.);
#1647=EDGE_CURVE('',#1366,#1330,#944,.T.);
#1648=EDGE_CURVE('',#1366,#1367,#945,.T.);
#1649=EDGE_CURVE('',#1367,#1331,#946,.T.);
#1650=EDGE_CURVE('',#1368,#1364,#947,.T.);
#1651=EDGE_CURVE('',#1368,#1369,#948,.T.);
#1652=EDGE_CURVE('',#1369,#1370,#949,.T.);
#1653=EDGE_CURVE('',#1370,#1371,#950,.T.);
#1654=EDGE_CURVE('',#1372,#1371,#951,.T.);
#1655=EDGE_CURVE('',#1373,#1372,#339,.T.);
#1656=EDGE_CURVE('',#1374,#1373,#952,.T.);
#1657=EDGE_CURVE('',#1375,#1374,#340,.T.);
#1658=EDGE_CURVE('',#1376,#1375,#953,.T.);
#1659=EDGE_CURVE('',#1333,#1376,#341,.T.);
#1660=EDGE_CURVE('',#1377,#1377,#342,.T.);
#1661=EDGE_CURVE('',#1378,#1378,#343,.T.);
#1662=EDGE_CURVE('',#1376,#1337,#344,.T.);
#1663=EDGE_CURVE('',#1379,#1380,#954,.T.);
#1664=EDGE_CURVE('',#1379,#1365,#955,.T.);
#1665=EDGE_CURVE('',#1335,#1381,#345,.T.);
#1666=EDGE_CURVE('',#1381,#1382,#956,.T.);
#1667=EDGE_CURVE('',#1382,#1383,#346,.T.);
#1668=EDGE_CURVE('',#1383,#1384,#957,.T.);
#1669=EDGE_CURVE('',#1384,#1385,#347,.T.);
#1670=EDGE_CURVE('',#1385,#1386,#958,.T.);
#1671=EDGE_CURVE('',#1387,#1386,#959,.T.);
#1672=EDGE_CURVE('',#1380,#1387,#960,.T.);
#1673=EDGE_CURVE('',#1388,#1388,#348,.T.);
#1674=EDGE_CURVE('',#1389,#1389,#349,.T.);
#1675=EDGE_CURVE('',#1390,#1390,#350,.T.);
#1676=EDGE_CURVE('',#1391,#1391,#351,.T.);
#1677=EDGE_CURVE('',#1392,#1392,#352,.T.);
#1678=EDGE_CURVE('',#1381,#1336,#353,.T.);
#1679=EDGE_CURVE('',#1337,#1393,#961,.T.);
#1680=EDGE_CURVE('',#1394,#1393,#962,.T.);
#1681=EDGE_CURVE('',#1336,#1394,#963,.T.);
#1682=EDGE_CURVE('',#1350,#1339,#964,.T.);
#1683=EDGE_CURVE('',#1338,#1395,#28,.T.);
#1684=EDGE_CURVE('',#1396,#1395,#965,.T.);
#1685=EDGE_CURVE('',#1351,#1396,#29,.T.);
#1686=EDGE_CURVE('',#1345,#1397,#354,.T.);
#1687=EDGE_CURVE('',#1397,#1395,#966,.T.);
#1688=EDGE_CURVE('',#1349,#1340,#967,.T.);
#1689=EDGE_CURVE('',#1344,#1398,#355,.T.);
#1690=EDGE_CURVE('',#1398,#1397,#356,.T.);
#1691=EDGE_CURVE('',#1343,#1399,#357,.T.);
#1692=EDGE_CURVE('',#1399,#1398,#968,.T.);
#1693=EDGE_CURVE('',#1346,#1399,#358,.T.);
#1694=EDGE_CURVE('',#1400,#1399,#969,.T.);
#1695=EDGE_CURVE('',#1400,#1348,#359,.T.);
#1696=EDGE_CURVE('',#1354,#1400,#360,.T.);
#1697=EDGE_CURVE('',#1353,#1401,#361,.T.);
#1698=EDGE_CURVE('',#1401,#1400,#970,.T.);
#1699=EDGE_CURVE('',#1352,#1402,#362,.T.);
#1700=EDGE_CURVE('',#1402,#1401,#363,.T.);
#1701=EDGE_CURVE('',#1396,#1402,#971,.T.);
#1702=EDGE_CURVE('',#1357,#1363,#972,.T.);
#1703=EDGE_CURVE('',#1358,#1362,#973,.T.);
#1704=EDGE_CURVE('',#1368,#1367,#22,.T.);
#1705=EDGE_CURVE('',#1379,#1366,#364,.T.);
#1706=EDGE_CURVE('',#1380,#1403,#974,.T.);
#1707=EDGE_CURVE('',#1367,#1403,#975,.T.);
#1708=EDGE_CURVE('',#1403,#1369,#23,.T.);
#1709=EDGE_CURVE('',#1403,#1404,#976,.T.);
#1710=EDGE_CURVE('',#1404,#1370,#24,.T.);
#1711=EDGE_CURVE('',#1404,#1405,#977,.T.);
#1712=EDGE_CURVE('',#1371,#1405,#25,.T.);
#1713=EDGE_CURVE('',#1372,#1406,#365,.T.);
#1714=EDGE_CURVE('',#1406,#1405,#978,.T.);
#1715=EDGE_CURVE('',#1375,#1393,#366,.T.);
#1716=EDGE_CURVE('',#1373,#1407,#367,.T.);
#1717=EDGE_CURVE('',#1407,#1406,#368,.T.);
#1718=EDGE_CURVE('',#1374,#1408,#369,.T.);
#1719=EDGE_CURVE('',#1393,#1408,#370,.T.);
#1720=EDGE_CURVE('',#1408,#1407,#979,.T.);
#1721=EDGE_CURVE('',#1377,#1409,#371,.T.);
#1722=EDGE_CURVE('',#1409,#1409,#372,.T.);
#1723=EDGE_CURVE('',#1378,#1410,#373,.T.);
#1724=EDGE_CURVE('',#1410,#1410,#374,.T.);
#1725=EDGE_CURVE('',#1387,#1404,#980,.T.);
#1726=EDGE_CURVE('',#1386,#1411,#375,.T.);
#1727=EDGE_CURVE('',#1411,#1405,#981,.T.);
#1728=EDGE_CURVE('',#1385,#1412,#376,.T.);
#1729=EDGE_CURVE('',#1412,#1411,#982,.T.);
#1730=EDGE_CURVE('',#1384,#1413,#377,.T.);
#1731=EDGE_CURVE('',#1413,#1412,#378,.T.);
#1732=EDGE_CURVE('',#1382,#1394,#379,.T.);
#1733=EDGE_CURVE('',#1383,#1414,#380,.T.);
#1734=EDGE_CURVE('',#1414,#1413,#983,.T.);
#1735=EDGE_CURVE('',#1394,#1414,#381,.T.);
#1736=EDGE_CURVE('',#1415,#1415,#382,.T.);
#1737=EDGE_CURVE('',#1415,#1388,#383,.T.);
#1738=EDGE_CURVE('',#1416,#1416,#384,.T.);
#1739=EDGE_CURVE('',#1416,#1389,#984,.T.);
#1740=EDGE_CURVE('',#1417,#1417,#385,.T.);
#1741=EDGE_CURVE('',#1417,#1390,#386,.T.);
#1742=EDGE_CURVE('',#1418,#1418,#387,.T.);
#1743=EDGE_CURVE('',#1418,#1391,#388,.T.);
#1744=EDGE_CURVE('',#1419,#1419,#389,.T.);
#1745=EDGE_CURVE('',#1419,#1392,#390,.T.);
#1746=EDGE_CURVE('',#1414,#1408,#985,.T.);
#1747=EDGE_CURVE('',#1402,#1397,#986,.T.);
#1748=EDGE_CURVE('',#1401,#1398,#987,.T.);
#1749=EDGE_CURVE('',#1412,#1406,#988,.T.);
#1750=EDGE_CURVE('',#1413,#1407,#989,.T.);
#1751=EDGE_CURVE('',#1420,#1421,#990,.T.);
#1752=EDGE_CURVE('',#1421,#1422,#391,.T.);
#1753=EDGE_CURVE('',#1423,#1422,#991,.T.);
#1754=EDGE_CURVE('',#1424,#1423,#392,.T.);
#1755=EDGE_CURVE('',#1424,#1425,#992,.T.);
#1756=EDGE_CURVE('',#1425,#1420,#993,.T.);
#1757=EDGE_CURVE('',#1426,#1427,#994,.T.);
#1758=EDGE_CURVE('',#1427,#1428,#995,.T.);
#1759=EDGE_CURVE('',#1428,#1429,#996,.T.);
#1760=EDGE_CURVE('',#1429,#1430,#393,.T.);
#1761=EDGE_CURVE('',#1431,#1430,#997,.T.);
#1762=EDGE_CURVE('',#1426,#1431,#394,.T.);
#1763=EDGE_CURVE('',#1409,#1432,#998,.T.);
#1764=EDGE_CURVE('',#1432,#1432,#395,.T.);
#1765=EDGE_CURVE('',#1410,#1433,#999,.T.);
#1766=EDGE_CURVE('',#1433,#1433,#396,.T.);
#1767=EDGE_CURVE('',#1434,#1434,#397,.T.);
#1768=EDGE_CURVE('',#1434,#1415,#1000,.T.);
#1769=EDGE_CURVE('',#1435,#1435,#398,.T.);
#1770=EDGE_CURVE('',#1436,#1436,#399,.T.);
#1771=EDGE_CURVE('',#1436,#1417,#1001,.T.);
#1772=EDGE_CURVE('',#1437,#1437,#400,.T.);
#1773=EDGE_CURVE('',#1437,#1418,#1002,.T.);
#1774=EDGE_CURVE('',#1438,#1438,#401,.T.);
#1775=EDGE_CURVE('',#1438,#1419,#1003,.T.);
#1776=EDGE_CURVE('',#1426,#1439,#1004,.T.);
#1777=EDGE_CURVE('',#1439,#1440,#402,.T.);
#1778=EDGE_CURVE('',#1440,#1441,#1005,.T.);
#1779=EDGE_CURVE('',#1441,#1442,#403,.T.);
#1780=EDGE_CURVE('',#1442,#1443,#1006,.T.);
#1781=EDGE_CURVE('',#1444,#1443,#404,.T.);
#1782=EDGE_CURVE('',#1445,#1444,#1007,.T.);
#1783=EDGE_CURVE('',#1446,#1445,#405,.T.);
#1784=EDGE_CURVE('',#1427,#1446,#1008,.T.);
#1785=EDGE_CURVE('',#1431,#1447,#1009,.T.);
#1786=EDGE_CURVE('',#1439,#1447,#406,.T.);
#1787=EDGE_CURVE('',#1446,#1448,#1010,.T.);
#1788=EDGE_CURVE('',#1448,#1428,#1011,.T.);
#1789=EDGE_CURVE('',#1447,#1449,#1012,.T.);
#1790=EDGE_CURVE('',#1449,#1430,#1013,.T.);
#1791=EDGE_CURVE('',#1450,#1451,#407,.T.);
#1792=EDGE_CURVE('',#1451,#1452,#1014,.T.);
#1793=EDGE_CURVE('',#1452,#1453,#408,.T.);
#1794=EDGE_CURVE('',#1453,#1454,#1015,.T.);
#1795=EDGE_CURVE('',#1454,#1455,#409,.T.);
#1796=EDGE_CURVE('',#1455,#1429,#1016,.T.);
#1797=EDGE_CURVE('',#1448,#1456,#410,.T.);
#1798=EDGE_CURVE('',#1450,#1456,#1017,.T.);
#1799=EDGE_CURVE('',#1455,#1449,#411,.T.);
#1800=EDGE_CURVE('',#1457,#1458,#412,.T.);
#1801=EDGE_CURVE('',#1458,#1459,#1018,.T.);
#1802=EDGE_CURVE('',#1459,#1460,#413,.T.);
#1803=EDGE_CURVE('',#1460,#1461,#1019,.T.);
#1804=EDGE_CURVE('',#1461,#1462,#414,.T.);
#1805=EDGE_CURVE('',#1462,#1421,#1020,.T.);
#1806=EDGE_CURVE('',#1463,#1420,#1021,.T.);
#1807=EDGE_CURVE('',#1463,#1464,#415,.T.);
#1808=EDGE_CURVE('',#1457,#1464,#1022,.T.);
#1809=EDGE_CURVE('',#1462,#1465,#416,.T.);
#1810=EDGE_CURVE('',#1465,#1422,#1023,.T.);
#1811=EDGE_CURVE('',#1425,#1466,#1024,.T.);
#1812=EDGE_CURVE('',#1466,#1463,#1025,.T.);
#1813=EDGE_CURVE('',#1467,#1465,#1026,.T.);
#1814=EDGE_CURVE('',#1423,#1467,#1027,.T.);
#1815=EDGE_CURVE('',#1424,#1468,#1028,.T.);
#1816=EDGE_CURVE('',#1468,#1469,#417,.T.);
#1817=EDGE_CURVE('',#1469,#1470,#1029,.T.);
#1818=EDGE_CURVE('',#1470,#1471,#418,.T.);
#1819=EDGE_CURVE('',#1471,#1472,#1030,.T.);
#1820=EDGE_CURVE('',#1473,#1472,#419,.T.);
#1821=EDGE_CURVE('',#1474,#1473,#1031,.T.);
#1822=EDGE_CURVE('',#1466,#1474,#420,.T.);
#1823=EDGE_CURVE('',#1468,#1467,#421,.T.);
#1824=EDGE_CURVE('',#1475,#1475,#422,.T.);
#1825=EDGE_CURVE('',#1475,#1432,#423,.T.);
#1826=EDGE_CURVE('',#1476,#1476,#424,.T.);
#1827=EDGE_CURVE('',#1476,#1433,#425,.T.);
#1828=EDGE_CURVE('',#1434,#1477,#426,.T.);
#1829=EDGE_CURVE('',#1477,#1477,#427,.T.);
#1830=EDGE_CURVE('',#1478,#1479,#428,.T.);
#1831=EDGE_CURVE('',#1479,#1478,#429,.T.);
#1832=EDGE_CURVE('',#1479,#1435,#1032,.T.);
#1833=EDGE_CURVE('',#1436,#1480,#430,.T.);
#1834=EDGE_CURVE('',#1480,#1480,#431,.T.);
#1835=EDGE_CURVE('',#1437,#1481,#432,.T.);
#1836=EDGE_CURVE('',#1481,#1481,#433,.T.);
#1837=EDGE_CURVE('',#1438,#1482,#434,.T.);
#1838=EDGE_CURVE('',#1482,#1482,#435,.T.);
#1839=EDGE_CURVE('',#1447,#1483,#436,.T.);
#1840=EDGE_CURVE('',#1440,#1483,#437,.T.);
#1841=EDGE_CURVE('',#1445,#1456,#1033,.T.);
#1842=EDGE_CURVE('',#1483,#1484,#1034,.T.);
#1843=EDGE_CURVE('',#1441,#1484,#438,.T.);
#1844=EDGE_CURVE('',#1444,#1450,#1035,.T.);
#1845=EDGE_CURVE('',#1484,#1485,#439,.T.);
#1846=EDGE_CURVE('',#1442,#1485,#440,.T.);
#1847=EDGE_CURVE('',#1443,#1486,#30,.T.);
#1848=EDGE_CURVE('',#1486,#1487,#1036,.T.);
#1849=EDGE_CURVE('',#1451,#1487,#31,.T.);
#1850=EDGE_CURVE('',#1485,#1486,#1037,.T.);
#1851=EDGE_CURVE('',#1483,#1488,#1038,.T.);
#1852=EDGE_CURVE('',#1488,#1449,#441,.T.);
#1853=EDGE_CURVE('',#1487,#1489,#1039,.T.);
#1854=EDGE_CURVE('',#1452,#1489,#442,.T.);
#1855=EDGE_CURVE('',#1489,#1490,#443,.T.);
#1856=EDGE_CURVE('',#1453,#1490,#444,.T.);
#1857=EDGE_CURVE('',#1490,#1488,#1040,.T.);
#1858=EDGE_CURVE('',#1454,#1488,#445,.T.);
#1859=EDGE_CURVE('',#1472,#1491,#32,.T.);
#1860=EDGE_CURVE('',#1491,#1492,#1041,.T.);
#1861=EDGE_CURVE('',#1458,#1492,#33,.T.);
#1862=EDGE_CURVE('',#1473,#1457,#1042,.T.);
#1863=EDGE_CURVE('',#1492,#1493,#1043,.T.);
#1864=EDGE_CURVE('',#1459,#1493,#446,.T.);
#1865=EDGE_CURVE('',#1474,#1464,#1044,.T.);
#1866=EDGE_CURVE('',#1493,#1494,#447,.T.);
#1867=EDGE_CURVE('',#1460,#1494,#448,.T.);
#1868=EDGE_CURVE('',#1494,#1495,#1045,.T.);
#1869=EDGE_CURVE('',#1461,#1495,#449,.T.);
#1870=EDGE_CURVE('',#1495,#1465,#450,.T.);
#1871=EDGE_CURVE('',#1496,#1495,#1046,.T.);
#1872=EDGE_CURVE('',#1467,#1496,#451,.T.);
#1873=EDGE_CURVE('',#1469,#1496,#452,.T.);
#1874=EDGE_CURVE('',#1496,#1497,#1047,.T.);
#1875=EDGE_CURVE('',#1470,#1497,#453,.T.);
#1876=EDGE_CURVE('',#1497,#1498,#454,.T.);
#1877=EDGE_CURVE('',#1471,#1498,#455,.T.);
#1878=EDGE_CURVE('',#1498,#1491,#1048,.T.);
#1879=EDGE_CURVE('',#1499,#1500,#456,.T.);
#1880=EDGE_CURVE('',#1500,#1499,#457,.T.);
#1881=EDGE_CURVE('',#1500,#1479,#458,.T.);
#1882=EDGE_CURVE('',#1484,#1490,#1049,.T.);
#1883=EDGE_CURVE('',#1485,#1489,#1050,.T.);
#1884=EDGE_CURVE('',#1498,#1493,#1051,.T.);
#1885=EDGE_CURVE('',#1497,#1494,#1052,.T.);
#1886=EDGE_CURVE('',#1501,#1502,#459,.T.);
#1887=EDGE_CURVE('',#1502,#1501,#460,.T.);
#1888=EDGE_CURVE('',#1503,#1503,#461,.T.);
#1889=EDGE_CURVE('',#1503,#1502,#462,.T.);
#1890=EDGE_CURVE('',#1504,#1504,#463,.T.);
#1891=EDGE_CURVE('',#1504,#1503,#1053,.T.);
#1892=EDGE_CURVE('',#1505,#1505,#464,.T.);
#1893=EDGE_CURVE('',#1506,#1506,#465,.T.);
#1894=EDGE_CURVE('',#1506,#1505,#1054,.T.);
#1895=EDGE_CURVE('',#1506,#1507,#466,.T.);
#1896=EDGE_CURVE('',#1507,#1507,#467,.T.);
#1897=EDGE_CURVE('',#1508,#1509,#1055,.T.);
#1898=EDGE_CURVE('',#1510,#1509,#1056,.T.);
#1899=EDGE_CURVE('',#1510,#1511,#1057,.T.);
#1900=EDGE_CURVE('',#1511,#1508,#1058,.T.);
#1901=EDGE_CURVE('',#1512,#1513,#1059,.T.);
#1902=EDGE_CURVE('',#1514,#1512,#1060,.T.);
#1903=EDGE_CURVE('',#1514,#1515,#1061,.T.);
#1904=EDGE_CURVE('',#1515,#1516,#1062,.T.);
#1905=EDGE_CURVE('',#1509,#1516,#1063,.T.);
#1906=EDGE_CURVE('',#1508,#1517,#1064,.T.);
#1907=EDGE_CURVE('',#1513,#1517,#1065,.T.);
#1908=EDGE_CURVE('',#1518,#1519,#1066,.T.);
#1909=EDGE_CURVE('',#1520,#1518,#468,.T.);
#1910=EDGE_CURVE('',#1510,#1520,#1067,.T.);
#1911=EDGE_CURVE('',#1516,#1519,#469,.T.);
#1912=EDGE_CURVE('',#1521,#1522,#1068,.T.);
#1913=EDGE_CURVE('',#1523,#1521,#1069,.T.);
#1914=EDGE_CURVE('',#1523,#1524,#1070,.T.);
#1915=EDGE_CURVE('',#1525,#1524,#1071,.T.);
#1916=EDGE_CURVE('',#1511,#1525,#1072,.T.);
#1917=EDGE_CURVE('',#1520,#1522,#1073,.T.);
#1918=EDGE_CURVE('',#1526,#1527,#1074,.T.);
#1919=EDGE_CURVE('',#1517,#1527,#470,.T.);
#1920=EDGE_CURVE('',#1525,#1526,#471,.T.);
#1921=EDGE_CURVE('',#1528,#1513,#472,.T.);
#1922=EDGE_CURVE('',#1529,#1528,#1075,.T.);
#1923=EDGE_CURVE('',#1512,#1529,#473,.T.);
#1924=EDGE_CURVE('',#1513,#1530,#474,.T.);
#1925=EDGE_CURVE('',#1530,#1527,#1076,.T.);
#1926=EDGE_CURVE('',#1531,#1514,#475,.T.);
#1927=EDGE_CURVE('',#1512,#1532,#476,.T.);
#1928=EDGE_CURVE('',#1531,#1532,#1077,.T.);
#1929=EDGE_CURVE('',#1533,#1514,#477,.T.);
#1930=EDGE_CURVE('',#1533,#1534,#1078,.T.);
#1931=EDGE_CURVE('',#1534,#1515,#478,.T.);
#1932=EDGE_CURVE('',#1515,#1535,#479,.T.);
#1933=EDGE_CURVE('',#1535,#1519,#1079,.T.);
#1934=EDGE_CURVE('',#1536,#1535,#1080,.T.);
#1935=EDGE_CURVE('',#1518,#1536,#1081,.T.);
#1936=EDGE_CURVE('',#1522,#1536,#480,.T.);
#1937=EDGE_CURVE('',#1522,#1537,#481,.T.);
#1938=EDGE_CURVE('',#1538,#1537,#1082,.T.);
#1939=EDGE_CURVE('',#1538,#1521,#482,.T.);
#1940=EDGE_CURVE('',#1539,#1523,#483,.T.);
#1941=EDGE_CURVE('',#1540,#1521,#484,.T.);
#1942=EDGE_CURVE('',#1539,#1540,#1083,.T.);
#1943=EDGE_CURVE('',#1523,#1541,#485,.T.);
#1944=EDGE_CURVE('',#1541,#1542,#1084,.T.);
#1945=EDGE_CURVE('',#1524,#1542,#486,.T.);
#1946=EDGE_CURVE('',#1524,#1543,#487,.T.);
#1947=EDGE_CURVE('',#1526,#1543,#1085,.T.);
#1948=EDGE_CURVE('',#1543,#1530,#1086,.T.);
#1949=EDGE_CURVE('',#1528,#1530,#488,.T.);
#1950=EDGE_CURVE('',#1532,#1529,#489,.T.);
#1951=EDGE_CURVE('',#1529,#1541,#1087,.T.);
#1952=EDGE_CURVE('',#1542,#1528,#1088,.T.);
#1953=EDGE_CURVE('',#1531,#1533,#490,.T.);
#1954=EDGE_CURVE('',#1540,#1531,#1089,.T.);
#1955=EDGE_CURVE('',#1532,#1539,#1090,.T.);
#1956=EDGE_CURVE('',#1544,#1544,#491,.T.);
#1957=EDGE_CURVE('',#1534,#1535,#492,.T.);
#1958=EDGE_CURVE('',#1537,#1534,#1091,.T.);
#1959=EDGE_CURVE('',#1538,#1533,#1092,.T.);
#1960=EDGE_CURVE('',#1537,#1536,#493,.T.);
#1961=EDGE_CURVE('',#1540,#1538,#494,.T.);
#1962=EDGE_CURVE('',#1539,#1541,#495,.T.);
#1963=EDGE_CURVE('',#1542,#1543,#496,.T.);
#1964=EDGE_CURVE('',#1545,#1545,#497,.T.);
#1965=EDGE_CURVE('',#1545,#1544,#498,.T.);
#1966=EDGE_CURVE('',#1546,#1546,#499,.T.);
#1967=EDGE_CURVE('',#1546,#1545,#1093,.T.);
#1968=ORIENTED_EDGE('',*,*,#1547,.T.);
#1969=ORIENTED_EDGE('',*,*,#1548,.T.);
#1970=ORIENTED_EDGE('',*,*,#1549,.F.);
#1971=ORIENTED_EDGE('',*,*,#1550,.F.);
#1972=ORIENTED_EDGE('',*,*,#1551,.F.);
#1973=ORIENTED_EDGE('',*,*,#1552,.F.);
#1974=ORIENTED_EDGE('',*,*,#1553,.F.);
#1975=ORIENTED_EDGE('',*,*,#1554,.T.);
#1976=ORIENTED_EDGE('',*,*,#1555,.T.);
#1977=ORIENTED_EDGE('',*,*,#1556,.F.);
#1978=ORIENTED_EDGE('',*,*,#1557,.F.);
#1979=ORIENTED_EDGE('',*,*,#1558,.T.);
#1980=ORIENTED_EDGE('',*,*,#1559,.T.);
#1981=ORIENTED_EDGE('',*,*,#1560,.F.);
#1982=ORIENTED_EDGE('',*,*,#1561,.F.);
#1983=ORIENTED_EDGE('',*,*,#1562,.F.);
#1984=ORIENTED_EDGE('',*,*,#1557,.T.);
#1985=ORIENTED_EDGE('',*,*,#1563,.T.);
#1986=ORIENTED_EDGE('',*,*,#1564,.T.);
#1987=ORIENTED_EDGE('',*,*,#1565,.T.);
#1988=ORIENTED_EDGE('',*,*,#1566,.T.);
#1989=ORIENTED_EDGE('',*,*,#1567,.F.);
#1990=ORIENTED_EDGE('',*,*,#1568,.F.);
#1991=ORIENTED_EDGE('',*,*,#1569,.F.);
#1992=ORIENTED_EDGE('',*,*,#1570,.F.);
#1993=ORIENTED_EDGE('',*,*,#1571,.F.);
#1994=ORIENTED_EDGE('',*,*,#1558,.F.);
#1995=ORIENTED_EDGE('',*,*,#1571,.T.);
#1996=ORIENTED_EDGE('',*,*,#1572,.T.);
#1997=ORIENTED_EDGE('',*,*,#1573,.F.);
#1998=ORIENTED_EDGE('',*,*,#1563,.F.);
#1999=ORIENTED_EDGE('',*,*,#1562,.T.);
#2000=ORIENTED_EDGE('',*,*,#1574,.T.);
#2001=ORIENTED_EDGE('',*,*,#1575,.F.);
#2002=ORIENTED_EDGE('',*,*,#1576,.T.);
#2003=ORIENTED_EDGE('',*,*,#1577,.F.);
#2004=ORIENTED_EDGE('',*,*,#1559,.F.);
#2005=ORIENTED_EDGE('',*,*,#1573,.T.);
#2006=ORIENTED_EDGE('',*,*,#1578,.T.);
#2007=ORIENTED_EDGE('',*,*,#1579,.F.);
#2008=ORIENTED_EDGE('',*,*,#1580,.T.);
#2009=ORIENTED_EDGE('',*,*,#1574,.F.);
#2010=ORIENTED_EDGE('',*,*,#1561,.T.);
#2011=ORIENTED_EDGE('',*,*,#1581,.T.);
#2012=ORIENTED_EDGE('',*,*,#1582,.T.);
#2013=ORIENTED_EDGE('',*,*,#1583,.T.);
#2014=ORIENTED_EDGE('',*,*,#1584,.T.);
#2015=ORIENTED_EDGE('',*,*,#1585,.T.);
#2016=ORIENTED_EDGE('',*,*,#1560,.T.);
#2017=ORIENTED_EDGE('',*,*,#1577,.T.);
#2018=ORIENTED_EDGE('',*,*,#1586,.F.);
#2019=ORIENTED_EDGE('',*,*,#1581,.F.);
#2020=ORIENTED_EDGE('',*,*,#1547,.F.);
#2021=ORIENTED_EDGE('',*,*,#1587,.F.);
#2022=ORIENTED_EDGE('',*,*,#1588,.T.);
#2023=ORIENTED_EDGE('',*,*,#1589,.T.);
#2024=ORIENTED_EDGE('',*,*,#1590,.F.);
#2025=ORIENTED_EDGE('',*,*,#1591,.T.);
#2026=ORIENTED_EDGE('',*,*,#1592,.T.);
#2027=ORIENTED_EDGE('',*,*,#1548,.F.);
#2028=ORIENTED_EDGE('',*,*,#1593,.T.);
#2029=ORIENTED_EDGE('',*,*,#1550,.T.);
#2030=ORIENTED_EDGE('',*,*,#1594,.F.);
#2031=ORIENTED_EDGE('',*,*,#1595,.F.);
#2032=ORIENTED_EDGE('',*,*,#1596,.F.);
#2033=ORIENTED_EDGE('',*,*,#1597,.F.);
#2034=ORIENTED_EDGE('',*,*,#1549,.T.);
#2035=ORIENTED_EDGE('',*,*,#1598,.T.);
#2036=ORIENTED_EDGE('',*,*,#1599,.T.);
#2037=ORIENTED_EDGE('',*,*,#1600,.F.);
#2038=ORIENTED_EDGE('',*,*,#1601,.T.);
#2039=ORIENTED_EDGE('',*,*,#1602,.F.);
#2040=ORIENTED_EDGE('',*,*,#1551,.T.);
#2041=ORIENTED_EDGE('',*,*,#1603,.T.);
#2042=ORIENTED_EDGE('',*,*,#1604,.T.);
#2043=ORIENTED_EDGE('',*,*,#1605,.T.);
#2044=ORIENTED_EDGE('',*,*,#1606,.T.);
#2045=ORIENTED_EDGE('',*,*,#1607,.T.);
#2046=ORIENTED_EDGE('',*,*,#1556,.T.);
#2047=ORIENTED_EDGE('',*,*,#1608,.T.);
#2048=ORIENTED_EDGE('',*,*,#1609,.F.);
#2049=ORIENTED_EDGE('',*,*,#1603,.F.);
#2050=ORIENTED_EDGE('',*,*,#1610,.T.);
#2051=ORIENTED_EDGE('',*,*,#1552,.T.);
#2052=ORIENTED_EDGE('',*,*,#1602,.T.);
#2053=ORIENTED_EDGE('',*,*,#1611,.F.);
#2054=ORIENTED_EDGE('',*,*,#1612,.T.);
#2055=ORIENTED_EDGE('',*,*,#1608,.F.);
#2056=ORIENTED_EDGE('',*,*,#1555,.F.);
#2057=ORIENTED_EDGE('',*,*,#1613,.F.);
#2058=ORIENTED_EDGE('',*,*,#1553,.T.);
#2059=ORIENTED_EDGE('',*,*,#1610,.F.);
#2060=ORIENTED_EDGE('',*,*,#1614,.F.);
#2061=ORIENTED_EDGE('',*,*,#1615,.F.);
#2062=ORIENTED_EDGE('',*,*,#1616,.F.);
#2063=ORIENTED_EDGE('',*,*,#1617,.T.);
#2064=ORIENTED_EDGE('',*,*,#1618,.T.);
#2065=ORIENTED_EDGE('',*,*,#1619,.T.);
#2066=ORIENTED_EDGE('',*,*,#1620,.T.);
#2067=ORIENTED_EDGE('',*,*,#1621,.T.);
#2068=ORIENTED_EDGE('',*,*,#1622,.T.);
#2069=ORIENTED_EDGE('',*,*,#1613,.T.);
#2070=ORIENTED_EDGE('',*,*,#1554,.F.);
#2071=ORIENTED_EDGE('',*,*,#1621,.F.);
#2072=ORIENTED_EDGE('',*,*,#1572,.F.);
#2073=ORIENTED_EDGE('',*,*,#1570,.T.);
#2074=ORIENTED_EDGE('',*,*,#1623,.T.);
#2075=ORIENTED_EDGE('',*,*,#1624,.F.);
#2076=ORIENTED_EDGE('',*,*,#1564,.F.);
#2077=ORIENTED_EDGE('',*,*,#1575,.T.);
#2078=ORIENTED_EDGE('',*,*,#1580,.F.);
#2079=ORIENTED_EDGE('',*,*,#1625,.F.);
#2080=ORIENTED_EDGE('',*,*,#1623,.F.);
#2081=ORIENTED_EDGE('',*,*,#1569,.T.);
#2082=ORIENTED_EDGE('',*,*,#1626,.T.);
#2083=ORIENTED_EDGE('',*,*,#1627,.F.);
#2084=ORIENTED_EDGE('',*,*,#1565,.F.);
#2085=ORIENTED_EDGE('',*,*,#1625,.T.);
#2086=ORIENTED_EDGE('',*,*,#1579,.T.);
#2087=ORIENTED_EDGE('',*,*,#1628,.F.);
#2088=ORIENTED_EDGE('',*,*,#1626,.F.);
#2089=ORIENTED_EDGE('',*,*,#1568,.T.);
#2090=ORIENTED_EDGE('',*,*,#1629,.T.);
#2091=ORIENTED_EDGE('',*,*,#1630,.F.);
#2092=ORIENTED_EDGE('',*,*,#1566,.F.);
#2093=ORIENTED_EDGE('',*,*,#1628,.T.);
#2094=ORIENTED_EDGE('',*,*,#1578,.F.);
#2095=ORIENTED_EDGE('',*,*,#1631,.T.);
#2096=ORIENTED_EDGE('',*,*,#1632,.F.);
#2097=ORIENTED_EDGE('',*,*,#1633,.F.);
#2098=ORIENTED_EDGE('',*,*,#1629,.F.);
#2099=ORIENTED_EDGE('',*,*,#1567,.T.);
#2100=ORIENTED_EDGE('',*,*,#1633,.T.);
#2101=ORIENTED_EDGE('',*,*,#1634,.F.);
#2102=ORIENTED_EDGE('',*,*,#1635,.T.);
#2103=ORIENTED_EDGE('',*,*,#1636,.F.);
#2104=ORIENTED_EDGE('',*,*,#1576,.F.);
#2105=ORIENTED_EDGE('',*,*,#1624,.T.);
#2106=ORIENTED_EDGE('',*,*,#1637,.T.);
#2107=ORIENTED_EDGE('',*,*,#1638,.T.);
#2108=ORIENTED_EDGE('',*,*,#1631,.F.);
#2109=ORIENTED_EDGE('',*,*,#1585,.F.);
#2110=ORIENTED_EDGE('',*,*,#1639,.T.);
#2111=ORIENTED_EDGE('',*,*,#1640,.T.);
#2112=ORIENTED_EDGE('',*,*,#1637,.F.);
#2113=ORIENTED_EDGE('',*,*,#1584,.F.);
#2114=ORIENTED_EDGE('',*,*,#1641,.T.);
#2115=ORIENTED_EDGE('',*,*,#1642,.T.);
#2116=ORIENTED_EDGE('',*,*,#1639,.F.);
#2117=ORIENTED_EDGE('',*,*,#1583,.F.);
#2118=ORIENTED_EDGE('',*,*,#1586,.T.);
#2119=ORIENTED_EDGE('',*,*,#1636,.T.);
#2120=ORIENTED_EDGE('',*,*,#1641,.F.);
#2121=ORIENTED_EDGE('',*,*,#1582,.F.);
#2122=ORIENTED_EDGE('',*,*,#1643,.F.);
#2123=ORIENTED_EDGE('',*,*,#1644,.T.);
#2124=ORIENTED_EDGE('',*,*,#1590,.T.);
#2125=ORIENTED_EDGE('',*,*,#1589,.F.);
#2126=ORIENTED_EDGE('',*,*,#1645,.T.);
#2127=ORIENTED_EDGE('',*,*,#1587,.T.);
#2128=ORIENTED_EDGE('',*,*,#1593,.F.);
#2129=ORIENTED_EDGE('',*,*,#1646,.F.);
#2130=ORIENTED_EDGE('',*,*,#1588,.F.);
#2131=ORIENTED_EDGE('',*,*,#1647,.F.);
#2132=ORIENTED_EDGE('',*,*,#1648,.T.);
#2133=ORIENTED_EDGE('',*,*,#1649,.T.);
#2134=ORIENTED_EDGE('',*,*,#1650,.F.);
#2135=ORIENTED_EDGE('',*,*,#1651,.T.);
#2136=ORIENTED_EDGE('',*,*,#1652,.T.);
#2137=ORIENTED_EDGE('',*,*,#1653,.T.);
#2138=ORIENTED_EDGE('',*,*,#1654,.F.);
#2139=ORIENTED_EDGE('',*,*,#1655,.F.);
#2140=ORIENTED_EDGE('',*,*,#1656,.F.);
#2141=ORIENTED_EDGE('',*,*,#1657,.F.);
#2142=ORIENTED_EDGE('',*,*,#1658,.F.);
#2143=ORIENTED_EDGE('',*,*,#1659,.F.);
#2144=ORIENTED_EDGE('',*,*,#1591,.F.);
#2145=ORIENTED_EDGE('',*,*,#1644,.F.);
#2146=ORIENTED_EDGE('',*,*,#1660,.F.);
#2147=ORIENTED_EDGE('',*,*,#1661,.F.);
#2148=ORIENTED_EDGE('',*,*,#1592,.F.);
#2149=ORIENTED_EDGE('',*,*,#1659,.T.);
#2150=ORIENTED_EDGE('',*,*,#1662,.T.);
#2151=ORIENTED_EDGE('',*,*,#1598,.F.);
#2152=ORIENTED_EDGE('',*,*,#1663,.F.);
#2153=ORIENTED_EDGE('',*,*,#1664,.T.);
#2154=ORIENTED_EDGE('',*,*,#1646,.T.);
#2155=ORIENTED_EDGE('',*,*,#1595,.T.);
#2156=ORIENTED_EDGE('',*,*,#1665,.T.);
#2157=ORIENTED_EDGE('',*,*,#1666,.T.);
#2158=ORIENTED_EDGE('',*,*,#1667,.T.);
#2159=ORIENTED_EDGE('',*,*,#1668,.T.);
#2160=ORIENTED_EDGE('',*,*,#1669,.T.);
#2161=ORIENTED_EDGE('',*,*,#1670,.T.);
#2162=ORIENTED_EDGE('',*,*,#1671,.F.);
#2163=ORIENTED_EDGE('',*,*,#1672,.F.);
#2164=ORIENTED_EDGE('',*,*,#1673,.F.);
#2165=ORIENTED_EDGE('',*,*,#1674,.F.);
#2166=ORIENTED_EDGE('',*,*,#1675,.F.);
#2167=ORIENTED_EDGE('',*,*,#1676,.F.);
#2168=ORIENTED_EDGE('',*,*,#1677,.F.);
#2169=ORIENTED_EDGE('',*,*,#1594,.T.);
#2170=ORIENTED_EDGE('',*,*,#1597,.T.);
#2171=ORIENTED_EDGE('',*,*,#1678,.F.);
#2172=ORIENTED_EDGE('',*,*,#1665,.F.);
#2173=ORIENTED_EDGE('',*,*,#1596,.T.);
#2174=ORIENTED_EDGE('',*,*,#1679,.T.);
#2175=ORIENTED_EDGE('',*,*,#1680,.F.);
#2176=ORIENTED_EDGE('',*,*,#1681,.F.);
#2177=ORIENTED_EDGE('',*,*,#1616,.T.);
#2178=ORIENTED_EDGE('',*,*,#1682,.T.);
#2179=ORIENTED_EDGE('',*,*,#1599,.F.);
#2180=ORIENTED_EDGE('',*,*,#1683,.T.);
#2181=ORIENTED_EDGE('',*,*,#1684,.F.);
#2182=ORIENTED_EDGE('',*,*,#1685,.F.);
#2183=ORIENTED_EDGE('',*,*,#1686,.T.);
#2184=ORIENTED_EDGE('',*,*,#1687,.T.);
#2185=ORIENTED_EDGE('',*,*,#1683,.F.);
#2186=ORIENTED_EDGE('',*,*,#1607,.F.);
#2187=ORIENTED_EDGE('',*,*,#1615,.T.);
#2188=ORIENTED_EDGE('',*,*,#1688,.T.);
#2189=ORIENTED_EDGE('',*,*,#1600,.T.);
#2190=ORIENTED_EDGE('',*,*,#1682,.F.);
#2191=ORIENTED_EDGE('',*,*,#1689,.T.);
#2192=ORIENTED_EDGE('',*,*,#1690,.T.);
#2193=ORIENTED_EDGE('',*,*,#1686,.F.);
#2194=ORIENTED_EDGE('',*,*,#1606,.F.);
#2195=ORIENTED_EDGE('',*,*,#1614,.T.);
#2196=ORIENTED_EDGE('',*,*,#1611,.T.);
#2197=ORIENTED_EDGE('',*,*,#1601,.F.);
#2198=ORIENTED_EDGE('',*,*,#1688,.F.);
#2199=ORIENTED_EDGE('',*,*,#1691,.T.);
#2200=ORIENTED_EDGE('',*,*,#1692,.T.);
#2201=ORIENTED_EDGE('',*,*,#1689,.F.);
#2202=ORIENTED_EDGE('',*,*,#1605,.F.);
#2203=ORIENTED_EDGE('',*,*,#1609,.T.);
#2204=ORIENTED_EDGE('',*,*,#1693,.T.);
#2205=ORIENTED_EDGE('',*,*,#1691,.F.);
#2206=ORIENTED_EDGE('',*,*,#1604,.F.);
#2207=ORIENTED_EDGE('',*,*,#1694,.T.);
#2208=ORIENTED_EDGE('',*,*,#1693,.F.);
#2209=ORIENTED_EDGE('',*,*,#1612,.F.);
#2210=ORIENTED_EDGE('',*,*,#1695,.F.);
#2211=ORIENTED_EDGE('',*,*,#1696,.T.);
#2212=ORIENTED_EDGE('',*,*,#1695,.T.);
#2213=ORIENTED_EDGE('',*,*,#1622,.F.);
#2214=ORIENTED_EDGE('',*,*,#1620,.F.);
#2215=ORIENTED_EDGE('',*,*,#1697,.T.);
#2216=ORIENTED_EDGE('',*,*,#1698,.T.);
#2217=ORIENTED_EDGE('',*,*,#1696,.F.);
#2218=ORIENTED_EDGE('',*,*,#1619,.F.);
#2219=ORIENTED_EDGE('',*,*,#1699,.T.);
#2220=ORIENTED_EDGE('',*,*,#1700,.T.);
#2221=ORIENTED_EDGE('',*,*,#1697,.F.);
#2222=ORIENTED_EDGE('',*,*,#1618,.F.);
#2223=ORIENTED_EDGE('',*,*,#1685,.T.);
#2224=ORIENTED_EDGE('',*,*,#1701,.T.);
#2225=ORIENTED_EDGE('',*,*,#1699,.F.);
#2226=ORIENTED_EDGE('',*,*,#1617,.F.);
#2227=ORIENTED_EDGE('',*,*,#1702,.T.);
#2228=ORIENTED_EDGE('',*,*,#1642,.F.);
#2229=ORIENTED_EDGE('',*,*,#1635,.F.);
#2230=ORIENTED_EDGE('',*,*,#1627,.T.);
#2231=ORIENTED_EDGE('',*,*,#1703,.T.);
#2232=ORIENTED_EDGE('',*,*,#1640,.F.);
#2233=ORIENTED_EDGE('',*,*,#1702,.F.);
#2234=ORIENTED_EDGE('',*,*,#1630,.T.);
#2235=ORIENTED_EDGE('',*,*,#1632,.T.);
#2236=ORIENTED_EDGE('',*,*,#1638,.F.);
#2237=ORIENTED_EDGE('',*,*,#1703,.F.);
#2238=ORIENTED_EDGE('',*,*,#1634,.T.);
#2239=ORIENTED_EDGE('',*,*,#1704,.F.);
#2240=ORIENTED_EDGE('',*,*,#1650,.T.);
#2241=ORIENTED_EDGE('',*,*,#1643,.T.);
#2242=ORIENTED_EDGE('',*,*,#1649,.F.);
#2243=ORIENTED_EDGE('',*,*,#1705,.T.);
#2244=ORIENTED_EDGE('',*,*,#1647,.T.);
#2245=ORIENTED_EDGE('',*,*,#1645,.F.);
#2246=ORIENTED_EDGE('',*,*,#1664,.F.);
#2247=ORIENTED_EDGE('',*,*,#1706,.T.);
#2248=ORIENTED_EDGE('',*,*,#1707,.F.);
#2249=ORIENTED_EDGE('',*,*,#1648,.F.);
#2250=ORIENTED_EDGE('',*,*,#1705,.F.);
#2251=ORIENTED_EDGE('',*,*,#1663,.T.);
#2252=ORIENTED_EDGE('',*,*,#1704,.T.);
#2253=ORIENTED_EDGE('',*,*,#1707,.T.);
#2254=ORIENTED_EDGE('',*,*,#1708,.T.);
#2255=ORIENTED_EDGE('',*,*,#1651,.F.);
#2256=ORIENTED_EDGE('',*,*,#1708,.F.);
#2257=ORIENTED_EDGE('',*,*,#1709,.T.);
#2258=ORIENTED_EDGE('',*,*,#1710,.T.);
#2259=ORIENTED_EDGE('',*,*,#1652,.F.);
#2260=ORIENTED_EDGE('',*,*,#1710,.F.);
#2261=ORIENTED_EDGE('',*,*,#1711,.T.);
#2262=ORIENTED_EDGE('',*,*,#1712,.F.);
#2263=ORIENTED_EDGE('',*,*,#1653,.F.);
#2264=ORIENTED_EDGE('',*,*,#1713,.F.);
#2265=ORIENTED_EDGE('',*,*,#1654,.T.);
#2266=ORIENTED_EDGE('',*,*,#1712,.T.);
#2267=ORIENTED_EDGE('',*,*,#1714,.F.);
#2268=ORIENTED_EDGE('',*,*,#1662,.F.);
#2269=ORIENTED_EDGE('',*,*,#1658,.T.);
#2270=ORIENTED_EDGE('',*,*,#1715,.T.);
#2271=ORIENTED_EDGE('',*,*,#1679,.F.);
#2272=ORIENTED_EDGE('',*,*,#1716,.F.);
#2273=ORIENTED_EDGE('',*,*,#1655,.T.);
#2274=ORIENTED_EDGE('',*,*,#1713,.T.);
#2275=ORIENTED_EDGE('',*,*,#1717,.F.);
#2276=ORIENTED_EDGE('',*,*,#1715,.F.);
#2277=ORIENTED_EDGE('',*,*,#1657,.T.);
#2278=ORIENTED_EDGE('',*,*,#1718,.T.);
#2279=ORIENTED_EDGE('',*,*,#1719,.F.);
#2280=ORIENTED_EDGE('',*,*,#1718,.F.);
#2281=ORIENTED_EDGE('',*,*,#1656,.T.);
#2282=ORIENTED_EDGE('',*,*,#1716,.T.);
#2283=ORIENTED_EDGE('',*,*,#1720,.F.);
#2284=ORIENTED_EDGE('',*,*,#1660,.T.);
#2285=ORIENTED_EDGE('',*,*,#1721,.T.);
#2286=ORIENTED_EDGE('',*,*,#1722,.F.);
#2287=ORIENTED_EDGE('',*,*,#1721,.F.);
#2288=ORIENTED_EDGE('',*,*,#1661,.T.);
#2289=ORIENTED_EDGE('',*,*,#1723,.T.);
#2290=ORIENTED_EDGE('',*,*,#1724,.F.);
#2291=ORIENTED_EDGE('',*,*,#1723,.F.);
#2292=ORIENTED_EDGE('',*,*,#1725,.T.);
#2293=ORIENTED_EDGE('',*,*,#1709,.F.);
#2294=ORIENTED_EDGE('',*,*,#1706,.F.);
#2295=ORIENTED_EDGE('',*,*,#1672,.T.);
#2296=ORIENTED_EDGE('',*,*,#1725,.F.);
#2297=ORIENTED_EDGE('',*,*,#1671,.T.);
#2298=ORIENTED_EDGE('',*,*,#1726,.T.);
#2299=ORIENTED_EDGE('',*,*,#1727,.T.);
#2300=ORIENTED_EDGE('',*,*,#1711,.F.);
#2301=ORIENTED_EDGE('',*,*,#1728,.T.);
#2302=ORIENTED_EDGE('',*,*,#1729,.T.);
#2303=ORIENTED_EDGE('',*,*,#1726,.F.);
#2304=ORIENTED_EDGE('',*,*,#1670,.F.);
#2305=ORIENTED_EDGE('',*,*,#1730,.T.);
#2306=ORIENTED_EDGE('',*,*,#1731,.T.);
#2307=ORIENTED_EDGE('',*,*,#1728,.F.);
#2308=ORIENTED_EDGE('',*,*,#1669,.F.);
#2309=ORIENTED_EDGE('',*,*,#1678,.T.);
#2310=ORIENTED_EDGE('',*,*,#1681,.T.);
#2311=ORIENTED_EDGE('',*,*,#1732,.F.);
#2312=ORIENTED_EDGE('',*,*,#1666,.F.);
#2313=ORIENTED_EDGE('',*,*,#1733,.T.);
#2314=ORIENTED_EDGE('',*,*,#1734,.T.);
#2315=ORIENTED_EDGE('',*,*,#1730,.F.);
#2316=ORIENTED_EDGE('',*,*,#1668,.F.);
#2317=ORIENTED_EDGE('',*,*,#1732,.T.);
#2318=ORIENTED_EDGE('',*,*,#1735,.T.);
#2319=ORIENTED_EDGE('',*,*,#1733,.F.);
#2320=ORIENTED_EDGE('',*,*,#1667,.F.);
#2321=ORIENTED_EDGE('',*,*,#1736,.F.);
#2322=ORIENTED_EDGE('',*,*,#1737,.T.);
#2323=ORIENTED_EDGE('',*,*,#1673,.T.);
#2324=ORIENTED_EDGE('',*,*,#1737,.F.);
#2325=ORIENTED_EDGE('',*,*,#1738,.F.);
#2326=ORIENTED_EDGE('',*,*,#1739,.T.);
#2327=ORIENTED_EDGE('',*,*,#1674,.T.);
#2328=ORIENTED_EDGE('',*,*,#1739,.F.);
#2329=ORIENTED_EDGE('',*,*,#1740,.F.);
#2330=ORIENTED_EDGE('',*,*,#1741,.T.);
#2331=ORIENTED_EDGE('',*,*,#1675,.T.);
#2332=ORIENTED_EDGE('',*,*,#1741,.F.);
#2333=ORIENTED_EDGE('',*,*,#1742,.F.);
#2334=ORIENTED_EDGE('',*,*,#1743,.T.);
#2335=ORIENTED_EDGE('',*,*,#1676,.T.);
#2336=ORIENTED_EDGE('',*,*,#1743,.F.);
#2337=ORIENTED_EDGE('',*,*,#1744,.F.);
#2338=ORIENTED_EDGE('',*,*,#1745,.T.);
#2339=ORIENTED_EDGE('',*,*,#1677,.T.);
#2340=ORIENTED_EDGE('',*,*,#1745,.F.);
#2341=ORIENTED_EDGE('',*,*,#1680,.T.);
#2342=ORIENTED_EDGE('',*,*,#1719,.T.);
#2343=ORIENTED_EDGE('',*,*,#1746,.F.);
#2344=ORIENTED_EDGE('',*,*,#1735,.F.);
#2345=ORIENTED_EDGE('',*,*,#1684,.T.);
#2346=ORIENTED_EDGE('',*,*,#1687,.F.);
#2347=ORIENTED_EDGE('',*,*,#1747,.F.);
#2348=ORIENTED_EDGE('',*,*,#1701,.F.);
#2349=ORIENTED_EDGE('',*,*,#1747,.T.);
#2350=ORIENTED_EDGE('',*,*,#1690,.F.);
#2351=ORIENTED_EDGE('',*,*,#1748,.F.);
#2352=ORIENTED_EDGE('',*,*,#1700,.F.);
#2353=ORIENTED_EDGE('',*,*,#1748,.T.);
#2354=ORIENTED_EDGE('',*,*,#1692,.F.);
#2355=ORIENTED_EDGE('',*,*,#1694,.F.);
#2356=ORIENTED_EDGE('',*,*,#1698,.F.);
#2357=ORIENTED_EDGE('',*,*,#1749,.T.);
#2358=ORIENTED_EDGE('',*,*,#1714,.T.);
#2359=ORIENTED_EDGE('',*,*,#1727,.F.);
#2360=ORIENTED_EDGE('',*,*,#1729,.F.);
#2361=ORIENTED_EDGE('',*,*,#1750,.T.);
#2362=ORIENTED_EDGE('',*,*,#1717,.T.);
#2363=ORIENTED_EDGE('',*,*,#1749,.F.);
#2364=ORIENTED_EDGE('',*,*,#1731,.F.);
#2365=ORIENTED_EDGE('',*,*,#1746,.T.);
#2366=ORIENTED_EDGE('',*,*,#1720,.T.);
#2367=ORIENTED_EDGE('',*,*,#1750,.F.);
#2368=ORIENTED_EDGE('',*,*,#1734,.F.);
#2369=ORIENTED_EDGE('',*,*,#1751,.T.);
#2370=ORIENTED_EDGE('',*,*,#1752,.T.);
#2371=ORIENTED_EDGE('',*,*,#1753,.F.);
#2372=ORIENTED_EDGE('',*,*,#1754,.F.);
#2373=ORIENTED_EDGE('',*,*,#1755,.T.);
#2374=ORIENTED_EDGE('',*,*,#1756,.T.);
#2375=ORIENTED_EDGE('',*,*,#1757,.T.);
#2376=ORIENTED_EDGE('',*,*,#1758,.T.);
#2377=ORIENTED_EDGE('',*,*,#1759,.T.);
#2378=ORIENTED_EDGE('',*,*,#1760,.T.);
#2379=ORIENTED_EDGE('',*,*,#1761,.F.);
#2380=ORIENTED_EDGE('',*,*,#1762,.F.);
#2381=ORIENTED_EDGE('',*,*,#1722,.T.);
#2382=ORIENTED_EDGE('',*,*,#1763,.T.);
#2383=ORIENTED_EDGE('',*,*,#1764,.F.);
#2384=ORIENTED_EDGE('',*,*,#1763,.F.);
#2385=ORIENTED_EDGE('',*,*,#1724,.T.);
#2386=ORIENTED_EDGE('',*,*,#1765,.T.);
#2387=ORIENTED_EDGE('',*,*,#1766,.F.);
#2388=ORIENTED_EDGE('',*,*,#1765,.F.);
#2389=ORIENTED_EDGE('',*,*,#1767,.F.);
#2390=ORIENTED_EDGE('',*,*,#1768,.T.);
#2391=ORIENTED_EDGE('',*,*,#1736,.T.);
#2392=ORIENTED_EDGE('',*,*,#1768,.F.);
#2393=ORIENTED_EDGE('',*,*,#1738,.T.);
#2394=ORIENTED_EDGE('',*,*,#1769,.F.);
#2395=ORIENTED_EDGE('',*,*,#1770,.F.);
#2396=ORIENTED_EDGE('',*,*,#1771,.T.);
#2397=ORIENTED_EDGE('',*,*,#1740,.T.);
#2398=ORIENTED_EDGE('',*,*,#1771,.F.);
#2399=ORIENTED_EDGE('',*,*,#1772,.F.);
#2400=ORIENTED_EDGE('',*,*,#1773,.T.);
#2401=ORIENTED_EDGE('',*,*,#1742,.T.);
#2402=ORIENTED_EDGE('',*,*,#1773,.F.);
#2403=ORIENTED_EDGE('',*,*,#1774,.F.);
#2404=ORIENTED_EDGE('',*,*,#1775,.T.);
#2405=ORIENTED_EDGE('',*,*,#1744,.T.);
#2406=ORIENTED_EDGE('',*,*,#1775,.F.);
#2407=ORIENTED_EDGE('',*,*,#1757,.F.);
#2408=ORIENTED_EDGE('',*,*,#1776,.T.);
#2409=ORIENTED_EDGE('',*,*,#1777,.T.);
#2410=ORIENTED_EDGE('',*,*,#1778,.T.);
#2411=ORIENTED_EDGE('',*,*,#1779,.T.);
#2412=ORIENTED_EDGE('',*,*,#1780,.T.);
#2413=ORIENTED_EDGE('',*,*,#1781,.F.);
#2414=ORIENTED_EDGE('',*,*,#1782,.F.);
#2415=ORIENTED_EDGE('',*,*,#1783,.F.);
#2416=ORIENTED_EDGE('',*,*,#1784,.F.);
#2417=ORIENTED_EDGE('',*,*,#1762,.T.);
#2418=ORIENTED_EDGE('',*,*,#1785,.T.);
#2419=ORIENTED_EDGE('',*,*,#1786,.F.);
#2420=ORIENTED_EDGE('',*,*,#1776,.F.);
#2421=ORIENTED_EDGE('',*,*,#1784,.T.);
#2422=ORIENTED_EDGE('',*,*,#1787,.T.);
#2423=ORIENTED_EDGE('',*,*,#1788,.T.);
#2424=ORIENTED_EDGE('',*,*,#1758,.F.);
#2425=ORIENTED_EDGE('',*,*,#1789,.F.);
#2426=ORIENTED_EDGE('',*,*,#1785,.F.);
#2427=ORIENTED_EDGE('',*,*,#1761,.T.);
#2428=ORIENTED_EDGE('',*,*,#1790,.F.);
#2429=ORIENTED_EDGE('',*,*,#1791,.T.);
#2430=ORIENTED_EDGE('',*,*,#1792,.T.);
#2431=ORIENTED_EDGE('',*,*,#1793,.T.);
#2432=ORIENTED_EDGE('',*,*,#1794,.T.);
#2433=ORIENTED_EDGE('',*,*,#1795,.T.);
#2434=ORIENTED_EDGE('',*,*,#1796,.T.);
#2435=ORIENTED_EDGE('',*,*,#1759,.F.);
#2436=ORIENTED_EDGE('',*,*,#1788,.F.);
#2437=ORIENTED_EDGE('',*,*,#1797,.T.);
#2438=ORIENTED_EDGE('',*,*,#1798,.F.);
#2439=ORIENTED_EDGE('',*,*,#1799,.T.);
#2440=ORIENTED_EDGE('',*,*,#1790,.T.);
#2441=ORIENTED_EDGE('',*,*,#1760,.F.);
#2442=ORIENTED_EDGE('',*,*,#1796,.F.);
#2443=ORIENTED_EDGE('',*,*,#1800,.T.);
#2444=ORIENTED_EDGE('',*,*,#1801,.T.);
#2445=ORIENTED_EDGE('',*,*,#1802,.T.);
#2446=ORIENTED_EDGE('',*,*,#1803,.T.);
#2447=ORIENTED_EDGE('',*,*,#1804,.T.);
#2448=ORIENTED_EDGE('',*,*,#1805,.T.);
#2449=ORIENTED_EDGE('',*,*,#1751,.F.);
#2450=ORIENTED_EDGE('',*,*,#1806,.F.);
#2451=ORIENTED_EDGE('',*,*,#1807,.T.);
#2452=ORIENTED_EDGE('',*,*,#1808,.F.);
#2453=ORIENTED_EDGE('',*,*,#1809,.T.);
#2454=ORIENTED_EDGE('',*,*,#1810,.T.);
#2455=ORIENTED_EDGE('',*,*,#1752,.F.);
#2456=ORIENTED_EDGE('',*,*,#1805,.F.);
#2457=ORIENTED_EDGE('',*,*,#1811,.T.);
#2458=ORIENTED_EDGE('',*,*,#1812,.T.);
#2459=ORIENTED_EDGE('',*,*,#1806,.T.);
#2460=ORIENTED_EDGE('',*,*,#1756,.F.);
#2461=ORIENTED_EDGE('',*,*,#1813,.F.);
#2462=ORIENTED_EDGE('',*,*,#1814,.F.);
#2463=ORIENTED_EDGE('',*,*,#1753,.T.);
#2464=ORIENTED_EDGE('',*,*,#1810,.F.);
#2465=ORIENTED_EDGE('',*,*,#1755,.F.);
#2466=ORIENTED_EDGE('',*,*,#1815,.T.);
#2467=ORIENTED_EDGE('',*,*,#1816,.T.);
#2468=ORIENTED_EDGE('',*,*,#1817,.T.);
#2469=ORIENTED_EDGE('',*,*,#1818,.T.);
#2470=ORIENTED_EDGE('',*,*,#1819,.T.);
#2471=ORIENTED_EDGE('',*,*,#1820,.F.);
#2472=ORIENTED_EDGE('',*,*,#1821,.F.);
#2473=ORIENTED_EDGE('',*,*,#1822,.F.);
#2474=ORIENTED_EDGE('',*,*,#1811,.F.);
#2475=ORIENTED_EDGE('',*,*,#1754,.T.);
#2476=ORIENTED_EDGE('',*,*,#1814,.T.);
#2477=ORIENTED_EDGE('',*,*,#1823,.F.);
#2478=ORIENTED_EDGE('',*,*,#1815,.F.);
#2479=ORIENTED_EDGE('',*,*,#1824,.F.);
#2480=ORIENTED_EDGE('',*,*,#1825,.T.);
#2481=ORIENTED_EDGE('',*,*,#1764,.T.);
#2482=ORIENTED_EDGE('',*,*,#1825,.F.);
#2483=ORIENTED_EDGE('',*,*,#1826,.F.);
#2484=ORIENTED_EDGE('',*,*,#1827,.T.);
#2485=ORIENTED_EDGE('',*,*,#1766,.T.);
#2486=ORIENTED_EDGE('',*,*,#1827,.F.);
#2487=ORIENTED_EDGE('',*,*,#1767,.T.);
#2488=ORIENTED_EDGE('',*,*,#1828,.T.);
#2489=ORIENTED_EDGE('',*,*,#1829,.F.);
#2490=ORIENTED_EDGE('',*,*,#1828,.F.);
#2491=ORIENTED_EDGE('',*,*,#1830,.F.);
#2492=ORIENTED_EDGE('',*,*,#1831,.F.);
#2493=ORIENTED_EDGE('',*,*,#1832,.T.);
#2494=ORIENTED_EDGE('',*,*,#1769,.T.);
#2495=ORIENTED_EDGE('',*,*,#1832,.F.);
#2496=ORIENTED_EDGE('',*,*,#1770,.T.);
#2497=ORIENTED_EDGE('',*,*,#1833,.T.);
#2498=ORIENTED_EDGE('',*,*,#1834,.F.);
#2499=ORIENTED_EDGE('',*,*,#1833,.F.);
#2500=ORIENTED_EDGE('',*,*,#1772,.T.);
#2501=ORIENTED_EDGE('',*,*,#1835,.T.);
#2502=ORIENTED_EDGE('',*,*,#1836,.F.);
#2503=ORIENTED_EDGE('',*,*,#1835,.F.);
#2504=ORIENTED_EDGE('',*,*,#1774,.T.);
#2505=ORIENTED_EDGE('',*,*,#1837,.T.);
#2506=ORIENTED_EDGE('',*,*,#1838,.F.);
#2507=ORIENTED_EDGE('',*,*,#1837,.F.);
#2508=ORIENTED_EDGE('',*,*,#1786,.T.);
#2509=ORIENTED_EDGE('',*,*,#1839,.T.);
#2510=ORIENTED_EDGE('',*,*,#1840,.F.);
#2511=ORIENTED_EDGE('',*,*,#1777,.F.);
#2512=ORIENTED_EDGE('',*,*,#1783,.T.);
#2513=ORIENTED_EDGE('',*,*,#1841,.T.);
#2514=ORIENTED_EDGE('',*,*,#1797,.F.);
#2515=ORIENTED_EDGE('',*,*,#1787,.F.);
#2516=ORIENTED_EDGE('',*,*,#1840,.T.);
#2517=ORIENTED_EDGE('',*,*,#1842,.T.);
#2518=ORIENTED_EDGE('',*,*,#1843,.F.);
#2519=ORIENTED_EDGE('',*,*,#1778,.F.);
#2520=ORIENTED_EDGE('',*,*,#1782,.T.);
#2521=ORIENTED_EDGE('',*,*,#1844,.T.);
#2522=ORIENTED_EDGE('',*,*,#1798,.T.);
#2523=ORIENTED_EDGE('',*,*,#1841,.F.);
#2524=ORIENTED_EDGE('',*,*,#1843,.T.);
#2525=ORIENTED_EDGE('',*,*,#1845,.T.);
#2526=ORIENTED_EDGE('',*,*,#1846,.F.);
#2527=ORIENTED_EDGE('',*,*,#1779,.F.);
#2528=ORIENTED_EDGE('',*,*,#1781,.T.);
#2529=ORIENTED_EDGE('',*,*,#1847,.T.);
#2530=ORIENTED_EDGE('',*,*,#1848,.T.);
#2531=ORIENTED_EDGE('',*,*,#1849,.F.);
#2532=ORIENTED_EDGE('',*,*,#1791,.F.);
#2533=ORIENTED_EDGE('',*,*,#1844,.F.);
#2534=ORIENTED_EDGE('',*,*,#1846,.T.);
#2535=ORIENTED_EDGE('',*,*,#1850,.T.);
#2536=ORIENTED_EDGE('',*,*,#1847,.F.);
#2537=ORIENTED_EDGE('',*,*,#1780,.F.);
#2538=ORIENTED_EDGE('',*,*,#1851,.F.);
#2539=ORIENTED_EDGE('',*,*,#1839,.F.);
#2540=ORIENTED_EDGE('',*,*,#1789,.T.);
#2541=ORIENTED_EDGE('',*,*,#1852,.F.);
#2542=ORIENTED_EDGE('',*,*,#1849,.T.);
#2543=ORIENTED_EDGE('',*,*,#1853,.T.);
#2544=ORIENTED_EDGE('',*,*,#1854,.F.);
#2545=ORIENTED_EDGE('',*,*,#1792,.F.);
#2546=ORIENTED_EDGE('',*,*,#1854,.T.);
#2547=ORIENTED_EDGE('',*,*,#1855,.T.);
#2548=ORIENTED_EDGE('',*,*,#1856,.F.);
#2549=ORIENTED_EDGE('',*,*,#1793,.F.);
#2550=ORIENTED_EDGE('',*,*,#1856,.T.);
#2551=ORIENTED_EDGE('',*,*,#1857,.T.);
#2552=ORIENTED_EDGE('',*,*,#1858,.F.);
#2553=ORIENTED_EDGE('',*,*,#1794,.F.);
#2554=ORIENTED_EDGE('',*,*,#1858,.T.);
#2555=ORIENTED_EDGE('',*,*,#1852,.T.);
#2556=ORIENTED_EDGE('',*,*,#1799,.F.);
#2557=ORIENTED_EDGE('',*,*,#1795,.F.);
#2558=ORIENTED_EDGE('',*,*,#1820,.T.);
#2559=ORIENTED_EDGE('',*,*,#1859,.T.);
#2560=ORIENTED_EDGE('',*,*,#1860,.T.);
#2561=ORIENTED_EDGE('',*,*,#1861,.F.);
#2562=ORIENTED_EDGE('',*,*,#1800,.F.);
#2563=ORIENTED_EDGE('',*,*,#1862,.F.);
#2564=ORIENTED_EDGE('',*,*,#1861,.T.);
#2565=ORIENTED_EDGE('',*,*,#1863,.T.);
#2566=ORIENTED_EDGE('',*,*,#1864,.F.);
#2567=ORIENTED_EDGE('',*,*,#1801,.F.);
#2568=ORIENTED_EDGE('',*,*,#1821,.T.);
#2569=ORIENTED_EDGE('',*,*,#1862,.T.);
#2570=ORIENTED_EDGE('',*,*,#1808,.T.);
#2571=ORIENTED_EDGE('',*,*,#1865,.F.);
#2572=ORIENTED_EDGE('',*,*,#1864,.T.);
#2573=ORIENTED_EDGE('',*,*,#1866,.T.);
#2574=ORIENTED_EDGE('',*,*,#1867,.F.);
#2575=ORIENTED_EDGE('',*,*,#1802,.F.);
#2576=ORIENTED_EDGE('',*,*,#1822,.T.);
#2577=ORIENTED_EDGE('',*,*,#1865,.T.);
#2578=ORIENTED_EDGE('',*,*,#1807,.F.);
#2579=ORIENTED_EDGE('',*,*,#1812,.F.);
#2580=ORIENTED_EDGE('',*,*,#1867,.T.);
#2581=ORIENTED_EDGE('',*,*,#1868,.T.);
#2582=ORIENTED_EDGE('',*,*,#1869,.F.);
#2583=ORIENTED_EDGE('',*,*,#1803,.F.);
#2584=ORIENTED_EDGE('',*,*,#1869,.T.);
#2585=ORIENTED_EDGE('',*,*,#1870,.T.);
#2586=ORIENTED_EDGE('',*,*,#1809,.F.);
#2587=ORIENTED_EDGE('',*,*,#1804,.F.);
#2588=ORIENTED_EDGE('',*,*,#1871,.F.);
#2589=ORIENTED_EDGE('',*,*,#1872,.F.);
#2590=ORIENTED_EDGE('',*,*,#1813,.T.);
#2591=ORIENTED_EDGE('',*,*,#1870,.F.);
#2592=ORIENTED_EDGE('',*,*,#1823,.T.);
#2593=ORIENTED_EDGE('',*,*,#1872,.T.);
#2594=ORIENTED_EDGE('',*,*,#1873,.F.);
#2595=ORIENTED_EDGE('',*,*,#1816,.F.);
#2596=ORIENTED_EDGE('',*,*,#1873,.T.);
#2597=ORIENTED_EDGE('',*,*,#1874,.T.);
#2598=ORIENTED_EDGE('',*,*,#1875,.F.);
#2599=ORIENTED_EDGE('',*,*,#1817,.F.);
#2600=ORIENTED_EDGE('',*,*,#1875,.T.);
#2601=ORIENTED_EDGE('',*,*,#1876,.T.);
#2602=ORIENTED_EDGE('',*,*,#1877,.F.);
#2603=ORIENTED_EDGE('',*,*,#1818,.F.);
#2604=ORIENTED_EDGE('',*,*,#1877,.T.);
#2605=ORIENTED_EDGE('',*,*,#1878,.T.);
#2606=ORIENTED_EDGE('',*,*,#1859,.F.);
#2607=ORIENTED_EDGE('',*,*,#1819,.F.);
#2608=ORIENTED_EDGE('',*,*,#1824,.T.);
#2609=ORIENTED_EDGE('',*,*,#1826,.T.);
#2610=ORIENTED_EDGE('',*,*,#1829,.T.);
#2611=ORIENTED_EDGE('',*,*,#1879,.F.);
#2612=ORIENTED_EDGE('',*,*,#1880,.F.);
#2613=ORIENTED_EDGE('',*,*,#1881,.T.);
#2614=ORIENTED_EDGE('',*,*,#1831,.T.);
#2615=ORIENTED_EDGE('',*,*,#1830,.T.);
#2616=ORIENTED_EDGE('',*,*,#1881,.F.);
#2617=ORIENTED_EDGE('',*,*,#1834,.T.);
#2618=ORIENTED_EDGE('',*,*,#1836,.T.);
#2619=ORIENTED_EDGE('',*,*,#1838,.T.);
#2620=ORIENTED_EDGE('',*,*,#1882,.F.);
#2621=ORIENTED_EDGE('',*,*,#1842,.F.);
#2622=ORIENTED_EDGE('',*,*,#1851,.T.);
#2623=ORIENTED_EDGE('',*,*,#1857,.F.);
#2624=ORIENTED_EDGE('',*,*,#1883,.F.);
#2625=ORIENTED_EDGE('',*,*,#1845,.F.);
#2626=ORIENTED_EDGE('',*,*,#1882,.T.);
#2627=ORIENTED_EDGE('',*,*,#1855,.F.);
#2628=ORIENTED_EDGE('',*,*,#1848,.F.);
#2629=ORIENTED_EDGE('',*,*,#1850,.F.);
#2630=ORIENTED_EDGE('',*,*,#1883,.T.);
#2631=ORIENTED_EDGE('',*,*,#1853,.F.);
#2632=ORIENTED_EDGE('',*,*,#1860,.F.);
#2633=ORIENTED_EDGE('',*,*,#1878,.F.);
#2634=ORIENTED_EDGE('',*,*,#1884,.T.);
#2635=ORIENTED_EDGE('',*,*,#1863,.F.);
#2636=ORIENTED_EDGE('',*,*,#1884,.F.);
#2637=ORIENTED_EDGE('',*,*,#1876,.F.);
#2638=ORIENTED_EDGE('',*,*,#1885,.T.);
#2639=ORIENTED_EDGE('',*,*,#1866,.F.);
#2640=ORIENTED_EDGE('',*,*,#1885,.F.);
#2641=ORIENTED_EDGE('',*,*,#1874,.F.);
#2642=ORIENTED_EDGE('',*,*,#1871,.T.);
#2643=ORIENTED_EDGE('',*,*,#1868,.F.);
#2644=ORIENTED_EDGE('',*,*,#1879,.T.);
#2645=ORIENTED_EDGE('',*,*,#1880,.T.);
#2646=ORIENTED_EDGE('',*,*,#1886,.F.);
#2647=ORIENTED_EDGE('',*,*,#1887,.F.);
#2648=ORIENTED_EDGE('',*,*,#1888,.F.);
#2649=ORIENTED_EDGE('',*,*,#1889,.T.);
#2650=ORIENTED_EDGE('',*,*,#1887,.T.);
#2651=ORIENTED_EDGE('',*,*,#1886,.T.);
#2652=ORIENTED_EDGE('',*,*,#1889,.F.);
#2653=ORIENTED_EDGE('',*,*,#1890,.F.);
#2654=ORIENTED_EDGE('',*,*,#1891,.T.);
#2655=ORIENTED_EDGE('',*,*,#1888,.T.);
#2656=ORIENTED_EDGE('',*,*,#1891,.F.);
#2657=ORIENTED_EDGE('',*,*,#1890,.T.);
#2658=ORIENTED_EDGE('',*,*,#1892,.F.);
#2659=ORIENTED_EDGE('',*,*,#1893,.F.);
#2660=ORIENTED_EDGE('',*,*,#1894,.T.);
#2661=ORIENTED_EDGE('',*,*,#1892,.T.);
#2662=ORIENTED_EDGE('',*,*,#1894,.F.);
#2663=ORIENTED_EDGE('',*,*,#1893,.T.);
#2664=ORIENTED_EDGE('',*,*,#1895,.T.);
#2665=ORIENTED_EDGE('',*,*,#1896,.F.);
#2666=ORIENTED_EDGE('',*,*,#1895,.F.);
#2667=ORIENTED_EDGE('',*,*,#1896,.T.);
#2668=ORIENTED_EDGE('',*,*,#1897,.T.);
#2669=ORIENTED_EDGE('',*,*,#1898,.F.);
#2670=ORIENTED_EDGE('',*,*,#1899,.T.);
#2671=ORIENTED_EDGE('',*,*,#1900,.T.);
#2672=ORIENTED_EDGE('',*,*,#1901,.F.);
#2673=ORIENTED_EDGE('',*,*,#1902,.F.);
#2674=ORIENTED_EDGE('',*,*,#1903,.T.);
#2675=ORIENTED_EDGE('',*,*,#1904,.T.);
#2676=ORIENTED_EDGE('',*,*,#1905,.F.);
#2677=ORIENTED_EDGE('',*,*,#1897,.F.);
#2678=ORIENTED_EDGE('',*,*,#1906,.T.);
#2679=ORIENTED_EDGE('',*,*,#1907,.F.);
#2680=ORIENTED_EDGE('',*,*,#1908,.F.);
#2681=ORIENTED_EDGE('',*,*,#1909,.F.);
#2682=ORIENTED_EDGE('',*,*,#1910,.F.);
#2683=ORIENTED_EDGE('',*,*,#1898,.T.);
#2684=ORIENTED_EDGE('',*,*,#1905,.T.);
#2685=ORIENTED_EDGE('',*,*,#1911,.T.);
#2686=ORIENTED_EDGE('',*,*,#1912,.F.);
#2687=ORIENTED_EDGE('',*,*,#1913,.F.);
#2688=ORIENTED_EDGE('',*,*,#1914,.T.);
#2689=ORIENTED_EDGE('',*,*,#1915,.F.);
#2690=ORIENTED_EDGE('',*,*,#1916,.F.);
#2691=ORIENTED_EDGE('',*,*,#1899,.F.);
#2692=ORIENTED_EDGE('',*,*,#1910,.T.);
#2693=ORIENTED_EDGE('',*,*,#1917,.T.);
#2694=ORIENTED_EDGE('',*,*,#1918,.T.);
#2695=ORIENTED_EDGE('',*,*,#1919,.F.);
#2696=ORIENTED_EDGE('',*,*,#1906,.F.);
#2697=ORIENTED_EDGE('',*,*,#1900,.F.);
#2698=ORIENTED_EDGE('',*,*,#1916,.T.);
#2699=ORIENTED_EDGE('',*,*,#1920,.T.);
#2700=ORIENTED_EDGE('',*,*,#1901,.T.);
#2701=ORIENTED_EDGE('',*,*,#1921,.F.);
#2702=ORIENTED_EDGE('',*,*,#1922,.F.);
#2703=ORIENTED_EDGE('',*,*,#1923,.F.);
#2704=ORIENTED_EDGE('',*,*,#1924,.F.);
#2705=ORIENTED_EDGE('',*,*,#1907,.T.);
#2706=ORIENTED_EDGE('',*,*,#1919,.T.);
#2707=ORIENTED_EDGE('',*,*,#1925,.F.);
#2708=ORIENTED_EDGE('',*,*,#1926,.T.);
#2709=ORIENTED_EDGE('',*,*,#1902,.T.);
#2710=ORIENTED_EDGE('',*,*,#1927,.T.);
#2711=ORIENTED_EDGE('',*,*,#1928,.F.);
#2712=ORIENTED_EDGE('',*,*,#1903,.F.);
#2713=ORIENTED_EDGE('',*,*,#1929,.F.);
#2714=ORIENTED_EDGE('',*,*,#1930,.T.);
#2715=ORIENTED_EDGE('',*,*,#1931,.T.);
#2716=ORIENTED_EDGE('',*,*,#1932,.T.);
#2717=ORIENTED_EDGE('',*,*,#1933,.T.);
#2718=ORIENTED_EDGE('',*,*,#1911,.F.);
#2719=ORIENTED_EDGE('',*,*,#1904,.F.);
#2720=ORIENTED_EDGE('',*,*,#1908,.T.);
#2721=ORIENTED_EDGE('',*,*,#1933,.F.);
#2722=ORIENTED_EDGE('',*,*,#1934,.F.);
#2723=ORIENTED_EDGE('',*,*,#1935,.F.);
#2724=ORIENTED_EDGE('',*,*,#1909,.T.);
#2725=ORIENTED_EDGE('',*,*,#1935,.T.);
#2726=ORIENTED_EDGE('',*,*,#1936,.F.);
#2727=ORIENTED_EDGE('',*,*,#1917,.F.);
#2728=ORIENTED_EDGE('',*,*,#1912,.T.);
#2729=ORIENTED_EDGE('',*,*,#1937,.T.);
#2730=ORIENTED_EDGE('',*,*,#1938,.F.);
#2731=ORIENTED_EDGE('',*,*,#1939,.T.);
#2732=ORIENTED_EDGE('',*,*,#1940,.T.);
#2733=ORIENTED_EDGE('',*,*,#1913,.T.);
#2734=ORIENTED_EDGE('',*,*,#1941,.F.);
#2735=ORIENTED_EDGE('',*,*,#1942,.F.);
#2736=ORIENTED_EDGE('',*,*,#1914,.F.);
#2737=ORIENTED_EDGE('',*,*,#1943,.T.);
#2738=ORIENTED_EDGE('',*,*,#1944,.T.);
#2739=ORIENTED_EDGE('',*,*,#1945,.F.);
#2740=ORIENTED_EDGE('',*,*,#1920,.F.);
#2741=ORIENTED_EDGE('',*,*,#1915,.T.);
#2742=ORIENTED_EDGE('',*,*,#1946,.T.);
#2743=ORIENTED_EDGE('',*,*,#1947,.F.);
#2744=ORIENTED_EDGE('',*,*,#1918,.F.);
#2745=ORIENTED_EDGE('',*,*,#1947,.T.);
#2746=ORIENTED_EDGE('',*,*,#1948,.T.);
#2747=ORIENTED_EDGE('',*,*,#1925,.T.);
#2748=ORIENTED_EDGE('',*,*,#1949,.F.);
#2749=ORIENTED_EDGE('',*,*,#1921,.T.);
#2750=ORIENTED_EDGE('',*,*,#1924,.T.);
#2751=ORIENTED_EDGE('',*,*,#1927,.F.);
#2752=ORIENTED_EDGE('',*,*,#1923,.T.);
#2753=ORIENTED_EDGE('',*,*,#1950,.F.);
#2754=ORIENTED_EDGE('',*,*,#1944,.F.);
#2755=ORIENTED_EDGE('',*,*,#1951,.F.);
#2756=ORIENTED_EDGE('',*,*,#1922,.T.);
#2757=ORIENTED_EDGE('',*,*,#1952,.F.);
#2758=ORIENTED_EDGE('',*,*,#1953,.T.);
#2759=ORIENTED_EDGE('',*,*,#1929,.T.);
#2760=ORIENTED_EDGE('',*,*,#1926,.F.);
#2761=ORIENTED_EDGE('',*,*,#1954,.T.);
#2762=ORIENTED_EDGE('',*,*,#1928,.T.);
#2763=ORIENTED_EDGE('',*,*,#1955,.T.);
#2764=ORIENTED_EDGE('',*,*,#1942,.T.);
#2765=ORIENTED_EDGE('',*,*,#1956,.F.);
#2766=ORIENTED_EDGE('',*,*,#1957,.T.);
#2767=ORIENTED_EDGE('',*,*,#1932,.F.);
#2768=ORIENTED_EDGE('',*,*,#1931,.F.);
#2769=ORIENTED_EDGE('',*,*,#1938,.T.);
#2770=ORIENTED_EDGE('',*,*,#1958,.T.);
#2771=ORIENTED_EDGE('',*,*,#1930,.F.);
#2772=ORIENTED_EDGE('',*,*,#1959,.F.);
#2773=ORIENTED_EDGE('',*,*,#1960,.T.);
#2774=ORIENTED_EDGE('',*,*,#1934,.T.);
#2775=ORIENTED_EDGE('',*,*,#1957,.F.);
#2776=ORIENTED_EDGE('',*,*,#1958,.F.);
#2777=ORIENTED_EDGE('',*,*,#1936,.T.);
#2778=ORIENTED_EDGE('',*,*,#1960,.F.);
#2779=ORIENTED_EDGE('',*,*,#1937,.F.);
#2780=ORIENTED_EDGE('',*,*,#1961,.F.);
#2781=ORIENTED_EDGE('',*,*,#1941,.T.);
#2782=ORIENTED_EDGE('',*,*,#1939,.F.);
#2783=ORIENTED_EDGE('',*,*,#1940,.F.);
#2784=ORIENTED_EDGE('',*,*,#1962,.T.);
#2785=ORIENTED_EDGE('',*,*,#1943,.F.);
#2786=ORIENTED_EDGE('',*,*,#1946,.F.);
#2787=ORIENTED_EDGE('',*,*,#1945,.T.);
#2788=ORIENTED_EDGE('',*,*,#1963,.T.);
#2789=ORIENTED_EDGE('',*,*,#1963,.F.);
#2790=ORIENTED_EDGE('',*,*,#1952,.T.);
#2791=ORIENTED_EDGE('',*,*,#1949,.T.);
#2792=ORIENTED_EDGE('',*,*,#1948,.F.);
#2793=ORIENTED_EDGE('',*,*,#1955,.F.);
#2794=ORIENTED_EDGE('',*,*,#1950,.T.);
#2795=ORIENTED_EDGE('',*,*,#1951,.T.);
#2796=ORIENTED_EDGE('',*,*,#1962,.F.);
#2797=ORIENTED_EDGE('',*,*,#1961,.T.);
#2798=ORIENTED_EDGE('',*,*,#1959,.T.);
#2799=ORIENTED_EDGE('',*,*,#1953,.F.);
#2800=ORIENTED_EDGE('',*,*,#1954,.F.);
#2801=ORIENTED_EDGE('',*,*,#1964,.F.);
#2802=ORIENTED_EDGE('',*,*,#1965,.T.);
#2803=ORIENTED_EDGE('',*,*,#1956,.T.);
#2804=ORIENTED_EDGE('',*,*,#1965,.F.);
#2805=ORIENTED_EDGE('',*,*,#1966,.F.);
#2806=ORIENTED_EDGE('',*,*,#1967,.T.);
#2807=ORIENTED_EDGE('',*,*,#1964,.T.);
#2808=ORIENTED_EDGE('',*,*,#1967,.F.);
#2809=ORIENTED_EDGE('',*,*,#1966,.T.);
#2810=PLANE('',#3070);
#2811=PLANE('',#3075);
#2812=PLANE('',#3082);
#2813=PLANE('',#3083);
#2814=PLANE('',#3084);
#2815=PLANE('',#3103);
#2816=PLANE('',#3110);
#2817=PLANE('',#3111);
#2818=PLANE('',#3112);
#2819=PLANE('',#3125);
#2820=PLANE('',#3147);
#2821=PLANE('',#3148);
#2822=PLANE('',#3156);
#2823=PLANE('',#3167);
#2824=PLANE('',#3171);
#2825=PLANE('',#3190);
#2826=PLANE('',#3192);
#2827=PLANE('',#3197);
#2828=PLANE('',#3221);
#2829=PLANE('',#3222);
#2830=PLANE('',#3250);
#2831=PLANE('',#3252);
#2832=PLANE('',#3253);
#2833=PLANE('',#3255);
#2834=PLANE('',#3266);
#2835=PLANE('',#3274);
#2836=PLANE('',#3281);
#2837=PLANE('',#3282);
#2838=PLANE('',#3283);
#2839=PLANE('',#3290);
#2840=PLANE('',#3297);
#2841=PLANE('',#3298);
#2842=PLANE('',#3299);
#2843=PLANE('',#3333);
#2844=PLANE('',#3352);
#2845=PLANE('',#3371);
#2846=PLANE('',#3372);
#2847=PLANE('',#3373);
#2848=PLANE('',#3378);
#2849=PLANE('',#3379);
#2850=PLANE('',#3380);
#2851=PLANE('',#3381);
#2852=PLANE('',#3383);
#2853=PLANE('',#3384);
#2854=PLANE('',#3386);
#2855=PLANE('',#3387);
#2856=PLANE('',#3395);
#2857=PLANE('',#3402);
#2858=PLANE('',#3403);
#2859=PLANE('',#3404);
#2860=PLANE('',#3407);
#2861=PLANE('',#3408);
#2862=PLANE('',#3424);
#2863=PLANE('',#3438);
#2864=PLANE('',#3443);
#2865=PLANE('',#3446);
#2866=PLANE('',#3450);
#2867=PLANE('',#3468);
#2868=ADVANCED_FACE('',(#500,#277,#278),#2810,.T.);
#2869=ADVANCED_FACE('',(#501),#2811,.T.);
#2870=ADVANCED_FACE('',(#502),#74,.T.);
#2871=ADVANCED_FACE('',(#503),#2812,.F.);
#2872=ADVANCED_FACE('',(#504),#2813,.T.);
#2873=ADVANCED_FACE('',(#505),#2814,.T.);
#2874=ADVANCED_FACE('',(#506),#75,.T.);
#2875=ADVANCED_FACE('',(#507),#76,.T.);
#2876=ADVANCED_FACE('',(#508),#77,.T.);
#2877=ADVANCED_FACE('',(#509),#78,.T.);
#2878=ADVANCED_FACE('',(#510),#79,.T.);
#2879=ADVANCED_FACE('',(#511),#2815,.T.);
#2880=ADVANCED_FACE('',(#512),#80,.T.);
#2881=ADVANCED_FACE('',(#513),#2816,.F.);
#2882=ADVANCED_FACE('',(#514),#2817,.T.);
#2883=ADVANCED_FACE('',(#515),#2818,.T.);
#2884=ADVANCED_FACE('',(#516),#81,.T.);
#2885=ADVANCED_FACE('',(#517),#34,.T.);
#2886=ADVANCED_FACE('',(#518),#82,.F.);
#2887=ADVANCED_FACE('',(#519),#83,.T.);
#2888=ADVANCED_FACE('',(#520),#2819,.F.);
#2889=ADVANCED_FACE('',(#521),#35,.T.);
#2890=ADVANCED_FACE('',(#522),#84,.F.);
#2891=ADVANCED_FACE('',(#523),#85,.T.);
#2892=ADVANCED_FACE('',(#524),#86,.T.);
#2893=ADVANCED_FACE('',(#525),#87,.T.);
#2894=ADVANCED_FACE('',(#526),#36,.T.);
#2895=ADVANCED_FACE('',(#527),#88,.T.);
#2896=ADVANCED_FACE('',(#528),#37,.T.);
#2897=ADVANCED_FACE('',(#529),#38,.T.);
#2898=ADVANCED_FACE('',(#530),#39,.T.);
#2899=ADVANCED_FACE('',(#531),#2820,.T.);
#2900=ADVANCED_FACE('',(#532,#279,#280),#2821,.F.);
#2901=ADVANCED_FACE('',(#533),#40,.T.);
#2902=ADVANCED_FACE('',(#534,#281,#282,#283,#284,#285),#2822,.T.);
#2903=ADVANCED_FACE('',(#535),#41,.T.);
#2904=ADVANCED_FACE('',(#536),#2823,.T.);
#2905=ADVANCED_FACE('',(#537),#89,.F.);
#2906=ADVANCED_FACE('',(#538),#90,.T.);
#2907=ADVANCED_FACE('',(#539),#2824,.F.);
#2908=ADVANCED_FACE('',(#540),#42,.T.);
#2909=ADVANCED_FACE('',(#541),#91,.F.);
#2910=ADVANCED_FACE('',(#542),#92,.T.);
#2911=ADVANCED_FACE('',(#543),#43,.T.);
#2912=ADVANCED_FACE('',(#544),#93,.T.);
#2913=ADVANCED_FACE('',(#545),#44,.T.);
#2914=ADVANCED_FACE('',(#546),#94,.T.);
#2915=ADVANCED_FACE('',(#547),#45,.T.);
#2916=ADVANCED_FACE('',(#548),#95,.T.);
#2917=ADVANCED_FACE('',(#549),#2825,.T.);
#2918=ADVANCED_FACE('',(#550),#96,.T.);
#2919=ADVANCED_FACE('',(#551),#2826,.T.);
#2920=ADVANCED_FACE('',(#552),#97,.T.);
#2921=ADVANCED_FACE('',(#553),#98,.T.);
#2922=ADVANCED_FACE('',(#554),#2827,.F.);
#2923=ADVANCED_FACE('',(#555),#99,.T.);
#2924=ADVANCED_FACE('',(#556),#100,.T.);
#2925=ADVANCED_FACE('',(#557),#101,.T.);
#2926=ADVANCED_FACE('',(#558),#102,.T.);
#2927=ADVANCED_FACE('',(#559),#103,.T.);
#2928=ADVANCED_FACE('',(#560),#46,.T.);
#2929=ADVANCED_FACE('',(#561),#47,.T.);
#2930=ADVANCED_FACE('',(#562),#104,.T.);
#2931=ADVANCED_FACE('',(#563),#48,.F.);
#2932=ADVANCED_FACE('',(#564),#49,.F.);
#2933=ADVANCED_FACE('',(#565),#2828,.F.);
#2934=ADVANCED_FACE('',(#566),#2829,.F.);
#2935=ADVANCED_FACE('',(#567),#105,.T.);
#2936=ADVANCED_FACE('',(#568),#50,.T.);
#2937=ADVANCED_FACE('',(#569),#106,.T.);
#2938=ADVANCED_FACE('',(#570),#107,.T.);
#2939=ADVANCED_FACE('',(#571),#51,.T.);
#2940=ADVANCED_FACE('',(#572),#52,.T.);
#2941=ADVANCED_FACE('',(#573),#108,.F.);
#2942=ADVANCED_FACE('',(#574),#53,.T.);
#2943=ADVANCED_FACE('',(#575),#54,.T.);
#2944=ADVANCED_FACE('',(#576),#55,.T.);
#2945=ADVANCED_FACE('',(#577),#109,.T.);
#2946=ADVANCED_FACE('',(#578),#2830,.T.);
#2947=ADVANCED_FACE('',(#579),#110,.T.);
#2948=ADVANCED_FACE('',(#580),#2831,.T.);
#2949=ADVANCED_FACE('',(#581),#2832,.T.);
#2950=ADVANCED_FACE('',(#582),#111,.T.);
#2951=ADVANCED_FACE('',(#583,#286,#287),#2833,.T.);
#2952=ADVANCED_FACE('',(#584),#112,.T.);
#2953=ADVANCED_FACE('',(#585),#113,.T.);
#2954=ADVANCED_FACE('',(#586),#114,.F.);
#2955=ADVANCED_FACE('',(#587,#288),#2834,.T.);
#2956=ADVANCED_FACE('',(#588),#115,.F.);
#2957=ADVANCED_FACE('',(#589),#116,.F.);
#2958=ADVANCED_FACE('',(#590),#117,.F.);
#2959=ADVANCED_FACE('',(#591),#2835,.T.);
#2960=ADVANCED_FACE('',(#592),#118,.T.);
#2961=ADVANCED_FACE('',(#593),#2836,.F.);
#2962=ADVANCED_FACE('',(#594),#2837,.T.);
#2963=ADVANCED_FACE('',(#595),#2838,.T.);
#2964=ADVANCED_FACE('',(#596),#119,.T.);
#2965=ADVANCED_FACE('',(#597),#2839,.T.);
#2966=ADVANCED_FACE('',(#598),#120,.T.);
#2967=ADVANCED_FACE('',(#599),#2840,.F.);
#2968=ADVANCED_FACE('',(#600),#2841,.T.);
#2969=ADVANCED_FACE('',(#601),#2842,.T.);
#2970=ADVANCED_FACE('',(#602),#121,.T.);
#2971=ADVANCED_FACE('',(#603),#56,.T.);
#2972=ADVANCED_FACE('',(#604),#57,.T.);
#2973=ADVANCED_FACE('',(#605),#58,.F.);
#2974=ADVANCED_FACE('',(#606),#122,.T.);
#2975=ADVANCED_FACE('',(#607),#59,.F.);
#2976=ADVANCED_FACE('',(#608),#60,.F.);
#2977=ADVANCED_FACE('',(#609),#61,.F.);
#2978=ADVANCED_FACE('',(#610),#62,.T.);
#2979=ADVANCED_FACE('',(#611),#123,.F.);
#2980=ADVANCED_FACE('',(#612),#124,.T.);
#2981=ADVANCED_FACE('',(#613),#2843,.F.);
#2982=ADVANCED_FACE('',(#614),#63,.T.);
#2983=ADVANCED_FACE('',(#615),#125,.F.);
#2984=ADVANCED_FACE('',(#616),#126,.T.);
#2985=ADVANCED_FACE('',(#617),#127,.T.);
#2986=ADVANCED_FACE('',(#618),#128,.T.);
#2987=ADVANCED_FACE('',(#619),#64,.T.);
#2988=ADVANCED_FACE('',(#620),#129,.T.);
#2989=ADVANCED_FACE('',(#621),#65,.T.);
#2990=ADVANCED_FACE('',(#622),#130,.F.);
#2991=ADVANCED_FACE('',(#623),#131,.T.);
#2992=ADVANCED_FACE('',(#624),#2844,.F.);
#2993=ADVANCED_FACE('',(#625),#66,.T.);
#2994=ADVANCED_FACE('',(#626),#132,.F.);
#2995=ADVANCED_FACE('',(#627),#133,.T.);
#2996=ADVANCED_FACE('',(#628),#67,.T.);
#2997=ADVANCED_FACE('',(#629),#134,.T.);
#2998=ADVANCED_FACE('',(#630),#68,.T.);
#2999=ADVANCED_FACE('',(#631),#135,.T.);
#3000=ADVANCED_FACE('',(#632),#69,.T.);
#3001=ADVANCED_FACE('',(#633),#136,.T.);
#3002=ADVANCED_FACE('',(#634),#2845,.F.);
#3003=ADVANCED_FACE('',(#635),#2846,.F.);
#3004=ADVANCED_FACE('',(#636),#2847,.T.);
#3005=ADVANCED_FACE('',(#637),#70,.T.);
#3006=ADVANCED_FACE('',(#638),#2848,.T.);
#3007=ADVANCED_FACE('',(#639),#2849,.T.);
#3008=ADVANCED_FACE('',(#640),#2850,.T.);
#3009=ADVANCED_FACE('',(#641),#2851,.T.);
#3010=ADVANCED_FACE('',(#642),#137,.T.);
#3011=ADVANCED_FACE('',(#643),#2852,.T.);
#3012=ADVANCED_FACE('',(#644),#2853,.T.);
#3013=ADVANCED_FACE('',(#645),#138,.T.);
#3014=ADVANCED_FACE('',(#646),#2854,.T.);
#3015=ADVANCED_FACE('',(#647,#289),#2855,.T.);
#3016=ADVANCED_FACE('',(#648),#71,.T.);
#3017=ADVANCED_FACE('',(#649),#139,.F.);
#3018=ADVANCED_FACE('',(#650,#290),#2856,.T.);
#3019=ADVANCED_FACE('',(#651),#140,.T.);
#3020=ADVANCED_FACE('',(#652),#72,.T.);
#3021=ADVANCED_FACE('',(#653,#291),#2857,.T.);
#3022=ADVANCED_FACE('',(#654),#2858,.T.);
#3023=ADVANCED_FACE('',(#655),#2859,.F.);
#3024=ADVANCED_FACE('',(#656),#2860,.T.);
#3025=ADVANCED_FACE('',(#657),#2861,.T.);
#3026=ADVANCED_FACE('',(#658),#141,.T.);
#3027=ADVANCED_FACE('',(#659),#142,.T.);
#3028=ADVANCED_FACE('',(#660),#143,.T.);
#3029=ADVANCED_FACE('',(#661),#144,.T.);
#3030=ADVANCED_FACE('',(#662),#145,.T.);
#3031=ADVANCED_FACE('',(#663),#2862,.F.);
#3032=ADVANCED_FACE('',(#664),#146,.T.);
#3033=ADVANCED_FACE('',(#665),#147,.T.);
#3034=ADVANCED_FACE('',(#666),#148,.T.);
#3035=ADVANCED_FACE('',(#667),#149,.T.);
#3036=ADVANCED_FACE('',(#668),#150,.T.);
#3037=ADVANCED_FACE('',(#669),#2863,.T.);
#3038=ADVANCED_FACE('',(#670),#14,.T.);
#3039=ADVANCED_FACE('',(#671),#15,.T.);
#3040=ADVANCED_FACE('',(#672),#2864,.T.);
#3041=ADVANCED_FACE('',(#673),#16,.T.);
#3042=ADVANCED_FACE('',(#674,#292),#2865,.T.);
#3043=ADVANCED_FACE('',(#675),#17,.T.);
#3044=ADVANCED_FACE('',(#676),#2866,.T.);
#3045=ADVANCED_FACE('',(#677),#151,.T.);
#3046=ADVANCED_FACE('',(#678),#18,.T.);
#3047=ADVANCED_FACE('',(#679),#19,.T.);
#3048=ADVANCED_FACE('',(#680),#20,.T.);
#3049=ADVANCED_FACE('',(#681),#21,.T.);
#3050=ADVANCED_FACE('',(#682),#152,.T.);
#3051=ADVANCED_FACE('',(#683),#153,.T.);
#3052=ADVANCED_FACE('',(#684),#154,.T.);
#3053=ADVANCED_FACE('',(#685),#73,.T.);
#3054=ADVANCED_FACE('',(#686),#155,.F.);
#3055=ADVANCED_FACE('',(#687),#2867,.T.);
#3056=CLOSED_SHELL('',(#2868,#2869,#2870,#2871,#2872,#2873,#2874,#2875,
#2876,#2877,#2878,#2879,#2880,#2881,#2882,#2883,#2884,#2885,#2886,#2887,
#2888,#2889,#2890,#2891,#2892,#2893,#2894,#2895,#2896,#2897,#2898,#2899,
#2900,#2901,#2902,#2903,#2904,#2905,#2906,#2907,#2908,#2909,#2910,#2911,
#2912,#2913,#2914,#2915,#2916,#2917,#2918,#2919,#2920,#2921,#2922,#2923,
#2924,#2925,#2926,#2927,#2928,#2929,#2930,#2931,#2932,#2933,#2934,#2935,
#2936,#2937,#2938,#2939,#2940,#2941,#2942,#2943,#2944,#2945,#2946,#2947,
#2948,#2949,#2950,#2951,#2952,#2953,#2954,#2955,#2956,#2957,#2958,#2959,
#2960,#2961,#2962,#2963,#2964,#2965,#2966,#2967,#2968,#2969,#2970,#2971,
#2972,#2973,#2974,#2975,#2976,#2977,#2978,#2979,#2980,#2981,#2982,#2983,
#2984,#2985,#2986,#2987,#2988,#2989,#2990,#2991,#2992,#2993,#2994,#2995,
#2996,#2997,#2998,#2999,#3000,#3001,#3002,#3003,#3004,#3005,#3006,#3007,
#3008,#3009,#3010,#3011,#3012,#3013,#3014,#3015,#3016,#3017,#3018,#3019,
#3020,#3021,#3022,#3023,#3024,#3025,#3026,#3027,#3028,#3029,#3030,#3031,
#3032,#3033,#3034,#3035,#3036,#3037,#3038,#3039,#3040,#3041,#3042,#3043,
#3044,#3045,#3046,#3047,#3048,#3049,#3050,#3051,#3052,#3053,#3054,#3055));
#3057=DERIVED_UNIT_ELEMENT(#3059,1.);
#3058=DERIVED_UNIT_ELEMENT(#5441,-3.);
#3059=(
MASS_UNIT()
NAMED_UNIT(*)
SI_UNIT(.KILO.,.GRAM.)
);
#3060=DERIVED_UNIT((#3057,#3058));
#3061=MEASURE_REPRESENTATION_ITEM('density measure',
POSITIVE_RATIO_MEASURE(7850.),#3060);
#3062=PROPERTY_DEFINITION_REPRESENTATION(#3067,#3064);
#3063=PROPERTY_DEFINITION_REPRESENTATION(#3068,#3065);
#3064=REPRESENTATION('material name',(#3066),#5438);
#3065=REPRESENTATION('density',(#3061),#5438);
#3066=DESCRIPTIVE_REPRESENTATION_ITEM('Steel','Steel');
#3067=PROPERTY_DEFINITION('material property','material name',#5448);
#3068=PROPERTY_DEFINITION('material property','density of part',#5448);
#3069=AXIS2_PLACEMENT_3D('',#4471,#3469,#3470);
#3070=AXIS2_PLACEMENT_3D('',#4472,#3471,#3472);
#3071=AXIS2_PLACEMENT_3D('',#4489,#3480,#3481);
#3072=AXIS2_PLACEMENT_3D('',#4492,#3483,#3484);
#3073=AXIS2_PLACEMENT_3D('',#4497,#3486,#3487);
#3074=AXIS2_PLACEMENT_3D('',#4501,#3489,#3490);
#3075=AXIS2_PLACEMENT_3D('',#4505,#3493,#3494);
#3076=AXIS2_PLACEMENT_3D('',#4509,#3496,#3497);
#3077=AXIS2_PLACEMENT_3D('',#4513,#3499,#3500);
#3078=AXIS2_PLACEMENT_3D('',#4517,#3502,#3503);
#3079=AXIS2_PLACEMENT_3D('',#4521,#3505,#3506);
#3080=AXIS2_PLACEMENT_3D('',#4523,#3508,#3509);
#3081=AXIS2_PLACEMENT_3D('',#4525,#3510,#3511);
#3082=AXIS2_PLACEMENT_3D('',#4527,#3513,#3514);
#3083=AXIS2_PLACEMENT_3D('',#4531,#3517,#3518);
#3084=AXIS2_PLACEMENT_3D('',#4535,#3521,#3522);
#3085=AXIS2_PLACEMENT_3D('',#4538,#3523,#3524);
#3086=AXIS2_PLACEMENT_3D('',#4541,#3526,#3527);
#3087=AXIS2_PLACEMENT_3D('',#4545,#3529,#3530);
#3088=AXIS2_PLACEMENT_3D('',#4549,#3532,#3533);
#3089=AXIS2_PLACEMENT_3D('',#4551,#3535,#3536);
#3090=AXIS2_PLACEMENT_3D('',#4552,#3537,#3538);
#3091=AXIS2_PLACEMENT_3D('',#4553,#3539,#3540);
#3092=AXIS2_PLACEMENT_3D('',#4555,#3541,#3542);
#3093=AXIS2_PLACEMENT_3D('',#4558,#3544,#3545);
#3094=AXIS2_PLACEMENT_3D('',#4559,#3546,#3547);
#3095=AXIS2_PLACEMENT_3D('',#4561,#3548,#3549);
#3096=AXIS2_PLACEMENT_3D('',#4564,#3551,#3552);
#3097=AXIS2_PLACEMENT_3D('',#4565,#3553,#3554);
#3098=AXIS2_PLACEMENT_3D('',#4567,#3555,#3556);
#3099=AXIS2_PLACEMENT_3D('',#4569,#3557,#3558);
#3100=AXIS2_PLACEMENT_3D('',#4571,#3560,#3561);
#3101=AXIS2_PLACEMENT_3D('',#4575,#3563,#3564);
#3102=AXIS2_PLACEMENT_3D('',#4576,#3565,#3566);
#3103=AXIS2_PLACEMENT_3D('',#4577,#3567,#3568);
#3104=AXIS2_PLACEMENT_3D('',#4580,#3569,#3570);
#3105=AXIS2_PLACEMENT_3D('',#4584,#3572,#3573);
#3106=AXIS2_PLACEMENT_3D('',#4589,#3576,#3577);
#3107=AXIS2_PLACEMENT_3D('',#4593,#3579,#3580);
#3108=AXIS2_PLACEMENT_3D('',#4595,#3582,#3583);
#3109=AXIS2_PLACEMENT_3D('',#4598,#3585,#3586);
#3110=AXIS2_PLACEMENT_3D('',#4599,#3587,#3588);
#3111=AXIS2_PLACEMENT_3D('',#4603,#3591,#3592);
#3112=AXIS2_PLACEMENT_3D('',#4607,#3595,#3596);
#3113=AXIS2_PLACEMENT_3D('',#4609,#3597,#3598);
#3114=AXIS2_PLACEMENT_3D('',#4613,#3600,#3601);
#3115=AXIS2_PLACEMENT_3D('',#4617,#3603,#3604);
#3116=AXIS2_PLACEMENT_3D('',#4621,#3606,#3607);
#3117=AXIS2_PLACEMENT_3D('',#4623,#3609,#3610);
#3118=AXIS2_PLACEMENT_3D('',#4624,#3611,#3612);
#3119=AXIS2_PLACEMENT_3D('',#4625,#3613,#3614);
#3120=AXIS2_PLACEMENT_3D('',#4627,#3615,#3616);
#3121=AXIS2_PLACEMENT_3D('',#4628,#3617,#3618);
#3122=AXIS2_PLACEMENT_3D('',#4629,#3619,#3620);
#3123=AXIS2_PLACEMENT_3D('',#4631,#3622,#3623);
#3124=AXIS2_PLACEMENT_3D('',#4633,#3624,#3625);
#3125=AXIS2_PLACEMENT_3D('',#4635,#3627,#3628);
#3126=AXIS2_PLACEMENT_3D('',#4637,#3630,#3631);
#3127=AXIS2_PLACEMENT_3D('',#4639,#3632,#3633);
#3128=AXIS2_PLACEMENT_3D('',#4640,#3634,#3635);
#3129=AXIS2_PLACEMENT_3D('',#4641,#3636,#3637);
#3130=AXIS2_PLACEMENT_3D('',#4673,#3639,#3640);
#3131=AXIS2_PLACEMENT_3D('',#4675,#3642,#3643);
#3132=AXIS2_PLACEMENT_3D('',#4678,#3645,#3646);
#3133=AXIS2_PLACEMENT_3D('',#4679,#3647,#3648);
#3134=AXIS2_PLACEMENT_3D('',#4681,#3649,#3650);
#3135=AXIS2_PLACEMENT_3D('',#4683,#3652,#3653);
#3136=AXIS2_PLACEMENT_3D('',#4685,#3654,#3655);
#3137=AXIS2_PLACEMENT_3D('',#4686,#3656,#3657);
#3138=AXIS2_PLACEMENT_3D('',#4687,#3658,#3659);
#3139=AXIS2_PLACEMENT_3D('',#4688,#3660,#3661);
#3140=AXIS2_PLACEMENT_3D('',#4690,#3663,#3664);
#3141=AXIS2_PLACEMENT_3D('',#4691,#3665,#3666);
#3142=AXIS2_PLACEMENT_3D('',#4693,#3667,#3668);
#3143=AXIS2_PLACEMENT_3D('',#4694,#3669,#3670);
#3144=AXIS2_PLACEMENT_3D('',#4695,#3671,#3672);
#3145=AXIS2_PLACEMENT_3D('',#4697,#3673,#3674);
#3146=AXIS2_PLACEMENT_3D('',#4698,#3675,#3676);
#3147=AXIS2_PLACEMENT_3D('',#4699,#3677,#3678);
#3148=AXIS2_PLACEMENT_3D('',#4705,#3682,#3683);
#3149=AXIS2_PLACEMENT_3D('',#4717,#3689,#3690);
#3150=AXIS2_PLACEMENT_3D('',#4721,#3692,#3693);
#3151=AXIS2_PLACEMENT_3D('',#4724,#3695,#3696);
#3152=AXIS2_PLACEMENT_3D('',#4726,#3697,#3698);
#3153=AXIS2_PLACEMENT_3D('',#4728,#3699,#3700);
#3154=AXIS2_PLACEMENT_3D('',#4729,#3701,#3702);
#3155=AXIS2_PLACEMENT_3D('',#4730,#3703,#3704);
#3156=AXIS2_PLACEMENT_3D('',#4731,#3705,#3706);
#3157=AXIS2_PLACEMENT_3D('',#4737,#3709,#3710);
#3158=AXIS2_PLACEMENT_3D('',#4741,#3712,#3713);
#3159=AXIS2_PLACEMENT_3D('',#4745,#3715,#3716);
#3160=AXIS2_PLACEMENT_3D('',#4752,#3720,#3721);
#3161=AXIS2_PLACEMENT_3D('',#4754,#3722,#3723);
#3162=AXIS2_PLACEMENT_3D('',#4756,#3724,#3725);
#3163=AXIS2_PLACEMENT_3D('',#4758,#3726,#3727);
#3164=AXIS2_PLACEMENT_3D('',#4760,#3728,#3729);
#3165=AXIS2_PLACEMENT_3D('',#4761,#3730,#3731);
#3166=AXIS2_PLACEMENT_3D('',#4762,#3732,#3733);
#3167=AXIS2_PLACEMENT_3D('',#4763,#3734,#3735);
#3168=AXIS2_PLACEMENT_3D('',#4769,#3739,#3740);
#3169=AXIS2_PLACEMENT_3D('',#4802,#3743,#3744);
#3170=AXIS2_PLACEMENT_3D('',#4804,#3745,#3746);
#3171=AXIS2_PLACEMENT_3D('',#4806,#3748,#3749);
#3172=AXIS2_PLACEMENT_3D('',#4808,#3751,#3752);
#3173=AXIS2_PLACEMENT_3D('',#4810,#3753,#3754);
#3174=AXIS2_PLACEMENT_3D('',#4811,#3755,#3756);
#3175=AXIS2_PLACEMENT_3D('',#4812,#3757,#3758);
#3176=AXIS2_PLACEMENT_3D('',#4813,#3759,#3760);
#3177=AXIS2_PLACEMENT_3D('',#4815,#3761,#3762);
#3178=AXIS2_PLACEMENT_3D('',#4817,#3764,#3765);
#3179=AXIS2_PLACEMENT_3D('',#4818,#3766,#3767);
#3180=AXIS2_PLACEMENT_3D('',#4819,#3768,#3769);
#3181=AXIS2_PLACEMENT_3D('',#4822,#3771,#3772);
#3182=AXIS2_PLACEMENT_3D('',#4823,#3773,#3774);
#3183=AXIS2_PLACEMENT_3D('',#4824,#3775,#3776);
#3184=AXIS2_PLACEMENT_3D('',#4825,#3777,#3778);
#3185=AXIS2_PLACEMENT_3D('',#4827,#3779,#3780);
#3186=AXIS2_PLACEMENT_3D('',#4829,#3782,#3783);
#3187=AXIS2_PLACEMENT_3D('',#4831,#3784,#3785);
#3188=AXIS2_PLACEMENT_3D('',#4832,#3786,#3787);
#3189=AXIS2_PLACEMENT_3D('',#4833,#3788,#3789);
#3190=AXIS2_PLACEMENT_3D('',#4835,#3791,#3792);
#3191=AXIS2_PLACEMENT_3D('',#4837,#3794,#3795);
#3192=AXIS2_PLACEMENT_3D('',#4839,#3797,#3798);
#3193=AXIS2_PLACEMENT_3D('',#4840,#3799,#3800);
#3194=AXIS2_PLACEMENT_3D('',#4841,#3801,#3802);
#3195=AXIS2_PLACEMENT_3D('',#4842,#3803,#3804);
#3196=AXIS2_PLACEMENT_3D('',#4843,#3805,#3806);
#3197=AXIS2_PLACEMENT_3D('',#4844,#3807,#3808);
#3198=AXIS2_PLACEMENT_3D('',#4848,#3811,#3812);
#3199=AXIS2_PLACEMENT_3D('',#4849,#3813,#3814);
#3200=AXIS2_PLACEMENT_3D('',#4850,#3815,#3816);
#3201=AXIS2_PLACEMENT_3D('',#4853,#3818,#3819);
#3202=AXIS2_PLACEMENT_3D('',#4854,#3820,#3821);
#3203=AXIS2_PLACEMENT_3D('',#4857,#3823,#3824);
#3204=AXIS2_PLACEMENT_3D('',#4858,#3825,#3826);
#3205=AXIS2_PLACEMENT_3D('',#4860,#3827,#3828);
#3206=AXIS2_PLACEMENT_3D('',#4862,#3830,#3831);
#3207=AXIS2_PLACEMENT_3D('',#4863,#3832,#3833);
#3208=AXIS2_PLACEMENT_3D('',#4864,#3834,#3835);
#3209=AXIS2_PLACEMENT_3D('',#4866,#3836,#3837);
#3210=AXIS2_PLACEMENT_3D('',#4867,#3838,#3839);
#3211=AXIS2_PLACEMENT_3D('',#4868,#3840,#3841);
#3212=AXIS2_PLACEMENT_3D('',#4870,#3842,#3843);
#3213=AXIS2_PLACEMENT_3D('',#4871,#3844,#3845);
#3214=AXIS2_PLACEMENT_3D('',#4872,#3846,#3847);
#3215=AXIS2_PLACEMENT_3D('',#4874,#3849,#3850);
#3216=AXIS2_PLACEMENT_3D('',#4876,#3851,#3852);
#3217=AXIS2_PLACEMENT_3D('',#4877,#3853,#3854);
#3218=AXIS2_PLACEMENT_3D('',#4878,#3855,#3856);
#3219=AXIS2_PLACEMENT_3D('',#4880,#3857,#3858);
#3220=AXIS2_PLACEMENT_3D('',#4881,#3859,#3860);
#3221=AXIS2_PLACEMENT_3D('',#4882,#3861,#3862);
#3222=AXIS2_PLACEMENT_3D('',#4884,#3864,#3865);
#3223=AXIS2_PLACEMENT_3D('',#4886,#3866,#3867);
#3224=AXIS2_PLACEMENT_3D('',#4888,#3869,#3870);
#3225=AXIS2_PLACEMENT_3D('',#4890,#3871,#3872);
#3226=AXIS2_PLACEMENT_3D('',#4892,#3874,#3875);
#3227=AXIS2_PLACEMENT_3D('',#4894,#3876,#3877);
#3228=AXIS2_PLACEMENT_3D('',#4895,#3878,#3879);
#3229=AXIS2_PLACEMENT_3D('',#4896,#3880,#3881);
#3230=AXIS2_PLACEMENT_3D('',#4897,#3882,#3883);
#3231=AXIS2_PLACEMENT_3D('',#4898,#3884,#3885);
#3232=AXIS2_PLACEMENT_3D('',#4900,#3886,#3887);
#3233=AXIS2_PLACEMENT_3D('',#4902,#3889,#3890);
#3234=AXIS2_PLACEMENT_3D('',#4903,#3891,#3892);
#3235=AXIS2_PLACEMENT_3D('',#4904,#3893,#3894);
#3236=AXIS2_PLACEMENT_3D('',#4906,#3895,#3896);
#3237=AXIS2_PLACEMENT_3D('',#4907,#3897,#3898);
#3238=AXIS2_PLACEMENT_3D('',#4908,#3899,#3900);
#3239=AXIS2_PLACEMENT_3D('',#4910,#3901,#3902);
#3240=AXIS2_PLACEMENT_3D('',#4912,#3904,#3905);
#3241=AXIS2_PLACEMENT_3D('',#4914,#3906,#3907);
#3242=AXIS2_PLACEMENT_3D('',#4915,#3908,#3909);
#3243=AXIS2_PLACEMENT_3D('',#4916,#3910,#3911);
#3244=AXIS2_PLACEMENT_3D('',#4918,#3912,#3913);
#3245=AXIS2_PLACEMENT_3D('',#4919,#3914,#3915);
#3246=AXIS2_PLACEMENT_3D('',#4920,#3916,#3917);
#3247=AXIS2_PLACEMENT_3D('',#4922,#3918,#3919);
#3248=AXIS2_PLACEMENT_3D('',#4923,#3920,#3921);
#3249=AXIS2_PLACEMENT_3D('',#4924,#3922,#3923);
#3250=AXIS2_PLACEMENT_3D('',#4926,#3925,#3926);
#3251=AXIS2_PLACEMENT_3D('',#4928,#3928,#3929);
#3252=AXIS2_PLACEMENT_3D('',#4930,#3931,#3932);
#3253=AXIS2_PLACEMENT_3D('',#4931,#3933,#3934);
#3254=AXIS2_PLACEMENT_3D('',#4933,#3936,#3937);
#3255=AXIS2_PLACEMENT_3D('',#4935,#3939,#3940);
#3256=AXIS2_PLACEMENT_3D('',#4940,#3942,#3943);
#3257=AXIS2_PLACEMENT_3D('',#4944,#3945,#3946);
#3258=AXIS2_PLACEMENT_3D('',#4956,#3952,#3953);
#3259=AXIS2_PLACEMENT_3D('',#4959,#3955,#3956);
#3260=AXIS2_PLACEMENT_3D('',#4960,#3957,#3958);
#3261=AXIS2_PLACEMENT_3D('',#4963,#3960,#3961);
#3262=AXIS2_PLACEMENT_3D('',#4964,#3962,#3963);
#3263=AXIS2_PLACEMENT_3D('',#4967,#3965,#3966);
#3264=AXIS2_PLACEMENT_3D('',#4968,#3967,#3968);
#3265=AXIS2_PLACEMENT_3D('',#4970,#3969,#3970);
#3266=AXIS2_PLACEMENT_3D('',#4972,#3972,#3973);
#3267=AXIS2_PLACEMENT_3D('',#4974,#3974,#3975);
#3268=AXIS2_PLACEMENT_3D('',#4975,#3976,#3977);
#3269=AXIS2_PLACEMENT_3D('',#4977,#3978,#3979);
#3270=AXIS2_PLACEMENT_3D('',#4979,#3981,#3982);
#3271=AXIS2_PLACEMENT_3D('',#4981,#3983,#3984);
#3272=AXIS2_PLACEMENT_3D('',#4983,#3986,#3987);
#3273=AXIS2_PLACEMENT_3D('',#4985,#3988,#3989);
#3274=AXIS2_PLACEMENT_3D('',#4987,#3991,#3992);
#3275=AXIS2_PLACEMENT_3D('',#4991,#3994,#3995);
#3276=AXIS2_PLACEMENT_3D('',#4995,#3997,#3998);
#3277=AXIS2_PLACEMENT_3D('',#4999,#4000,#4001);
#3278=AXIS2_PLACEMENT_3D('',#5003,#4003,#4004);
#3279=AXIS2_PLACEMENT_3D('',#5005,#4006,#4007);
#3280=AXIS2_PLACEMENT_3D('',#5008,#4009,#4010);
#3281=AXIS2_PLACEMENT_3D('',#5009,#4011,#4012);
#3282=AXIS2_PLACEMENT_3D('',#5013,#4015,#4016);
#3283=AXIS2_PLACEMENT_3D('',#5017,#4019,#4020);
#3284=AXIS2_PLACEMENT_3D('',#5020,#4021,#4022);
#3285=AXIS2_PLACEMENT_3D('',#5024,#4024,#4025);
#3286=AXIS2_PLACEMENT_3D('',#5028,#4027,#4028);
#3287=AXIS2_PLACEMENT_3D('',#5031,#4030,#4031);
#3288=AXIS2_PLACEMENT_3D('',#5033,#4033,#4034);
#3289=AXIS2_PLACEMENT_3D('',#5034,#4035,#4036);
#3290=AXIS2_PLACEMENT_3D('',#5035,#4037,#4038);
#3291=AXIS2_PLACEMENT_3D('',#5038,#4039,#4040);
#3292=AXIS2_PLACEMENT_3D('',#5042,#4042,#4043);
#3293=AXIS2_PLACEMENT_3D('',#5046,#4045,#4046);
#3294=AXIS2_PLACEMENT_3D('',#5051,#4049,#4050);
#3295=AXIS2_PLACEMENT_3D('',#5053,#4052,#4053);
#3296=AXIS2_PLACEMENT_3D('',#5055,#4054,#4055);
#3297=AXIS2_PLACEMENT_3D('',#5057,#4057,#4058);
#3298=AXIS2_PLACEMENT_3D('',#5061,#4061,#4062);
#3299=AXIS2_PLACEMENT_3D('',#5065,#4065,#4066);
#3300=AXIS2_PLACEMENT_3D('',#5069,#4068,#4069);
#3301=AXIS2_PLACEMENT_3D('',#5073,#4071,#4072);
#3302=AXIS2_PLACEMENT_3D('',#5077,#4074,#4075);
#3303=AXIS2_PLACEMENT_3D('',#5080,#4077,#4078);
#3304=AXIS2_PLACEMENT_3D('',#5081,#4079,#4080);
#3305=AXIS2_PLACEMENT_3D('',#5082,#4081,#4082);
#3306=AXIS2_PLACEMENT_3D('',#5083,#4083,#4084);
#3307=AXIS2_PLACEMENT_3D('',#5085,#4085,#4086);
#3308=AXIS2_PLACEMENT_3D('',#5086,#4087,#4088);
#3309=AXIS2_PLACEMENT_3D('',#5087,#4089,#4090);
#3310=AXIS2_PLACEMENT_3D('',#5089,#4091,#4092);
#3311=AXIS2_PLACEMENT_3D('',#5090,#4093,#4094);
#3312=AXIS2_PLACEMENT_3D('',#5091,#4095,#4096);
#3313=AXIS2_PLACEMENT_3D('',#5093,#4097,#4098);
#3314=AXIS2_PLACEMENT_3D('',#5094,#4099,#4100);
#3315=AXIS2_PLACEMENT_3D('',#5095,#4101,#4102);
#3316=AXIS2_PLACEMENT_3D('',#5098,#4103,#4104);
#3317=AXIS2_PLACEMENT_3D('',#5099,#4105,#4106);
#3318=AXIS2_PLACEMENT_3D('',#5101,#4108,#4109);
#3319=AXIS2_PLACEMENT_3D('',#5103,#4110,#4111);
#3320=AXIS2_PLACEMENT_3D('',#5104,#4112,#4113);
#3321=AXIS2_PLACEMENT_3D('',#5105,#4114,#4115);
#3322=AXIS2_PLACEMENT_3D('',#5107,#4116,#4117);
#3323=AXIS2_PLACEMENT_3D('',#5108,#4118,#4119);
#3324=AXIS2_PLACEMENT_3D('',#5109,#4120,#4121);
#3325=AXIS2_PLACEMENT_3D('',#5111,#4122,#4123);
#3326=AXIS2_PLACEMENT_3D('',#5112,#4124,#4125);
#3327=AXIS2_PLACEMENT_3D('',#5113,#4126,#4127);
#3328=AXIS2_PLACEMENT_3D('',#5115,#4128,#4129);
#3329=AXIS2_PLACEMENT_3D('',#5116,#4130,#4131);
#3330=AXIS2_PLACEMENT_3D('',#5117,#4132,#4133);
#3331=AXIS2_PLACEMENT_3D('',#5119,#4135,#4136);
#3332=AXIS2_PLACEMENT_3D('',#5122,#4138,#4139);
#3333=AXIS2_PLACEMENT_3D('',#5123,#4140,#4141);
#3334=AXIS2_PLACEMENT_3D('',#5125,#4143,#4144);
#3335=AXIS2_PLACEMENT_3D('',#5127,#4145,#4146);
#3336=AXIS2_PLACEMENT_3D('',#5128,#4147,#4148);
#3337=AXIS2_PLACEMENT_3D('',#5129,#4149,#4150);
#3338=AXIS2_PLACEMENT_3D('',#5161,#4152,#4153);
#3339=AXIS2_PLACEMENT_3D('',#5163,#4155,#4156);
#3340=AXIS2_PLACEMENT_3D('',#5166,#4158,#4159);
#3341=AXIS2_PLACEMENT_3D('',#5167,#4160,#4161);
#3342=AXIS2_PLACEMENT_3D('',#5170,#4163,#4164);
#3343=AXIS2_PLACEMENT_3D('',#5171,#4165,#4166);
#3344=AXIS2_PLACEMENT_3D('',#5173,#4167,#4168);
#3345=AXIS2_PLACEMENT_3D('',#5174,#4169,#4170);
#3346=AXIS2_PLACEMENT_3D('',#5175,#4171,#4172);
#3347=AXIS2_PLACEMENT_3D('',#5177,#4174,#4175);
#3348=AXIS2_PLACEMENT_3D('',#5178,#4176,#4177);
#3349=AXIS2_PLACEMENT_3D('',#5179,#4178,#4179);
#3350=AXIS2_PLACEMENT_3D('',#5212,#4182,#4183);
#3351=AXIS2_PLACEMENT_3D('',#5215,#4185,#4186);
#3352=AXIS2_PLACEMENT_3D('',#5216,#4187,#4188);
#3353=AXIS2_PLACEMENT_3D('',#5218,#4190,#4191);
#3354=AXIS2_PLACEMENT_3D('',#5220,#4192,#4193);
#3355=AXIS2_PLACEMENT_3D('',#5221,#4194,#4195);
#3356=AXIS2_PLACEMENT_3D('',#5222,#4196,#4197);
#3357=AXIS2_PLACEMENT_3D('',#5223,#4198,#4199);
#3358=AXIS2_PLACEMENT_3D('',#5226,#4201,#4202);
#3359=AXIS2_PLACEMENT_3D('',#5227,#4203,#4204);
#3360=AXIS2_PLACEMENT_3D('',#5228,#4205,#4206);
#3361=AXIS2_PLACEMENT_3D('',#5229,#4207,#4208);
#3362=AXIS2_PLACEMENT_3D('',#5232,#4210,#4211);
#3363=AXIS2_PLACEMENT_3D('',#5233,#4212,#4213);
#3364=AXIS2_PLACEMENT_3D('',#5234,#4214,#4215);
#3365=AXIS2_PLACEMENT_3D('',#5235,#4216,#4217);
#3366=AXIS2_PLACEMENT_3D('',#5238,#4219,#4220);
#3367=AXIS2_PLACEMENT_3D('',#5239,#4221,#4222);
#3368=AXIS2_PLACEMENT_3D('',#5241,#4223,#4224);
#3369=AXIS2_PLACEMENT_3D('',#5242,#4225,#4226);
#3370=AXIS2_PLACEMENT_3D('',#5243,#4227,#4228);
#3371=AXIS2_PLACEMENT_3D('',#5245,#4230,#4231);
#3372=AXIS2_PLACEMENT_3D('',#5246,#4232,#4233);
#3373=AXIS2_PLACEMENT_3D('',#5247,#4234,#4235);
#3374=AXIS2_PLACEMENT_3D('',#5248,#4236,#4237);
#3375=AXIS2_PLACEMENT_3D('',#5251,#4238,#4239);
#3376=AXIS2_PLACEMENT_3D('',#5252,#4240,#4241);
#3377=AXIS2_PLACEMENT_3D('',#5253,#4242,#4243);
#3378=AXIS2_PLACEMENT_3D('',#5254,#4244,#4245);
#3379=AXIS2_PLACEMENT_3D('',#5255,#4246,#4247);
#3380=AXIS2_PLACEMENT_3D('',#5256,#4248,#4249);
#3381=AXIS2_PLACEMENT_3D('',#5257,#4250,#4251);
#3382=AXIS2_PLACEMENT_3D('',#5259,#4253,#4254);
#3383=AXIS2_PLACEMENT_3D('',#5261,#4256,#4257);
#3384=AXIS2_PLACEMENT_3D('',#5262,#4258,#4259);
#3385=AXIS2_PLACEMENT_3D('',#5264,#4261,#4262);
#3386=AXIS2_PLACEMENT_3D('',#5266,#4264,#4265);
#3387=AXIS2_PLACEMENT_3D('',#5267,#4266,#4267);
#3388=AXIS2_PLACEMENT_3D('',#5270,#4268,#4269);
#3389=AXIS2_PLACEMENT_3D('',#5271,#4270,#4271);
#3390=AXIS2_PLACEMENT_3D('',#5272,#4272,#4273);
#3391=AXIS2_PLACEMENT_3D('',#5274,#4274,#4275);
#3392=AXIS2_PLACEMENT_3D('',#5275,#4276,#4277);
#3393=AXIS2_PLACEMENT_3D('',#5276,#4278,#4279);
#3394=AXIS2_PLACEMENT_3D('',#5278,#4280,#4281);
#3395=AXIS2_PLACEMENT_3D('',#5280,#4283,#4284);
#3396=AXIS2_PLACEMENT_3D('',#5282,#4285,#4286);
#3397=AXIS2_PLACEMENT_3D('',#5283,#4287,#4288);
#3398=AXIS2_PLACEMENT_3D('',#5285,#4289,#4290);
#3399=AXIS2_PLACEMENT_3D('',#5287,#4292,#4293);
#3400=AXIS2_PLACEMENT_3D('',#5289,#4294,#4295);
#3401=AXIS2_PLACEMENT_3D('',#5290,#4296,#4297);
#3402=AXIS2_PLACEMENT_3D('',#5291,#4298,#4299);
#3403=AXIS2_PLACEMENT_3D('',#5300,#4304,#4305);
#3404=AXIS2_PLACEMENT_3D('',#5314,#4313,#4314);
#3405=AXIS2_PLACEMENT_3D('',#5319,#4316,#4317);
#3406=AXIS2_PLACEMENT_3D('',#5321,#4319,#4320);
#3407=AXIS2_PLACEMENT_3D('',#5322,#4321,#4322);
#3408=AXIS2_PLACEMENT_3D('',#5334,#4329,#4330);
#3409=AXIS2_PLACEMENT_3D('',#5338,#4332,#4333);
#3410=AXIS2_PLACEMENT_3D('',#5339,#4334,#4335);
#3411=AXIS2_PLACEMENT_3D('',#5340,#4336,#4337);
#3412=AXIS2_PLACEMENT_3D('',#5342,#4338,#4339);
#3413=AXIS2_PLACEMENT_3D('',#5345,#4341,#4342);
#3414=AXIS2_PLACEMENT_3D('',#5346,#4343,#4344);
#3415=AXIS2_PLACEMENT_3D('',#5348,#4345,#4346);
#3416=AXIS2_PLACEMENT_3D('',#5350,#4348,#4349);
#3417=AXIS2_PLACEMENT_3D('',#5352,#4350,#4351);
#3418=AXIS2_PLACEMENT_3D('',#5354,#4352,#4353);
#3419=AXIS2_PLACEMENT_3D('',#5356,#4355,#4356);
#3420=AXIS2_PLACEMENT_3D('',#5358,#4357,#4358);
#3421=AXIS2_PLACEMENT_3D('',#5361,#4360,#4361);
#3422=AXIS2_PLACEMENT_3D('',#5362,#4362,#4363);
#3423=AXIS2_PLACEMENT_3D('',#5364,#4364,#4365);
#3424=AXIS2_PLACEMENT_3D('',#5366,#4367,#4368);
#3425=AXIS2_PLACEMENT_3D('',#5370,#4371,#4372);
#3426=AXIS2_PLACEMENT_3D('',#5371,#4373,#4374);
#3427=AXIS2_PLACEMENT_3D('',#5372,#4375,#4376);
#3428=AXIS2_PLACEMENT_3D('',#5374,#4377,#4378);
#3429=AXIS2_PLACEMENT_3D('',#5377,#4380,#4381);
#3430=AXIS2_PLACEMENT_3D('',#5378,#4382,#4383);
#3431=AXIS2_PLACEMENT_3D('',#5380,#4384,#4385);
#3432=AXIS2_PLACEMENT_3D('',#5382,#4386,#4387);
#3433=AXIS2_PLACEMENT_3D('',#5384,#4389,#4390);
#3434=AXIS2_PLACEMENT_3D('',#5386,#4391,#4392);
#3435=AXIS2_PLACEMENT_3D('',#5389,#4394,#4395);
#3436=AXIS2_PLACEMENT_3D('',#5390,#4396,#4397);
#3437=AXIS2_PLACEMENT_3D('',#5392,#4398,#4399);
#3438=AXIS2_PLACEMENT_3D('',#5394,#4401,#4402);
#3439=AXIS2_PLACEMENT_3D('',#5396,#4404,#4405);
#3440=AXIS2_PLACEMENT_3D('',#5397,#4406,#4407);
#3441=AXIS2_PLACEMENT_3D('',#5398,#4408,#4409);
#3442=AXIS2_PLACEMENT_3D('',#5399,#4410,#4411);
#3443=AXIS2_PLACEMENT_3D('',#5400,#4412,#4413);
#3444=AXIS2_PLACEMENT_3D('',#5403,#4416,#4417);
#3445=AXIS2_PLACEMENT_3D('',#5404,#4418,#4419);
#3446=AXIS2_PLACEMENT_3D('',#5405,#4420,#4421);
#3447=AXIS2_PLACEMENT_3D('',#5409,#4424,#4425);
#3448=AXIS2_PLACEMENT_3D('',#5410,#4426,#4427);
#3449=AXIS2_PLACEMENT_3D('',#5411,#4428,#4429);
#3450=AXIS2_PLACEMENT_3D('',#5412,#4430,#4431);
#3451=AXIS2_PLACEMENT_3D('',#5415,#4434,#4435);
#3452=AXIS2_PLACEMENT_3D('',#5416,#4436,#4437);
#3453=AXIS2_PLACEMENT_3D('',#5417,#4438,#4439);
#3454=AXIS2_PLACEMENT_3D('',#5418,#4440,#4441);
#3455=AXIS2_PLACEMENT_3D('',#5419,#4442,#4443);
#3456=AXIS2_PLACEMENT_3D('',#5420,#4444,#4445);
#3457=AXIS2_PLACEMENT_3D('',#5421,#4446,#4447);
#3458=AXIS2_PLACEMENT_3D('',#5422,#4448,#4449);
#3459=AXIS2_PLACEMENT_3D('',#5423,#4450,#4451);
#3460=AXIS2_PLACEMENT_3D('',#5424,#4452,#4453);
#3461=AXIS2_PLACEMENT_3D('',#5425,#4454,#4455);
#3462=AXIS2_PLACEMENT_3D('',#5426,#4456,#4457);
#3463=AXIS2_PLACEMENT_3D('',#5427,#4458,#4459);
#3464=AXIS2_PLACEMENT_3D('',#5429,#4460,#4461);
#3465=AXIS2_PLACEMENT_3D('',#5430,#4462,#4463);
#3466=AXIS2_PLACEMENT_3D('',#5431,#4464,#4465);
#3467=AXIS2_PLACEMENT_3D('',#5433,#4466,#4467);
#3468=AXIS2_PLACEMENT_3D('',#5435,#4469,#4470);
#3469=DIRECTION('axis',(0.,0.,1.));
#3470=DIRECTION('refdir',(1.,0.,0.));
#3471=DIRECTION('center_axis',(0.,1.,-2.2E-16));
#3472=DIRECTION('ref_axis',(-1.,0.,0.));
#3473=DIRECTION('',(0.,-2.2E-16,-1.));
#3474=DIRECTION('',(-1.,0.,0.));
#3475=DIRECTION('',(0.,-2.2E-16,-1.));
#3476=DIRECTION('',(-1.,0.,0.));
#3477=DIRECTION('',(0.,-4.4E-16,1.));
#3478=DIRECTION('',(-1.,0.,0.));
#3479=DIRECTION('',(0.,4.4E-16,-1.));
#3480=DIRECTION('center_axis',(0.,-1.,0.));
#3481=DIRECTION('ref_axis',(0.,0.,-1.));
#3482=DIRECTION('',(-1.,0.,0.));
#3483=DIRECTION('center_axis',(0.,1.,0.));
#3484=DIRECTION('ref_axis',(0.,0.,1.));
#3485=DIRECTION('',(0.,4.4E-16,-1.));
#3486=DIRECTION('center_axis',(0.,-1.,0.));
#3487=DIRECTION('ref_axis',(0.,0.,1.));
#3488=DIRECTION('',(-1.,0.,0.));
#3489=DIRECTION('center_axis',(0.,1.,0.));
#3490=DIRECTION('ref_axis',(0.,0.,1.));
#3491=DIRECTION('',(0.,-4.4E-16,1.));
#3492=DIRECTION('',(-1.,0.,0.));
#3493=DIRECTION('center_axis',(1.,0.,0.));
#3494=DIRECTION('ref_axis',(0.,-2.2E-16,1.));
#3495=DIRECTION('',(0.,1.,0.));
#3496=DIRECTION('center_axis',(-1.,0.,0.));
#3497=DIRECTION('ref_axis',(0.,-1.,0.));
#3498=DIRECTION('',(0.,0.,-1.));
#3499=DIRECTION('center_axis',(-1.,0.,0.));
#3500=DIRECTION('ref_axis',(0.,-1.,0.));
#3501=DIRECTION('',(0.,-1.,-2.2E-16));
#3502=DIRECTION('center_axis',(-1.,0.,0.));
#3503=DIRECTION('ref_axis',(0.,1.,0.));
#3504=DIRECTION('',(0.,0.,-1.));
#3505=DIRECTION('center_axis',(-1.,0.,0.));
#3506=DIRECTION('ref_axis',(0.,0.,1.));
#3507=DIRECTION('',(0.,1.,0.));
#3508=DIRECTION('center_axis',(0.,1.,0.));
#3509=DIRECTION('ref_axis',(1.,0.,0.));
#3510=DIRECTION('center_axis',(0.,-1.,0.));
#3511=DIRECTION('ref_axis',(1.,0.,0.));
#3512=DIRECTION('',(0.,1.,0.));
#3513=DIRECTION('center_axis',(0.,0.,1.));
#3514=DIRECTION('ref_axis',(0.,-1.,0.));
#3515=DIRECTION('',(0.,1.,0.));
#3516=DIRECTION('',(-1.,0.,0.));
#3517=DIRECTION('center_axis',(0.,0.,1.));
#3518=DIRECTION('ref_axis',(0.,-1.,0.));
#3519=DIRECTION('',(-1.,0.,0.));
#3520=DIRECTION('',(0.,1.,0.));
#3521=DIRECTION('center_axis',(-1.,0.,0.));
#3522=DIRECTION('ref_axis',(0.,2.2E-16,-1.));
#3523=DIRECTION('center_axis',(1.,0.,0.));
#3524=DIRECTION('ref_axis',(0.,-1.,0.));
#3525=DIRECTION('',(0.,0.,-1.));
#3526=DIRECTION('center_axis',(1.,0.,0.));
#3527=DIRECTION('ref_axis',(0.,-1.,0.));
#3528=DIRECTION('',(0.,1.,0.));
#3529=DIRECTION('center_axis',(-1.,0.,0.));
#3530=DIRECTION('ref_axis',(0.,0.,1.));
#3531=DIRECTION('',(0.,0.,-1.));
#3532=DIRECTION('center_axis',(-1.,0.,0.));
#3533=DIRECTION('ref_axis',(0.,1.,0.));
#3534=DIRECTION('',(0.,-1.,-2.2E-16));
#3535=DIRECTION('center_axis',(0.,1.,0.));
#3536=DIRECTION('ref_axis',(-1.,0.,0.));
#3537=DIRECTION('center_axis',(0.,1.,0.));
#3538=DIRECTION('ref_axis',(-1.,0.,0.));
#3539=DIRECTION('center_axis',(0.,-2.2E-16,-1.));
#3540=DIRECTION('ref_axis',(0.,1.,-2.2E-16));
#3541=DIRECTION('center_axis',(0.,2.2E-16,1.));
#3542=DIRECTION('ref_axis',(1.,-1.E-17,2.2E-33));
#3543=DIRECTION('',(0.,-2.2E-16,-1.));
#3544=DIRECTION('center_axis',(0.,2.2E-16,1.));
#3545=DIRECTION('ref_axis',(1.,1.E-17,-2.2E-33));
#3546=DIRECTION('center_axis',(-1.,0.,0.));
#3547=DIRECTION('ref_axis',(0.,-2.2E-16,-1.));
#3548=DIRECTION('center_axis',(1.,-5.E-17,0.));
#3549=DIRECTION('ref_axis',(5.E-17,1.,-2.2E-16));
#3550=DIRECTION('',(-1.,0.,0.));
#3551=DIRECTION('center_axis',(1.,0.,0.));
#3552=DIRECTION('ref_axis',(0.,-2.2E-16,-1.));
#3553=DIRECTION('center_axis',(-1.,0.,0.));
#3554=DIRECTION('ref_axis',(0.,2.2E-16,1.));
#3555=DIRECTION('center_axis',(-1.,7.E-17,0.));
#3556=DIRECTION('ref_axis',(7.E-17,1.,-2.2E-16));
#3557=DIRECTION('center_axis',(-1.,0.,0.));
#3558=DIRECTION('ref_axis',(0.,2.2E-16,1.));
#3559=DIRECTION('',(-1.,0.,0.));
#3560=DIRECTION('center_axis',(0.,-2.2E-16,-1.));
#3561=DIRECTION('ref_axis',(-1.,0.,0.));
#3562=DIRECTION('',(0.,-2.2E-16,-1.));
#3563=DIRECTION('center_axis',(0.,2.2E-16,1.));
#3564=DIRECTION('ref_axis',(0.,1.,-2.2E-16));
#3565=DIRECTION('center_axis',(0.,2.2E-16,1.));
#3566=DIRECTION('ref_axis',(0.,1.,-2.2E-16));
#3567=DIRECTION('center_axis',(-1.,0.,0.));
#3568=DIRECTION('ref_axis',(0.,2.2E-16,-1.));
#3569=DIRECTION('center_axis',(1.,0.,0.));
#3570=DIRECTION('ref_axis',(0.,-1.,0.));
#3571=DIRECTION('',(0.,0.,-1.));
#3572=DIRECTION('center_axis',(1.,0.,0.));
#3573=DIRECTION('ref_axis',(0.,-1.,0.));
#3574=DIRECTION('',(0.,1.,0.));
#3575=DIRECTION('',(0.,1.,0.));
#3576=DIRECTION('center_axis',(-1.,0.,0.));
#3577=DIRECTION('ref_axis',(0.,0.,1.));
#3578=DIRECTION('',(0.,0.,-1.));
#3579=DIRECTION('center_axis',(-1.,0.,0.));
#3580=DIRECTION('ref_axis',(0.,1.,0.));
#3581=DIRECTION('',(0.,-1.,-2.2E-16));
#3582=DIRECTION('center_axis',(0.,1.,0.));
#3583=DIRECTION('ref_axis',(-1.,0.,0.));
#3584=DIRECTION('',(0.,1.,0.));
#3585=DIRECTION('center_axis',(0.,1.,0.));
#3586=DIRECTION('ref_axis',(-1.,0.,0.));
#3587=DIRECTION('center_axis',(0.,0.,1.));
#3588=DIRECTION('ref_axis',(0.,-1.,0.));
#3589=DIRECTION('',(0.,-1.,0.));
#3590=DIRECTION('',(-1.,0.,0.));
#3591=DIRECTION('center_axis',(0.,0.,1.));
#3592=DIRECTION('ref_axis',(0.,-1.,0.));
#3593=DIRECTION('',(-1.,0.,0.));
#3594=DIRECTION('',(0.,-1.,0.));
#3595=DIRECTION('center_axis',(1.,0.,0.));
#3596=DIRECTION('ref_axis',(0.,-2.2E-16,1.));
#3597=DIRECTION('center_axis',(1.,0.,0.));
#3598=DIRECTION('ref_axis',(0.,-1.,0.));
#3599=DIRECTION('',(0.,0.,1.));
#3600=DIRECTION('center_axis',(1.,0.,0.));
#3601=DIRECTION('ref_axis',(0.,-1.,0.));
#3602=DIRECTION('',(0.,1.,2.2E-16));
#3603=DIRECTION('center_axis',(1.,0.,0.));
#3604=DIRECTION('ref_axis',(0.,-8.0363565128974E-7,-0.999999999999677));
#3605=DIRECTION('',(0.,0.,1.));
#3606=DIRECTION('center_axis',(1.,0.,0.));
#3607=DIRECTION('ref_axis',(0.,1.,0.));
#3608=DIRECTION('',(0.,-1.,0.));
#3609=DIRECTION('center_axis',(0.,-1.,0.));
#3610=DIRECTION('ref_axis',(1.,0.,0.));
#3611=DIRECTION('center_axis',(0.,-1.,-8.3E-16));
#3612=DIRECTION('ref_axis',(0.,-8.3E-16,1.));
#3613=DIRECTION('center_axis',(-1.,0.,0.));
#3614=DIRECTION('ref_axis',(0.,0.,1.));
#3615=DIRECTION('center_axis',(0.,-7.61E-15,1.));
#3616=DIRECTION('ref_axis',(0.,1.,7.61E-15));
#3617=DIRECTION('center_axis',(-1.,0.,0.));
#3618=DIRECTION('ref_axis',(0.,0.,1.));
#3619=DIRECTION('center_axis',(1.,0.,0.));
#3620=DIRECTION('ref_axis',(0.,-1.,0.));
#3621=DIRECTION('',(-1.,0.,0.));
#3622=DIRECTION('center_axis',(0.,0.,-1.));
#3623=DIRECTION('ref_axis',(1.,0.,0.));
#3624=DIRECTION('center_axis',(0.,0.,1.));
#3625=DIRECTION('ref_axis',(1.,0.,0.));
#3626=DIRECTION('',(0.,0.,-1.));
#3627=DIRECTION('center_axis',(0.,1.,0.));
#3628=DIRECTION('ref_axis',(0.,0.,1.));
#3629=DIRECTION('',(-1.,0.,0.));
#3630=DIRECTION('center_axis',(-1.,0.,0.));
#3631=DIRECTION('ref_axis',(0.,1.,0.));
#3632=DIRECTION('center_axis',(0.,0.999999999999677,-8.03635649519741E-7));
#3633=DIRECTION('ref_axis',(0.,-8.03635649519741E-7,-0.999999999999677));
#3634=DIRECTION('center_axis',(-1.,0.,0.));
#3635=DIRECTION('ref_axis',(0.,1.,0.));
#3636=DIRECTION('center_axis',(1.,0.,0.));
#3637=DIRECTION('ref_axis',(0.,-1.,0.));
#3638=DIRECTION('',(-1.,0.,0.));
#3639=DIRECTION('center_axis',(0.,-1.,-2.2E-16));
#3640=DIRECTION('ref_axis',(1.,0.,0.));
#3641=DIRECTION('',(0.,-1.,-2.2E-16));
#3642=DIRECTION('center_axis',(1.,0.,0.));
#3643=DIRECTION('ref_axis',(0.,-1.,0.));
#3644=DIRECTION('',(-1.,0.,0.));
#3645=DIRECTION('center_axis',(-1.,0.,0.));
#3646=DIRECTION('ref_axis',(0.,0.,1.));
#3647=DIRECTION('center_axis',(0.,-1.,-2.2E-16));
#3648=DIRECTION('ref_axis',(-1.,0.,0.));
#3649=DIRECTION('center_axis',(0.,-0.999999999999677,8.03635649519741E-7));
#3650=DIRECTION('ref_axis',(0.,-8.03635649519741E-7,-0.999999999999677));
#3651=DIRECTION('',(0.,-1.,-2.2E-16));
#3652=DIRECTION('center_axis',(1.,0.,0.));
#3653=DIRECTION('ref_axis',(0.,1.,0.));
#3654=DIRECTION('center_axis',(0.,0.,-1.));
#3655=DIRECTION('ref_axis',(-1.,0.,0.));
#3656=DIRECTION('center_axis',(-1.,0.,0.));
#3657=DIRECTION('ref_axis',(0.,1.,0.));
#3658=DIRECTION('center_axis',(0.,0.,-1.));
#3659=DIRECTION('ref_axis',(-1.,0.,0.));
#3660=DIRECTION('center_axis',(0.,7.61E-15,-1.));
#3661=DIRECTION('ref_axis',(0.,1.,7.61E-15));
#3662=DIRECTION('',(0.,0.,-1.));
#3663=DIRECTION('center_axis',(1.,0.,0.));
#3664=DIRECTION('ref_axis',(0.,0.,1.));
#3665=DIRECTION('center_axis',(0.,2.2E-16,1.));
#3666=DIRECTION('ref_axis',(1.,0.,0.));
#3667=DIRECTION('center_axis',(0.,-1.,2.2E-16));
#3668=DIRECTION('ref_axis',(0.,-2.2E-16,-1.));
#3669=DIRECTION('center_axis',(0.,2.2E-16,1.));
#3670=DIRECTION('ref_axis',(1.,1.E-17,-2.2E-33));
#3671=DIRECTION('center_axis',(0.,-2.2E-16,-1.));
#3672=DIRECTION('ref_axis',(1.,0.,0.));
#3673=DIRECTION('center_axis',(0.,1.,-2.2E-16));
#3674=DIRECTION('ref_axis',(0.,2.2E-16,1.));
#3675=DIRECTION('center_axis',(0.,2.2E-16,1.));
#3676=DIRECTION('ref_axis',(1.,-1.E-17,2.2E-33));
#3677=DIRECTION('center_axis',(1.,0.,0.));
#3678=DIRECTION('ref_axis',(0.,1.,-2.2E-16));
#3679=DIRECTION('',(0.,1.,-2.2E-16));
#3680=DIRECTION('',(0.,-2.2E-16,-1.));
#3681=DIRECTION('',(0.,1.,-2.2E-16));
#3682=DIRECTION('center_axis',(0.,2.2E-16,1.));
#3683=DIRECTION('ref_axis',(0.,1.,-2.2E-16));
#3684=DIRECTION('',(0.,1.,-2.2E-16));
#3685=DIRECTION('',(-1.,0.,0.));
#3686=DIRECTION('',(0.,-1.,2.2E-16));
#3687=DIRECTION('',(1.,0.,0.));
#3688=DIRECTION('',(0.,1.,-2.2E-16));
#3689=DIRECTION('center_axis',(0.,2.2E-16,1.));
#3690=DIRECTION('ref_axis',(0.,-1.,2.2E-16));
#3691=DIRECTION('',(1.,0.,0.));
#3692=DIRECTION('center_axis',(0.,2.2E-16,1.));
#3693=DIRECTION('ref_axis',(-1.,1.E-17,-2.2E-33));
#3694=DIRECTION('',(0.,-1.,2.2E-16));
#3695=DIRECTION('center_axis',(0.,2.2E-16,1.));
#3696=DIRECTION('ref_axis',(0.,1.,-2.2E-16));
#3697=DIRECTION('center_axis',(0.,-2.2E-16,-1.));
#3698=DIRECTION('ref_axis',(1.,0.,0.));
#3699=DIRECTION('center_axis',(0.,-2.2E-16,-1.));
#3700=DIRECTION('ref_axis',(1.,0.,0.));
#3701=DIRECTION('center_axis',(0.,2.2E-16,1.));
#3702=DIRECTION('ref_axis',(0.,1.,0.));
#3703=DIRECTION('center_axis',(6.E-17,1.,-2.2E-16));
#3704=DIRECTION('ref_axis',(-1.,6.E-17,0.));
#3705=DIRECTION('center_axis',(0.,2.2E-16,1.));
#3706=DIRECTION('ref_axis',(0.,1.,-2.2E-16));
#3707=DIRECTION('',(-1.,0.,0.));
#3708=DIRECTION('',(0.,1.,-2.2E-16));
#3709=DIRECTION('center_axis',(0.,2.2E-16,1.));
#3710=DIRECTION('ref_axis',(0.,1.,-2.2E-16));
#3711=DIRECTION('',(0.,-1.,2.2E-16));
#3712=DIRECTION('center_axis',(0.,2.2E-16,1.));
#3713=DIRECTION('ref_axis',(-1.,-1.E-17,2.2E-33));
#3714=DIRECTION('',(1.,0.,0.));
#3715=DIRECTION('center_axis',(0.,2.2E-16,1.));
#3716=DIRECTION('ref_axis',(0.,-1.,2.2E-16));
#3717=DIRECTION('',(0.,1.,-2.2E-16));
#3718=DIRECTION('',(1.,0.,0.));
#3719=DIRECTION('',(0.,-1.,0.));
#3720=DIRECTION('center_axis',(0.,2.2E-16,1.));
#3721=DIRECTION('ref_axis',(1.,-1.E-17,2.2E-33));
#3722=DIRECTION('center_axis',(0.,0.,1.));
#3723=DIRECTION('ref_axis',(1.,0.,0.));
#3724=DIRECTION('center_axis',(0.,2.2E-16,1.));
#3725=DIRECTION('ref_axis',(0.,-1.,2.2E-16));
#3726=DIRECTION('center_axis',(0.,2.2E-16,1.));
#3727=DIRECTION('ref_axis',(-1.,-9.E-16,1.98E-31));
#3728=DIRECTION('center_axis',(0.,2.2E-16,1.));
#3729=DIRECTION('ref_axis',(8.9E-16,1.,-2.2E-16));
#3730=DIRECTION('center_axis',(0.,-2.2E-16,-1.));
#3731=DIRECTION('ref_axis',(0.,1.,0.));
#3732=DIRECTION('center_axis',(-6.E-17,-1.,2.2E-16));
#3733=DIRECTION('ref_axis',(-1.,6.E-17,0.));
#3734=DIRECTION('center_axis',(-1.,0.,0.));
#3735=DIRECTION('ref_axis',(0.,-1.,2.2E-16));
#3736=DIRECTION('',(0.,-1.,2.2E-16));
#3737=DIRECTION('',(0.,-2.2E-16,-1.));
#3738=DIRECTION('',(0.,-1.,2.2E-16));
#3739=DIRECTION('center_axis',(1.,0.,0.));
#3740=DIRECTION('ref_axis',(0.,-1.,0.));
#3741=DIRECTION('',(-1.,0.,0.));
#3742=DIRECTION('',(-1.,0.,0.));
#3743=DIRECTION('center_axis',(0.,-1.,-2.2E-16));
#3744=DIRECTION('ref_axis',(-1.,0.,0.));
#3745=DIRECTION('center_axis',(0.,-0.999999999999677,8.03635649519741E-7));
#3746=DIRECTION('ref_axis',(0.,-8.03635649519741E-7,-0.999999999999677));
#3747=DIRECTION('',(0.,-1.,-2.2E-16));
#3748=DIRECTION('center_axis',(0.,1.,0.));
#3749=DIRECTION('ref_axis',(0.,0.,1.));
#3750=DIRECTION('',(-1.,0.,0.));
#3751=DIRECTION('center_axis',(1.,0.,0.));
#3752=DIRECTION('ref_axis',(0.,1.,0.));
#3753=DIRECTION('center_axis',(0.,0.,-1.));
#3754=DIRECTION('ref_axis',(-1.,0.,0.));
#3755=DIRECTION('center_axis',(-1.,0.,0.));
#3756=DIRECTION('ref_axis',(0.,1.,0.));
#3757=DIRECTION('center_axis',(1.,0.,0.));
#3758=DIRECTION('ref_axis',(0.,-1.,0.));
#3759=DIRECTION('center_axis',(0.,0.,-1.));
#3760=DIRECTION('ref_axis',(-1.,0.,0.));
#3761=DIRECTION('center_axis',(0.,7.61E-15,-1.));
#3762=DIRECTION('ref_axis',(0.,1.,7.61E-15));
#3763=DIRECTION('',(0.,0.,-1.));
#3764=DIRECTION('center_axis',(1.,0.,0.));
#3765=DIRECTION('ref_axis',(0.,0.,1.));
#3766=DIRECTION('center_axis',(-1.,0.,0.));
#3767=DIRECTION('ref_axis',(0.,0.,1.));
#3768=DIRECTION('center_axis',(1.,0.,0.));
#3769=DIRECTION('ref_axis',(0.,-1.,0.));
#3770=DIRECTION('',(-1.,0.,0.));
#3771=DIRECTION('center_axis',(1.,0.,0.));
#3772=DIRECTION('ref_axis',(0.,1.,0.));
#3773=DIRECTION('center_axis',(-1.,0.,0.));
#3774=DIRECTION('ref_axis',(0.,1.,0.));
#3775=DIRECTION('center_axis',(0.,0.,1.));
#3776=DIRECTION('ref_axis',(1.,0.,0.));
#3777=DIRECTION('center_axis',(0.,0.,1.));
#3778=DIRECTION('ref_axis',(1.,0.,0.));
#3779=DIRECTION('center_axis',(0.,-9.E-16,1.));
#3780=DIRECTION('ref_axis',(0.,1.,9.E-16));
#3781=DIRECTION('',(0.,0.,1.));
#3782=DIRECTION('center_axis',(-1.,0.,0.));
#3783=DIRECTION('ref_axis',(0.,-8.0363565128386E-7,-0.999999999999677));
#3784=DIRECTION('center_axis',(0.,1.,2.2E-16));
#3785=DIRECTION('ref_axis',(1.,0.,0.));
#3786=DIRECTION('center_axis',(1.,0.,0.));
#3787=DIRECTION('ref_axis',(0.,-8.0363565128974E-7,-0.999999999999677));
#3788=DIRECTION('center_axis',(0.,1.,2.2E-16));
#3789=DIRECTION('ref_axis',(1.,0.,0.));
#3790=DIRECTION('',(0.,1.,2.2E-16));
#3791=DIRECTION('center_axis',(0.,1.,0.));
#3792=DIRECTION('ref_axis',(0.,0.,1.));
#3793=DIRECTION('',(-1.,0.,0.));
#3794=DIRECTION('center_axis',(1.,0.,0.));
#3795=DIRECTION('ref_axis',(0.,-1.,0.));
#3796=DIRECTION('',(-1.,0.,0.));
#3797=DIRECTION('center_axis',(0.,2.2E-16,-1.));
#3798=DIRECTION('ref_axis',(1.,0.,0.));
#3799=DIRECTION('center_axis',(0.,1.,-2.2E-16));
#3800=DIRECTION('ref_axis',(0.,-2.2E-16,-1.));
#3801=DIRECTION('center_axis',(-0.707106781186548,-0.707106781186548,1.59999999999898E-16));
#3802=DIRECTION('ref_axis',(-0.707106781186548,0.707106781186548,-1.59999999999898E-16));
#3803=DIRECTION('center_axis',(0.,1.,-2.2E-16));
#3804=DIRECTION('ref_axis',(0.,2.2E-16,1.));
#3805=DIRECTION('center_axis',(0.,1.,-2.2E-16));
#3806=DIRECTION('ref_axis',(0.,2.2E-16,1.));
#3807=DIRECTION('center_axis',(0.,1.,-2.2E-16));
#3808=DIRECTION('ref_axis',(-1.,0.,0.));
#3809=DIRECTION('',(0.,-2.2E-16,-1.));
#3810=DIRECTION('',(-1.,0.,0.));
#3811=DIRECTION('center_axis',(-1.,0.,0.));
#3812=DIRECTION('ref_axis',(0.,-1.,2.2E-16));
#3813=DIRECTION('center_axis',(0.707106781186548,0.707106781186548,-1.59999999999898E-16));
#3814=DIRECTION('ref_axis',(-0.707106781186548,0.707106781186548,-1.59999999999898E-16));
#3815=DIRECTION('center_axis',(0.,-1.,2.2E-16));
#3816=DIRECTION('ref_axis',(1.,0.,0.));
#3817=DIRECTION('',(0.,-1.,2.2E-16));
#3818=DIRECTION('center_axis',(-0.707106781186548,0.707106781186548,-1.59999999999898E-16));
#3819=DIRECTION('ref_axis',(0.707106781186548,0.707106781186548,-1.59999999999898E-16));
#3820=DIRECTION('center_axis',(1.,0.,0.));
#3821=DIRECTION('ref_axis',(0.,1.,-2.2E-16));
#3822=DIRECTION('',(1.,0.,0.));
#3823=DIRECTION('center_axis',(0.707106781186548,-0.707106781186548,1.59999999999898E-16));
#3824=DIRECTION('ref_axis',(0.707106781186548,0.707106781186548,-1.59999999999898E-16));
#3825=DIRECTION('center_axis',(0.,1.,-2.2E-16));
#3826=DIRECTION('ref_axis',(0.,-2.2E-16,-1.));
#3827=DIRECTION('center_axis',(-6.E-17,-1.,2.2E-16));
#3828=DIRECTION('ref_axis',(1.,-6.E-17,0.));
#3829=DIRECTION('',(0.,1.,-2.2E-16));
#3830=DIRECTION('center_axis',(0.,-1.,2.2E-16));
#3831=DIRECTION('ref_axis',(0.,-2.2E-16,-1.));
#3832=DIRECTION('center_axis',(0.,1.,-2.2E-16));
#3833=DIRECTION('ref_axis',(0.,-2.2E-16,-1.));
#3834=DIRECTION('center_axis',(0.,2.2E-16,1.));
#3835=DIRECTION('ref_axis',(0.,-1.,0.));
#3836=DIRECTION('center_axis',(-1.,0.,0.));
#3837=DIRECTION('ref_axis',(0.,-2.2E-16,-1.));
#3838=DIRECTION('center_axis',(0.,2.2E-16,1.));
#3839=DIRECTION('ref_axis',(0.,-1.,2.2E-16));
#3840=DIRECTION('center_axis',(0.,2.2E-16,1.));
#3841=DIRECTION('ref_axis',(-1.,0.,0.));
#3842=DIRECTION('center_axis',(-1.,7.4E-16,0.));
#3843=DIRECTION('ref_axis',(-7.4E-16,-1.,2.2E-16));
#3844=DIRECTION('center_axis',(0.,2.2E-16,1.));
#3845=DIRECTION('ref_axis',(-1.,1.E-17,-2.2E-33));
#3846=DIRECTION('center_axis',(1.,0.,0.));
#3847=DIRECTION('ref_axis',(0.,-2.2E-16,-1.));
#3848=DIRECTION('',(1.,0.,0.));
#3849=DIRECTION('center_axis',(0.,2.2E-16,1.));
#3850=DIRECTION('ref_axis',(1.,0.,0.));
#3851=DIRECTION('center_axis',(-1.22464679914735E-16,1.,-2.2E-16));
#3852=DIRECTION('ref_axis',(-1.,-1.22464679914735E-16,0.));
#3853=DIRECTION('center_axis',(0.,-2.2E-16,-1.));
#3854=DIRECTION('ref_axis',(1.,0.,0.));
#3855=DIRECTION('center_axis',(0.,2.2E-16,1.));
#3856=DIRECTION('ref_axis',(1.,0.,0.));
#3857=DIRECTION('center_axis',(-1.22464679914735E-16,1.,-2.2E-16));
#3858=DIRECTION('ref_axis',(-1.,-1.22464679914735E-16,0.));
#3859=DIRECTION('center_axis',(0.,-2.2E-16,-1.));
#3860=DIRECTION('ref_axis',(1.,0.,0.));
#3861=DIRECTION('center_axis',(-1.,0.,0.));
#3862=DIRECTION('ref_axis',(0.,-1.,2.2E-16));
#3863=DIRECTION('',(0.,-2.2E-16,-1.));
#3864=DIRECTION('center_axis',(0.,-1.,2.2E-16));
#3865=DIRECTION('ref_axis',(1.,0.,0.));
#3866=DIRECTION('center_axis',(0.,1.,-2.2E-16));
#3867=DIRECTION('ref_axis',(0.,2.2E-16,1.));
#3868=DIRECTION('',(0.,-2.2E-16,-1.));
#3869=DIRECTION('center_axis',(0.,1.,-2.2E-16));
#3870=DIRECTION('ref_axis',(0.,2.2E-16,1.));
#3871=DIRECTION('center_axis',(6.E-17,1.,-2.2E-16));
#3872=DIRECTION('ref_axis',(1.,-6.E-17,0.));
#3873=DIRECTION('',(0.,1.,-2.2E-16));
#3874=DIRECTION('center_axis',(0.,-2.2E-16,-1.));
#3875=DIRECTION('ref_axis',(0.,-1.,0.));
#3876=DIRECTION('center_axis',(1.,0.,0.));
#3877=DIRECTION('ref_axis',(0.,2.2E-16,1.));
#3878=DIRECTION('center_axis',(0.,2.2E-16,1.));
#3879=DIRECTION('ref_axis',(0.,-1.,2.2E-16));
#3880=DIRECTION('center_axis',(0.,-1.,2.2E-16));
#3881=DIRECTION('ref_axis',(0.,2.2E-16,1.));
#3882=DIRECTION('center_axis',(0.,-1.,2.2E-16));
#3883=DIRECTION('ref_axis',(0.,2.2E-16,1.));
#3884=DIRECTION('center_axis',(1.,0.,0.));
#3885=DIRECTION('ref_axis',(0.,2.2E-16,1.));
#3886=DIRECTION('center_axis',(1.,-5.E-17,0.));
#3887=DIRECTION('ref_axis',(-5.E-17,-1.,2.2E-16));
#3888=DIRECTION('',(1.,0.,0.));
#3889=DIRECTION('center_axis',(0.,-2.2E-16,-1.));
#3890=DIRECTION('ref_axis',(-1.,0.,0.));
#3891=DIRECTION('center_axis',(0.,2.2E-16,1.));
#3892=DIRECTION('ref_axis',(-1.,-1.E-17,2.2E-33));
#3893=DIRECTION('center_axis',(0.,2.2E-16,1.));
#3894=DIRECTION('ref_axis',(1.,0.,0.));
#3895=DIRECTION('center_axis',(0.,2.2E-16,1.));
#3896=DIRECTION('ref_axis',(1.,-1.E-17,2.2E-33));
#3897=DIRECTION('center_axis',(0.,-1.,2.2E-16));
#3898=DIRECTION('ref_axis',(-1.,0.,0.));
#3899=DIRECTION('center_axis',(0.,2.2E-16,1.));
#3900=DIRECTION('ref_axis',(1.,0.,0.));
#3901=DIRECTION('center_axis',(0.,0.,1.));
#3902=DIRECTION('ref_axis',(1.,0.,0.));
#3903=DIRECTION('',(0.,2.2E-16,1.));
#3904=DIRECTION('center_axis',(0.,2.2E-16,1.));
#3905=DIRECTION('ref_axis',(0.,-1.,0.));
#3906=DIRECTION('center_axis',(0.,2.2E-16,1.));
#3907=DIRECTION('ref_axis',(0.,-1.,2.2E-16));
#3908=DIRECTION('center_axis',(-1.,0.,0.));
#3909=DIRECTION('ref_axis',(0.,1.,0.));
#3910=DIRECTION('center_axis',(0.,2.2E-16,1.));
#3911=DIRECTION('ref_axis',(-1.,-8.07434927000114E-16,0.));
#3912=DIRECTION('center_axis',(0.,2.2E-16,1.));
#3913=DIRECTION('ref_axis',(-1.,-9.E-16,1.98E-31));
#3914=DIRECTION('center_axis',(-1.00929365875014E-15,1.,-2.2E-16));
#3915=DIRECTION('ref_axis',(1.,1.00929365875014E-15,0.));
#3916=DIRECTION('center_axis',(0.,2.2E-16,1.));
#3917=DIRECTION('ref_axis',(8.07434927000114E-16,1.,0.));
#3918=DIRECTION('center_axis',(0.,2.2E-16,1.));
#3919=DIRECTION('ref_axis',(8.9E-16,1.,-2.2E-16));
#3920=DIRECTION('center_axis',(1.,-1.00929365875014E-15,2.22044604925031E-31));
#3921=DIRECTION('ref_axis',(-1.00929365875014E-15,-1.,0.));
#3922=DIRECTION('center_axis',(0.,-2.2E-16,-1.));
#3923=DIRECTION('ref_axis',(-1.,0.,0.));
#3924=DIRECTION('',(0.,-2.2E-16,-1.));
#3925=DIRECTION('center_axis',(0.,2.2E-16,-1.));
#3926=DIRECTION('ref_axis',(1.,0.,0.));
#3927=DIRECTION('',(-1.,0.,0.));
#3928=DIRECTION('center_axis',(1.,0.,0.));
#3929=DIRECTION('ref_axis',(0.,-1.,0.));
#3930=DIRECTION('',(-1.,0.,0.));
#3931=DIRECTION('center_axis',(0.,1.,0.));
#3932=DIRECTION('ref_axis',(0.,0.,1.));
#3933=DIRECTION('center_axis',(1.,0.,0.));
#3934=DIRECTION('ref_axis',(0.,1.,-2.2E-16));
#3935=DIRECTION('',(0.,-2.2E-16,-1.));
#3936=DIRECTION('center_axis',(0.,-2.2E-16,-1.));
#3937=DIRECTION('ref_axis',(0.,-1.,2.2E-16));
#3938=DIRECTION('',(0.,-2.2E-16,-1.));
#3939=DIRECTION('center_axis',(0.,-1.,2.2E-16));
#3940=DIRECTION('ref_axis',(1.,0.,0.));
#3941=DIRECTION('',(0.,0.,1.));
#3942=DIRECTION('center_axis',(0.,1.,0.));
#3943=DIRECTION('ref_axis',(0.,0.,1.));
#3944=DIRECTION('',(-1.,0.,0.));
#3945=DIRECTION('center_axis',(0.,-1.,0.));
#3946=DIRECTION('ref_axis',(0.,0.,-1.));
#3947=DIRECTION('',(0.,0.,-1.));
#3948=DIRECTION('',(-1.,0.,0.));
#3949=DIRECTION('',(0.,0.,-1.));
#3950=DIRECTION('',(-1.,0.,0.));
#3951=DIRECTION('',(0.,0.,1.));
#3952=DIRECTION('center_axis',(0.,1.,0.));
#3953=DIRECTION('ref_axis',(0.,0.,1.));
#3954=DIRECTION('',(-1.,0.,0.));
#3955=DIRECTION('center_axis',(0.,-1.,0.));
#3956=DIRECTION('ref_axis',(0.,0.,-1.));
#3957=DIRECTION('center_axis',(0.,2.2E-16,1.));
#3958=DIRECTION('ref_axis',(1.,0.,0.));
#3959=DIRECTION('',(0.,-2.2E-16,-1.));
#3960=DIRECTION('center_axis',(0.,0.,-1.));
#3961=DIRECTION('ref_axis',(1.,-3.6E-16,0.));
#3962=DIRECTION('center_axis',(0.,2.2E-16,1.));
#3963=DIRECTION('ref_axis',(1.,0.,0.));
#3964=DIRECTION('',(0.,-2.2E-16,-1.));
#3965=DIRECTION('center_axis',(0.,0.,-1.));
#3966=DIRECTION('ref_axis',(1.,-3.6E-16,0.));
#3967=DIRECTION('center_axis',(0.,2.2E-16,1.));
#3968=DIRECTION('ref_axis',(1.,0.,0.));
#3969=DIRECTION('center_axis',(-1.5E-16,2.6E-16,1.));
#3970=DIRECTION('ref_axis',(1.,1.E-17,1.5E-16));
#3971=DIRECTION('',(0.,2.2E-16,1.));
#3972=DIRECTION('center_axis',(0.,2.E-16,1.));
#3973=DIRECTION('ref_axis',(0.,1.,-2.E-16));
#3974=DIRECTION('center_axis',(0.,0.,1.));
#3975=DIRECTION('ref_axis',(1.,0.,0.));
#3976=DIRECTION('center_axis',(2.2E-16,0.,1.));
#3977=DIRECTION('ref_axis',(0.,-1.,0.));
#3978=DIRECTION('center_axis',(3.E-17,3.7E-16,1.));
#3979=DIRECTION('ref_axis',(0.,-1.,3.7E-16));
#3980=DIRECTION('',(2.2E-16,0.,1.));
#3981=DIRECTION('center_axis',(0.,-2.2E-16,1.));
#3982=DIRECTION('ref_axis',(-1.,0.,0.));
#3983=DIRECTION('center_axis',(1.5E-16,1.9E-16,1.));
#3984=DIRECTION('ref_axis',(-1.,-8.8E-16,1.5E-16));
#3985=DIRECTION('',(0.,-2.2E-16,1.));
#3986=DIRECTION('center_axis',(-2.2E-16,0.,1.));
#3987=DIRECTION('ref_axis',(0.,1.,0.));
#3988=DIRECTION('center_axis',(-3.E-17,7.E-17,1.));
#3989=DIRECTION('ref_axis',(8.9E-16,1.,-7.E-17));
#3990=DIRECTION('',(-2.2E-16,0.,1.));
#3991=DIRECTION('center_axis',(1.,0.,0.));
#3992=DIRECTION('ref_axis',(0.,-2.2E-16,-1.));
#3993=DIRECTION('',(0.,-1.,0.));
#3994=DIRECTION('center_axis',(1.,0.,0.));
#3995=DIRECTION('ref_axis',(0.,0.,1.));
#3996=DIRECTION('',(0.,0.,-1.));
#3997=DIRECTION('center_axis',(1.,0.,0.));
#3998=DIRECTION('ref_axis',(0.,-1.,0.));
#3999=DIRECTION('',(0.,1.,-2.2E-16));
#4000=DIRECTION('center_axis',(1.,0.,0.));
#4001=DIRECTION('ref_axis',(0.,1.,0.));
#4002=DIRECTION('',(0.,0.,-1.));
#4003=DIRECTION('center_axis',(1.,0.,0.));
#4004=DIRECTION('ref_axis',(0.,1.,0.));
#4005=DIRECTION('',(0.,-1.,0.));
#4006=DIRECTION('center_axis',(0.,-1.,0.));
#4007=DIRECTION('ref_axis',(1.,0.,0.));
#4008=DIRECTION('',(0.,-1.,0.));
#4009=DIRECTION('center_axis',(0.,-1.,0.));
#4010=DIRECTION('ref_axis',(1.,0.,0.));
#4011=DIRECTION('center_axis',(0.,0.,1.));
#4012=DIRECTION('ref_axis',(0.,-1.,0.));
#4013=DIRECTION('',(-1.,0.,0.));
#4014=DIRECTION('',(0.,1.,0.));
#4015=DIRECTION('center_axis',(0.,0.,1.));
#4016=DIRECTION('ref_axis',(0.,-1.,0.));
#4017=DIRECTION('',(-1.,0.,0.));
#4018=DIRECTION('',(0.,1.,0.));
#4019=DIRECTION('center_axis',(-1.,0.,0.));
#4020=DIRECTION('ref_axis',(0.,2.2E-16,1.));
#4021=DIRECTION('center_axis',(1.,0.,0.));
#4022=DIRECTION('ref_axis',(0.,1.,0.));
#4023=DIRECTION('',(0.,-1.,2.2E-16));
#4024=DIRECTION('center_axis',(-1.,0.,0.));
#4025=DIRECTION('ref_axis',(0.,8.0363565128974E-7,-0.999999999999677));
#4026=DIRECTION('',(0.,0.,1.));
#4027=DIRECTION('center_axis',(-1.,0.,0.));
#4028=DIRECTION('ref_axis',(0.,-1.,0.));
#4029=DIRECTION('',(0.,1.,0.));
#4030=DIRECTION('center_axis',(1.,0.,0.));
#4031=DIRECTION('ref_axis',(0.,1.,0.));
#4032=DIRECTION('',(0.,0.,1.));
#4033=DIRECTION('center_axis',(0.,1.,0.));
#4034=DIRECTION('ref_axis',(-1.,0.,0.));
#4035=DIRECTION('center_axis',(0.,1.,-8.3E-16));
#4036=DIRECTION('ref_axis',(0.,8.3E-16,1.));
#4037=DIRECTION('center_axis',(-1.,0.,0.));
#4038=DIRECTION('ref_axis',(0.,2.2E-16,1.));
#4039=DIRECTION('center_axis',(1.,0.,0.));
#4040=DIRECTION('ref_axis',(0.,1.,0.));
#4041=DIRECTION('',(0.,-1.,2.2E-16));
#4042=DIRECTION('center_axis',(-1.,0.,0.));
#4043=DIRECTION('ref_axis',(0.,8.0363565128974E-7,-0.999999999999677));
#4044=DIRECTION('',(0.,0.,1.));
#4045=DIRECTION('center_axis',(-1.,0.,0.));
#4046=DIRECTION('ref_axis',(0.,-1.,0.));
#4047=DIRECTION('',(0.,1.,0.));
#4048=DIRECTION('',(0.,1.,0.));
#4049=DIRECTION('center_axis',(1.,0.,0.));
#4050=DIRECTION('ref_axis',(0.,1.,0.));
#4051=DIRECTION('',(0.,0.,1.));
#4052=DIRECTION('center_axis',(0.,1.,0.));
#4053=DIRECTION('ref_axis',(-1.,0.,0.));
#4054=DIRECTION('center_axis',(0.,1.,-8.3E-16));
#4055=DIRECTION('ref_axis',(0.,8.3E-16,1.));
#4056=DIRECTION('',(0.,1.,0.));
#4057=DIRECTION('center_axis',(0.,0.,1.));
#4058=DIRECTION('ref_axis',(0.,-1.,0.));
#4059=DIRECTION('',(0.,-1.,0.));
#4060=DIRECTION('',(-1.,0.,0.));
#4061=DIRECTION('center_axis',(0.,0.,1.));
#4062=DIRECTION('ref_axis',(0.,-1.,0.));
#4063=DIRECTION('',(-1.,0.,0.));
#4064=DIRECTION('',(0.,-1.,0.));
#4065=DIRECTION('center_axis',(1.,0.,0.));
#4066=DIRECTION('ref_axis',(0.,-2.2E-16,-1.));
#4067=DIRECTION('',(0.,-1.,0.));
#4068=DIRECTION('center_axis',(1.,0.,0.));
#4069=DIRECTION('ref_axis',(0.,0.,1.));
#4070=DIRECTION('',(0.,0.,-1.));
#4071=DIRECTION('center_axis',(1.,0.,0.));
#4072=DIRECTION('ref_axis',(0.,-1.,0.));
#4073=DIRECTION('',(0.,1.,-2.2E-16));
#4074=DIRECTION('center_axis',(1.,0.,0.));
#4075=DIRECTION('ref_axis',(0.,1.,0.));
#4076=DIRECTION('',(0.,0.,-1.));
#4077=DIRECTION('center_axis',(1.,0.,0.));
#4078=DIRECTION('ref_axis',(0.,1.,0.));
#4079=DIRECTION('center_axis',(0.,-1.,0.));
#4080=DIRECTION('ref_axis',(1.,0.,0.));
#4081=DIRECTION('center_axis',(0.,-1.,0.));
#4082=DIRECTION('ref_axis',(1.,0.,0.));
#4083=DIRECTION('center_axis',(0.,0.,-1.));
#4084=DIRECTION('ref_axis',(1.,-3.6E-16,0.));
#4085=DIRECTION('center_axis',(0.,0.,-1.));
#4086=DIRECTION('ref_axis',(1.,-3.6E-16,0.));
#4087=DIRECTION('center_axis',(4.82464679914735E-16,1.,0.));
#4088=DIRECTION('ref_axis',(-1.,4.82464679914735E-16,0.));
#4089=DIRECTION('center_axis',(0.,0.,-1.));
#4090=DIRECTION('ref_axis',(1.,-3.6E-16,0.));
#4091=DIRECTION('center_axis',(0.,0.,-1.));
#4092=DIRECTION('ref_axis',(1.,-3.6E-16,0.));
#4093=DIRECTION('center_axis',(4.82464679914735E-16,1.,0.));
#4094=DIRECTION('ref_axis',(-1.,4.82464679914735E-16,0.));
#4095=DIRECTION('center_axis',(1.5E-16,-2.6E-16,-1.));
#4096=DIRECTION('ref_axis',(1.,0.,0.));
#4097=DIRECTION('center_axis',(0.,-1.,2.6E-16));
#4098=DIRECTION('ref_axis',(-1.,0.,0.));
#4099=DIRECTION('center_axis',(-1.5E-16,2.6E-16,1.));
#4100=DIRECTION('ref_axis',(1.,1.E-17,1.5E-16));
#4101=DIRECTION('center_axis',(0.,2.2E-16,1.));
#4102=DIRECTION('ref_axis',(1.,0.,0.));
#4103=DIRECTION('center_axis',(0.,2.2E-16,1.));
#4104=DIRECTION('ref_axis',(1.,0.,0.));
#4105=DIRECTION('center_axis',(0.,2.2E-16,1.));
#4106=DIRECTION('ref_axis',(1.,0.,0.));
#4107=DIRECTION('',(0.,-2.2E-16,-1.));
#4108=DIRECTION('center_axis',(-3.E-17,-3.7E-16,-1.));
#4109=DIRECTION('ref_axis',(0.,-1.,0.));
#4110=DIRECTION('center_axis',(-1.,0.,3.E-17));
#4111=DIRECTION('ref_axis',(0.,1.,0.));
#4112=DIRECTION('center_axis',(3.E-17,3.7E-16,1.));
#4113=DIRECTION('ref_axis',(0.,-1.,3.7E-16));
#4114=DIRECTION('center_axis',(-1.5E-16,-1.9E-16,-1.));
#4115=DIRECTION('ref_axis',(-1.,-8.88178419700125E-16,0.));
#4116=DIRECTION('center_axis',(-5.55111512312578E-16,1.,-1.9E-16));
#4117=DIRECTION('ref_axis',(1.,5.55111512312578E-16,0.));
#4118=DIRECTION('center_axis',(1.5E-16,1.9E-16,1.));
#4119=DIRECTION('ref_axis',(-1.,-8.8E-16,1.5E-16));
#4120=DIRECTION('center_axis',(3.E-17,-7.E-17,-1.));
#4121=DIRECTION('ref_axis',(8.88178419700125E-16,1.,0.));
#4122=DIRECTION('center_axis',(1.,-1.11022302462516E-15,3.00000000000001E-17));
#4123=DIRECTION('ref_axis',(-1.11022302462516E-15,-1.,0.));
#4124=DIRECTION('center_axis',(-3.E-17,7.E-17,1.));
#4125=DIRECTION('ref_axis',(8.9E-16,1.,-7.E-17));
#4126=DIRECTION('center_axis',(-1.,0.,0.));
#4127=DIRECTION('ref_axis',(0.,0.,1.));
#4128=DIRECTION('center_axis',(1.,0.,0.));
#4129=DIRECTION('ref_axis',(0.,0.,1.));
#4130=DIRECTION('center_axis',(0.,-7.61E-15,-1.));
#4131=DIRECTION('ref_axis',(0.,-1.,7.61E-15));
#4132=DIRECTION('center_axis',(1.,0.,0.));
#4133=DIRECTION('ref_axis',(0.,1.,0.));
#4134=DIRECTION('',(-1.,0.,0.));
#4135=DIRECTION('center_axis',(0.,0.,-1.));
#4136=DIRECTION('ref_axis',(1.,0.,0.));
#4137=DIRECTION('',(0.,0.,-1.));
#4138=DIRECTION('center_axis',(0.,0.,-1.));
#4139=DIRECTION('ref_axis',(1.,0.,0.));
#4140=DIRECTION('center_axis',(0.,-1.,0.));
#4141=DIRECTION('ref_axis',(0.,0.,-1.));
#4142=DIRECTION('',(-1.,0.,0.));
#4143=DIRECTION('center_axis',(-1.,0.,0.));
#4144=DIRECTION('ref_axis',(0.,-1.,0.));
#4145=DIRECTION('center_axis',(1.,0.,0.));
#4146=DIRECTION('ref_axis',(0.,-1.,0.));
#4147=DIRECTION('center_axis',(0.,0.999999999999677,8.03635649519741E-7));
#4148=DIRECTION('ref_axis',(0.,8.03635649519741E-7,-0.999999999999677));
#4149=DIRECTION('center_axis',(1.,0.,0.));
#4150=DIRECTION('ref_axis',(0.,1.,0.));
#4151=DIRECTION('',(-1.,0.,0.));
#4152=DIRECTION('center_axis',(0.,1.,-2.2E-16));
#4153=DIRECTION('ref_axis',(1.,0.,0.));
#4154=DIRECTION('',(0.,1.,-2.2E-16));
#4155=DIRECTION('center_axis',(1.,0.,0.));
#4156=DIRECTION('ref_axis',(0.,1.,0.));
#4157=DIRECTION('',(-1.,0.,0.));
#4158=DIRECTION('center_axis',(-1.,0.,0.));
#4159=DIRECTION('ref_axis',(0.,-1.,0.));
#4160=DIRECTION('center_axis',(0.,-1.,2.2E-16));
#4161=DIRECTION('ref_axis',(-1.,0.,0.));
#4162=DIRECTION('',(0.,-1.,2.2E-16));
#4163=DIRECTION('center_axis',(0.,-1.,2.2E-16));
#4164=DIRECTION('ref_axis',(-1.,0.,0.));
#4165=DIRECTION('center_axis',(1.,0.,0.));
#4166=DIRECTION('ref_axis',(0.,8.0363565128386E-7,-0.999999999999677));
#4167=DIRECTION('center_axis',(-1.,0.,0.));
#4168=DIRECTION('ref_axis',(0.,8.0363565128974E-7,-0.999999999999677));
#4169=DIRECTION('center_axis',(0.,9.E-16,1.));
#4170=DIRECTION('ref_axis',(0.,-1.,9.E-16));
#4171=DIRECTION('center_axis',(0.,0.,1.));
#4172=DIRECTION('ref_axis',(-1.,0.,0.));
#4173=DIRECTION('',(0.,0.,1.));
#4174=DIRECTION('center_axis',(0.,0.,1.));
#4175=DIRECTION('ref_axis',(-1.,0.,0.));
#4176=DIRECTION('center_axis',(1.,0.,0.));
#4177=DIRECTION('ref_axis',(0.,-1.,0.));
#4178=DIRECTION('center_axis',(1.,0.,0.));
#4179=DIRECTION('ref_axis',(0.,1.,0.));
#4180=DIRECTION('',(-1.,0.,0.));
#4181=DIRECTION('',(-1.,0.,0.));
#4182=DIRECTION('center_axis',(0.,-1.,2.2E-16));
#4183=DIRECTION('ref_axis',(-1.,0.,0.));
#4184=DIRECTION('',(0.,-1.,2.2E-16));
#4185=DIRECTION('center_axis',(0.,-1.,2.2E-16));
#4186=DIRECTION('ref_axis',(-1.,0.,0.));
#4187=DIRECTION('center_axis',(0.,-1.,0.));
#4188=DIRECTION('ref_axis',(0.,0.,-1.));
#4189=DIRECTION('',(-1.,0.,0.));
#4190=DIRECTION('center_axis',(1.,0.,0.));
#4191=DIRECTION('ref_axis',(0.,8.0363565128386E-7,-0.999999999999677));
#4192=DIRECTION('center_axis',(-1.,0.,0.));
#4193=DIRECTION('ref_axis',(0.,8.0363565128974E-7,-0.999999999999677));
#4194=DIRECTION('center_axis',(0.,9.E-16,1.));
#4195=DIRECTION('ref_axis',(0.,-1.,9.E-16));
#4196=DIRECTION('center_axis',(1.,0.,0.));
#4197=DIRECTION('ref_axis',(0.,1.,0.));
#4198=DIRECTION('center_axis',(0.,0.,1.));
#4199=DIRECTION('ref_axis',(-1.,0.,0.));
#4200=DIRECTION('',(0.,0.,1.));
#4201=DIRECTION('center_axis',(0.,0.,1.));
#4202=DIRECTION('ref_axis',(-1.,0.,0.));
#4203=DIRECTION('center_axis',(1.,0.,0.));
#4204=DIRECTION('ref_axis',(0.,-1.,0.));
#4205=DIRECTION('center_axis',(-1.,0.,0.));
#4206=DIRECTION('ref_axis',(0.,-1.,0.));
#4207=DIRECTION('center_axis',(1.,0.,0.));
#4208=DIRECTION('ref_axis',(0.,1.,0.));
#4209=DIRECTION('',(-1.,0.,0.));
#4210=DIRECTION('center_axis',(1.,0.,0.));
#4211=DIRECTION('ref_axis',(0.,0.,1.));
#4212=DIRECTION('center_axis',(-1.,0.,0.));
#4213=DIRECTION('ref_axis',(0.,0.,1.));
#4214=DIRECTION('center_axis',(0.,-7.61E-15,-1.));
#4215=DIRECTION('ref_axis',(0.,-1.,7.61E-15));
#4216=DIRECTION('center_axis',(0.,0.,-1.));
#4217=DIRECTION('ref_axis',(1.,0.,0.));
#4218=DIRECTION('',(0.,0.,-1.));
#4219=DIRECTION('center_axis',(0.,0.,-1.));
#4220=DIRECTION('ref_axis',(1.,0.,0.));
#4221=DIRECTION('center_axis',(-1.,0.,0.));
#4222=DIRECTION('ref_axis',(0.,-1.,0.));
#4223=DIRECTION('center_axis',(1.,0.,0.));
#4224=DIRECTION('ref_axis',(0.,-1.,0.));
#4225=DIRECTION('center_axis',(0.,0.999999999999677,8.03635649519741E-7));
#4226=DIRECTION('ref_axis',(0.,8.03635649519741E-7,-0.999999999999677));
#4227=DIRECTION('center_axis',(0.,1.,-2.2E-16));
#4228=DIRECTION('ref_axis',(1.,0.,0.));
#4229=DIRECTION('',(0.,1.,-2.2E-16));
#4230=DIRECTION('center_axis',(0.,0.,1.));
#4231=DIRECTION('ref_axis',(0.,1.,0.));
#4232=DIRECTION('center_axis',(0.,0.,1.));
#4233=DIRECTION('ref_axis',(0.,1.,0.));
#4234=DIRECTION('center_axis',(-1.5E-16,2.6E-16,1.));
#4235=DIRECTION('ref_axis',(0.,1.,-2.6E-16));
#4236=DIRECTION('center_axis',(0.,2.2E-16,1.));
#4237=DIRECTION('ref_axis',(1.,0.,0.));
#4238=DIRECTION('center_axis',(0.,2.2E-16,1.));
#4239=DIRECTION('ref_axis',(1.,0.,0.));
#4240=DIRECTION('center_axis',(0.,2.2E-16,1.));
#4241=DIRECTION('ref_axis',(1.,0.,0.));
#4242=DIRECTION('center_axis',(1.22464679914735E-16,-1.,2.2E-16));
#4243=DIRECTION('ref_axis',(-1.,-1.22464679914735E-16,0.));
#4244=DIRECTION('center_axis',(2.6E-16,1.5E-16,1.));
#4245=DIRECTION('ref_axis',(1.,0.,-2.6E-16));
#4246=DIRECTION('center_axis',(1.5E-16,-2.6E-16,1.));
#4247=DIRECTION('ref_axis',(0.,-1.,-2.6E-16));
#4248=DIRECTION('center_axis',(-2.6E-16,-1.5E-16,1.));
#4249=DIRECTION('ref_axis',(-1.,0.,-2.6E-16));
#4250=DIRECTION('center_axis',(0.,-1.,0.));
#4251=DIRECTION('ref_axis',(0.,0.,-1.));
#4252=DIRECTION('',(-1.,0.,0.));
#4253=DIRECTION('center_axis',(1.,0.,0.));
#4254=DIRECTION('ref_axis',(0.,1.,0.));
#4255=DIRECTION('',(-1.,0.,0.));
#4256=DIRECTION('center_axis',(0.,-2.2E-16,-1.));
#4257=DIRECTION('ref_axis',(-1.,0.,0.));
#4258=DIRECTION('center_axis',(0.,-2.2E-16,-1.));
#4259=DIRECTION('ref_axis',(-1.,0.,0.));
#4260=DIRECTION('',(-1.,0.,0.));
#4261=DIRECTION('center_axis',(1.,0.,0.));
#4262=DIRECTION('ref_axis',(0.,1.,0.));
#4263=DIRECTION('',(-1.,0.,0.));
#4264=DIRECTION('center_axis',(0.,-1.,0.));
#4265=DIRECTION('ref_axis',(0.,0.,-1.));
#4266=DIRECTION('center_axis',(0.,2.2E-16,1.));
#4267=DIRECTION('ref_axis',(0.,1.,-2.2E-16));
#4268=DIRECTION('center_axis',(0.,2.2E-16,1.));
#4269=DIRECTION('ref_axis',(1.,0.,0.));
#4270=DIRECTION('center_axis',(0.,2.2E-16,1.));
#4271=DIRECTION('ref_axis',(1.,0.,0.));
#4272=DIRECTION('center_axis',(0.,2.2E-16,1.));
#4273=DIRECTION('ref_axis',(1.,0.,0.));
#4274=DIRECTION('center_axis',(0.,2.2E-16,1.));
#4275=DIRECTION('ref_axis',(1.,0.,0.));
#4276=DIRECTION('center_axis',(1.22464679914735E-16,-1.,2.2E-16));
#4277=DIRECTION('ref_axis',(-1.,-1.22464679914735E-16,0.));
#4278=DIRECTION('center_axis',(0.,2.2E-16,1.));
#4279=DIRECTION('ref_axis',(1.,0.,0.));
#4280=DIRECTION('center_axis',(0.,0.,1.));
#4281=DIRECTION('ref_axis',(1.,0.,0.));
#4282=DIRECTION('',(0.,2.2E-16,1.));
#4283=DIRECTION('center_axis',(0.,2.5E-16,1.));
#4284=DIRECTION('ref_axis',(0.,1.,-2.5E-16));
#4285=DIRECTION('center_axis',(0.,2.2E-16,1.));
#4286=DIRECTION('ref_axis',(1.,0.,0.));
#4287=DIRECTION('center_axis',(0.,2.2E-16,1.));
#4288=DIRECTION('ref_axis',(1.,0.,0.));
#4289=DIRECTION('center_axis',(0.,2.6E-16,1.));
#4290=DIRECTION('ref_axis',(1.,-1.E-17,2.6E-33));
#4291=DIRECTION('',(0.,-2.2E-16,-1.));
#4292=DIRECTION('center_axis',(0.,-2.6E-16,-1.));
#4293=DIRECTION('ref_axis',(1.,-1.E-17,0.));
#4294=DIRECTION('center_axis',(1.32464679914735E-16,1.,-2.6E-16));
#4295=DIRECTION('ref_axis',(-1.,1.32464679914735E-16,0.));
#4296=DIRECTION('center_axis',(0.,2.6E-16,1.));
#4297=DIRECTION('ref_axis',(1.,-1.E-17,2.6E-33));
#4298=DIRECTION('center_axis',(0.,2.6E-16,1.));
#4299=DIRECTION('ref_axis',(0.,1.,-2.6E-16));
#4300=DIRECTION('',(1.,0.,0.));
#4301=DIRECTION('',(0.,1.,-2.2E-16));
#4302=DIRECTION('',(-1.,0.,0.));
#4303=DIRECTION('',(0.,1.,-2.2E-16));
#4304=DIRECTION('center_axis',(0.,1.,0.));
#4305=DIRECTION('ref_axis',(-1.,0.,0.));
#4306=DIRECTION('',(0.,0.,-1.));
#4307=DIRECTION('',(-1.,0.,0.));
#4308=DIRECTION('',(0.,0.,-1.));
#4309=DIRECTION('',(-1.,0.,0.));
#4310=DIRECTION('',(0.,0.,1.));
#4311=DIRECTION('',(0.,0.,1.));
#4312=DIRECTION('',(1.,0.,0.));
#4313=DIRECTION('center_axis',(-1.,0.,0.));
#4314=DIRECTION('ref_axis',(0.,-2.2E-16,-1.));
#4315=DIRECTION('',(0.,1.,-2.2E-16));
#4316=DIRECTION('center_axis',(1.,0.,0.));
#4317=DIRECTION('ref_axis',(0.,0.,1.));
#4318=DIRECTION('',(0.,0.,1.));
#4319=DIRECTION('center_axis',(-1.,0.,0.));
#4320=DIRECTION('ref_axis',(0.,0.,-1.));
#4321=DIRECTION('center_axis',(0.,-1.,0.));
#4322=DIRECTION('ref_axis',(1.,0.,0.));
#4323=DIRECTION('',(0.,0.,-1.));
#4324=DIRECTION('',(1.,0.,0.));
#4325=DIRECTION('',(0.,0.,-1.));
#4326=DIRECTION('',(-1.,0.,0.));
#4327=DIRECTION('',(0.,0.,1.));
#4328=DIRECTION('',(1.,0.,0.));
#4329=DIRECTION('center_axis',(-1.,0.,0.));
#4330=DIRECTION('ref_axis',(0.,-2.2E-16,-1.));
#4331=DIRECTION('',(0.,1.,-2.2E-16));
#4332=DIRECTION('center_axis',(-1.,0.,0.));
#4333=DIRECTION('ref_axis',(0.,0.,1.));
#4334=DIRECTION('center_axis',(1.,0.,0.));
#4335=DIRECTION('ref_axis',(0.,0.,-1.));
#4336=DIRECTION('center_axis',(0.,0.,-1.));
#4337=DIRECTION('ref_axis',(0.,1.,0.));
#4338=DIRECTION('center_axis',(0.,-2.2E-16,-1.));
#4339=DIRECTION('ref_axis',(-1.,1.799E-14,-3.9578E-30));
#4340=DIRECTION('',(0.,0.,-1.));
#4341=DIRECTION('center_axis',(6.E-17,0.,1.));
#4342=DIRECTION('ref_axis',(-1.,0.,6.E-17));
#4343=DIRECTION('center_axis',(1.,0.,0.));
#4344=DIRECTION('ref_axis',(0.,1.,0.));
#4345=DIRECTION('center_axis',(-1.,1.348E-14,0.));
#4346=DIRECTION('ref_axis',(1.348E-14,1.,-2.2E-16));
#4347=DIRECTION('',(1.,0.,0.));
#4348=DIRECTION('center_axis',(-1.,0.,0.));
#4349=DIRECTION('ref_axis',(0.,0.,1.));
#4350=DIRECTION('center_axis',(-1.,-4.38E-15,0.));
#4351=DIRECTION('ref_axis',(-4.38E-15,1.,0.));
#4352=DIRECTION('center_axis',(1.,0.,-4.44E-15));
#4353=DIRECTION('ref_axis',(4.44E-15,0.,1.));
#4354=DIRECTION('',(-1.,0.,0.));
#4355=DIRECTION('center_axis',(0.,0.,-1.));
#4356=DIRECTION('ref_axis',(0.,1.,0.));
#4357=DIRECTION('center_axis',(0.,0.,1.));
#4358=DIRECTION('ref_axis',(1.,0.,0.));
#4359=DIRECTION('',(0.,0.,-1.));
#4360=DIRECTION('center_axis',(0.,2.2E-16,1.));
#4361=DIRECTION('ref_axis',(1.,1.799E-14,-3.9578E-30));
#4362=DIRECTION('center_axis',(-1.,0.,0.));
#4363=DIRECTION('ref_axis',(0.,1.,0.));
#4364=DIRECTION('center_axis',(-1.,-1.348E-14,0.));
#4365=DIRECTION('ref_axis',(-1.348E-14,1.,-2.2E-16));
#4366=DIRECTION('',(-1.,0.,0.));
#4367=DIRECTION('center_axis',(0.,2.2E-16,1.));
#4368=DIRECTION('ref_axis',(-1.,0.,0.));
#4369=DIRECTION('',(0.,1.,-2.2E-16));
#4370=DIRECTION('',(1.,0.,0.));
#4371=DIRECTION('center_axis',(1.,0.,0.));
#4372=DIRECTION('ref_axis',(0.,-1.,0.));
#4373=DIRECTION('center_axis',(1.,0.,0.));
#4374=DIRECTION('ref_axis',(0.,-1.,0.));
#4375=DIRECTION('center_axis',(0.,0.,-1.));
#4376=DIRECTION('ref_axis',(0.,-1.,0.));
#4377=DIRECTION('center_axis',(0.,2.2E-16,1.));
#4378=DIRECTION('ref_axis',(0.,-1.,2.2E-16));
#4379=DIRECTION('',(0.,0.,-1.));
#4380=DIRECTION('center_axis',(0.,0.,-1.));
#4381=DIRECTION('ref_axis',(1.,0.,0.));
#4382=DIRECTION('center_axis',(1.,0.,0.));
#4383=DIRECTION('ref_axis',(0.,-1.,0.));
#4384=DIRECTION('center_axis',(1.,0.,0.));
#4385=DIRECTION('ref_axis',(0.,-1.,0.));
#4386=DIRECTION('center_axis',(1.,6.E-17,0.));
#4387=DIRECTION('ref_axis',(6.E-17,-1.,0.));
#4388=DIRECTION('',(1.,0.,0.));
#4389=DIRECTION('center_axis',(0.,0.,-1.));
#4390=DIRECTION('ref_axis',(0.,-1.,0.));
#4391=DIRECTION('center_axis',(0.,0.,-1.));
#4392=DIRECTION('ref_axis',(0.,-1.,0.));
#4393=DIRECTION('',(0.,0.,-1.));
#4394=DIRECTION('center_axis',(0.,-2.2E-16,-1.));
#4395=DIRECTION('ref_axis',(0.,-1.,2.2E-16));
#4396=DIRECTION('center_axis',(-1.,0.,0.));
#4397=DIRECTION('ref_axis',(0.,-1.,0.));
#4398=DIRECTION('center_axis',(1.,0.,0.));
#4399=DIRECTION('ref_axis',(0.,-1.,0.));
#4400=DIRECTION('',(-1.,0.,0.));
#4401=DIRECTION('center_axis',(0.,-2.2E-16,-1.));
#4402=DIRECTION('ref_axis',(1.,0.,0.));
#4403=DIRECTION('',(0.,1.,-2.2E-16));
#4404=DIRECTION('center_axis',(0.,0.,-1.));
#4405=DIRECTION('ref_axis',(-1.,1.77635683940025E-14,0.));
#4406=DIRECTION('center_axis',(0.,-1.,2.2E-16));
#4407=DIRECTION('ref_axis',(-1.,0.,0.));
#4408=DIRECTION('center_axis',(0.,-1.,0.));
#4409=DIRECTION('ref_axis',(4.44089209850062E-15,0.,1.));
#4410=DIRECTION('center_axis',(0.,-1.,0.));
#4411=DIRECTION('ref_axis',(4.44E-15,0.,1.));
#4412=DIRECTION('center_axis',(-1.,0.,0.));
#4413=DIRECTION('ref_axis',(0.,-1.,0.));
#4414=DIRECTION('',(0.,-1.,0.));
#4415=DIRECTION('',(0.,1.,-2.2E-16));
#4416=DIRECTION('center_axis',(0.,0.,-1.));
#4417=DIRECTION('ref_axis',(1.,0.,0.));
#4418=DIRECTION('center_axis',(0.,1.,0.));
#4419=DIRECTION('ref_axis',(1.,0.,0.));
#4420=DIRECTION('center_axis',(0.,0.,1.));
#4421=DIRECTION('ref_axis',(1.,0.,0.));
#4422=DIRECTION('',(0.,1.,0.));
#4423=DIRECTION('',(0.,-1.,0.));
#4424=DIRECTION('center_axis',(0.,0.,1.));
#4425=DIRECTION('ref_axis',(1.,0.,0.));
#4426=DIRECTION('center_axis',(0.,0.,-1.));
#4427=DIRECTION('ref_axis',(1.,1.77635683940025E-14,0.));
#4428=DIRECTION('center_axis',(0.,1.,-2.2E-16));
#4429=DIRECTION('ref_axis',(1.,0.,0.));
#4430=DIRECTION('center_axis',(1.,0.,0.));
#4431=DIRECTION('ref_axis',(0.,1.,0.));
#4432=DIRECTION('',(0.,1.,-2.2E-16));
#4433=DIRECTION('',(0.,1.,0.));
#4434=DIRECTION('center_axis',(0.,1.,-2.2E-16));
#4435=DIRECTION('ref_axis',(1.,0.,0.));
#4436=DIRECTION('center_axis',(6.E-17,1.,-2.2E-16));
#4437=DIRECTION('ref_axis',(1.,-6.E-17,0.));
#4438=DIRECTION('center_axis',(0.,0.,-1.));
#4439=DIRECTION('ref_axis',(0.,-1.,0.));
#4440=DIRECTION('center_axis',(0.,0.,-1.));
#4441=DIRECTION('ref_axis',(1.,0.,0.));
#4442=DIRECTION('center_axis',(0.,1.,0.));
#4443=DIRECTION('ref_axis',(1.,0.,0.));
#4444=DIRECTION('center_axis',(0.,0.,-1.));
#4445=DIRECTION('ref_axis',(0.,-1.,0.));
#4446=DIRECTION('center_axis',(6.E-17,-1.,0.));
#4447=DIRECTION('ref_axis',(-1.,-6.E-17,0.));
#4448=DIRECTION('center_axis',(0.,0.,-1.));
#4449=DIRECTION('ref_axis',(0.,-1.,0.));
#4450=DIRECTION('center_axis',(6.E-17,-1.,2.2E-16));
#4451=DIRECTION('ref_axis',(-1.,-6.E-17,0.));
#4452=DIRECTION('center_axis',(0.,1.,-2.2E-16));
#4453=DIRECTION('ref_axis',(-1.,0.,0.));
#4454=DIRECTION('center_axis',(0.,-1.,0.));
#4455=DIRECTION('ref_axis',(0.,0.,1.));
#4456=DIRECTION('center_axis',(0.,1.,0.));
#4457=DIRECTION('ref_axis',(0.,0.,1.));
#4458=DIRECTION('center_axis',(0.,0.,1.));
#4459=DIRECTION('ref_axis',(1.,0.,0.));
#4460=DIRECTION('center_axis',(0.,0.,1.));
#4461=DIRECTION('ref_axis',(1.,0.,0.));
#4462=DIRECTION('center_axis',(1.22464679914735E-16,-1.,0.));
#4463=DIRECTION('ref_axis',(-1.,-1.22464679914735E-16,0.));
#4464=DIRECTION('center_axis',(0.,0.,1.));
#4465=DIRECTION('ref_axis',(1.,0.,0.));
#4466=DIRECTION('center_axis',(0.,0.,1.));
#4467=DIRECTION('ref_axis',(1.,0.,0.));
#4468=DIRECTION('',(0.,0.,1.));
#4469=DIRECTION('center_axis',(0.,0.,1.));
#4470=DIRECTION('ref_axis',(0.,1.,0.));
#4471=CARTESIAN_POINT('',(0.,0.,0.));
#4472=CARTESIAN_POINT('Origin',(6.,6.,-6.3));
#4473=CARTESIAN_POINT('',(4.8,6.,-6.35));
#4474=CARTESIAN_POINT('',(4.8,6.,-9.75));
#4475=CARTESIAN_POINT('',(4.8,6.,-6.3));
#4476=CARTESIAN_POINT('',(-4.8,6.,-9.75));
#4477=CARTESIAN_POINT('',(4.8,6.,-9.75));
#4478=CARTESIAN_POINT('',(-4.8,6.,-6.35));
#4479=CARTESIAN_POINT('',(-4.8,6.,-6.3));
#4480=CARTESIAN_POINT('',(4.8,6.,-6.35));
#4481=CARTESIAN_POINT('',(-3.,6.,-9.4));
#4482=CARTESIAN_POINT('',(-3.,6.,-9.11));
#4483=CARTESIAN_POINT('',(-3.,6.,-12.3));
#4484=CARTESIAN_POINT('',(-1.9,6.,-9.4));
#4485=CARTESIAN_POINT('',(3.,6.,-9.4));
#4486=CARTESIAN_POINT('',(-1.9,6.,-9.11));
#4487=CARTESIAN_POINT('',(-1.9,6.,-8.3));
#4488=CARTESIAN_POINT('',(-1.91,6.,-9.1));
#4489=CARTESIAN_POINT('Origin',(-1.91,6.,-9.11));
#4490=CARTESIAN_POINT('',(-2.99,6.,-9.1));
#4491=CARTESIAN_POINT('',(3.,6.,-9.1));
#4492=CARTESIAN_POINT('Origin',(-2.99,6.,-9.11));
#4493=CARTESIAN_POINT('',(3.,6.,-9.11));
#4494=CARTESIAN_POINT('',(3.,6.,-9.4));
#4495=CARTESIAN_POINT('',(3.,6.,-8.3));
#4496=CARTESIAN_POINT('',(2.99,6.,-9.1));
#4497=CARTESIAN_POINT('Origin',(2.99,6.,-9.11));
#4498=CARTESIAN_POINT('',(1.91,6.,-9.1));
#4499=CARTESIAN_POINT('',(3.,6.,-9.1));
#4500=CARTESIAN_POINT('',(1.9,6.,-9.11));
#4501=CARTESIAN_POINT('Origin',(1.91,6.,-9.11));
#4502=CARTESIAN_POINT('',(1.9,6.,-9.4));
#4503=CARTESIAN_POINT('',(1.9,6.,-12.3));
#4504=CARTESIAN_POINT('',(3.,6.,-9.4));
#4505=CARTESIAN_POINT('Origin',(3.,6.,-8.3));
#4506=CARTESIAN_POINT('',(3.,6.02,-9.4));
#4507=CARTESIAN_POINT('',(3.,6.,-9.4));
#4508=CARTESIAN_POINT('',(3.,6.08,-9.46));
#4509=CARTESIAN_POINT('Origin',(3.,6.02,-9.46));
#4510=CARTESIAN_POINT('',(3.,6.08,-12.12000014465));
#4511=CARTESIAN_POINT('',(3.,6.08,-9.46));
#4512=CARTESIAN_POINT('',(3.,6.010434247328,-12.29));
#4513=CARTESIAN_POINT('Origin',(3.,5.837500325472,-12.12000014465));
#4514=CARTESIAN_POINT('',(3.,6.200000008036,-12.29));
#4515=CARTESIAN_POINT('',(3.,6.2,-12.29));
#4516=CARTESIAN_POINT('',(3.,6.37,-12.12000014465));
#4517=CARTESIAN_POINT('Origin',(3.,6.200000144654,-12.12000014465));
#4518=CARTESIAN_POINT('',(3.,6.37,-9.2));
#4519=CARTESIAN_POINT('',(3.,6.37,-9.2));
#4520=CARTESIAN_POINT('',(3.,6.28,-9.11));
#4521=CARTESIAN_POINT('Origin',(3.,6.28,-9.2));
#4522=CARTESIAN_POINT('',(3.,6.,-9.11));
#4523=CARTESIAN_POINT('Origin',(2.99,6.,-9.11));
#4524=CARTESIAN_POINT('',(2.99,6.28,-9.1));
#4525=CARTESIAN_POINT('Origin',(2.99,6.28,-9.11));
#4526=CARTESIAN_POINT('',(2.99,6.,-9.1));
#4527=CARTESIAN_POINT('Origin',(3.,6.,-9.4));
#4528=CARTESIAN_POINT('',(1.9,6.02,-9.4));
#4529=CARTESIAN_POINT('',(1.9,6.,-9.4));
#4530=CARTESIAN_POINT('',(3.,6.02,-9.4));
#4531=CARTESIAN_POINT('Origin',(3.,6.,-9.1));
#4532=CARTESIAN_POINT('',(1.91,6.28,-9.1));
#4533=CARTESIAN_POINT('',(3.,6.28,-9.1));
#4534=CARTESIAN_POINT('',(1.91,6.,-9.1));
#4535=CARTESIAN_POINT('Origin',(1.9,6.,-12.3));
#4536=CARTESIAN_POINT('',(1.9,6.010434247328,-12.29));
#4537=CARTESIAN_POINT('',(1.9,6.08,-12.12000014465));
#4538=CARTESIAN_POINT('Origin',(1.9,5.837500325472,-12.12000014465));
#4539=CARTESIAN_POINT('',(1.9,6.08,-9.46));
#4540=CARTESIAN_POINT('',(1.9,6.08,-10.88));
#4541=CARTESIAN_POINT('Origin',(1.9,6.02,-9.46));
#4542=CARTESIAN_POINT('',(1.9,6.28,-9.11));
#4543=CARTESIAN_POINT('',(1.9,6.,-9.11));
#4544=CARTESIAN_POINT('',(1.9,6.37,-9.2));
#4545=CARTESIAN_POINT('Origin',(1.9,6.28,-9.2));
#4546=CARTESIAN_POINT('',(1.9,6.37,-12.12000014465));
#4547=CARTESIAN_POINT('',(1.9,6.37,-9.2));
#4548=CARTESIAN_POINT('',(1.9,6.200000008036,-12.29));
#4549=CARTESIAN_POINT('Origin',(1.9,6.200000144654,-12.12000014465));
#4550=CARTESIAN_POINT('',(1.9,6.2,-12.29));
#4551=CARTESIAN_POINT('Origin',(1.91,6.,-9.11));
#4552=CARTESIAN_POINT('Origin',(1.91,6.28,-9.11));
#4553=CARTESIAN_POINT('Origin',(4.8,4.8,-6.3));
#4554=CARTESIAN_POINT('',(6.,4.8,-6.35));
#4555=CARTESIAN_POINT('Origin',(4.8,4.8,-6.35));
#4556=CARTESIAN_POINT('',(6.,4.8,-9.75));
#4557=CARTESIAN_POINT('',(6.,4.8,-6.3));
#4558=CARTESIAN_POINT('Origin',(4.8,4.8,-9.75));
#4559=CARTESIAN_POINT('Origin',(4.8,5.95,-9.75));
#4560=CARTESIAN_POINT('',(4.8,5.95,-9.8));
#4561=CARTESIAN_POINT('Origin',(4.8,5.95,-9.75));
#4562=CARTESIAN_POINT('',(-4.8,5.95,-9.8));
#4563=CARTESIAN_POINT('',(4.8,5.95,-9.8));
#4564=CARTESIAN_POINT('Origin',(-4.8,5.95,-9.75));
#4565=CARTESIAN_POINT('Origin',(4.8,5.95,-6.35));
#4566=CARTESIAN_POINT('',(4.8,5.95,-6.3));
#4567=CARTESIAN_POINT('Origin',(4.8,5.95,-6.35));
#4568=CARTESIAN_POINT('',(-4.8,5.95,-6.3));
#4569=CARTESIAN_POINT('Origin',(-4.8,5.95,-6.35));
#4570=CARTESIAN_POINT('',(4.8,5.95,-6.3));
#4571=CARTESIAN_POINT('Origin',(-4.8,4.8,-6.3));
#4572=CARTESIAN_POINT('',(-6.,4.8,-6.35));
#4573=CARTESIAN_POINT('',(-6.,4.8,-9.75));
#4574=CARTESIAN_POINT('',(-6.,4.8,-6.3));
#4575=CARTESIAN_POINT('Origin',(-4.8,4.8,-6.35));
#4576=CARTESIAN_POINT('Origin',(-4.8,4.8,-9.75));
#4577=CARTESIAN_POINT('Origin',(-3.,6.,-12.3));
#4578=CARTESIAN_POINT('',(-3.,6.010434247328,-12.29));
#4579=CARTESIAN_POINT('',(-3.,6.08,-12.12000014465));
#4580=CARTESIAN_POINT('Origin',(-3.,5.837500325472,-12.12000014465));
#4581=CARTESIAN_POINT('',(-3.,6.08,-9.46));
#4582=CARTESIAN_POINT('',(-3.,6.08,-10.88));
#4583=CARTESIAN_POINT('',(-3.,6.02,-9.4));
#4584=CARTESIAN_POINT('Origin',(-3.,6.02,-9.46));
#4585=CARTESIAN_POINT('',(-3.,6.,-9.4));
#4586=CARTESIAN_POINT('',(-3.,6.28,-9.11));
#4587=CARTESIAN_POINT('',(-3.,6.,-9.11));
#4588=CARTESIAN_POINT('',(-3.,6.37,-9.2));
#4589=CARTESIAN_POINT('Origin',(-3.,6.28,-9.2));
#4590=CARTESIAN_POINT('',(-3.,6.37,-12.12000014465));
#4591=CARTESIAN_POINT('',(-3.,6.37,-9.2));
#4592=CARTESIAN_POINT('',(-3.,6.200000008036,-12.29));
#4593=CARTESIAN_POINT('Origin',(-3.,6.200000144654,-12.12000014465));
#4594=CARTESIAN_POINT('',(-3.,6.2,-12.29));
#4595=CARTESIAN_POINT('Origin',(-2.99,6.,-9.11));
#4596=CARTESIAN_POINT('',(-2.99,6.28,-9.1));
#4597=CARTESIAN_POINT('',(-2.99,6.,-9.1));
#4598=CARTESIAN_POINT('Origin',(-2.99,6.28,-9.11));
#4599=CARTESIAN_POINT('Origin',(3.,6.,-9.4));
#4600=CARTESIAN_POINT('',(-1.9,6.02,-9.4));
#4601=CARTESIAN_POINT('',(-1.9,6.,-9.4));
#4602=CARTESIAN_POINT('',(3.,6.02,-9.4));
#4603=CARTESIAN_POINT('Origin',(3.,6.,-9.1));
#4604=CARTESIAN_POINT('',(-1.91,6.28,-9.1));
#4605=CARTESIAN_POINT('',(3.,6.28,-9.1));
#4606=CARTESIAN_POINT('',(-1.91,6.28,-9.1));
#4607=CARTESIAN_POINT('Origin',(-1.9,6.,-8.3));
#4608=CARTESIAN_POINT('',(-1.9,6.08,-9.46));
#4609=CARTESIAN_POINT('Origin',(-1.9,6.02,-9.46));
#4610=CARTESIAN_POINT('',(-1.9,6.08,-12.12000014465));
#4611=CARTESIAN_POINT('',(-1.9,6.08,-8.88));
#4612=CARTESIAN_POINT('',(-1.9,6.010434247328,-12.29));
#4613=CARTESIAN_POINT('Origin',(-1.9,5.837500325472,-12.12000014465));
#4614=CARTESIAN_POINT('',(-1.9,6.2,-12.29));
#4615=CARTESIAN_POINT('',(-1.9,6.,-12.29));
#4616=CARTESIAN_POINT('',(-1.9,6.37,-12.12000014465));
#4617=CARTESIAN_POINT('Origin',(-1.9,6.200000144654,-12.12000014465));
#4618=CARTESIAN_POINT('',(-1.9,6.37,-9.2));
#4619=CARTESIAN_POINT('',(-1.9,6.37,-12.12000014465));
#4620=CARTESIAN_POINT('',(-1.9,6.28,-9.11));
#4621=CARTESIAN_POINT('Origin',(-1.9,6.28,-9.2));
#4622=CARTESIAN_POINT('',(-1.9,6.28,-9.11));
#4623=CARTESIAN_POINT('Origin',(-1.91,6.28,-9.11));
#4624=CARTESIAN_POINT('Origin',(-1.91,6.28,-9.11));
#4625=CARTESIAN_POINT('Origin',(2.99,6.28,-9.2));
#4626=CARTESIAN_POINT('',(2.99,6.38,-9.2));
#4627=CARTESIAN_POINT('Origin',(2.99,6.37,-9.2));
#4628=CARTESIAN_POINT('Origin',(2.99,6.28,-9.2));
#4629=CARTESIAN_POINT('Origin',(3.,6.02,-9.46));
#4630=CARTESIAN_POINT('',(3.,6.08,-9.46));
#4631=CARTESIAN_POINT('Origin',(2.99,6.37,-9.2));
#4632=CARTESIAN_POINT('',(2.99,6.38,-12.12000014465));
#4633=CARTESIAN_POINT('Origin',(2.99,6.37,-12.12000014465));
#4634=CARTESIAN_POINT('',(2.99,6.38,-9.2));
#4635=CARTESIAN_POINT('Origin',(3.,6.08,-9.46));
#4636=CARTESIAN_POINT('',(3.,6.08,-12.12000014465));
#4637=CARTESIAN_POINT('Origin',(2.99,6.200000144654,-12.12000014465));
#4638=CARTESIAN_POINT('',(2.99,6.2,-12.3));
#4639=CARTESIAN_POINT('Origin',(2.99,6.200000008036,-12.29));
#4640=CARTESIAN_POINT('Origin',(2.99,6.200000144654,-12.12000014465));
#4641=CARTESIAN_POINT('Origin',(3.,5.837500325472,-12.12000014465));
#4642=CARTESIAN_POINT('',(1.91,6.,-12.3));
#4643=CARTESIAN_POINT('Ctrl Pts',(1.9,6.010434247328,-12.29));
#4644=CARTESIAN_POINT('Ctrl Pts',(1.9,6.010310715137,-12.29012566426));
#4645=CARTESIAN_POINT('Ctrl Pts',(1.900001973938,6.010186958905,-12.29025132811));
#4646=CARTESIAN_POINT('Ctrl Pts',(1.900005921789,6.010063018351,-12.29037695032));
#4647=CARTESIAN_POINT('Ctrl Pts',(1.900011842244,6.009938933739,-12.29050248973));
#4648=CARTESIAN_POINT('Ctrl Pts',(1.900107491576,6.008433512269,-12.29202279233));
#4649=CARTESIAN_POINT('Ctrl Pts',(1.90043891223,6.007039570696,-12.29340234885));
#4650=CARTESIAN_POINT('Ctrl Pts',(1.901010638782,6.005688656604,-12.2947099719));
#4651=CARTESIAN_POINT('Ctrl Pts',(1.901798863268,6.004446048169,-12.29589047156));
#4652=CARTESIAN_POINT('Ctrl Pts',(1.903880379229,6.002118876934,-12.29807246264));
#4653=CARTESIAN_POINT('Ctrl Pts',(1.905233290864,6.001088973288,-12.2990173541));
#4654=CARTESIAN_POINT('Ctrl Pts',(1.906762917126,6.000362485802,-12.29967263637));
#4655=CARTESIAN_POINT('Ctrl Pts',(1.908381492193,6.,-12.3));
#4656=CARTESIAN_POINT('Ctrl Pts',(1.91,6.,-12.3));
#4657=CARTESIAN_POINT('',(2.99,6.,-12.3));
#4658=CARTESIAN_POINT('',(3.,6.,-12.3));
#4659=CARTESIAN_POINT('Ctrl Pts',(3.,6.010434247328,-12.29));
#4660=CARTESIAN_POINT('Ctrl Pts',(3.,6.010310715137,-12.29012566426));
#4661=CARTESIAN_POINT('Ctrl Pts',(2.999998026062,6.010186958905,-12.29025132811));
#4662=CARTESIAN_POINT('Ctrl Pts',(2.999994078211,6.010063018351,-12.29037695032));
#4663=CARTESIAN_POINT('Ctrl Pts',(2.999988157756,6.009938933739,-12.29050248973));
#4664=CARTESIAN_POINT('Ctrl Pts',(2.999892508424,6.008433512269,-12.29202279233));
#4665=CARTESIAN_POINT('Ctrl Pts',(2.99956108777,6.007039570696,-12.29340234885));
#4666=CARTESIAN_POINT('Ctrl Pts',(2.998989361218,6.005688656604,-12.2947099719));
#4667=CARTESIAN_POINT('Ctrl Pts',(2.998201136732,6.004446048169,-12.29589047156));
#4668=CARTESIAN_POINT('Ctrl Pts',(2.996119620771,6.002118876934,-12.29807246264));
#4669=CARTESIAN_POINT('Ctrl Pts',(2.994766709136,6.001088973288,-12.2990173541));
#4670=CARTESIAN_POINT('Ctrl Pts',(2.993237082874,6.000362485802,-12.29967263637));
#4671=CARTESIAN_POINT('Ctrl Pts',(2.991618507807,6.,-12.3));
#4672=CARTESIAN_POINT('Ctrl Pts',(2.99,6.,-12.3));
#4673=CARTESIAN_POINT('Origin',(2.99,6.2,-12.29));
#4674=CARTESIAN_POINT('',(2.99,6.2,-12.3));
#4675=CARTESIAN_POINT('Origin',(3.,6.28,-9.2));
#4676=CARTESIAN_POINT('',(1.91,6.38,-9.2));
#4677=CARTESIAN_POINT('',(3.,6.38,-9.2));
#4678=CARTESIAN_POINT('Origin',(1.91,6.28,-9.2));
#4679=CARTESIAN_POINT('Origin',(1.91,6.2,-12.29));
#4680=CARTESIAN_POINT('',(1.91,6.2,-12.3));
#4681=CARTESIAN_POINT('Origin',(1.91,6.200000008036,-12.29));
#4682=CARTESIAN_POINT('',(1.91,6.2,-12.3));
#4683=CARTESIAN_POINT('Origin',(1.91,6.200000144654,-12.12000014465));
#4684=CARTESIAN_POINT('',(1.91,6.38,-12.12000014465));
#4685=CARTESIAN_POINT('Origin',(1.91,6.37,-12.12000014465));
#4686=CARTESIAN_POINT('Origin',(1.91,6.200000144654,-12.12000014465));
#4687=CARTESIAN_POINT('Origin',(1.91,6.37,-9.2));
#4688=CARTESIAN_POINT('Origin',(1.91,6.37,-9.2));
#4689=CARTESIAN_POINT('',(1.91,6.38,-9.2));
#4690=CARTESIAN_POINT('Origin',(1.91,6.28,-9.2));
#4691=CARTESIAN_POINT('Origin',(4.8,4.8,-9.75));
#4692=CARTESIAN_POINT('',(5.95,4.8,-9.8));
#4693=CARTESIAN_POINT('Origin',(5.95,4.8,-9.75));
#4694=CARTESIAN_POINT('Origin',(4.8,4.8,-9.8));
#4695=CARTESIAN_POINT('Origin',(4.8,4.8,-6.35));
#4696=CARTESIAN_POINT('',(5.95,4.8,-6.3));
#4697=CARTESIAN_POINT('Origin',(5.95,4.8,-6.35));
#4698=CARTESIAN_POINT('Origin',(4.8,4.8,-6.3));
#4699=CARTESIAN_POINT('Origin',(6.,-6.,-6.3));
#4700=CARTESIAN_POINT('',(6.,-1.5,-6.35));
#4701=CARTESIAN_POINT('',(6.,-1.5,-6.35));
#4702=CARTESIAN_POINT('',(6.,-1.5,-9.75));
#4703=CARTESIAN_POINT('',(6.,-1.5,-6.3));
#4704=CARTESIAN_POINT('',(6.,-1.5,-9.75));
#4705=CARTESIAN_POINT('Origin',(0.,-3.37E-15,-9.8));
#4706=CARTESIAN_POINT('',(5.95,-1.45,-9.8));
#4707=CARTESIAN_POINT('',(5.95,-1.5,-9.8));
#4708=CARTESIAN_POINT('',(5.75,-1.45,-9.8));
#4709=CARTESIAN_POINT('',(6.,-1.45,-9.8));
#4710=CARTESIAN_POINT('',(5.75,-3.55,-9.8));
#4711=CARTESIAN_POINT('',(5.75,-1.5,-9.8));
#4712=CARTESIAN_POINT('',(5.95,-3.55,-9.8));
#4713=CARTESIAN_POINT('',(5.8,-3.55,-9.8));
#4714=CARTESIAN_POINT('',(5.95,-4.8,-9.8));
#4715=CARTESIAN_POINT('',(5.95,-4.8,-9.8));
#4716=CARTESIAN_POINT('',(4.8,-5.95,-9.8));
#4717=CARTESIAN_POINT('Origin',(4.8,-4.8,-9.8));
#4718=CARTESIAN_POINT('',(-4.8,-5.95,-9.8));
#4719=CARTESIAN_POINT('',(-4.8,-5.95,-9.8));
#4720=CARTESIAN_POINT('',(-5.95,-4.8,-9.8));
#4721=CARTESIAN_POINT('Origin',(-4.8,-4.8,-9.8));
#4722=CARTESIAN_POINT('',(-5.95,4.8,-9.8));
#4723=CARTESIAN_POINT('',(-5.95,4.8,-9.8));
#4724=CARTESIAN_POINT('Origin',(-4.8,4.8,-9.8));
#4725=CARTESIAN_POINT('',(3.7,-2.27697174393179E-15,-9.8));
#4726=CARTESIAN_POINT('Origin',(4.5,-2.18E-15,-9.8));
#4727=CARTESIAN_POINT('',(-5.3,-2.27697174393179E-15,-9.8));
#4728=CARTESIAN_POINT('Origin',(-4.5,-2.18E-15,-9.8));
#4729=CARTESIAN_POINT('Origin',(-4.8,4.8,-9.75));
#4730=CARTESIAN_POINT('Origin',(-5.95,4.8,-9.75));
#4731=CARTESIAN_POINT('Origin',(0.,-2.37E-15,-6.3));
#4732=CARTESIAN_POINT('',(5.95,-1.5,-6.3));
#4733=CARTESIAN_POINT('',(5.8,-1.5,-6.3));
#4734=CARTESIAN_POINT('',(6.,-1.5,-6.3));
#4735=CARTESIAN_POINT('',(5.95,-1.5,-6.3));
#4736=CARTESIAN_POINT('',(-5.95,4.8,-6.3));
#4737=CARTESIAN_POINT('Origin',(-4.8,4.8,-6.3));
#4738=CARTESIAN_POINT('',(-5.95,-4.8,-6.3));
#4739=CARTESIAN_POINT('',(-5.95,4.8,-6.3));
#4740=CARTESIAN_POINT('',(-4.8,-5.95,-6.3));
#4741=CARTESIAN_POINT('Origin',(-4.8,-4.8,-6.3));
#4742=CARTESIAN_POINT('',(4.8,-5.95,-6.3));
#4743=CARTESIAN_POINT('',(-4.8,-5.95,-6.3));
#4744=CARTESIAN_POINT('',(5.95,-4.8,-6.3));
#4745=CARTESIAN_POINT('Origin',(4.8,-4.8,-6.3));
#4746=CARTESIAN_POINT('',(5.95,-3.5,-6.3));
#4747=CARTESIAN_POINT('',(5.95,-4.8,-6.3));
#4748=CARTESIAN_POINT('',(5.8,-3.5,-6.3));
#4749=CARTESIAN_POINT('',(5.8,-3.5,-6.3));
#4750=CARTESIAN_POINT('',(5.8,-1.5,-6.3));
#4751=CARTESIAN_POINT('',(-5.75,4.7,-6.3));
#4752=CARTESIAN_POINT('Origin',(-4.7,4.7,-6.3));
#4753=CARTESIAN_POINT('',(-5.15,-2.03069310156089E-15,-6.3));
#4754=CARTESIAN_POINT('Origin',(0.,-1.E-15,-6.3));
#4755=CARTESIAN_POINT('',(4.7,5.75,-6.3));
#4756=CARTESIAN_POINT('Origin',(4.7,4.7,-6.3));
#4757=CARTESIAN_POINT('',(5.75,-4.7,-6.3));
#4758=CARTESIAN_POINT('Origin',(4.7,-4.7,-6.3));
#4759=CARTESIAN_POINT('',(-4.7,-5.75,-6.3));
#4760=CARTESIAN_POINT('Origin',(-4.7,-4.7,-6.3));
#4761=CARTESIAN_POINT('Origin',(-4.8,4.8,-6.35));
#4762=CARTESIAN_POINT('Origin',(-5.95,4.8,-6.35));
#4763=CARTESIAN_POINT('Origin',(-6.,6.,-6.3));
#4764=CARTESIAN_POINT('',(-6.,-4.8,-9.75));
#4765=CARTESIAN_POINT('',(-6.,4.8,-9.75));
#4766=CARTESIAN_POINT('',(-6.,-4.8,-6.35));
#4767=CARTESIAN_POINT('',(-6.,-4.8,-6.3));
#4768=CARTESIAN_POINT('',(-6.,4.8,-6.35));
#4769=CARTESIAN_POINT('Origin',(3.,5.837500325472,-12.12000014465));
#4770=CARTESIAN_POINT('',(3.,6.08,-12.12000014465));
#4771=CARTESIAN_POINT('',(-2.99,6.,-12.3));
#4772=CARTESIAN_POINT('Ctrl Pts',(-3.,6.010434247328,-12.29));
#4773=CARTESIAN_POINT('Ctrl Pts',(-3.,6.010310715137,-12.29012566426));
#4774=CARTESIAN_POINT('Ctrl Pts',(-2.999998026062,6.010186958905,-12.29025132811));
#4775=CARTESIAN_POINT('Ctrl Pts',(-2.999994078211,6.010063018351,-12.29037695032));
#4776=CARTESIAN_POINT('Ctrl Pts',(-2.999988157756,6.009938933739,-12.29050248973));
#4777=CARTESIAN_POINT('Ctrl Pts',(-2.999892508424,6.008433512269,-12.29202279233));
#4778=CARTESIAN_POINT('Ctrl Pts',(-2.99956108777,6.007039570696,-12.29340234885));
#4779=CARTESIAN_POINT('Ctrl Pts',(-2.998989361218,6.005688656604,-12.2947099719));
#4780=CARTESIAN_POINT('Ctrl Pts',(-2.998201136732,6.004446048169,-12.29589047156));
#4781=CARTESIAN_POINT('Ctrl Pts',(-2.996119620771,6.002118876934,-12.29807246264));
#4782=CARTESIAN_POINT('Ctrl Pts',(-2.994766709136,6.001088973288,-12.2990173541));
#4783=CARTESIAN_POINT('Ctrl Pts',(-2.993237082874,6.000362485802,-12.29967263637));
#4784=CARTESIAN_POINT('Ctrl Pts',(-2.991618507807,6.,-12.3));
#4785=CARTESIAN_POINT('Ctrl Pts',(-2.99,6.,-12.3));
#4786=CARTESIAN_POINT('',(-1.91,6.,-12.3));
#4787=CARTESIAN_POINT('',(-1.9,6.,-12.3));
#4788=CARTESIAN_POINT('Ctrl Pts',(-1.9,6.010434247328,-12.29));
#4789=CARTESIAN_POINT('Ctrl Pts',(-1.9,6.010310715137,-12.29012566426));
#4790=CARTESIAN_POINT('Ctrl Pts',(-1.900001973938,6.010186958905,-12.29025132811));
#4791=CARTESIAN_POINT('Ctrl Pts',(-1.900005921789,6.010063018351,-12.29037695032));
#4792=CARTESIAN_POINT('Ctrl Pts',(-1.900011842244,6.009938933739,-12.29050248973));
#4793=CARTESIAN_POINT('Ctrl Pts',(-1.900107491576,6.008433512269,-12.29202279233));
#4794=CARTESIAN_POINT('Ctrl Pts',(-1.90043891223,6.007039570696,-12.29340234885));
#4795=CARTESIAN_POINT('Ctrl Pts',(-1.901010638782,6.005688656604,-12.2947099719));
#4796=CARTESIAN_POINT('Ctrl Pts',(-1.901798863268,6.004446048169,-12.29589047156));
#4797=CARTESIAN_POINT('Ctrl Pts',(-1.903880379229,6.002118876934,-12.29807246264));
#4798=CARTESIAN_POINT('Ctrl Pts',(-1.905233290864,6.001088973288,-12.2990173541));
#4799=CARTESIAN_POINT('Ctrl Pts',(-1.906762917126,6.000362485802,-12.29967263637));
#4800=CARTESIAN_POINT('Ctrl Pts',(-1.908381492193,6.,-12.3));
#4801=CARTESIAN_POINT('Ctrl Pts',(-1.91,6.,-12.3));
#4802=CARTESIAN_POINT('Origin',(-2.99,6.2,-12.29));
#4803=CARTESIAN_POINT('',(-2.99,6.2,-12.3));
#4804=CARTESIAN_POINT('Origin',(-2.99,6.200000008036,-12.29));
#4805=CARTESIAN_POINT('',(-2.99,6.2,-12.3));
#4806=CARTESIAN_POINT('Origin',(3.,6.08,-9.46));
#4807=CARTESIAN_POINT('',(3.,6.08,-9.46));
#4808=CARTESIAN_POINT('Origin',(-2.99,6.200000144654,-12.12000014465));
#4809=CARTESIAN_POINT('',(-2.99,6.38,-12.12000014465));
#4810=CARTESIAN_POINT('Origin',(-2.99,6.37,-12.12000014465));
#4811=CARTESIAN_POINT('Origin',(-2.99,6.200000144654,-12.12000014465));
#4812=CARTESIAN_POINT('Origin',(3.,6.02,-9.46));
#4813=CARTESIAN_POINT('Origin',(-2.99,6.37,-9.2));
#4814=CARTESIAN_POINT('',(-2.99,6.38,-9.2));
#4815=CARTESIAN_POINT('Origin',(-2.99,6.37,-9.2));
#4816=CARTESIAN_POINT('',(-2.99,6.38,-9.2));
#4817=CARTESIAN_POINT('Origin',(-2.99,6.28,-9.2));
#4818=CARTESIAN_POINT('Origin',(-2.99,6.28,-9.2));
#4819=CARTESIAN_POINT('Origin',(3.,6.28,-9.2));
#4820=CARTESIAN_POINT('',(-1.91,6.38,-9.2));
#4821=CARTESIAN_POINT('',(3.,6.38,-9.2));
#4822=CARTESIAN_POINT('Origin',(-1.91,6.28,-9.2));
#4823=CARTESIAN_POINT('Origin',(-1.91,6.28,-9.2));
#4824=CARTESIAN_POINT('Origin',(-1.91,6.37,-9.2));
#4825=CARTESIAN_POINT('Origin',(-1.91,6.37,-12.12000014465));
#4826=CARTESIAN_POINT('',(-1.91,6.38,-12.12000014465));
#4827=CARTESIAN_POINT('Origin',(-1.91,6.37,-12.12000014465));
#4828=CARTESIAN_POINT('',(-1.91,6.38,-12.12000014465));
#4829=CARTESIAN_POINT('Origin',(-1.91,6.200000144654,-12.12000014465));
#4830=CARTESIAN_POINT('',(-1.91,6.2,-12.3));
#4831=CARTESIAN_POINT('Origin',(-1.91,6.2,-12.29));
#4832=CARTESIAN_POINT('Origin',(-1.91,6.200000144654,-12.12000014465));
#4833=CARTESIAN_POINT('Origin',(-1.91,6.,-12.29));
#4834=CARTESIAN_POINT('',(-1.91,6.,-12.3));
#4835=CARTESIAN_POINT('Origin',(3.,6.38,-9.2));
#4836=CARTESIAN_POINT('',(3.,6.38,-12.12000014465));
#4837=CARTESIAN_POINT('Origin',(3.,6.200000144654,-12.12000014465));
#4838=CARTESIAN_POINT('',(3.,6.2,-12.3));
#4839=CARTESIAN_POINT('Origin',(3.,6.,-12.3));
#4840=CARTESIAN_POINT('Origin',(5.95,-1.5,-9.75));
#4841=CARTESIAN_POINT('Origin',(5.95,-1.45,-9.75));
#4842=CARTESIAN_POINT('Origin',(5.95,-1.5,-6.35));
#4843=CARTESIAN_POINT('Origin',(5.95,-1.5,-6.35));
#4844=CARTESIAN_POINT('Origin',(6.,-1.5,-6.3));
#4845=CARTESIAN_POINT('',(5.8,-1.5,-9.75));
#4846=CARTESIAN_POINT('',(5.8,-1.5,-6.3));
#4847=CARTESIAN_POINT('',(6.,-1.5,-9.75));
#4848=CARTESIAN_POINT('Origin',(6.,-1.45,-9.75));
#4849=CARTESIAN_POINT('Origin',(5.75,-1.45,-9.75));
#4850=CARTESIAN_POINT('Origin',(5.75,-1.5,-9.75));
#4851=CARTESIAN_POINT('',(5.8,-3.5,-9.75));
#4852=CARTESIAN_POINT('',(5.8,-1.5,-9.75));
#4853=CARTESIAN_POINT('Origin',(5.75,-3.55,-9.75));
#4854=CARTESIAN_POINT('Origin',(5.8,-3.55,-9.75));
#4855=CARTESIAN_POINT('',(6.,-3.5,-9.75));
#4856=CARTESIAN_POINT('',(5.8,-3.5,-9.75));
#4857=CARTESIAN_POINT('Origin',(5.95,-3.55,-9.75));
#4858=CARTESIAN_POINT('Origin',(5.95,-4.8,-9.75));
#4859=CARTESIAN_POINT('',(6.,-4.8,-9.75));
#4860=CARTESIAN_POINT('Origin',(5.95,-4.8,-9.75));
#4861=CARTESIAN_POINT('',(6.,-4.8,-9.75));
#4862=CARTESIAN_POINT('Origin',(-5.95,4.8,-9.75));
#4863=CARTESIAN_POINT('Origin',(-5.95,-4.8,-9.75));
#4864=CARTESIAN_POINT('Origin',(4.8,-4.8,-9.75));
#4865=CARTESIAN_POINT('',(4.8,-6.,-9.75));
#4866=CARTESIAN_POINT('Origin',(4.8,-5.95,-9.75));
#4867=CARTESIAN_POINT('Origin',(4.8,-4.8,-9.75));
#4868=CARTESIAN_POINT('Origin',(-4.8,-4.8,-9.75));
#4869=CARTESIAN_POINT('',(-4.8,-6.,-9.75));
#4870=CARTESIAN_POINT('Origin',(-4.8,-5.95,-9.75));
#4871=CARTESIAN_POINT('Origin',(-4.8,-4.8,-9.75));
#4872=CARTESIAN_POINT('Origin',(-4.8,-5.95,-9.75));
#4873=CARTESIAN_POINT('',(-4.8,-6.,-9.75));
#4874=CARTESIAN_POINT('Origin',(4.5,-2.19E-15,-9.85));
#4875=CARTESIAN_POINT('',(3.75,-2.28184850993605E-15,-9.85));
#4876=CARTESIAN_POINT('Origin',(3.7,-2.28797174393179E-15,-9.85));
#4877=CARTESIAN_POINT('Origin',(4.5,-2.19E-15,-9.85));
#4878=CARTESIAN_POINT('Origin',(-4.5,-2.19E-15,-9.85));
#4879=CARTESIAN_POINT('',(-5.25,-2.28184850993605E-15,-9.85));
#4880=CARTESIAN_POINT('Origin',(-5.3,-2.28797174393179E-15,-9.85));
#4881=CARTESIAN_POINT('Origin',(-4.5,-2.19E-15,-9.85));
#4882=CARTESIAN_POINT('Origin',(5.8,-1.5,-6.3));
#4883=CARTESIAN_POINT('',(5.8,-3.5,-6.3));
#4884=CARTESIAN_POINT('Origin',(5.8,-3.5,-6.3));
#4885=CARTESIAN_POINT('',(6.,-3.5,-6.35));
#4886=CARTESIAN_POINT('Origin',(5.95,-3.5,-6.35));
#4887=CARTESIAN_POINT('',(6.,-3.5,-6.3));
#4888=CARTESIAN_POINT('Origin',(5.95,-4.8,-6.35));
#4889=CARTESIAN_POINT('',(6.,-4.8,-6.35));
#4890=CARTESIAN_POINT('Origin',(5.95,-4.8,-6.35));
#4891=CARTESIAN_POINT('',(6.,-4.8,-6.35));
#4892=CARTESIAN_POINT('Origin',(4.8,-4.8,-6.35));
#4893=CARTESIAN_POINT('',(4.8,-6.,-6.35));
#4894=CARTESIAN_POINT('Origin',(4.8,-5.95,-6.35));
#4895=CARTESIAN_POINT('Origin',(4.8,-4.8,-6.35));
#4896=CARTESIAN_POINT('Origin',(-5.95,4.8,-6.35));
#4897=CARTESIAN_POINT('Origin',(-5.95,-4.8,-6.35));
#4898=CARTESIAN_POINT('Origin',(-4.8,-5.95,-6.35));
#4899=CARTESIAN_POINT('',(-4.8,-6.,-6.35));
#4900=CARTESIAN_POINT('Origin',(-4.8,-5.95,-6.35));
#4901=CARTESIAN_POINT('',(-4.8,-6.,-6.35));
#4902=CARTESIAN_POINT('Origin',(-4.8,-4.8,-6.35));
#4903=CARTESIAN_POINT('Origin',(-4.8,-4.8,-6.35));
#4904=CARTESIAN_POINT('Origin',(-4.7,4.7,-6.35));
#4905=CARTESIAN_POINT('',(-5.7,4.7,-6.35));
#4906=CARTESIAN_POINT('Origin',(-4.7,4.7,-6.35));
#4907=CARTESIAN_POINT('Origin',(-5.75,4.7,-6.35));
#4908=CARTESIAN_POINT('Origin',(0.,-1.4E-15,-6.3));
#4909=CARTESIAN_POINT('',(-5.15,-2.25069310156089E-15,-7.3));
#4910=CARTESIAN_POINT('Origin',(0.,-1.E-15,-7.3));
#4911=CARTESIAN_POINT('',(-5.15,-2.03069310156089E-15,-6.3));
#4912=CARTESIAN_POINT('Origin',(4.7,4.7,-6.35));
#4913=CARTESIAN_POINT('',(4.7,5.7,-6.35));
#4914=CARTESIAN_POINT('Origin',(4.7,4.7,-6.35));
#4915=CARTESIAN_POINT('Origin',(4.7,5.75,-6.35));
#4916=CARTESIAN_POINT('Origin',(4.7,-4.7,-6.35));
#4917=CARTESIAN_POINT('',(5.7,-4.7,-6.35));
#4918=CARTESIAN_POINT('Origin',(4.7,-4.7,-6.35));
#4919=CARTESIAN_POINT('Origin',(5.75,-4.7,-6.35));
#4920=CARTESIAN_POINT('Origin',(-4.7,-4.7,-6.35));
#4921=CARTESIAN_POINT('',(-4.7,-5.7,-6.35));
#4922=CARTESIAN_POINT('Origin',(-4.7,-4.7,-6.35));
#4923=CARTESIAN_POINT('Origin',(-4.7,-5.75,-6.35));
#4924=CARTESIAN_POINT('Origin',(-4.8,-4.8,-6.3));
#4925=CARTESIAN_POINT('',(-4.8,-6.,-6.3));
#4926=CARTESIAN_POINT('Origin',(-1.9,6.,-12.3));
#4927=CARTESIAN_POINT('',(3.,6.2,-12.3));
#4928=CARTESIAN_POINT('Origin',(3.,6.200000144654,-12.12000014465));
#4929=CARTESIAN_POINT('',(3.,6.38,-12.12000014465));
#4930=CARTESIAN_POINT('Origin',(3.,6.38,-9.2));
#4931=CARTESIAN_POINT('Origin',(6.,-6.,-6.3));
#4932=CARTESIAN_POINT('',(6.,-4.8,-6.3));
#4933=CARTESIAN_POINT('Origin',(4.8,-4.8,-6.3));
#4934=CARTESIAN_POINT('',(4.8,-6.,-6.3));
#4935=CARTESIAN_POINT('Origin',(-6.,-6.,-6.3));
#4936=CARTESIAN_POINT('',(-3.,-6.,-9.4));
#4937=CARTESIAN_POINT('',(-3.,-6.,-9.11));
#4938=CARTESIAN_POINT('',(-3.,-6.,-12.3));
#4939=CARTESIAN_POINT('',(-2.99,-6.,-9.1));
#4940=CARTESIAN_POINT('Origin',(-2.99,-6.,-9.11));
#4941=CARTESIAN_POINT('',(-1.91,-6.,-9.1));
#4942=CARTESIAN_POINT('',(3.,-6.,-9.1));
#4943=CARTESIAN_POINT('',(-1.9,-6.,-9.11));
#4944=CARTESIAN_POINT('Origin',(-1.91,-6.,-9.11));
#4945=CARTESIAN_POINT('',(-1.9,-6.,-9.4));
#4946=CARTESIAN_POINT('',(-1.9,-6.,-8.3));
#4947=CARTESIAN_POINT('',(3.,-6.,-9.4));
#4948=CARTESIAN_POINT('',(3.,-6.,-9.11));
#4949=CARTESIAN_POINT('',(3.,-6.,-9.4));
#4950=CARTESIAN_POINT('',(3.,-6.,-8.3));
#4951=CARTESIAN_POINT('',(1.9,-6.,-9.4));
#4952=CARTESIAN_POINT('',(3.,-6.,-9.4));
#4953=CARTESIAN_POINT('',(1.9,-6.,-9.11));
#4954=CARTESIAN_POINT('',(1.9,-6.,-12.3));
#4955=CARTESIAN_POINT('',(1.91,-6.,-9.1));
#4956=CARTESIAN_POINT('Origin',(1.91,-6.,-9.11));
#4957=CARTESIAN_POINT('',(2.99,-6.,-9.1));
#4958=CARTESIAN_POINT('',(3.,-6.,-9.1));
#4959=CARTESIAN_POINT('Origin',(2.99,-6.,-9.11));
#4960=CARTESIAN_POINT('Origin',(4.5,-2.18E-15,-9.8));
#4961=CARTESIAN_POINT('',(3.75,-2.53364850993605E-15,-10.99));
#4962=CARTESIAN_POINT('',(3.75,-2.27184850993605E-15,-9.8));
#4963=CARTESIAN_POINT('Origin',(4.5,-2.18E-15,-10.99));
#4964=CARTESIAN_POINT('Origin',(-4.5,-2.18E-15,-9.8));
#4965=CARTESIAN_POINT('',(-5.25,-2.53364850993605E-15,-10.99));
#4966=CARTESIAN_POINT('',(-5.25,-2.27184850993605E-15,-9.8));
#4967=CARTESIAN_POINT('Origin',(-4.5,-2.18E-15,-10.99));
#4968=CARTESIAN_POINT('Origin',(-4.7,4.7,-6.3));
#4969=CARTESIAN_POINT('',(-5.7,4.7,-6.36));
#4970=CARTESIAN_POINT('Origin',(-4.7,4.7,-6.36));
#4971=CARTESIAN_POINT('',(-5.7,4.7,-6.3));
#4972=CARTESIAN_POINT('Origin',(-2.7E-16,-1.69E-15,-7.3));
#4973=CARTESIAN_POINT('',(-5.1,-2.24456986756515E-15,-7.3));
#4974=CARTESIAN_POINT('Origin',(0.,-1.E-15,-7.3));
#4975=CARTESIAN_POINT('Origin',(4.7,4.7,-6.3));
#4976=CARTESIAN_POINT('',(4.7,5.7,-6.36));
#4977=CARTESIAN_POINT('Origin',(4.7,4.7,-6.36));
#4978=CARTESIAN_POINT('',(4.7,5.7,-6.3));
#4979=CARTESIAN_POINT('Origin',(4.7,-4.7,-6.3));
#4980=CARTESIAN_POINT('',(5.7,-4.7,-6.36));
#4981=CARTESIAN_POINT('Origin',(4.7,-4.7,-6.36));
#4982=CARTESIAN_POINT('',(5.7,-4.7,-6.3));
#4983=CARTESIAN_POINT('Origin',(-4.7,-4.7,-6.3));
#4984=CARTESIAN_POINT('',(-4.7,-5.7,-6.36));
#4985=CARTESIAN_POINT('Origin',(-4.7,-4.7,-6.36));
#4986=CARTESIAN_POINT('',(-4.7,-5.7,-6.3));
#4987=CARTESIAN_POINT('Origin',(3.,-6.,-8.3));
#4988=CARTESIAN_POINT('',(3.,-6.28,-9.11));
#4989=CARTESIAN_POINT('',(3.,-6.,-9.11));
#4990=CARTESIAN_POINT('',(3.,-6.37,-9.2));
#4991=CARTESIAN_POINT('Origin',(3.,-6.28,-9.2));
#4992=CARTESIAN_POINT('',(3.,-6.37,-12.12000014465));
#4993=CARTESIAN_POINT('',(3.,-6.37,-9.2));
#4994=CARTESIAN_POINT('',(3.,-6.200000008036,-12.29));
#4995=CARTESIAN_POINT('Origin',(3.,-6.200000144654,-12.12000014465));
#4996=CARTESIAN_POINT('',(3.,-6.010434247328,-12.29));
#4997=CARTESIAN_POINT('',(3.,-6.2,-12.29));
#4998=CARTESIAN_POINT('',(3.,-6.08,-12.12000014465));
#4999=CARTESIAN_POINT('Origin',(3.,-5.837500325472,-12.12000014465));
#5000=CARTESIAN_POINT('',(3.,-6.08,-9.46));
#5001=CARTESIAN_POINT('',(3.,-6.08,-9.46));
#5002=CARTESIAN_POINT('',(3.,-6.02,-9.4));
#5003=CARTESIAN_POINT('Origin',(3.,-6.02,-9.46));
#5004=CARTESIAN_POINT('',(3.,-6.,-9.4));
#5005=CARTESIAN_POINT('Origin',(2.99,-6.,-9.11));
#5006=CARTESIAN_POINT('',(2.99,-6.28,-9.1));
#5007=CARTESIAN_POINT('',(2.99,-6.,-9.1));
#5008=CARTESIAN_POINT('Origin',(2.99,-6.28,-9.11));
#5009=CARTESIAN_POINT('Origin',(3.,-6.,-9.4));
#5010=CARTESIAN_POINT('',(1.9,-6.02,-9.4));
#5011=CARTESIAN_POINT('',(3.,-6.02,-9.4));
#5012=CARTESIAN_POINT('',(1.9,-6.,-9.4));
#5013=CARTESIAN_POINT('Origin',(3.,-6.,-9.1));
#5014=CARTESIAN_POINT('',(1.91,-6.28,-9.1));
#5015=CARTESIAN_POINT('',(3.,-6.28,-9.1));
#5016=CARTESIAN_POINT('',(1.91,-6.28,-9.1));
#5017=CARTESIAN_POINT('Origin',(1.9,-6.,-12.3));
#5018=CARTESIAN_POINT('',(1.9,-6.08,-12.12000014465));
#5019=CARTESIAN_POINT('',(1.9,-6.010434247328,-12.29));
#5020=CARTESIAN_POINT('Origin',(1.9,-5.837500325472,-12.12000014465));
#5021=CARTESIAN_POINT('',(1.9,-6.2,-12.29));
#5022=CARTESIAN_POINT('',(1.9,-6.,-12.29));
#5023=CARTESIAN_POINT('',(1.9,-6.37,-12.12000014465));
#5024=CARTESIAN_POINT('Origin',(1.9,-6.200000144654,-12.12000014465));
#5025=CARTESIAN_POINT('',(1.9,-6.37,-9.2));
#5026=CARTESIAN_POINT('',(1.9,-6.37,-12.12000014465));
#5027=CARTESIAN_POINT('',(1.9,-6.28,-9.11));
#5028=CARTESIAN_POINT('Origin',(1.9,-6.28,-9.2));
#5029=CARTESIAN_POINT('',(1.9,-6.28,-9.11));
#5030=CARTESIAN_POINT('',(1.9,-6.08,-9.46));
#5031=CARTESIAN_POINT('Origin',(1.9,-6.02,-9.46));
#5032=CARTESIAN_POINT('',(1.9,-6.08,-10.88));
#5033=CARTESIAN_POINT('Origin',(1.91,-6.28,-9.11));
#5034=CARTESIAN_POINT('Origin',(1.91,-6.28,-9.11));
#5035=CARTESIAN_POINT('Origin',(-3.,-6.,-12.3));
#5036=CARTESIAN_POINT('',(-3.,-6.08,-12.12000014465));
#5037=CARTESIAN_POINT('',(-3.,-6.010434247328,-12.29));
#5038=CARTESIAN_POINT('Origin',(-3.,-5.837500325472,-12.12000014465));
#5039=CARTESIAN_POINT('',(-3.,-6.2,-12.29));
#5040=CARTESIAN_POINT('',(-3.,-6.,-12.29));
#5041=CARTESIAN_POINT('',(-3.,-6.37,-12.12000014465));
#5042=CARTESIAN_POINT('Origin',(-3.,-6.200000144654,-12.12000014465));
#5043=CARTESIAN_POINT('',(-3.,-6.37,-9.2));
#5044=CARTESIAN_POINT('',(-3.,-6.37,-12.12000014465));
#5045=CARTESIAN_POINT('',(-3.,-6.28,-9.11));
#5046=CARTESIAN_POINT('Origin',(-3.,-6.28,-9.2));
#5047=CARTESIAN_POINT('',(-3.,-6.28,-9.11));
#5048=CARTESIAN_POINT('',(-3.,-6.02,-9.4));
#5049=CARTESIAN_POINT('',(-3.,-6.,-9.4));
#5050=CARTESIAN_POINT('',(-3.,-6.08,-9.46));
#5051=CARTESIAN_POINT('Origin',(-3.,-6.02,-9.46));
#5052=CARTESIAN_POINT('',(-3.,-6.08,-10.88));
#5053=CARTESIAN_POINT('Origin',(-2.99,-6.28,-9.11));
#5054=CARTESIAN_POINT('',(-2.99,-6.28,-9.1));
#5055=CARTESIAN_POINT('Origin',(-2.99,-6.28,-9.11));
#5056=CARTESIAN_POINT('',(-2.99,-6.28,-9.1));
#5057=CARTESIAN_POINT('Origin',(3.,-6.,-9.4));
#5058=CARTESIAN_POINT('',(-1.9,-6.02,-9.4));
#5059=CARTESIAN_POINT('',(-1.9,-6.,-9.4));
#5060=CARTESIAN_POINT('',(3.,-6.02,-9.4));
#5061=CARTESIAN_POINT('Origin',(3.,-6.,-9.1));
#5062=CARTESIAN_POINT('',(-1.91,-6.28,-9.1));
#5063=CARTESIAN_POINT('',(3.,-6.28,-9.1));
#5064=CARTESIAN_POINT('',(-1.91,-6.,-9.1));
#5065=CARTESIAN_POINT('Origin',(-1.9,-6.,-8.3));
#5066=CARTESIAN_POINT('',(-1.9,-6.28,-9.11));
#5067=CARTESIAN_POINT('',(-1.9,-6.,-9.11));
#5068=CARTESIAN_POINT('',(-1.9,-6.37,-9.2));
#5069=CARTESIAN_POINT('Origin',(-1.9,-6.28,-9.2));
#5070=CARTESIAN_POINT('',(-1.9,-6.37,-12.12000014465));
#5071=CARTESIAN_POINT('',(-1.9,-6.37,-9.2));
#5072=CARTESIAN_POINT('',(-1.9,-6.200000008036,-12.29));
#5073=CARTESIAN_POINT('Origin',(-1.9,-6.200000144654,-12.12000014465));
#5074=CARTESIAN_POINT('',(-1.9,-6.010434247328,-12.29));
#5075=CARTESIAN_POINT('',(-1.9,-6.2,-12.29));
#5076=CARTESIAN_POINT('',(-1.9,-6.08,-12.12000014465));
#5077=CARTESIAN_POINT('Origin',(-1.9,-5.837500325472,-12.12000014465));
#5078=CARTESIAN_POINT('',(-1.9,-6.08,-9.46));
#5079=CARTESIAN_POINT('',(-1.9,-6.08,-8.88));
#5080=CARTESIAN_POINT('Origin',(-1.9,-6.02,-9.46));
#5081=CARTESIAN_POINT('Origin',(-1.91,-6.,-9.11));
#5082=CARTESIAN_POINT('Origin',(-1.91,-6.28,-9.11));
#5083=CARTESIAN_POINT('Origin',(4.5,-2.18E-15,-10.99));
#5084=CARTESIAN_POINT('',(3.76,-1.8229761368631E-15,-11.));
#5085=CARTESIAN_POINT('Origin',(4.5,-2.18E-15,-11.));
#5086=CARTESIAN_POINT('Origin',(3.76,-1.8229761368631E-15,-10.99));
#5087=CARTESIAN_POINT('Origin',(-4.5,-2.18E-15,-10.99));
#5088=CARTESIAN_POINT('',(-5.24,-1.8229761368631E-15,-11.));
#5089=CARTESIAN_POINT('Origin',(-4.5,-2.18E-15,-11.));
#5090=CARTESIAN_POINT('Origin',(-5.24,-1.8229761368631E-15,-10.99));
#5091=CARTESIAN_POINT('Origin',(-4.7,4.7,-6.36));
#5092=CARTESIAN_POINT('',(-5.66,4.7,-6.4));
#5093=CARTESIAN_POINT('Origin',(-5.66,4.7,-6.36));
#5094=CARTESIAN_POINT('Origin',(-4.7,4.7,-6.4));
#5095=CARTESIAN_POINT('Origin',(0.,-1.4E-15,-6.3));
#5096=CARTESIAN_POINT('',(5.1,-1.E-15,-6.30001));
#5097=CARTESIAN_POINT('',(-5.1,-7.7543233243485E-16,-6.30001));
#5098=CARTESIAN_POINT('Origin',(0.,-1.4E-15,-6.30001));
#5099=CARTESIAN_POINT('Origin',(0.,-1.4E-15,-6.30001));
#5100=CARTESIAN_POINT('',(-5.1,-2.02456986756515E-15,-6.3));
#5101=CARTESIAN_POINT('Origin',(4.7,4.7,-6.36));
#5102=CARTESIAN_POINT('',(4.7,5.66,-6.4));
#5103=CARTESIAN_POINT('Origin',(4.7,5.66,-6.36));
#5104=CARTESIAN_POINT('Origin',(4.7,4.7,-6.4));
#5105=CARTESIAN_POINT('Origin',(4.7,-4.7,-6.36));
#5106=CARTESIAN_POINT('',(5.66,-4.7,-6.4));
#5107=CARTESIAN_POINT('Origin',(5.66,-4.7,-6.36));
#5108=CARTESIAN_POINT('Origin',(4.7,-4.7,-6.4));
#5109=CARTESIAN_POINT('Origin',(-4.7,-4.7,-6.36));
#5110=CARTESIAN_POINT('',(-4.7,-5.66,-6.4));
#5111=CARTESIAN_POINT('Origin',(-4.7,-5.66,-6.36));
#5112=CARTESIAN_POINT('Origin',(-4.7,-4.7,-6.4));
#5113=CARTESIAN_POINT('Origin',(2.99,-6.28,-9.2));
#5114=CARTESIAN_POINT('',(2.99,-6.38,-9.2));
#5115=CARTESIAN_POINT('Origin',(2.99,-6.28,-9.2));
#5116=CARTESIAN_POINT('Origin',(2.99,-6.37,-9.2));
#5117=CARTESIAN_POINT('Origin',(3.,-6.02,-9.46));
#5118=CARTESIAN_POINT('',(3.,-6.08,-9.46));
#5119=CARTESIAN_POINT('Origin',(2.99,-6.37,-9.2));
#5120=CARTESIAN_POINT('',(2.99,-6.38,-12.12000014465));
#5121=CARTESIAN_POINT('',(2.99,-6.38,-9.2));
#5122=CARTESIAN_POINT('Origin',(2.99,-6.37,-12.12000014465));
#5123=CARTESIAN_POINT('Origin',(3.,-6.08,-9.46));
#5124=CARTESIAN_POINT('',(3.,-6.08,-12.12000014465));
#5125=CARTESIAN_POINT('Origin',(2.99,-6.200000144654,-12.12000014465));
#5126=CARTESIAN_POINT('',(2.99,-6.2,-12.3));
#5127=CARTESIAN_POINT('Origin',(2.99,-6.200000144654,-12.12000014465));
#5128=CARTESIAN_POINT('Origin',(2.99,-6.200000008036,-12.29));
#5129=CARTESIAN_POINT('Origin',(3.,-5.837500325472,-12.12000014465));
#5130=CARTESIAN_POINT('',(2.99,-6.,-12.3));
#5131=CARTESIAN_POINT('Ctrl Pts',(3.,-6.010434247328,-12.29));
#5132=CARTESIAN_POINT('Ctrl Pts',(3.,-6.010310715137,-12.29012566426));
#5133=CARTESIAN_POINT('Ctrl Pts',(2.999998026062,-6.010186958905,-12.29025132811));
#5134=CARTESIAN_POINT('Ctrl Pts',(2.999994078211,-6.010063018351,-12.29037695032));
#5135=CARTESIAN_POINT('Ctrl Pts',(2.999988157756,-6.009938933739,-12.29050248973));
#5136=CARTESIAN_POINT('Ctrl Pts',(2.999892508424,-6.008433512269,-12.29202279233));
#5137=CARTESIAN_POINT('Ctrl Pts',(2.99956108777,-6.007039570696,-12.29340234885));
#5138=CARTESIAN_POINT('Ctrl Pts',(2.998989361218,-6.005688656604,-12.2947099719));
#5139=CARTESIAN_POINT('Ctrl Pts',(2.998201136732,-6.004446048169,-12.29589047156));
#5140=CARTESIAN_POINT('Ctrl Pts',(2.996119620771,-6.002118876934,-12.29807246264));
#5141=CARTESIAN_POINT('Ctrl Pts',(2.994766709136,-6.001088973288,-12.2990173541));
#5142=CARTESIAN_POINT('Ctrl Pts',(2.993237082874,-6.000362485802,-12.29967263637));
#5143=CARTESIAN_POINT('Ctrl Pts',(2.991618507807,-6.,-12.3));
#5144=CARTESIAN_POINT('Ctrl Pts',(2.99,-6.,-12.3));
#5145=CARTESIAN_POINT('',(1.91,-6.,-12.3));
#5146=CARTESIAN_POINT('',(3.,-6.,-12.3));
#5147=CARTESIAN_POINT('Ctrl Pts',(1.9,-6.010434247328,-12.29));
#5148=CARTESIAN_POINT('Ctrl Pts',(1.9,-6.010310715137,-12.29012566426));
#5149=CARTESIAN_POINT('Ctrl Pts',(1.900001973938,-6.010186958905,-12.29025132811));
#5150=CARTESIAN_POINT('Ctrl Pts',(1.900005921789,-6.010063018351,-12.29037695032));
#5151=CARTESIAN_POINT('Ctrl Pts',(1.900011842244,-6.009938933739,-12.29050248973));
#5152=CARTESIAN_POINT('Ctrl Pts',(1.900107491576,-6.008433512269,-12.29202279233));
#5153=CARTESIAN_POINT('Ctrl Pts',(1.90043891223,-6.007039570696,-12.29340234885));
#5154=CARTESIAN_POINT('Ctrl Pts',(1.901010638782,-6.005688656604,-12.2947099719));
#5155=CARTESIAN_POINT('Ctrl Pts',(1.901798863268,-6.004446048169,-12.29589047156));
#5156=CARTESIAN_POINT('Ctrl Pts',(1.903880379229,-6.002118876934,-12.29807246264));
#5157=CARTESIAN_POINT('Ctrl Pts',(1.905233290864,-6.001088973288,-12.2990173541));
#5158=CARTESIAN_POINT('Ctrl Pts',(1.906762917126,-6.000362485802,-12.29967263637));
#5159=CARTESIAN_POINT('Ctrl Pts',(1.908381492193,-6.,-12.3));
#5160=CARTESIAN_POINT('Ctrl Pts',(1.91,-6.,-12.3));
#5161=CARTESIAN_POINT('Origin',(2.99,-6.2,-12.29));
#5162=CARTESIAN_POINT('',(2.99,-6.2,-12.3));
#5163=CARTESIAN_POINT('Origin',(3.,-6.28,-9.2));
#5164=CARTESIAN_POINT('',(1.91,-6.38,-9.2));
#5165=CARTESIAN_POINT('',(3.,-6.38,-9.2));
#5166=CARTESIAN_POINT('Origin',(1.91,-6.28,-9.2));
#5167=CARTESIAN_POINT('Origin',(1.91,-6.,-12.29));
#5168=CARTESIAN_POINT('',(1.91,-6.2,-12.3));
#5169=CARTESIAN_POINT('',(1.91,-6.,-12.3));
#5170=CARTESIAN_POINT('Origin',(1.91,-6.2,-12.29));
#5171=CARTESIAN_POINT('Origin',(1.91,-6.200000144654,-12.12000014465));
#5172=CARTESIAN_POINT('',(1.91,-6.38,-12.12000014465));
#5173=CARTESIAN_POINT('Origin',(1.91,-6.200000144654,-12.12000014465));
#5174=CARTESIAN_POINT('Origin',(1.91,-6.37,-12.12000014465));
#5175=CARTESIAN_POINT('Origin',(1.91,-6.37,-12.12000014465));
#5176=CARTESIAN_POINT('',(1.91,-6.38,-12.12000014465));
#5177=CARTESIAN_POINT('Origin',(1.91,-6.37,-9.2));
#5178=CARTESIAN_POINT('Origin',(1.91,-6.28,-9.2));
#5179=CARTESIAN_POINT('Origin',(3.,-5.837500325472,-12.12000014465));
#5180=CARTESIAN_POINT('',(-1.91,-6.,-12.3));
#5181=CARTESIAN_POINT('Ctrl Pts',(-1.9,-6.010434247328,-12.29));
#5182=CARTESIAN_POINT('Ctrl Pts',(-1.9,-6.010310715137,-12.29012566426));
#5183=CARTESIAN_POINT('Ctrl Pts',(-1.900001973938,-6.010186958905,-12.29025132811));
#5184=CARTESIAN_POINT('Ctrl Pts',(-1.900005921789,-6.010063018351,-12.29037695032));
#5185=CARTESIAN_POINT('Ctrl Pts',(-1.900011842244,-6.009938933739,-12.29050248973));
#5186=CARTESIAN_POINT('Ctrl Pts',(-1.900107491576,-6.008433512269,-12.29202279233));
#5187=CARTESIAN_POINT('Ctrl Pts',(-1.90043891223,-6.007039570696,-12.29340234885));
#5188=CARTESIAN_POINT('Ctrl Pts',(-1.901010638782,-6.005688656604,-12.2947099719));
#5189=CARTESIAN_POINT('Ctrl Pts',(-1.901798863268,-6.004446048169,-12.29589047156));
#5190=CARTESIAN_POINT('Ctrl Pts',(-1.903880379229,-6.002118876934,-12.29807246264));
#5191=CARTESIAN_POINT('Ctrl Pts',(-1.905233290864,-6.001088973288,-12.2990173541));
#5192=CARTESIAN_POINT('Ctrl Pts',(-1.906762917126,-6.000362485802,-12.29967263637));
#5193=CARTESIAN_POINT('Ctrl Pts',(-1.908381492193,-6.,-12.3));
#5194=CARTESIAN_POINT('Ctrl Pts',(-1.91,-6.,-12.3));
#5195=CARTESIAN_POINT('',(-2.99,-6.,-12.3));
#5196=CARTESIAN_POINT('',(-1.9,-6.,-12.3));
#5197=CARTESIAN_POINT('Ctrl Pts',(-3.,-6.010434247328,-12.29));
#5198=CARTESIAN_POINT('Ctrl Pts',(-3.,-6.010310715137,-12.29012566426));
#5199=CARTESIAN_POINT('Ctrl Pts',(-2.999998026062,-6.010186958905,-12.29025132811));
#5200=CARTESIAN_POINT('Ctrl Pts',(-2.999994078211,-6.010063018351,-12.29037695032));
#5201=CARTESIAN_POINT('Ctrl Pts',(-2.999988157756,-6.009938933739,-12.29050248973));
#5202=CARTESIAN_POINT('Ctrl Pts',(-2.999892508424,-6.008433512269,-12.29202279233));
#5203=CARTESIAN_POINT('Ctrl Pts',(-2.99956108777,-6.007039570696,-12.29340234885));
#5204=CARTESIAN_POINT('Ctrl Pts',(-2.998989361218,-6.005688656604,-12.2947099719));
#5205=CARTESIAN_POINT('Ctrl Pts',(-2.998201136732,-6.004446048169,-12.29589047156));
#5206=CARTESIAN_POINT('Ctrl Pts',(-2.996119620771,-6.002118876934,-12.29807246264));
#5207=CARTESIAN_POINT('Ctrl Pts',(-2.994766709136,-6.001088973288,-12.2990173541));
#5208=CARTESIAN_POINT('Ctrl Pts',(-2.993237082874,-6.000362485802,-12.29967263637));
#5209=CARTESIAN_POINT('Ctrl Pts',(-2.991618507807,-6.,-12.3));
#5210=CARTESIAN_POINT('Ctrl Pts',(-2.99,-6.,-12.3));
#5211=CARTESIAN_POINT('',(3.,-6.08,-12.12000014465));
#5212=CARTESIAN_POINT('Origin',(-2.99,-6.,-12.29));
#5213=CARTESIAN_POINT('',(-2.99,-6.2,-12.3));
#5214=CARTESIAN_POINT('',(-2.99,-6.,-12.3));
#5215=CARTESIAN_POINT('Origin',(-2.99,-6.2,-12.29));
#5216=CARTESIAN_POINT('Origin',(3.,-6.08,-9.46));
#5217=CARTESIAN_POINT('',(3.,-6.08,-9.46));
#5218=CARTESIAN_POINT('Origin',(-2.99,-6.200000144654,-12.12000014465));
#5219=CARTESIAN_POINT('',(-2.99,-6.38,-12.12000014465));
#5220=CARTESIAN_POINT('Origin',(-2.99,-6.200000144654,-12.12000014465));
#5221=CARTESIAN_POINT('Origin',(-2.99,-6.37,-12.12000014465));
#5222=CARTESIAN_POINT('Origin',(3.,-6.02,-9.46));
#5223=CARTESIAN_POINT('Origin',(-2.99,-6.37,-12.12000014465));
#5224=CARTESIAN_POINT('',(-2.99,-6.38,-9.2));
#5225=CARTESIAN_POINT('',(-2.99,-6.38,-12.12000014465));
#5226=CARTESIAN_POINT('Origin',(-2.99,-6.37,-9.2));
#5227=CARTESIAN_POINT('Origin',(-2.99,-6.28,-9.2));
#5228=CARTESIAN_POINT('Origin',(-2.99,-6.28,-9.2));
#5229=CARTESIAN_POINT('Origin',(3.,-6.28,-9.2));
#5230=CARTESIAN_POINT('',(-1.91,-6.38,-9.2));
#5231=CARTESIAN_POINT('',(3.,-6.38,-9.2));
#5232=CARTESIAN_POINT('Origin',(-1.91,-6.28,-9.2));
#5233=CARTESIAN_POINT('Origin',(-1.91,-6.28,-9.2));
#5234=CARTESIAN_POINT('Origin',(-1.91,-6.37,-9.2));
#5235=CARTESIAN_POINT('Origin',(-1.91,-6.37,-9.2));
#5236=CARTESIAN_POINT('',(-1.91,-6.38,-12.12000014465));
#5237=CARTESIAN_POINT('',(-1.91,-6.38,-9.2));
#5238=CARTESIAN_POINT('Origin',(-1.91,-6.37,-12.12000014465));
#5239=CARTESIAN_POINT('Origin',(-1.91,-6.200000144654,-12.12000014465));
#5240=CARTESIAN_POINT('',(-1.91,-6.2,-12.3));
#5241=CARTESIAN_POINT('Origin',(-1.91,-6.200000144654,-12.12000014465));
#5242=CARTESIAN_POINT('Origin',(-1.91,-6.200000008036,-12.29));
#5243=CARTESIAN_POINT('Origin',(-1.91,-6.2,-12.29));
#5244=CARTESIAN_POINT('',(-1.91,-6.2,-12.3));
#5245=CARTESIAN_POINT('Origin',(1.7E-16,-2.26E-15,-11.));
#5246=CARTESIAN_POINT('Origin',(1.7E-16,-2.26E-15,-11.));
#5247=CARTESIAN_POINT('Origin',(-4.7,4.7,-6.4));
#5248=CARTESIAN_POINT('Origin',(0.,-1.4E-15,-6.30001));
#5249=CARTESIAN_POINT('',(5.09999,-1.E-15,-6.3));
#5250=CARTESIAN_POINT('',(-5.09999,-2.02456644291835E-15,-6.3));
#5251=CARTESIAN_POINT('Origin',(0.,-1.4E-15,-6.3));
#5252=CARTESIAN_POINT('Origin',(0.,-1.4E-15,-6.3));
#5253=CARTESIAN_POINT('Origin',(-5.09999,-2.02456864291835E-15,-6.30001));
#5254=CARTESIAN_POINT('Origin',(4.7,4.7,-6.4));
#5255=CARTESIAN_POINT('Origin',(4.7,-4.7,-6.4));
#5256=CARTESIAN_POINT('Origin',(-4.7,-4.7,-6.4));
#5257=CARTESIAN_POINT('Origin',(3.,-6.38,-9.2));
#5258=CARTESIAN_POINT('',(3.,-6.38,-12.12000014465));
#5259=CARTESIAN_POINT('Origin',(3.,-6.200000144654,-12.12000014465));
#5260=CARTESIAN_POINT('',(3.,-6.2,-12.3));
#5261=CARTESIAN_POINT('Origin',(3.,-6.,-12.3));
#5262=CARTESIAN_POINT('Origin',(-1.9,-6.,-12.3));
#5263=CARTESIAN_POINT('',(3.,-6.2,-12.3));
#5264=CARTESIAN_POINT('Origin',(3.,-6.200000144654,-12.12000014465));
#5265=CARTESIAN_POINT('',(3.,-6.38,-12.12000014465));
#5266=CARTESIAN_POINT('Origin',(3.,-6.38,-9.2));
#5267=CARTESIAN_POINT('Origin',(0.,-2.37E-15,-6.3));
#5268=CARTESIAN_POINT('',(4.05001,-1.E-15,-6.3));
#5269=CARTESIAN_POINT('',(-4.05001,-9.04014621698523E-16,-6.3));
#5270=CARTESIAN_POINT('Origin',(0.,-1.4E-15,-6.3));
#5271=CARTESIAN_POINT('Origin',(0.,-1.4E-15,-6.3));
#5272=CARTESIAN_POINT('Origin',(0.,-1.4E-15,-6.30001));
#5273=CARTESIAN_POINT('',(-4.05,-1.89598195365468E-15,-6.30001));
#5274=CARTESIAN_POINT('Origin',(0.,-1.4E-15,-6.30001));
#5275=CARTESIAN_POINT('Origin',(-4.05001,-1.89598317830148E-15,-6.30001));
#5276=CARTESIAN_POINT('Origin',(0.,-1.4E-15,-6.3));
#5277=CARTESIAN_POINT('',(-4.05,-2.11598195365468E-15,-7.3));
#5278=CARTESIAN_POINT('Origin',(0.,-1.E-15,-7.3));
#5279=CARTESIAN_POINT('',(-4.05,-1.89598195365468E-15,-6.3));
#5280=CARTESIAN_POINT('Origin',(-2.1E-16,-1.13E-15,-7.3));
#5281=CARTESIAN_POINT('',(-4.,-2.10985871965894E-15,-7.3));
#5282=CARTESIAN_POINT('Origin',(0.,-1.62E-15,-7.3));
#5283=CARTESIAN_POINT('Origin',(0.,-1.4E-15,-6.3));
#5284=CARTESIAN_POINT('',(-4.,-1.71825871965894E-15,-5.52));
#5285=CARTESIAN_POINT('Origin',(0.,-1.2E-15,-5.52));
#5286=CARTESIAN_POINT('',(-4.,-1.88985871965894E-15,-6.3));
#5287=CARTESIAN_POINT('Origin',(0.,-1.2E-15,-5.52));
#5288=CARTESIAN_POINT('',(-3.98,-6.67590573939354E-16,-5.5));
#5289=CARTESIAN_POINT('Origin',(-3.98,-6.72790573939353E-16,-5.52));
#5290=CARTESIAN_POINT('Origin',(0.,-1.19E-15,-5.5));
#5291=CARTESIAN_POINT('Origin',(-2.6E-16,-1.08E-15,-5.5));
#5292=CARTESIAN_POINT('',(-1.5,1.9,-5.5));
#5293=CARTESIAN_POINT('',(1.5,1.9,-5.5));
#5294=CARTESIAN_POINT('',(0.95,1.9,-5.5));
#5295=CARTESIAN_POINT('',(1.5,-1.9,-5.5));
#5296=CARTESIAN_POINT('',(1.5,-1.9,-5.5));
#5297=CARTESIAN_POINT('',(-1.5,-1.9,-5.5));
#5298=CARTESIAN_POINT('',(-0.95,-1.9,-5.5));
#5299=CARTESIAN_POINT('',(-1.5,-1.9,-5.5));
#5300=CARTESIAN_POINT('Origin',(1.9,1.9,-1.8));
#5301=CARTESIAN_POINT('',(-1.85,1.9,-1.85));
#5302=CARTESIAN_POINT('',(-1.85,1.9,-4.45));
#5303=CARTESIAN_POINT('',(-1.85,1.9,-1.8));
#5304=CARTESIAN_POINT('',(1.85,1.9,-1.85));
#5305=CARTESIAN_POINT('',(1.9,1.9,-1.85));
#5306=CARTESIAN_POINT('',(1.85,1.9,-4.45));
#5307=CARTESIAN_POINT('',(1.85,1.9,-1.8));
#5308=CARTESIAN_POINT('',(1.5,1.9,-4.45));
#5309=CARTESIAN_POINT('',(1.85,1.9,-4.45));
#5310=CARTESIAN_POINT('',(1.5,1.9,-3.15));
#5311=CARTESIAN_POINT('',(-1.5,1.9,-4.45));
#5312=CARTESIAN_POINT('',(-1.5,1.9,-3.15));
#5313=CARTESIAN_POINT('',(-1.85,1.9,-4.45));
#5314=CARTESIAN_POINT('Origin',(1.5,-1.9,-4.5));
#5315=CARTESIAN_POINT('',(1.5,-1.85,-4.5));
#5316=CARTESIAN_POINT('',(1.5,1.85,-4.5));
#5317=CARTESIAN_POINT('',(1.5,-1.9,-4.5));
#5318=CARTESIAN_POINT('',(1.5,-1.9,-4.45));
#5319=CARTESIAN_POINT('Origin',(1.5,-1.85,-4.45));
#5320=CARTESIAN_POINT('',(1.5,-1.9,-3.15));
#5321=CARTESIAN_POINT('Origin',(1.5,1.85,-4.45));
#5322=CARTESIAN_POINT('Origin',(-1.9,-1.9,-1.8));
#5323=CARTESIAN_POINT('',(1.85,-1.9,-1.85));
#5324=CARTESIAN_POINT('',(1.85,-1.9,-4.45));
#5325=CARTESIAN_POINT('',(1.85,-1.9,-1.8));
#5326=CARTESIAN_POINT('',(-1.85,-1.9,-1.85));
#5327=CARTESIAN_POINT('',(-1.9,-1.9,-1.85));
#5328=CARTESIAN_POINT('',(-1.85,-1.9,-4.45));
#5329=CARTESIAN_POINT('',(-1.85,-1.9,-1.8));
#5330=CARTESIAN_POINT('',(-1.5,-1.9,-4.45));
#5331=CARTESIAN_POINT('',(-1.5,-1.9,-4.45));
#5332=CARTESIAN_POINT('',(-1.5,-1.9,-3.15));
#5333=CARTESIAN_POINT('',(1.5,-1.9,-4.45));
#5334=CARTESIAN_POINT('Origin',(-1.5,-1.9,-4.5));
#5335=CARTESIAN_POINT('',(-1.5,-1.85,-4.5));
#5336=CARTESIAN_POINT('',(-1.5,1.85,-4.5));
#5337=CARTESIAN_POINT('',(-1.5,-1.9,-4.5));
#5338=CARTESIAN_POINT('Origin',(-1.5,1.85,-4.45));
#5339=CARTESIAN_POINT('Origin',(-1.5,-1.85,-4.45));
#5340=CARTESIAN_POINT('Origin',(-1.85,1.85,-1.8));
#5341=CARTESIAN_POINT('',(-1.9,1.85,-4.45));
#5342=CARTESIAN_POINT('Origin',(-1.85,1.85,-4.45));
#5343=CARTESIAN_POINT('',(-1.9,1.85,-1.85));
#5344=CARTESIAN_POINT('',(-1.9,1.85,-1.8));
#5345=CARTESIAN_POINT('Origin',(-1.85,1.85,-1.85));
#5346=CARTESIAN_POINT('Origin',(-1.85,1.85,-4.45));
#5347=CARTESIAN_POINT('',(-1.85,1.85,-4.5));
#5348=CARTESIAN_POINT('Origin',(-1.85,1.85,-4.45));
#5349=CARTESIAN_POINT('',(-1.85,1.85,-4.5));
#5350=CARTESIAN_POINT('Origin',(1.9,1.85,-1.85));
#5351=CARTESIAN_POINT('',(1.85,1.85,-1.8));
#5352=CARTESIAN_POINT('Origin',(1.85,1.85,-1.85));
#5353=CARTESIAN_POINT('',(-1.85,1.85,-1.8));
#5354=CARTESIAN_POINT('Origin',(-1.85,1.85,-1.85));
#5355=CARTESIAN_POINT('',(1.9,1.85,-1.8));
#5356=CARTESIAN_POINT('Origin',(1.85,1.85,-1.8));
#5357=CARTESIAN_POINT('',(1.9,1.85,-1.85));
#5358=CARTESIAN_POINT('Origin',(1.85,1.85,-1.85));
#5359=CARTESIAN_POINT('',(1.9,1.85,-4.45));
#5360=CARTESIAN_POINT('',(1.9,1.85,-1.8));
#5361=CARTESIAN_POINT('Origin',(1.85,1.85,-4.45));
#5362=CARTESIAN_POINT('Origin',(1.85,1.85,-4.45));
#5363=CARTESIAN_POINT('',(1.85,1.85,-4.5));
#5364=CARTESIAN_POINT('Origin',(1.85,1.85,-4.45));
#5365=CARTESIAN_POINT('',(1.85,1.85,-4.5));
#5366=CARTESIAN_POINT('Origin',(1.9,-1.9,-4.5));
#5367=CARTESIAN_POINT('',(1.85,-1.85,-4.5));
#5368=CARTESIAN_POINT('',(1.85,-1.85,-4.5));
#5369=CARTESIAN_POINT('',(1.5,-1.85,-4.5));
#5370=CARTESIAN_POINT('Origin',(1.5,-1.85,-4.45));
#5371=CARTESIAN_POINT('Origin',(1.85,-1.85,-4.45));
#5372=CARTESIAN_POINT('Origin',(1.85,-1.85,-1.8));
#5373=CARTESIAN_POINT('',(1.9,-1.85,-4.45));
#5374=CARTESIAN_POINT('Origin',(1.85,-1.85,-4.45));
#5375=CARTESIAN_POINT('',(1.9,-1.85,-1.85));
#5376=CARTESIAN_POINT('',(1.9,-1.85,-1.8));
#5377=CARTESIAN_POINT('Origin',(1.85,-1.85,-1.85));
#5378=CARTESIAN_POINT('Origin',(-1.9,-1.85,-1.85));
#5379=CARTESIAN_POINT('',(-1.85,-1.85,-1.8));
#5380=CARTESIAN_POINT('Origin',(-1.85,-1.85,-1.85));
#5381=CARTESIAN_POINT('',(1.85,-1.85,-1.8));
#5382=CARTESIAN_POINT('Origin',(1.85,-1.85,-1.85));
#5383=CARTESIAN_POINT('',(-1.9,-1.85,-1.8));
#5384=CARTESIAN_POINT('Origin',(-1.85,-1.85,-1.8));
#5385=CARTESIAN_POINT('',(-1.9,-1.85,-1.85));
#5386=CARTESIAN_POINT('Origin',(-1.85,-1.85,-1.85));
#5387=CARTESIAN_POINT('',(-1.9,-1.85,-4.45));
#5388=CARTESIAN_POINT('',(-1.9,-1.85,-1.8));
#5389=CARTESIAN_POINT('Origin',(-1.85,-1.85,-4.45));
#5390=CARTESIAN_POINT('Origin',(-1.5,-1.85,-4.45));
#5391=CARTESIAN_POINT('',(-1.85,-1.85,-4.5));
#5392=CARTESIAN_POINT('Origin',(-1.85,-1.85,-4.45));
#5393=CARTESIAN_POINT('',(-1.5,-1.85,-4.5));
#5394=CARTESIAN_POINT('Origin',(-1.9,-1.9,-4.5));
#5395=CARTESIAN_POINT('',(-1.85,-1.85,-4.5));
#5396=CARTESIAN_POINT('Origin',(-1.85,1.85,-4.45));
#5397=CARTESIAN_POINT('Origin',(-1.85,1.85,-4.45));
#5398=CARTESIAN_POINT('Origin',(-1.85,1.85,-1.85));
#5399=CARTESIAN_POINT('Origin',(-1.85,1.85,-1.85));
#5400=CARTESIAN_POINT('Origin',(-1.9,1.9,-1.8));
#5401=CARTESIAN_POINT('',(-1.9,1.9,-1.85));
#5402=CARTESIAN_POINT('',(-1.9,-1.85,-4.45));
#5403=CARTESIAN_POINT('Origin',(1.85,1.85,-1.85));
#5404=CARTESIAN_POINT('Origin',(1.85,1.85,-1.85));
#5405=CARTESIAN_POINT('Origin',(6.E-17,-6.E-17,-1.8));
#5406=CARTESIAN_POINT('',(1.85,-1.9,-1.8));
#5407=CARTESIAN_POINT('',(-1.85,1.9,-1.8));
#5408=CARTESIAN_POINT('',(-0.8,-9.79717439317883E-17,-1.8));
#5409=CARTESIAN_POINT('Origin',(0.,0.,-1.8));
#5410=CARTESIAN_POINT('Origin',(1.85,1.85,-4.45));
#5411=CARTESIAN_POINT('Origin',(1.85,1.85,-4.45));
#5412=CARTESIAN_POINT('Origin',(1.9,-1.9,-1.8));
#5413=CARTESIAN_POINT('',(1.9,-1.85,-4.45));
#5414=CARTESIAN_POINT('',(1.9,-1.9,-1.85));
#5415=CARTESIAN_POINT('Origin',(1.85,-1.85,-4.45));
#5416=CARTESIAN_POINT('Origin',(1.85,-1.85,-4.45));
#5417=CARTESIAN_POINT('Origin',(1.85,-1.85,-4.45));
#5418=CARTESIAN_POINT('Origin',(1.85,-1.85,-1.85));
#5419=CARTESIAN_POINT('Origin',(1.85,-1.85,-1.85));
#5420=CARTESIAN_POINT('Origin',(-1.85,-1.85,-1.85));
#5421=CARTESIAN_POINT('Origin',(-1.85,-1.85,-1.85));
#5422=CARTESIAN_POINT('Origin',(-1.85,-1.85,-4.45));
#5423=CARTESIAN_POINT('Origin',(-1.85,-1.85,-4.45));
#5424=CARTESIAN_POINT('Origin',(-1.85,-1.85,-4.45));
#5425=CARTESIAN_POINT('Origin',(-1.85,1.9,-1.85));
#5426=CARTESIAN_POINT('Origin',(1.85,-1.9,-1.85));
#5427=CARTESIAN_POINT('Origin',(0.,0.,-1.85));
#5428=CARTESIAN_POINT('',(-0.75,-9.18485099360515E-17,-1.85));
#5429=CARTESIAN_POINT('Origin',(0.,0.,-1.85));
#5430=CARTESIAN_POINT('Origin',(-0.8,-9.79717439317883E-17,-1.85));
#5431=CARTESIAN_POINT('Origin',(0.,0.,-1.8));
#5432=CARTESIAN_POINT('',(-0.75,-9.18485099360515E-17,-4.8));
#5433=CARTESIAN_POINT('Origin',(0.,0.,-4.8));
#5434=CARTESIAN_POINT('',(-0.75,-9.18485099360515E-17,-1.8));
#5435=CARTESIAN_POINT('Origin',(-4.E-17,0.,-4.8));
#5436=UNCERTAINTY_MEASURE_WITH_UNIT(LENGTH_MEASURE(0.01),#5440,
'DISTANCE_ACCURACY_VALUE',
'Maximum model space distance between geometric entities at asserted c
onnectivities');
#5437=UNCERTAINTY_MEASURE_WITH_UNIT(LENGTH_MEASURE(0.01),#5440,
'DISTANCE_ACCURACY_VALUE',
'Maximum model space distance between geometric entities at asserted c
onnectivities');
#5438=(
GEOMETRIC_REPRESENTATION_CONTEXT(3)
GLOBAL_UNCERTAINTY_ASSIGNED_CONTEXT((#5436))
GLOBAL_UNIT_ASSIGNED_CONTEXT((#5440,#5442,#5443))
REPRESENTATION_CONTEXT('','3D')
);
#5439=(
GEOMETRIC_REPRESENTATION_CONTEXT(3)
GLOBAL_UNCERTAINTY_ASSIGNED_CONTEXT((#5437))
GLOBAL_UNIT_ASSIGNED_CONTEXT((#5440,#5442,#5443))
REPRESENTATION_CONTEXT('','3D')
);
#5440=(
LENGTH_UNIT()
NAMED_UNIT(*)
SI_UNIT(.MILLI.,.METRE.)
);
#5441=(
LENGTH_UNIT()
NAMED_UNIT(*)
SI_UNIT($,.METRE.)
);
#5442=(
NAMED_UNIT(*)
PLANE_ANGLE_UNIT()
SI_UNIT($,.RADIAN.)
);
#5443=(
NAMED_UNIT(*)
SI_UNIT($,.STERADIAN.)
SOLID_ANGLE_UNIT()
);
#5444=SHAPE_DEFINITION_REPRESENTATION(#5445,#5446);
#5445=PRODUCT_DEFINITION_SHAPE('',$,#5448);
#5446=SHAPE_REPRESENTATION('',(#3069),#5438);
#5447=PRODUCT_DEFINITION_CONTEXT('part definition',#5452,'design');
#5448=PRODUCT_DEFINITION('Button','button round 12mm v1',#5449,#5447);
#5449=PRODUCT_DEFINITION_FORMATION('',$,#5454);
#5450=PRODUCT_RELATED_PRODUCT_CATEGORY('button round 12mm v1',
'button round 12mm v1',(#5454));
#5451=APPLICATION_PROTOCOL_DEFINITION('international standard',
'automotive_design',2009,#5452);
#5452=APPLICATION_CONTEXT(
'Core Data for Automotive Mechanical Design Process');
#5453=PRODUCT_CONTEXT('part definition',#5452,'mechanical');
#5454=PRODUCT('Button','button round 12mm v1','FreeCAD Model',(#5453));
#5455=PRESENTATION_STYLE_ASSIGNMENT((#5460));
#5456=PRESENTATION_STYLE_ASSIGNMENT((#5461));
#5457=PRESENTATION_STYLE_ASSIGNMENT((#5462));
#5458=PRESENTATION_STYLE_ASSIGNMENT((#5463));
#5459=PRESENTATION_STYLE_ASSIGNMENT((#5464));
#5460=SURFACE_STYLE_USAGE(.BOTH.,#5465);
#5461=SURFACE_STYLE_USAGE(.BOTH.,#5466);
#5462=SURFACE_STYLE_USAGE(.BOTH.,#5467);
#5463=SURFACE_STYLE_USAGE(.BOTH.,#5468);
#5464=SURFACE_STYLE_USAGE(.BOTH.,#5469);
#5465=SURFACE_SIDE_STYLE('',(#5470));
#5466=SURFACE_SIDE_STYLE('',(#5471));
#5467=SURFACE_SIDE_STYLE('',(#5472));
#5468=SURFACE_SIDE_STYLE('',(#5473));
#5469=SURFACE_SIDE_STYLE('',(#5474));
#5470=SURFACE_STYLE_FILL_AREA(#5475);
#5471=SURFACE_STYLE_FILL_AREA(#5476);
#5472=SURFACE_STYLE_FILL_AREA(#5477);
#5473=SURFACE_STYLE_FILL_AREA(#5478);
#5474=SURFACE_STYLE_FILL_AREA(#5479);
#5475=FILL_AREA_STYLE('Steel - Satin',(#5480));
#5476=FILL_AREA_STYLE('Opaque(63,63,63)',(#5481));
#5477=FILL_AREA_STYLE('Opaque(107,107,107)',(#5482));
#5478=FILL_AREA_STYLE('Opaque(82,82,82)',(#5483));
#5479=FILL_AREA_STYLE('Opaque(36,36,36)',(#5484));
#5480=FILL_AREA_STYLE_COLOUR('Steel - Satin',#5485);
#5481=FILL_AREA_STYLE_COLOUR('Opaque(63,63,63)',#5486);
#5482=FILL_AREA_STYLE_COLOUR('Opaque(107,107,107)',#5487);
#5483=FILL_AREA_STYLE_COLOUR('Opaque(82,82,82)',#5488);
#5484=FILL_AREA_STYLE_COLOUR('Opaque(36,36,36)',#5489);
#5485=COLOUR_RGB('Steel - Satin',0.627450980392157,0.627450980392157,0.627450980392157);
#5486=COLOUR_RGB('Opaque(63,63,63)',0.250980392156863,0.250980392156863,
0.250980392156863);
#5487=COLOUR_RGB('Opaque(107,107,107)',0.419607843137255,0.419607843137255,
0.419607843137255);
#5488=COLOUR_RGB('Opaque(82,82,82)',0.32156862745098,0.32156862745098,0.32156862745098);
#5489=COLOUR_RGB('Opaque(36,36,36)',0.141176470588235,0.141176470588235,
0.141176470588235);
ENDSEC;
END-ISO-10303-21;
