ISO-10303-21;
HEADER;
FILE_DESCRIPTION(('KiCad electronic assembly'),'2;1');
FILE_NAME('schematic.step','2026-06-18T22:11:10',('Pcbnew'),('Kicad'),
  'Open CASCADE STEP processor 7.9','KiCad to STEP converter','Unknown'
  );
FILE_SCHEMA(('AUTOMOTIVE_DESIGN { 1 0 10303 214 1 1 1 1 }'));
ENDSEC;
DATA;
#1 = APPLICATION_PROTOCOL_DEFINITION('international standard',
  'automotive_design',2000,#2);
#2 = APPLICATION_CONTEXT(
  'core data for automotive mechanical design processes');
#3 = SHAPE_DEFINITION_REPRESENTATION(#4,#10);
#4 = PRODUCT_DEFINITION_SHAPE('','',#5);
#5 = PRODUCT_DEFINITION('design','',#6,#9);
#6 = PRODUCT_DEFINITION_FORMATION('','',#7);
#7 = PRODUCT('schematic 1','schematic 1','',(#8));
#8 = PRODUCT_CONTEXT('',#2,'mechanical');
#9 = PRODUCT_DEFINITION_CONTEXT('part definition',#2,'design');
#10 = SHAPE_REPRESENTATION('',(#11,#15,#19,#23,#27,#31,#35),#39);
#11 = AXIS2_PLACEMENT_3D('',#12,#13,#14);
#12 = CARTESIAN_POINT('',(0.,0.,0.));
#13 = DIRECTION('',(0.,0.,1.));
#14 = DIRECTION('',(1.,0.,-0.));
#15 = AXIS2_PLACEMENT_3D('',#16,#17,#18);
#16 = CARTESIAN_POINT('',(223.891,-82.323,1.595));
#17 = DIRECTION('',(0.,-0.,1.));
#18 = DIRECTION('',(1.110223024625E-16,1.,0.));
#19 = AXIS2_PLACEMENT_3D('',#20,#21,#22);
#20 = CARTESIAN_POINT('',(220.011,-42.037,1.595));
#21 = DIRECTION('',(0.,0.,1.));
#22 = DIRECTION('',(-1.,1.224646799147E-16,0.));
#23 = AXIS2_PLACEMENT_3D('',#24,#25,#26);
#24 = CARTESIAN_POINT('',(221.103,-51.689,-8.5E-02));
#25 = DIRECTION('',(-1.224646799147E-16,-1.359631073447E-32,-1.));
#26 = DIRECTION('',(1.110223024625E-16,-1.,0.));
#27 = AXIS2_PLACEMENT_3D('',#28,#29,#30);
#28 = CARTESIAN_POINT('',(242.189,-38.894,-8.5E-02));
#29 = DIRECTION('',(-1.224646799147E-16,-1.359631073447E-32,-1.));
#30 = DIRECTION('',(1.110223024625E-16,-1.,0.));
#31 = AXIS2_PLACEMENT_3D('',#32,#33,#34);
#32 = CARTESIAN_POINT('',(0.,0.,0.));
#33 = DIRECTION('',(0.,0.,1.));
#34 = DIRECTION('',(1.,0.,-0.));
#35 = AXIS2_PLACEMENT_3D('',#36,#37,#38);
#36 = CARTESIAN_POINT('',(0.,0.,0.));
#37 = DIRECTION('',(0.,0.,1.));
#38 = DIRECTION('',(1.,0.,-0.));
#39 = ( GEOMETRIC_REPRESENTATION_CONTEXT(3) 
GLOBAL_UNCERTAINTY_ASSIGNED_CONTEXT((#43)) GLOBAL_UNIT_ASSIGNED_CONTEXT(
(#40,#41,#42)) REPRESENTATION_CONTEXT('Context #1',
  '3D Context with UNIT and UNCERTAINTY') );
#40 = ( LENGTH_UNIT() NAMED_UNIT(*) SI_UNIT(.MILLI.,.METRE.) );
#41 = ( NAMED_UNIT(*) PLANE_ANGLE_UNIT() SI_UNIT($,.RADIAN.) );
#42 = ( NAMED_UNIT(*) SI_UNIT($,.STERADIAN.) SOLID_ANGLE_UNIT() );
#43 = UNCERTAINTY_MEASURE_WITH_UNIT(LENGTH_MEASURE(2.E-07),#40,
  'distance_accuracy_value','confusion accuracy');
#44 = PRODUCT_RELATED_PRODUCT_CATEGORY('part',$,(#7));
#45 = SHAPE_DEFINITION_REPRESENTATION(#46,#52);
#46 = PRODUCT_DEFINITION_SHAPE('','',#47);
#47 = PRODUCT_DEFINITION('design','',#48,#51);
#48 = PRODUCT_DEFINITION_FORMATION('','',#49);
#49 = PRODUCT('Screen_for_PCB_footprint','Screen_for_PCB_footprint','',(
    #50));
#50 = PRODUCT_CONTEXT('',#2,'mechanical');
#51 = PRODUCT_DEFINITION_CONTEXT('part definition',#2,'design');
#52 = SHAPE_REPRESENTATION('',(#11,#53,#5879),#6029);
#53 = MANIFOLD_SOLID_BREP('',#54);
#54 = CLOSED_SHELL('',(#55,#97,#128,#161,#192,#225,#256,#289,#311,#351,
    #384,#415,#448,#479,#512,#543,#567,#607,#640,#671,#704,#735,#768,
    #799,#823,#863,#896,#927,#960,#991,#1024,#1055,#1079,#1119,#1152,
    #1183,#1216,#1247,#1280,#1311,#1335,#1368,#1408,#1441,#1472,#1505,
    #1536,#1569,#1600,#1624,#1664,#1697,#1728,#1761,#1792,#1825,#1856,
    #1880,#1920,#1953,#1984,#2017,#2048,#2081,#2112,#2136,#2176,#2209,
    #2240,#2273,#2304,#2337,#2368,#2392,#2432,#2465,#2496,#2529,#2560,
    #2593,#2624,#2648,#2688,#2721,#2752,#2785,#2816,#2849,#2880,#2904,
    #2944,#2977,#3008,#3041,#3072,#3105,#3136,#3160,#3202,#3233,#3266,
    #3297,#3330,#3361,#3394,#3416,#3456,#3489,#3520,#3553,#3584,#3617,
    #3648,#3672,#3712,#3745,#3776,#3809,#3840,#3873,#3904,#3928,#3961,
    #3994,#4027,#4067,#4100,#4131,#4164,#4195,#4228,#4259,#4283,#4323,
    #4356,#4387,#4420,#4451,#4484,#4515,#4539,#4581,#4612,#4645,#4676,
    #4709,#4740,#4773,#4795,#4837,#4868,#4901,#4932,#4965,#4996,#5029,
    #5051,#5091,#5124,#5155,#5188,#5219,#5252,#5283,#5307,#5347,#5378,
    #5409,#5431,#5655));
#55 = ADVANCED_FACE('',(#56),#92,.F.);
#56 = FACE_BOUND('',#57,.F.);
#57 = EDGE_LOOP('',(#58,#68,#77,#85));
#58 = ORIENTED_EDGE('',*,*,#59,.F.);
#59 = EDGE_CURVE('',#60,#62,#64,.T.);
#60 = VERTEX_POINT('',#61);
#61 = CARTESIAN_POINT('',(19.4,16.35,3.));
#62 = VERTEX_POINT('',#63);
#63 = CARTESIAN_POINT('',(19.4,16.35,0.));
#64 = LINE('',#65,#66);
#65 = CARTESIAN_POINT('',(19.4,16.35,3.));
#66 = VECTOR('',#67,1.);
#67 = DIRECTION('',(0.,0.,-1.));
#68 = ORIENTED_EDGE('',*,*,#69,.T.);
#69 = EDGE_CURVE('',#60,#70,#72,.T.);
#70 = VERTEX_POINT('',#71);
#71 = CARTESIAN_POINT('',(19.55,16.2,3.));
#72 = CIRCLE('',#73,0.15);
#73 = AXIS2_PLACEMENT_3D('',#74,#75,#76);
#74 = CARTESIAN_POINT('',(19.4,16.2,3.));
#75 = DIRECTION('',(0.,0.,-1.));
#76 = DIRECTION('',(1.,0.,0.));
#77 = ORIENTED_EDGE('',*,*,#78,.T.);
#78 = EDGE_CURVE('',#70,#79,#81,.T.);
#79 = VERTEX_POINT('',#80);
#80 = CARTESIAN_POINT('',(19.55,16.2,0.));
#81 = LINE('',#82,#83);
#82 = CARTESIAN_POINT('',(19.55,16.2,3.));
#83 = VECTOR('',#84,1.);
#84 = DIRECTION('',(0.,0.,-1.));
#85 = ORIENTED_EDGE('',*,*,#86,.T.);
#86 = EDGE_CURVE('',#79,#62,#87,.T.);
#87 = CIRCLE('',#88,0.15);
#88 = AXIS2_PLACEMENT_3D('',#89,#90,#91);
#89 = CARTESIAN_POINT('',(19.4,16.2,0.));
#90 = DIRECTION('',(0.,0.,1.));
#91 = DIRECTION('',(1.,0.,-0.));
#92 = CYLINDRICAL_SURFACE('',#93,0.15);
#93 = AXIS2_PLACEMENT_3D('',#94,#95,#96);
#94 = CARTESIAN_POINT('',(19.4,16.2,3.));
#95 = DIRECTION('',(0.,0.,-1.));
#96 = DIRECTION('',(1.,0.,0.));
#97 = ADVANCED_FACE('',(#98),#123,.F.);
#98 = FACE_BOUND('',#99,.T.);
#99 = EDGE_LOOP('',(#100,#108,#109,#117));
#100 = ORIENTED_EDGE('',*,*,#101,.F.);
#101 = EDGE_CURVE('',#62,#102,#104,.T.);
#102 = VERTEX_POINT('',#103);
#103 = CARTESIAN_POINT('',(18.7,16.35,0.));
#104 = LINE('',#105,#106);
#105 = CARTESIAN_POINT('',(9.35,16.35,0.));
#106 = VECTOR('',#107,1.);
#107 = DIRECTION('',(-1.,0.,0.));
#108 = ORIENTED_EDGE('',*,*,#59,.F.);
#109 = ORIENTED_EDGE('',*,*,#110,.F.);
#110 = EDGE_CURVE('',#111,#60,#113,.T.);
#111 = VERTEX_POINT('',#112);
#112 = CARTESIAN_POINT('',(18.7,16.35,3.));
#113 = LINE('',#114,#115);
#114 = CARTESIAN_POINT('',(9.35,16.35,3.));
#115 = VECTOR('',#116,1.);
#116 = DIRECTION('',(1.,0.,0.));
#117 = ORIENTED_EDGE('',*,*,#118,.T.);
#118 = EDGE_CURVE('',#111,#102,#119,.T.);
#119 = LINE('',#120,#121);
#120 = CARTESIAN_POINT('',(18.7,16.35,3.));
#121 = VECTOR('',#122,1.);
#122 = DIRECTION('',(0.,0.,-1.));
#123 = PLANE('',#124);
#124 = AXIS2_PLACEMENT_3D('',#125,#126,#127);
#125 = CARTESIAN_POINT('',(18.7,16.35,3.));
#126 = DIRECTION('',(0.,1.,0.));
#127 = DIRECTION('',(1.,0.,0.));
#128 = ADVANCED_FACE('',(#129),#156,.F.);
#129 = FACE_BOUND('',#130,.F.);
#130 = EDGE_LOOP('',(#131,#141,#148,#149));
#131 = ORIENTED_EDGE('',*,*,#132,.F.);
#132 = EDGE_CURVE('',#133,#135,#137,.T.);
#133 = VERTEX_POINT('',#134);
#134 = CARTESIAN_POINT('',(18.55,16.2,3.));
#135 = VERTEX_POINT('',#136);
#136 = CARTESIAN_POINT('',(18.55,16.2,0.));
#137 = LINE('',#138,#139);
#138 = CARTESIAN_POINT('',(18.55,16.2,3.));
#139 = VECTOR('',#140,1.);
#140 = DIRECTION('',(0.,0.,-1.));
#141 = ORIENTED_EDGE('',*,*,#142,.T.);
#142 = EDGE_CURVE('',#133,#111,#143,.T.);
#143 = CIRCLE('',#144,0.15);
#144 = AXIS2_PLACEMENT_3D('',#145,#146,#147);
#145 = CARTESIAN_POINT('',(18.7,16.2,3.));
#146 = DIRECTION('',(0.,0.,-1.));
#147 = DIRECTION('',(1.480297366167E-14,1.,0.));
#148 = ORIENTED_EDGE('',*,*,#118,.T.);
#149 = ORIENTED_EDGE('',*,*,#150,.T.);
#150 = EDGE_CURVE('',#102,#135,#151,.T.);
#151 = CIRCLE('',#152,0.15);
#152 = AXIS2_PLACEMENT_3D('',#153,#154,#155);
#153 = CARTESIAN_POINT('',(18.7,16.2,0.));
#154 = DIRECTION('',(0.,0.,1.));
#155 = DIRECTION('',(1.480297366167E-14,1.,-0.));
#156 = CYLINDRICAL_SURFACE('',#157,0.15);
#157 = AXIS2_PLACEMENT_3D('',#158,#159,#160);
#158 = CARTESIAN_POINT('',(18.7,16.2,3.));
#159 = DIRECTION('',(0.,0.,-1.));
#160 = DIRECTION('',(1.480297366167E-14,1.,0.));
#161 = ADVANCED_FACE('',(#162),#187,.F.);
#162 = FACE_BOUND('',#163,.T.);
#163 = EDGE_LOOP('',(#164,#172,#173,#181));
#164 = ORIENTED_EDGE('',*,*,#165,.F.);
#165 = EDGE_CURVE('',#135,#166,#168,.T.);
#166 = VERTEX_POINT('',#167);
#167 = CARTESIAN_POINT('',(18.55,15.3,0.));
#168 = LINE('',#169,#170);
#169 = CARTESIAN_POINT('',(18.55,7.65,0.));
#170 = VECTOR('',#171,1.);
#171 = DIRECTION('',(0.,-1.,0.));
#172 = ORIENTED_EDGE('',*,*,#132,.F.);
#173 = ORIENTED_EDGE('',*,*,#174,.F.);
#174 = EDGE_CURVE('',#175,#133,#177,.T.);
#175 = VERTEX_POINT('',#176);
#176 = CARTESIAN_POINT('',(18.55,15.3,3.));
#177 = LINE('',#178,#179);
#178 = CARTESIAN_POINT('',(18.55,7.65,3.));
#179 = VECTOR('',#180,1.);
#180 = DIRECTION('',(0.,1.,0.));
#181 = ORIENTED_EDGE('',*,*,#182,.T.);
#182 = EDGE_CURVE('',#175,#166,#183,.T.);
#183 = LINE('',#184,#185);
#184 = CARTESIAN_POINT('',(18.55,15.3,3.));
#185 = VECTOR('',#186,1.);
#186 = DIRECTION('',(0.,0.,-1.));
#187 = PLANE('',#188);
#188 = AXIS2_PLACEMENT_3D('',#189,#190,#191);
#189 = CARTESIAN_POINT('',(18.55,15.3,3.));
#190 = DIRECTION('',(-1.,0.,0.));
#191 = DIRECTION('',(0.,1.,0.));
#192 = ADVANCED_FACE('',(#193),#220,.F.);
#193 = FACE_BOUND('',#194,.F.);
#194 = EDGE_LOOP('',(#195,#205,#212,#213));
#195 = ORIENTED_EDGE('',*,*,#196,.F.);
#196 = EDGE_CURVE('',#197,#199,#201,.T.);
#197 = VERTEX_POINT('',#198);
#198 = CARTESIAN_POINT('',(18.7,15.15,3.));
#199 = VERTEX_POINT('',#200);
#200 = CARTESIAN_POINT('',(18.7,15.15,0.));
#201 = LINE('',#202,#203);
#202 = CARTESIAN_POINT('',(18.7,15.15,3.));
#203 = VECTOR('',#204,1.);
#204 = DIRECTION('',(0.,0.,-1.));
#205 = ORIENTED_EDGE('',*,*,#206,.T.);
#206 = EDGE_CURVE('',#197,#175,#207,.T.);
#207 = CIRCLE('',#208,0.15);
#208 = AXIS2_PLACEMENT_3D('',#209,#210,#211);
#209 = CARTESIAN_POINT('',(18.7,15.3,3.));
#210 = DIRECTION('',(0.,0.,-1.));
#211 = DIRECTION('',(-1.,0.,0.));
#212 = ORIENTED_EDGE('',*,*,#182,.T.);
#213 = ORIENTED_EDGE('',*,*,#214,.T.);
#214 = EDGE_CURVE('',#166,#199,#215,.T.);
#215 = CIRCLE('',#216,0.15);
#216 = AXIS2_PLACEMENT_3D('',#217,#218,#219);
#217 = CARTESIAN_POINT('',(18.7,15.3,0.));
#218 = DIRECTION('',(0.,0.,1.));
#219 = DIRECTION('',(-1.,0.,0.));
#220 = CYLINDRICAL_SURFACE('',#221,0.15);
#221 = AXIS2_PLACEMENT_3D('',#222,#223,#224);
#222 = CARTESIAN_POINT('',(18.7,15.3,3.));
#223 = DIRECTION('',(0.,0.,-1.));
#224 = DIRECTION('',(-1.,0.,0.));
#225 = ADVANCED_FACE('',(#226),#251,.F.);
#226 = FACE_BOUND('',#227,.T.);
#227 = EDGE_LOOP('',(#228,#236,#237,#245));
#228 = ORIENTED_EDGE('',*,*,#229,.F.);
#229 = EDGE_CURVE('',#199,#230,#232,.T.);
#230 = VERTEX_POINT('',#231);
#231 = CARTESIAN_POINT('',(19.4,15.15,0.));
#232 = LINE('',#233,#234);
#233 = CARTESIAN_POINT('',(9.7,15.15,0.));
#234 = VECTOR('',#235,1.);
#235 = DIRECTION('',(1.,0.,0.));
#236 = ORIENTED_EDGE('',*,*,#196,.F.);
#237 = ORIENTED_EDGE('',*,*,#238,.F.);
#238 = EDGE_CURVE('',#239,#197,#241,.T.);
#239 = VERTEX_POINT('',#240);
#240 = CARTESIAN_POINT('',(19.4,15.15,3.));
#241 = LINE('',#242,#243);
#242 = CARTESIAN_POINT('',(9.7,15.15,3.));
#243 = VECTOR('',#244,1.);
#244 = DIRECTION('',(-1.,0.,0.));
#245 = ORIENTED_EDGE('',*,*,#246,.T.);
#246 = EDGE_CURVE('',#239,#230,#247,.T.);
#247 = LINE('',#248,#249);
#248 = CARTESIAN_POINT('',(19.4,15.15,3.));
#249 = VECTOR('',#250,1.);
#250 = DIRECTION('',(0.,0.,-1.));
#251 = PLANE('',#252);
#252 = AXIS2_PLACEMENT_3D('',#253,#254,#255);
#253 = CARTESIAN_POINT('',(19.4,15.15,3.));
#254 = DIRECTION('',(0.,-1.,0.));
#255 = DIRECTION('',(-1.,0.,0.));
#256 = ADVANCED_FACE('',(#257),#284,.F.);
#257 = FACE_BOUND('',#258,.F.);
#258 = EDGE_LOOP('',(#259,#269,#276,#277));
#259 = ORIENTED_EDGE('',*,*,#260,.F.);
#260 = EDGE_CURVE('',#261,#263,#265,.T.);
#261 = VERTEX_POINT('',#262);
#262 = CARTESIAN_POINT('',(19.55,15.3,3.));
#263 = VERTEX_POINT('',#264);
#264 = CARTESIAN_POINT('',(19.55,15.3,0.));
#265 = LINE('',#266,#267);
#266 = CARTESIAN_POINT('',(19.55,15.3,3.));
#267 = VECTOR('',#268,1.);
#268 = DIRECTION('',(0.,0.,-1.));
#269 = ORIENTED_EDGE('',*,*,#270,.T.);
#270 = EDGE_CURVE('',#261,#239,#271,.T.);
#271 = CIRCLE('',#272,0.15);
#272 = AXIS2_PLACEMENT_3D('',#273,#274,#275);
#273 = CARTESIAN_POINT('',(19.4,15.3,3.));
#274 = DIRECTION('',(0.,0.,-1.));
#275 = DIRECTION('',(0.,-1.,0.));
#276 = ORIENTED_EDGE('',*,*,#246,.T.);
#277 = ORIENTED_EDGE('',*,*,#278,.T.);
#278 = EDGE_CURVE('',#230,#263,#279,.T.);
#279 = CIRCLE('',#280,0.15);
#280 = AXIS2_PLACEMENT_3D('',#281,#282,#283);
#281 = CARTESIAN_POINT('',(19.4,15.3,0.));
#282 = DIRECTION('',(0.,0.,1.));
#283 = DIRECTION('',(0.,-1.,0.));
#284 = CYLINDRICAL_SURFACE('',#285,0.15);
#285 = AXIS2_PLACEMENT_3D('',#286,#287,#288);
#286 = CARTESIAN_POINT('',(19.4,15.3,3.));
#287 = DIRECTION('',(0.,0.,-1.));
#288 = DIRECTION('',(0.,-1.,0.));
#289 = ADVANCED_FACE('',(#290),#306,.F.);
#290 = FACE_BOUND('',#291,.T.);
#291 = EDGE_LOOP('',(#292,#298,#299,#305));
#292 = ORIENTED_EDGE('',*,*,#293,.F.);
#293 = EDGE_CURVE('',#263,#79,#294,.T.);
#294 = LINE('',#295,#296);
#295 = CARTESIAN_POINT('',(19.55,8.1,0.));
#296 = VECTOR('',#297,1.);
#297 = DIRECTION('',(0.,1.,0.));
#298 = ORIENTED_EDGE('',*,*,#260,.F.);
#299 = ORIENTED_EDGE('',*,*,#300,.F.);
#300 = EDGE_CURVE('',#70,#261,#301,.T.);
#301 = LINE('',#302,#303);
#302 = CARTESIAN_POINT('',(19.55,8.1,3.));
#303 = VECTOR('',#304,1.);
#304 = DIRECTION('',(0.,-1.,0.));
#305 = ORIENTED_EDGE('',*,*,#78,.T.);
#306 = PLANE('',#307);
#307 = AXIS2_PLACEMENT_3D('',#308,#309,#310);
#308 = CARTESIAN_POINT('',(19.55,16.2,3.));
#309 = DIRECTION('',(1.,0.,0.));
#310 = DIRECTION('',(0.,-1.,0.));
#311 = ADVANCED_FACE('',(#312),#346,.F.);
#312 = FACE_BOUND('',#313,.T.);
#313 = EDGE_LOOP('',(#314,#324,#332,#340));
#314 = ORIENTED_EDGE('',*,*,#315,.F.);
#315 = EDGE_CURVE('',#316,#318,#320,.T.);
#316 = VERTEX_POINT('',#317);
#317 = CARTESIAN_POINT('',(9.39,15.3,0.));
#318 = VERTEX_POINT('',#319);
#319 = CARTESIAN_POINT('',(9.39,16.2,0.));
#320 = LINE('',#321,#322);
#321 = CARTESIAN_POINT('',(9.39,8.1,0.));
#322 = VECTOR('',#323,1.);
#323 = DIRECTION('',(0.,1.,0.));
#324 = ORIENTED_EDGE('',*,*,#325,.F.);
#325 = EDGE_CURVE('',#326,#316,#328,.T.);
#326 = VERTEX_POINT('',#327);
#327 = CARTESIAN_POINT('',(9.39,15.3,3.));
#328 = LINE('',#329,#330);
#329 = CARTESIAN_POINT('',(9.39,15.3,3.));
#330 = VECTOR('',#331,1.);
#331 = DIRECTION('',(0.,0.,-1.));
#332 = ORIENTED_EDGE('',*,*,#333,.F.);
#333 = EDGE_CURVE('',#334,#326,#336,.T.);
#334 = VERTEX_POINT('',#335);
#335 = CARTESIAN_POINT('',(9.39,16.2,3.));
#336 = LINE('',#337,#338);
#337 = CARTESIAN_POINT('',(9.39,8.1,3.));
#338 = VECTOR('',#339,1.);
#339 = DIRECTION('',(0.,-1.,0.));
#340 = ORIENTED_EDGE('',*,*,#341,.T.);
#341 = EDGE_CURVE('',#334,#318,#342,.T.);
#342 = LINE('',#343,#344);
#343 = CARTESIAN_POINT('',(9.39,16.2,3.));
#344 = VECTOR('',#345,1.);
#345 = DIRECTION('',(0.,0.,-1.));
#346 = PLANE('',#347);
#347 = AXIS2_PLACEMENT_3D('',#348,#349,#350);
#348 = CARTESIAN_POINT('',(9.39,16.2,3.));
#349 = DIRECTION('',(1.,0.,0.));
#350 = DIRECTION('',(0.,-1.,0.));
#351 = ADVANCED_FACE('',(#352),#379,.F.);
#352 = FACE_BOUND('',#353,.F.);
#353 = EDGE_LOOP('',(#354,#364,#371,#372));
#354 = ORIENTED_EDGE('',*,*,#355,.F.);
#355 = EDGE_CURVE('',#356,#358,#360,.T.);
#356 = VERTEX_POINT('',#357);
#357 = CARTESIAN_POINT('',(9.24,16.35,3.));
#358 = VERTEX_POINT('',#359);
#359 = CARTESIAN_POINT('',(9.24,16.35,0.));
#360 = LINE('',#361,#362);
#361 = CARTESIAN_POINT('',(9.24,16.35,3.));
#362 = VECTOR('',#363,1.);
#363 = DIRECTION('',(0.,0.,-1.));
#364 = ORIENTED_EDGE('',*,*,#365,.T.);
#365 = EDGE_CURVE('',#356,#334,#366,.T.);
#366 = CIRCLE('',#367,0.15);
#367 = AXIS2_PLACEMENT_3D('',#368,#369,#370);
#368 = CARTESIAN_POINT('',(9.24,16.2,3.));
#369 = DIRECTION('',(0.,0.,-1.));
#370 = DIRECTION('',(1.,0.,0.));
#371 = ORIENTED_EDGE('',*,*,#341,.T.);
#372 = ORIENTED_EDGE('',*,*,#373,.T.);
#373 = EDGE_CURVE('',#318,#358,#374,.T.);
#374 = CIRCLE('',#375,0.15);
#375 = AXIS2_PLACEMENT_3D('',#376,#377,#378);
#376 = CARTESIAN_POINT('',(9.24,16.2,0.));
#377 = DIRECTION('',(0.,0.,1.));
#378 = DIRECTION('',(1.,0.,-0.));
#379 = CYLINDRICAL_SURFACE('',#380,0.15);
#380 = AXIS2_PLACEMENT_3D('',#381,#382,#383);
#381 = CARTESIAN_POINT('',(9.24,16.2,3.));
#382 = DIRECTION('',(0.,0.,-1.));
#383 = DIRECTION('',(1.,0.,0.));
#384 = ADVANCED_FACE('',(#385),#410,.F.);
#385 = FACE_BOUND('',#386,.T.);
#386 = EDGE_LOOP('',(#387,#395,#396,#404));
#387 = ORIENTED_EDGE('',*,*,#388,.F.);
#388 = EDGE_CURVE('',#358,#389,#391,.T.);
#389 = VERTEX_POINT('',#390);
#390 = CARTESIAN_POINT('',(8.54,16.35,0.));
#391 = LINE('',#392,#393);
#392 = CARTESIAN_POINT('',(4.27,16.35,0.));
#393 = VECTOR('',#394,1.);
#394 = DIRECTION('',(-1.,0.,0.));
#395 = ORIENTED_EDGE('',*,*,#355,.F.);
#396 = ORIENTED_EDGE('',*,*,#397,.F.);
#397 = EDGE_CURVE('',#398,#356,#400,.T.);
#398 = VERTEX_POINT('',#399);
#399 = CARTESIAN_POINT('',(8.54,16.35,3.));
#400 = LINE('',#401,#402);
#401 = CARTESIAN_POINT('',(4.27,16.35,3.));
#402 = VECTOR('',#403,1.);
#403 = DIRECTION('',(1.,0.,0.));
#404 = ORIENTED_EDGE('',*,*,#405,.T.);
#405 = EDGE_CURVE('',#398,#389,#406,.T.);
#406 = LINE('',#407,#408);
#407 = CARTESIAN_POINT('',(8.54,16.35,3.));
#408 = VECTOR('',#409,1.);
#409 = DIRECTION('',(0.,0.,-1.));
#410 = PLANE('',#411);
#411 = AXIS2_PLACEMENT_3D('',#412,#413,#414);
#412 = CARTESIAN_POINT('',(8.54,16.35,3.));
#413 = DIRECTION('',(0.,1.,0.));
#414 = DIRECTION('',(1.,0.,0.));
#415 = ADVANCED_FACE('',(#416),#443,.F.);
#416 = FACE_BOUND('',#417,.F.);
#417 = EDGE_LOOP('',(#418,#428,#435,#436));
#418 = ORIENTED_EDGE('',*,*,#419,.F.);
#419 = EDGE_CURVE('',#420,#422,#424,.T.);
#420 = VERTEX_POINT('',#421);
#421 = CARTESIAN_POINT('',(8.39,16.2,3.));
#422 = VERTEX_POINT('',#423);
#423 = CARTESIAN_POINT('',(8.39,16.2,0.));
#424 = LINE('',#425,#426);
#425 = CARTESIAN_POINT('',(8.39,16.2,3.));
#426 = VECTOR('',#427,1.);
#427 = DIRECTION('',(0.,0.,-1.));
#428 = ORIENTED_EDGE('',*,*,#429,.T.);
#429 = EDGE_CURVE('',#420,#398,#430,.T.);
#430 = CIRCLE('',#431,0.15);
#431 = AXIS2_PLACEMENT_3D('',#432,#433,#434);
#432 = CARTESIAN_POINT('',(8.54,16.2,3.));
#433 = DIRECTION('',(0.,0.,-1.));
#434 = DIRECTION('',(7.401486830835E-15,1.,0.));
#435 = ORIENTED_EDGE('',*,*,#405,.T.);
#436 = ORIENTED_EDGE('',*,*,#437,.T.);
#437 = EDGE_CURVE('',#389,#422,#438,.T.);
#438 = CIRCLE('',#439,0.15);
#439 = AXIS2_PLACEMENT_3D('',#440,#441,#442);
#440 = CARTESIAN_POINT('',(8.54,16.2,0.));
#441 = DIRECTION('',(0.,0.,1.));
#442 = DIRECTION('',(7.401486830835E-15,1.,-0.));
#443 = CYLINDRICAL_SURFACE('',#444,0.15);
#444 = AXIS2_PLACEMENT_3D('',#445,#446,#447);
#445 = CARTESIAN_POINT('',(8.54,16.2,3.));
#446 = DIRECTION('',(0.,0.,-1.));
#447 = DIRECTION('',(7.401486830835E-15,1.,0.));
#448 = ADVANCED_FACE('',(#449),#474,.F.);
#449 = FACE_BOUND('',#450,.T.);
#450 = EDGE_LOOP('',(#451,#459,#460,#468));
#451 = ORIENTED_EDGE('',*,*,#452,.F.);
#452 = EDGE_CURVE('',#422,#453,#455,.T.);
#453 = VERTEX_POINT('',#454);
#454 = CARTESIAN_POINT('',(8.39,15.3,0.));
#455 = LINE('',#456,#457);
#456 = CARTESIAN_POINT('',(8.39,7.65,0.));
#457 = VECTOR('',#458,1.);
#458 = DIRECTION('',(-1.233581138472E-15,-1.,0.));
#459 = ORIENTED_EDGE('',*,*,#419,.F.);
#460 = ORIENTED_EDGE('',*,*,#461,.F.);
#461 = EDGE_CURVE('',#462,#420,#464,.T.);
#462 = VERTEX_POINT('',#463);
#463 = CARTESIAN_POINT('',(8.39,15.3,3.));
#464 = LINE('',#465,#466);
#465 = CARTESIAN_POINT('',(8.39,7.65,3.));
#466 = VECTOR('',#467,1.);
#467 = DIRECTION('',(1.233581138472E-15,1.,0.));
#468 = ORIENTED_EDGE('',*,*,#469,.T.);
#469 = EDGE_CURVE('',#462,#453,#470,.T.);
#470 = LINE('',#471,#472);
#471 = CARTESIAN_POINT('',(8.39,15.3,3.));
#472 = VECTOR('',#473,1.);
#473 = DIRECTION('',(0.,0.,-1.));
#474 = PLANE('',#475);
#475 = AXIS2_PLACEMENT_3D('',#476,#477,#478);
#476 = CARTESIAN_POINT('',(8.39,15.3,3.));
#477 = DIRECTION('',(-1.,1.233581138472E-15,0.));
#478 = DIRECTION('',(1.233581138472E-15,1.,0.));
#479 = ADVANCED_FACE('',(#480),#507,.F.);
#480 = FACE_BOUND('',#481,.F.);
#481 = EDGE_LOOP('',(#482,#492,#499,#500));
#482 = ORIENTED_EDGE('',*,*,#483,.F.);
#483 = EDGE_CURVE('',#484,#486,#488,.T.);
#484 = VERTEX_POINT('',#485);
#485 = CARTESIAN_POINT('',(8.54,15.15,3.));
#486 = VERTEX_POINT('',#487);
#487 = CARTESIAN_POINT('',(8.54,15.15,0.));
#488 = LINE('',#489,#490);
#489 = CARTESIAN_POINT('',(8.54,15.15,3.));
#490 = VECTOR('',#491,1.);
#491 = DIRECTION('',(0.,0.,-1.));
#492 = ORIENTED_EDGE('',*,*,#493,.T.);
#493 = EDGE_CURVE('',#484,#462,#494,.T.);
#494 = CIRCLE('',#495,0.15);
#495 = AXIS2_PLACEMENT_3D('',#496,#497,#498);
#496 = CARTESIAN_POINT('',(8.54,15.3,3.));
#497 = DIRECTION('',(0.,0.,-1.));
#498 = DIRECTION('',(-1.,0.,0.));
#499 = ORIENTED_EDGE('',*,*,#469,.T.);
#500 = ORIENTED_EDGE('',*,*,#501,.T.);
#501 = EDGE_CURVE('',#453,#486,#502,.T.);
#502 = CIRCLE('',#503,0.15);
#503 = AXIS2_PLACEMENT_3D('',#504,#505,#506);
#504 = CARTESIAN_POINT('',(8.54,15.3,0.));
#505 = DIRECTION('',(0.,0.,1.));
#506 = DIRECTION('',(-1.,0.,0.));
#507 = CYLINDRICAL_SURFACE('',#508,0.15);
#508 = AXIS2_PLACEMENT_3D('',#509,#510,#511);
#509 = CARTESIAN_POINT('',(8.54,15.3,3.));
#510 = DIRECTION('',(0.,0.,-1.));
#511 = DIRECTION('',(-1.,0.,0.));
#512 = ADVANCED_FACE('',(#513),#538,.F.);
#513 = FACE_BOUND('',#514,.T.);
#514 = EDGE_LOOP('',(#515,#523,#524,#532));
#515 = ORIENTED_EDGE('',*,*,#516,.F.);
#516 = EDGE_CURVE('',#486,#517,#519,.T.);
#517 = VERTEX_POINT('',#518);
#518 = CARTESIAN_POINT('',(9.24,15.15,0.));
#519 = LINE('',#520,#521);
#520 = CARTESIAN_POINT('',(4.62,15.15,0.));
#521 = VECTOR('',#522,1.);
#522 = DIRECTION('',(1.,0.,0.));
#523 = ORIENTED_EDGE('',*,*,#483,.F.);
#524 = ORIENTED_EDGE('',*,*,#525,.F.);
#525 = EDGE_CURVE('',#526,#484,#528,.T.);
#526 = VERTEX_POINT('',#527);
#527 = CARTESIAN_POINT('',(9.24,15.15,3.));
#528 = LINE('',#529,#530);
#529 = CARTESIAN_POINT('',(4.62,15.15,3.));
#530 = VECTOR('',#531,1.);
#531 = DIRECTION('',(-1.,0.,0.));
#532 = ORIENTED_EDGE('',*,*,#533,.T.);
#533 = EDGE_CURVE('',#526,#517,#534,.T.);
#534 = LINE('',#535,#536);
#535 = CARTESIAN_POINT('',(9.24,15.15,3.));
#536 = VECTOR('',#537,1.);
#537 = DIRECTION('',(0.,0.,-1.));
#538 = PLANE('',#539);
#539 = AXIS2_PLACEMENT_3D('',#540,#541,#542);
#540 = CARTESIAN_POINT('',(9.24,15.15,3.));
#541 = DIRECTION('',(0.,-1.,0.));
#542 = DIRECTION('',(-1.,0.,0.));
#543 = ADVANCED_FACE('',(#544),#562,.F.);
#544 = FACE_BOUND('',#545,.F.);
#545 = EDGE_LOOP('',(#546,#547,#554,#555));
#546 = ORIENTED_EDGE('',*,*,#325,.F.);
#547 = ORIENTED_EDGE('',*,*,#548,.T.);
#548 = EDGE_CURVE('',#326,#526,#549,.T.);
#549 = CIRCLE('',#550,0.15);
#550 = AXIS2_PLACEMENT_3D('',#551,#552,#553);
#551 = CARTESIAN_POINT('',(9.24,15.3,3.));
#552 = DIRECTION('',(0.,0.,-1.));
#553 = DIRECTION('',(0.,-1.,0.));
#554 = ORIENTED_EDGE('',*,*,#533,.T.);
#555 = ORIENTED_EDGE('',*,*,#556,.T.);
#556 = EDGE_CURVE('',#517,#316,#557,.T.);
#557 = CIRCLE('',#558,0.15);
#558 = AXIS2_PLACEMENT_3D('',#559,#560,#561);
#559 = CARTESIAN_POINT('',(9.24,15.3,0.));
#560 = DIRECTION('',(0.,0.,1.));
#561 = DIRECTION('',(0.,-1.,0.));
#562 = CYLINDRICAL_SURFACE('',#563,0.15);
#563 = AXIS2_PLACEMENT_3D('',#564,#565,#566);
#564 = CARTESIAN_POINT('',(9.24,15.3,3.));
#565 = DIRECTION('',(0.,0.,-1.));
#566 = DIRECTION('',(0.,-1.,0.));
#567 = ADVANCED_FACE('',(#568),#602,.F.);
#568 = FACE_BOUND('',#569,.T.);
#569 = EDGE_LOOP('',(#570,#580,#588,#596));
#570 = ORIENTED_EDGE('',*,*,#571,.F.);
#571 = EDGE_CURVE('',#572,#574,#576,.T.);
#572 = VERTEX_POINT('',#573);
#573 = CARTESIAN_POINT('',(-4.31,16.2,0.));
#574 = VERTEX_POINT('',#575);
#575 = CARTESIAN_POINT('',(-4.31,15.3,0.));
#576 = LINE('',#577,#578);
#577 = CARTESIAN_POINT('',(-4.31,7.65,0.));
#578 = VECTOR('',#579,1.);
#579 = DIRECTION('',(0.,-1.,0.));
#580 = ORIENTED_EDGE('',*,*,#581,.F.);
#581 = EDGE_CURVE('',#582,#572,#584,.T.);
#582 = VERTEX_POINT('',#583);
#583 = CARTESIAN_POINT('',(-4.31,16.2,3.));
#584 = LINE('',#585,#586);
#585 = CARTESIAN_POINT('',(-4.31,16.2,3.));
#586 = VECTOR('',#587,1.);
#587 = DIRECTION('',(0.,0.,-1.));
#588 = ORIENTED_EDGE('',*,*,#589,.F.);
#589 = EDGE_CURVE('',#590,#582,#592,.T.);
#590 = VERTEX_POINT('',#591);
#591 = CARTESIAN_POINT('',(-4.31,15.3,3.));
#592 = LINE('',#593,#594);
#593 = CARTESIAN_POINT('',(-4.31,7.65,3.));
#594 = VECTOR('',#595,1.);
#595 = DIRECTION('',(0.,1.,0.));
#596 = ORIENTED_EDGE('',*,*,#597,.T.);
#597 = EDGE_CURVE('',#590,#574,#598,.T.);
#598 = LINE('',#599,#600);
#599 = CARTESIAN_POINT('',(-4.31,15.3,3.));
#600 = VECTOR('',#601,1.);
#601 = DIRECTION('',(0.,0.,-1.));
#602 = PLANE('',#603);
#603 = AXIS2_PLACEMENT_3D('',#604,#605,#606);
#604 = CARTESIAN_POINT('',(-4.31,15.3,3.));
#605 = DIRECTION('',(-1.,0.,0.));
#606 = DIRECTION('',(0.,1.,0.));
#607 = ADVANCED_FACE('',(#608),#635,.F.);
#608 = FACE_BOUND('',#609,.F.);
#609 = EDGE_LOOP('',(#610,#620,#627,#628));
#610 = ORIENTED_EDGE('',*,*,#611,.F.);
#611 = EDGE_CURVE('',#612,#614,#616,.T.);
#612 = VERTEX_POINT('',#613);
#613 = CARTESIAN_POINT('',(-4.16,15.15,3.));
#614 = VERTEX_POINT('',#615);
#615 = CARTESIAN_POINT('',(-4.16,15.15,0.));
#616 = LINE('',#617,#618);
#617 = CARTESIAN_POINT('',(-4.16,15.15,3.));
#618 = VECTOR('',#619,1.);
#619 = DIRECTION('',(0.,0.,-1.));
#620 = ORIENTED_EDGE('',*,*,#621,.T.);
#621 = EDGE_CURVE('',#612,#590,#622,.T.);
#622 = CIRCLE('',#623,0.15);
#623 = AXIS2_PLACEMENT_3D('',#624,#625,#626);
#624 = CARTESIAN_POINT('',(-4.16,15.3,3.));
#625 = DIRECTION('',(0.,0.,-1.));
#626 = DIRECTION('',(-1.,0.,0.));
#627 = ORIENTED_EDGE('',*,*,#597,.T.);
#628 = ORIENTED_EDGE('',*,*,#629,.T.);
#629 = EDGE_CURVE('',#574,#614,#630,.T.);
#630 = CIRCLE('',#631,0.15);
#631 = AXIS2_PLACEMENT_3D('',#632,#633,#634);
#632 = CARTESIAN_POINT('',(-4.16,15.3,0.));
#633 = DIRECTION('',(0.,0.,1.));
#634 = DIRECTION('',(-1.,0.,0.));
#635 = CYLINDRICAL_SURFACE('',#636,0.15);
#636 = AXIS2_PLACEMENT_3D('',#637,#638,#639);
#637 = CARTESIAN_POINT('',(-4.16,15.3,3.));
#638 = DIRECTION('',(0.,0.,-1.));
#639 = DIRECTION('',(-1.,0.,0.));
#640 = ADVANCED_FACE('',(#641),#666,.F.);
#641 = FACE_BOUND('',#642,.T.);
#642 = EDGE_LOOP('',(#643,#651,#652,#660));
#643 = ORIENTED_EDGE('',*,*,#644,.F.);
#644 = EDGE_CURVE('',#614,#645,#647,.T.);
#645 = VERTEX_POINT('',#646);
#646 = CARTESIAN_POINT('',(-3.46,15.15,0.));
#647 = LINE('',#648,#649);
#648 = CARTESIAN_POINT('',(-1.73,15.15,0.));
#649 = VECTOR('',#650,1.);
#650 = DIRECTION('',(1.,0.,0.));
#651 = ORIENTED_EDGE('',*,*,#611,.F.);
#652 = ORIENTED_EDGE('',*,*,#653,.F.);
#653 = EDGE_CURVE('',#654,#612,#656,.T.);
#654 = VERTEX_POINT('',#655);
#655 = CARTESIAN_POINT('',(-3.46,15.15,3.));
#656 = LINE('',#657,#658);
#657 = CARTESIAN_POINT('',(-1.73,15.15,3.));
#658 = VECTOR('',#659,1.);
#659 = DIRECTION('',(-1.,0.,0.));
#660 = ORIENTED_EDGE('',*,*,#661,.T.);
#661 = EDGE_CURVE('',#654,#645,#662,.T.);
#662 = LINE('',#663,#664);
#663 = CARTESIAN_POINT('',(-3.46,15.15,3.));
#664 = VECTOR('',#665,1.);
#665 = DIRECTION('',(0.,0.,-1.));
#666 = PLANE('',#667);
#667 = AXIS2_PLACEMENT_3D('',#668,#669,#670);
#668 = CARTESIAN_POINT('',(-3.46,15.15,3.));
#669 = DIRECTION('',(0.,-1.,0.));
#670 = DIRECTION('',(-1.,0.,0.));
#671 = ADVANCED_FACE('',(#672),#699,.F.);
#672 = FACE_BOUND('',#673,.F.);
#673 = EDGE_LOOP('',(#674,#684,#691,#692));
#674 = ORIENTED_EDGE('',*,*,#675,.F.);
#675 = EDGE_CURVE('',#676,#678,#680,.T.);
#676 = VERTEX_POINT('',#677);
#677 = CARTESIAN_POINT('',(-3.31,15.3,3.));
#678 = VERTEX_POINT('',#679);
#679 = CARTESIAN_POINT('',(-3.31,15.3,0.));
#680 = LINE('',#681,#682);
#681 = CARTESIAN_POINT('',(-3.31,15.3,3.));
#682 = VECTOR('',#683,1.);
#683 = DIRECTION('',(0.,0.,-1.));
#684 = ORIENTED_EDGE('',*,*,#685,.T.);
#685 = EDGE_CURVE('',#676,#654,#686,.T.);
#686 = CIRCLE('',#687,0.15);
#687 = AXIS2_PLACEMENT_3D('',#688,#689,#690);
#688 = CARTESIAN_POINT('',(-3.46,15.3,3.));
#689 = DIRECTION('',(0.,0.,-1.));
#690 = DIRECTION('',(0.,-1.,0.));
#691 = ORIENTED_EDGE('',*,*,#661,.T.);
#692 = ORIENTED_EDGE('',*,*,#693,.T.);
#693 = EDGE_CURVE('',#645,#678,#694,.T.);
#694 = CIRCLE('',#695,0.15);
#695 = AXIS2_PLACEMENT_3D('',#696,#697,#698);
#696 = CARTESIAN_POINT('',(-3.46,15.3,0.));
#697 = DIRECTION('',(0.,0.,1.));
#698 = DIRECTION('',(0.,-1.,0.));
#699 = CYLINDRICAL_SURFACE('',#700,0.15);
#700 = AXIS2_PLACEMENT_3D('',#701,#702,#703);
#701 = CARTESIAN_POINT('',(-3.46,15.3,3.));
#702 = DIRECTION('',(0.,0.,-1.));
#703 = DIRECTION('',(0.,-1.,0.));
#704 = ADVANCED_FACE('',(#705),#730,.F.);
#705 = FACE_BOUND('',#706,.T.);
#706 = EDGE_LOOP('',(#707,#715,#716,#724));
#707 = ORIENTED_EDGE('',*,*,#708,.F.);
#708 = EDGE_CURVE('',#678,#709,#711,.T.);
#709 = VERTEX_POINT('',#710);
#710 = CARTESIAN_POINT('',(-3.31,16.2,0.));
#711 = LINE('',#712,#713);
#712 = CARTESIAN_POINT('',(-3.31,8.1,0.));
#713 = VECTOR('',#714,1.);
#714 = DIRECTION('',(-1.233581138472E-15,1.,0.));
#715 = ORIENTED_EDGE('',*,*,#675,.F.);
#716 = ORIENTED_EDGE('',*,*,#717,.F.);
#717 = EDGE_CURVE('',#718,#676,#720,.T.);
#718 = VERTEX_POINT('',#719);
#719 = CARTESIAN_POINT('',(-3.31,16.2,3.));
#720 = LINE('',#721,#722);
#721 = CARTESIAN_POINT('',(-3.31,8.1,3.));
#722 = VECTOR('',#723,1.);
#723 = DIRECTION('',(1.233581138472E-15,-1.,0.));
#724 = ORIENTED_EDGE('',*,*,#725,.T.);
#725 = EDGE_CURVE('',#718,#709,#726,.T.);
#726 = LINE('',#727,#728);
#727 = CARTESIAN_POINT('',(-3.31,16.2,3.));
#728 = VECTOR('',#729,1.);
#729 = DIRECTION('',(0.,0.,-1.));
#730 = PLANE('',#731);
#731 = AXIS2_PLACEMENT_3D('',#732,#733,#734);
#732 = CARTESIAN_POINT('',(-3.31,16.2,3.));
#733 = DIRECTION('',(1.,1.233581138472E-15,0.));
#734 = DIRECTION('',(1.233581138472E-15,-1.,0.));
#735 = ADVANCED_FACE('',(#736),#763,.F.);
#736 = FACE_BOUND('',#737,.F.);
#737 = EDGE_LOOP('',(#738,#748,#755,#756));
#738 = ORIENTED_EDGE('',*,*,#739,.F.);
#739 = EDGE_CURVE('',#740,#742,#744,.T.);
#740 = VERTEX_POINT('',#741);
#741 = CARTESIAN_POINT('',(-3.46,16.35,3.));
#742 = VERTEX_POINT('',#743);
#743 = CARTESIAN_POINT('',(-3.46,16.35,0.));
#744 = LINE('',#745,#746);
#745 = CARTESIAN_POINT('',(-3.46,16.35,3.));
#746 = VECTOR('',#747,1.);
#747 = DIRECTION('',(0.,0.,-1.));
#748 = ORIENTED_EDGE('',*,*,#749,.T.);
#749 = EDGE_CURVE('',#740,#718,#750,.T.);
#750 = CIRCLE('',#751,0.15);
#751 = AXIS2_PLACEMENT_3D('',#752,#753,#754);
#752 = CARTESIAN_POINT('',(-3.46,16.2,3.));
#753 = DIRECTION('',(0.,0.,-1.));
#754 = DIRECTION('',(1.,0.,0.));
#755 = ORIENTED_EDGE('',*,*,#725,.T.);
#756 = ORIENTED_EDGE('',*,*,#757,.T.);
#757 = EDGE_CURVE('',#709,#742,#758,.T.);
#758 = CIRCLE('',#759,0.15);
#759 = AXIS2_PLACEMENT_3D('',#760,#761,#762);
#760 = CARTESIAN_POINT('',(-3.46,16.2,0.));
#761 = DIRECTION('',(0.,0.,1.));
#762 = DIRECTION('',(1.,0.,-0.));
#763 = CYLINDRICAL_SURFACE('',#764,0.15);
#764 = AXIS2_PLACEMENT_3D('',#765,#766,#767);
#765 = CARTESIAN_POINT('',(-3.46,16.2,3.));
#766 = DIRECTION('',(0.,0.,-1.));
#767 = DIRECTION('',(1.,0.,0.));
#768 = ADVANCED_FACE('',(#769),#794,.F.);
#769 = FACE_BOUND('',#770,.T.);
#770 = EDGE_LOOP('',(#771,#779,#780,#788));
#771 = ORIENTED_EDGE('',*,*,#772,.F.);
#772 = EDGE_CURVE('',#742,#773,#775,.T.);
#773 = VERTEX_POINT('',#774);
#774 = CARTESIAN_POINT('',(-4.16,16.35,0.));
#775 = LINE('',#776,#777);
#776 = CARTESIAN_POINT('',(-2.08,16.35,0.));
#777 = VECTOR('',#778,1.);
#778 = DIRECTION('',(-1.,0.,0.));
#779 = ORIENTED_EDGE('',*,*,#739,.F.);
#780 = ORIENTED_EDGE('',*,*,#781,.F.);
#781 = EDGE_CURVE('',#782,#740,#784,.T.);
#782 = VERTEX_POINT('',#783);
#783 = CARTESIAN_POINT('',(-4.16,16.35,3.));
#784 = LINE('',#785,#786);
#785 = CARTESIAN_POINT('',(-2.08,16.35,3.));
#786 = VECTOR('',#787,1.);
#787 = DIRECTION('',(1.,0.,0.));
#788 = ORIENTED_EDGE('',*,*,#789,.T.);
#789 = EDGE_CURVE('',#782,#773,#790,.T.);
#790 = LINE('',#791,#792);
#791 = CARTESIAN_POINT('',(-4.16,16.35,3.));
#792 = VECTOR('',#793,1.);
#793 = DIRECTION('',(0.,0.,-1.));
#794 = PLANE('',#795);
#795 = AXIS2_PLACEMENT_3D('',#796,#797,#798);
#796 = CARTESIAN_POINT('',(-4.16,16.35,3.));
#797 = DIRECTION('',(0.,1.,0.));
#798 = DIRECTION('',(1.,0.,0.));
#799 = ADVANCED_FACE('',(#800),#818,.F.);
#800 = FACE_BOUND('',#801,.F.);
#801 = EDGE_LOOP('',(#802,#803,#810,#811));
#802 = ORIENTED_EDGE('',*,*,#581,.F.);
#803 = ORIENTED_EDGE('',*,*,#804,.T.);
#804 = EDGE_CURVE('',#582,#782,#805,.T.);
#805 = CIRCLE('',#806,0.15);
#806 = AXIS2_PLACEMENT_3D('',#807,#808,#809);
#807 = CARTESIAN_POINT('',(-4.16,16.2,3.));
#808 = DIRECTION('',(0.,0.,-1.));
#809 = DIRECTION('',(3.700743415417E-15,1.,0.));
#810 = ORIENTED_EDGE('',*,*,#789,.T.);
#811 = ORIENTED_EDGE('',*,*,#812,.T.);
#812 = EDGE_CURVE('',#773,#572,#813,.T.);
#813 = CIRCLE('',#814,0.15);
#814 = AXIS2_PLACEMENT_3D('',#815,#816,#817);
#815 = CARTESIAN_POINT('',(-4.16,16.2,0.));
#816 = DIRECTION('',(0.,0.,1.));
#817 = DIRECTION('',(3.700743415417E-15,1.,-0.));
#818 = CYLINDRICAL_SURFACE('',#819,0.15);
#819 = AXIS2_PLACEMENT_3D('',#820,#821,#822);
#820 = CARTESIAN_POINT('',(-4.16,16.2,3.));
#821 = DIRECTION('',(0.,0.,-1.));
#822 = DIRECTION('',(3.700743415417E-15,1.,0.));
#823 = ADVANCED_FACE('',(#824),#858,.F.);
#824 = FACE_BOUND('',#825,.T.);
#825 = EDGE_LOOP('',(#826,#836,#844,#852));
#826 = ORIENTED_EDGE('',*,*,#827,.F.);
#827 = EDGE_CURVE('',#828,#830,#832,.T.);
#828 = VERTEX_POINT('',#829);
#829 = CARTESIAN_POINT('',(-14.47,16.2,0.));
#830 = VERTEX_POINT('',#831);
#831 = CARTESIAN_POINT('',(-14.47,15.3,0.));
#832 = LINE('',#833,#834);
#833 = CARTESIAN_POINT('',(-14.47,7.65,0.));
#834 = VECTOR('',#835,1.);
#835 = DIRECTION('',(0.,-1.,0.));
#836 = ORIENTED_EDGE('',*,*,#837,.F.);
#837 = EDGE_CURVE('',#838,#828,#840,.T.);
#838 = VERTEX_POINT('',#839);
#839 = CARTESIAN_POINT('',(-14.47,16.2,3.));
#840 = LINE('',#841,#842);
#841 = CARTESIAN_POINT('',(-14.47,16.2,3.));
#842 = VECTOR('',#843,1.);
#843 = DIRECTION('',(0.,0.,-1.));
#844 = ORIENTED_EDGE('',*,*,#845,.F.);
#845 = EDGE_CURVE('',#846,#838,#848,.T.);
#846 = VERTEX_POINT('',#847);
#847 = CARTESIAN_POINT('',(-14.47,15.3,3.));
#848 = LINE('',#849,#850);
#849 = CARTESIAN_POINT('',(-14.47,7.65,3.));
#850 = VECTOR('',#851,1.);
#851 = DIRECTION('',(0.,1.,0.));
#852 = ORIENTED_EDGE('',*,*,#853,.T.);
#853 = EDGE_CURVE('',#846,#830,#854,.T.);
#854 = LINE('',#855,#856);
#855 = CARTESIAN_POINT('',(-14.47,15.3,3.));
#856 = VECTOR('',#857,1.);
#857 = DIRECTION('',(0.,0.,-1.));
#858 = PLANE('',#859);
#859 = AXIS2_PLACEMENT_3D('',#860,#861,#862);
#860 = CARTESIAN_POINT('',(-14.47,15.3,3.));
#861 = DIRECTION('',(-1.,0.,0.));
#862 = DIRECTION('',(0.,1.,0.));
#863 = ADVANCED_FACE('',(#864),#891,.F.);
#864 = FACE_BOUND('',#865,.F.);
#865 = EDGE_LOOP('',(#866,#876,#883,#884));
#866 = ORIENTED_EDGE('',*,*,#867,.F.);
#867 = EDGE_CURVE('',#868,#870,#872,.T.);
#868 = VERTEX_POINT('',#869);
#869 = CARTESIAN_POINT('',(-14.32,15.15,3.));
#870 = VERTEX_POINT('',#871);
#871 = CARTESIAN_POINT('',(-14.32,15.15,0.));
#872 = LINE('',#873,#874);
#873 = CARTESIAN_POINT('',(-14.32,15.15,3.));
#874 = VECTOR('',#875,1.);
#875 = DIRECTION('',(0.,0.,-1.));
#876 = ORIENTED_EDGE('',*,*,#877,.T.);
#877 = EDGE_CURVE('',#868,#846,#878,.T.);
#878 = CIRCLE('',#879,0.15);
#879 = AXIS2_PLACEMENT_3D('',#880,#881,#882);
#880 = CARTESIAN_POINT('',(-14.32,15.3,3.));
#881 = DIRECTION('',(0.,0.,-1.));
#882 = DIRECTION('',(-1.,0.,0.));
#883 = ORIENTED_EDGE('',*,*,#853,.T.);
#884 = ORIENTED_EDGE('',*,*,#885,.T.);
#885 = EDGE_CURVE('',#830,#870,#886,.T.);
#886 = CIRCLE('',#887,0.15);
#887 = AXIS2_PLACEMENT_3D('',#888,#889,#890);
#888 = CARTESIAN_POINT('',(-14.32,15.3,0.));
#889 = DIRECTION('',(0.,0.,1.));
#890 = DIRECTION('',(-1.,0.,0.));
#891 = CYLINDRICAL_SURFACE('',#892,0.15);
#892 = AXIS2_PLACEMENT_3D('',#893,#894,#895);
#893 = CARTESIAN_POINT('',(-14.32,15.3,3.));
#894 = DIRECTION('',(0.,0.,-1.));
#895 = DIRECTION('',(-1.,0.,0.));
#896 = ADVANCED_FACE('',(#897),#922,.F.);
#897 = FACE_BOUND('',#898,.T.);
#898 = EDGE_LOOP('',(#899,#907,#908,#916));
#899 = ORIENTED_EDGE('',*,*,#900,.F.);
#900 = EDGE_CURVE('',#870,#901,#903,.T.);
#901 = VERTEX_POINT('',#902);
#902 = CARTESIAN_POINT('',(-13.62,15.15,0.));
#903 = LINE('',#904,#905);
#904 = CARTESIAN_POINT('',(-6.81,15.15,0.));
#905 = VECTOR('',#906,1.);
#906 = DIRECTION('',(1.,0.,0.));
#907 = ORIENTED_EDGE('',*,*,#867,.F.);
#908 = ORIENTED_EDGE('',*,*,#909,.F.);
#909 = EDGE_CURVE('',#910,#868,#912,.T.);
#910 = VERTEX_POINT('',#911);
#911 = CARTESIAN_POINT('',(-13.62,15.15,3.));
#912 = LINE('',#913,#914);
#913 = CARTESIAN_POINT('',(-6.81,15.15,3.));
#914 = VECTOR('',#915,1.);
#915 = DIRECTION('',(-1.,0.,0.));
#916 = ORIENTED_EDGE('',*,*,#917,.T.);
#917 = EDGE_CURVE('',#910,#901,#918,.T.);
#918 = LINE('',#919,#920);
#919 = CARTESIAN_POINT('',(-13.62,15.15,3.));
#920 = VECTOR('',#921,1.);
#921 = DIRECTION('',(0.,0.,-1.));
#922 = PLANE('',#923);
#923 = AXIS2_PLACEMENT_3D('',#924,#925,#926);
#924 = CARTESIAN_POINT('',(-13.62,15.15,3.));
#925 = DIRECTION('',(0.,-1.,0.));
#926 = DIRECTION('',(-1.,0.,0.));
#927 = ADVANCED_FACE('',(#928),#955,.F.);
#928 = FACE_BOUND('',#929,.F.);
#929 = EDGE_LOOP('',(#930,#940,#947,#948));
#930 = ORIENTED_EDGE('',*,*,#931,.F.);
#931 = EDGE_CURVE('',#932,#934,#936,.T.);
#932 = VERTEX_POINT('',#933);
#933 = CARTESIAN_POINT('',(-13.47,15.3,3.));
#934 = VERTEX_POINT('',#935);
#935 = CARTESIAN_POINT('',(-13.47,15.3,0.));
#936 = LINE('',#937,#938);
#937 = CARTESIAN_POINT('',(-13.47,15.3,3.));
#938 = VECTOR('',#939,1.);
#939 = DIRECTION('',(0.,0.,-1.));
#940 = ORIENTED_EDGE('',*,*,#941,.T.);
#941 = EDGE_CURVE('',#932,#910,#942,.T.);
#942 = CIRCLE('',#943,0.15);
#943 = AXIS2_PLACEMENT_3D('',#944,#945,#946);
#944 = CARTESIAN_POINT('',(-13.62,15.3,3.));
#945 = DIRECTION('',(0.,0.,-1.));
#946 = DIRECTION('',(0.,-1.,0.));
#947 = ORIENTED_EDGE('',*,*,#917,.T.);
#948 = ORIENTED_EDGE('',*,*,#949,.T.);
#949 = EDGE_CURVE('',#901,#934,#950,.T.);
#950 = CIRCLE('',#951,0.15);
#951 = AXIS2_PLACEMENT_3D('',#952,#953,#954);
#952 = CARTESIAN_POINT('',(-13.62,15.3,0.));
#953 = DIRECTION('',(0.,0.,1.));
#954 = DIRECTION('',(0.,-1.,0.));
#955 = CYLINDRICAL_SURFACE('',#956,0.15);
#956 = AXIS2_PLACEMENT_3D('',#957,#958,#959);
#957 = CARTESIAN_POINT('',(-13.62,15.3,3.));
#958 = DIRECTION('',(0.,0.,-1.));
#959 = DIRECTION('',(0.,-1.,0.));
#960 = ADVANCED_FACE('',(#961),#986,.F.);
#961 = FACE_BOUND('',#962,.T.);
#962 = EDGE_LOOP('',(#963,#971,#972,#980));
#963 = ORIENTED_EDGE('',*,*,#964,.F.);
#964 = EDGE_CURVE('',#934,#965,#967,.T.);
#965 = VERTEX_POINT('',#966);
#966 = CARTESIAN_POINT('',(-13.47,16.2,0.));
#967 = LINE('',#968,#969);
#968 = CARTESIAN_POINT('',(-13.47,8.1,0.));
#969 = VECTOR('',#970,1.);
#970 = DIRECTION('',(0.,1.,0.));
#971 = ORIENTED_EDGE('',*,*,#931,.F.);
#972 = ORIENTED_EDGE('',*,*,#973,.F.);
#973 = EDGE_CURVE('',#974,#932,#976,.T.);
#974 = VERTEX_POINT('',#975);
#975 = CARTESIAN_POINT('',(-13.47,16.2,3.));
#976 = LINE('',#977,#978);
#977 = CARTESIAN_POINT('',(-13.47,8.1,3.));
#978 = VECTOR('',#979,1.);
#979 = DIRECTION('',(0.,-1.,0.));
#980 = ORIENTED_EDGE('',*,*,#981,.T.);
#981 = EDGE_CURVE('',#974,#965,#982,.T.);
#982 = LINE('',#983,#984);
#983 = CARTESIAN_POINT('',(-13.47,16.2,3.));
#984 = VECTOR('',#985,1.);
#985 = DIRECTION('',(0.,0.,-1.));
#986 = PLANE('',#987);
#987 = AXIS2_PLACEMENT_3D('',#988,#989,#990);
#988 = CARTESIAN_POINT('',(-13.47,16.2,3.));
#989 = DIRECTION('',(1.,0.,0.));
#990 = DIRECTION('',(0.,-1.,0.));
#991 = ADVANCED_FACE('',(#992),#1019,.F.);
#992 = FACE_BOUND('',#993,.F.);
#993 = EDGE_LOOP('',(#994,#1004,#1011,#1012));
#994 = ORIENTED_EDGE('',*,*,#995,.F.);
#995 = EDGE_CURVE('',#996,#998,#1000,.T.);
#996 = VERTEX_POINT('',#997);
#997 = CARTESIAN_POINT('',(-13.62,16.35,3.));
#998 = VERTEX_POINT('',#999);
#999 = CARTESIAN_POINT('',(-13.62,16.35,0.));
#1000 = LINE('',#1001,#1002);
#1001 = CARTESIAN_POINT('',(-13.62,16.35,3.));
#1002 = VECTOR('',#1003,1.);
#1003 = DIRECTION('',(0.,0.,-1.));
#1004 = ORIENTED_EDGE('',*,*,#1005,.T.);
#1005 = EDGE_CURVE('',#996,#974,#1006,.T.);
#1006 = CIRCLE('',#1007,0.15);
#1007 = AXIS2_PLACEMENT_3D('',#1008,#1009,#1010);
#1008 = CARTESIAN_POINT('',(-13.62,16.2,3.));
#1009 = DIRECTION('',(0.,0.,-1.));
#1010 = DIRECTION('',(1.,0.,0.));
#1011 = ORIENTED_EDGE('',*,*,#981,.T.);
#1012 = ORIENTED_EDGE('',*,*,#1013,.T.);
#1013 = EDGE_CURVE('',#965,#998,#1014,.T.);
#1014 = CIRCLE('',#1015,0.15);
#1015 = AXIS2_PLACEMENT_3D('',#1016,#1017,#1018);
#1016 = CARTESIAN_POINT('',(-13.62,16.2,0.));
#1017 = DIRECTION('',(0.,0.,1.));
#1018 = DIRECTION('',(1.,0.,-0.));
#1019 = CYLINDRICAL_SURFACE('',#1020,0.15);
#1020 = AXIS2_PLACEMENT_3D('',#1021,#1022,#1023);
#1021 = CARTESIAN_POINT('',(-13.62,16.2,3.));
#1022 = DIRECTION('',(0.,0.,-1.));
#1023 = DIRECTION('',(1.,0.,0.));
#1024 = ADVANCED_FACE('',(#1025),#1050,.F.);
#1025 = FACE_BOUND('',#1026,.T.);
#1026 = EDGE_LOOP('',(#1027,#1035,#1036,#1044));
#1027 = ORIENTED_EDGE('',*,*,#1028,.F.);
#1028 = EDGE_CURVE('',#998,#1029,#1031,.T.);
#1029 = VERTEX_POINT('',#1030);
#1030 = CARTESIAN_POINT('',(-14.32,16.35,0.));
#1031 = LINE('',#1032,#1033);
#1032 = CARTESIAN_POINT('',(-7.16,16.35,0.));
#1033 = VECTOR('',#1034,1.);
#1034 = DIRECTION('',(-1.,0.,0.));
#1035 = ORIENTED_EDGE('',*,*,#995,.F.);
#1036 = ORIENTED_EDGE('',*,*,#1037,.F.);
#1037 = EDGE_CURVE('',#1038,#996,#1040,.T.);
#1038 = VERTEX_POINT('',#1039);
#1039 = CARTESIAN_POINT('',(-14.32,16.35,3.));
#1040 = LINE('',#1041,#1042);
#1041 = CARTESIAN_POINT('',(-7.16,16.35,3.));
#1042 = VECTOR('',#1043,1.);
#1043 = DIRECTION('',(1.,0.,0.));
#1044 = ORIENTED_EDGE('',*,*,#1045,.T.);
#1045 = EDGE_CURVE('',#1038,#1029,#1046,.T.);
#1046 = LINE('',#1047,#1048);
#1047 = CARTESIAN_POINT('',(-14.32,16.35,3.));
#1048 = VECTOR('',#1049,1.);
#1049 = DIRECTION('',(0.,0.,-1.));
#1050 = PLANE('',#1051);
#1051 = AXIS2_PLACEMENT_3D('',#1052,#1053,#1054);
#1052 = CARTESIAN_POINT('',(-14.32,16.35,3.));
#1053 = DIRECTION('',(0.,1.,0.));
#1054 = DIRECTION('',(1.,0.,0.));
#1055 = ADVANCED_FACE('',(#1056),#1074,.F.);
#1056 = FACE_BOUND('',#1057,.F.);
#1057 = EDGE_LOOP('',(#1058,#1059,#1066,#1067));
#1058 = ORIENTED_EDGE('',*,*,#837,.F.);
#1059 = ORIENTED_EDGE('',*,*,#1060,.T.);
#1060 = EDGE_CURVE('',#838,#1038,#1061,.T.);
#1061 = CIRCLE('',#1062,0.15);
#1062 = AXIS2_PLACEMENT_3D('',#1063,#1064,#1065);
#1063 = CARTESIAN_POINT('',(-14.32,16.2,3.));
#1064 = DIRECTION('',(0.,0.,-1.));
#1065 = DIRECTION('',(0.,1.,0.));
#1066 = ORIENTED_EDGE('',*,*,#1045,.T.);
#1067 = ORIENTED_EDGE('',*,*,#1068,.T.);
#1068 = EDGE_CURVE('',#1029,#828,#1069,.T.);
#1069 = CIRCLE('',#1070,0.15);
#1070 = AXIS2_PLACEMENT_3D('',#1071,#1072,#1073);
#1071 = CARTESIAN_POINT('',(-14.32,16.2,0.));
#1072 = DIRECTION('',(0.,-0.,1.));
#1073 = DIRECTION('',(0.,1.,0.));
#1074 = CYLINDRICAL_SURFACE('',#1075,0.15);
#1075 = AXIS2_PLACEMENT_3D('',#1076,#1077,#1078);
#1076 = CARTESIAN_POINT('',(-14.32,16.2,3.));
#1077 = DIRECTION('',(0.,0.,-1.));
#1078 = DIRECTION('',(0.,1.,0.));
#1079 = ADVANCED_FACE('',(#1080),#1114,.F.);
#1080 = FACE_BOUND('',#1081,.T.);
#1081 = EDGE_LOOP('',(#1082,#1092,#1100,#1108));
#1082 = ORIENTED_EDGE('',*,*,#1083,.F.);
#1083 = EDGE_CURVE('',#1084,#1086,#1088,.T.);
#1084 = VERTEX_POINT('',#1085);
#1085 = CARTESIAN_POINT('',(-24.63,16.2,0.));
#1086 = VERTEX_POINT('',#1087);
#1087 = CARTESIAN_POINT('',(-24.63,15.3,0.));
#1088 = LINE('',#1089,#1090);
#1089 = CARTESIAN_POINT('',(-24.63,7.65,0.));
#1090 = VECTOR('',#1091,1.);
#1091 = DIRECTION('',(0.,-1.,0.));
#1092 = ORIENTED_EDGE('',*,*,#1093,.F.);
#1093 = EDGE_CURVE('',#1094,#1084,#1096,.T.);
#1094 = VERTEX_POINT('',#1095);
#1095 = CARTESIAN_POINT('',(-24.63,16.2,3.));
#1096 = LINE('',#1097,#1098);
#1097 = CARTESIAN_POINT('',(-24.63,16.2,3.));
#1098 = VECTOR('',#1099,1.);
#1099 = DIRECTION('',(0.,0.,-1.));
#1100 = ORIENTED_EDGE('',*,*,#1101,.F.);
#1101 = EDGE_CURVE('',#1102,#1094,#1104,.T.);
#1102 = VERTEX_POINT('',#1103);
#1103 = CARTESIAN_POINT('',(-24.63,15.3,3.));
#1104 = LINE('',#1105,#1106);
#1105 = CARTESIAN_POINT('',(-24.63,7.65,3.));
#1106 = VECTOR('',#1107,1.);
#1107 = DIRECTION('',(0.,1.,0.));
#1108 = ORIENTED_EDGE('',*,*,#1109,.T.);
#1109 = EDGE_CURVE('',#1102,#1086,#1110,.T.);
#1110 = LINE('',#1111,#1112);
#1111 = CARTESIAN_POINT('',(-24.63,15.3,3.));
#1112 = VECTOR('',#1113,1.);
#1113 = DIRECTION('',(0.,0.,-1.));
#1114 = PLANE('',#1115);
#1115 = AXIS2_PLACEMENT_3D('',#1116,#1117,#1118);
#1116 = CARTESIAN_POINT('',(-24.63,15.3,3.));
#1117 = DIRECTION('',(-1.,0.,0.));
#1118 = DIRECTION('',(0.,1.,0.));
#1119 = ADVANCED_FACE('',(#1120),#1147,.F.);
#1120 = FACE_BOUND('',#1121,.F.);
#1121 = EDGE_LOOP('',(#1122,#1132,#1139,#1140));
#1122 = ORIENTED_EDGE('',*,*,#1123,.F.);
#1123 = EDGE_CURVE('',#1124,#1126,#1128,.T.);
#1124 = VERTEX_POINT('',#1125);
#1125 = CARTESIAN_POINT('',(-24.48,15.15,3.));
#1126 = VERTEX_POINT('',#1127);
#1127 = CARTESIAN_POINT('',(-24.48,15.15,0.));
#1128 = LINE('',#1129,#1130);
#1129 = CARTESIAN_POINT('',(-24.48,15.15,3.));
#1130 = VECTOR('',#1131,1.);
#1131 = DIRECTION('',(0.,0.,-1.));
#1132 = ORIENTED_EDGE('',*,*,#1133,.T.);
#1133 = EDGE_CURVE('',#1124,#1102,#1134,.T.);
#1134 = CIRCLE('',#1135,0.15);
#1135 = AXIS2_PLACEMENT_3D('',#1136,#1137,#1138);
#1136 = CARTESIAN_POINT('',(-24.48,15.3,3.));
#1137 = DIRECTION('',(0.,0.,-1.));
#1138 = DIRECTION('',(-1.,0.,0.));
#1139 = ORIENTED_EDGE('',*,*,#1109,.T.);
#1140 = ORIENTED_EDGE('',*,*,#1141,.T.);
#1141 = EDGE_CURVE('',#1086,#1126,#1142,.T.);
#1142 = CIRCLE('',#1143,0.15);
#1143 = AXIS2_PLACEMENT_3D('',#1144,#1145,#1146);
#1144 = CARTESIAN_POINT('',(-24.48,15.3,0.));
#1145 = DIRECTION('',(0.,0.,1.));
#1146 = DIRECTION('',(-1.,0.,0.));
#1147 = CYLINDRICAL_SURFACE('',#1148,0.15);
#1148 = AXIS2_PLACEMENT_3D('',#1149,#1150,#1151);
#1149 = CARTESIAN_POINT('',(-24.48,15.3,3.));
#1150 = DIRECTION('',(0.,0.,-1.));
#1151 = DIRECTION('',(-1.,0.,0.));
#1152 = ADVANCED_FACE('',(#1153),#1178,.F.);
#1153 = FACE_BOUND('',#1154,.T.);
#1154 = EDGE_LOOP('',(#1155,#1163,#1164,#1172));
#1155 = ORIENTED_EDGE('',*,*,#1156,.F.);
#1156 = EDGE_CURVE('',#1126,#1157,#1159,.T.);
#1157 = VERTEX_POINT('',#1158);
#1158 = CARTESIAN_POINT('',(-23.78,15.15,0.));
#1159 = LINE('',#1160,#1161);
#1160 = CARTESIAN_POINT('',(-11.89,15.15,0.));
#1161 = VECTOR('',#1162,1.);
#1162 = DIRECTION('',(1.,0.,0.));
#1163 = ORIENTED_EDGE('',*,*,#1123,.F.);
#1164 = ORIENTED_EDGE('',*,*,#1165,.F.);
#1165 = EDGE_CURVE('',#1166,#1124,#1168,.T.);
#1166 = VERTEX_POINT('',#1167);
#1167 = CARTESIAN_POINT('',(-23.78,15.15,3.));
#1168 = LINE('',#1169,#1170);
#1169 = CARTESIAN_POINT('',(-11.89,15.15,3.));
#1170 = VECTOR('',#1171,1.);
#1171 = DIRECTION('',(-1.,0.,0.));
#1172 = ORIENTED_EDGE('',*,*,#1173,.T.);
#1173 = EDGE_CURVE('',#1166,#1157,#1174,.T.);
#1174 = LINE('',#1175,#1176);
#1175 = CARTESIAN_POINT('',(-23.78,15.15,3.));
#1176 = VECTOR('',#1177,1.);
#1177 = DIRECTION('',(0.,0.,-1.));
#1178 = PLANE('',#1179);
#1179 = AXIS2_PLACEMENT_3D('',#1180,#1181,#1182);
#1180 = CARTESIAN_POINT('',(-23.78,15.15,3.));
#1181 = DIRECTION('',(0.,-1.,0.));
#1182 = DIRECTION('',(-1.,0.,0.));
#1183 = ADVANCED_FACE('',(#1184),#1211,.F.);
#1184 = FACE_BOUND('',#1185,.F.);
#1185 = EDGE_LOOP('',(#1186,#1196,#1203,#1204));
#1186 = ORIENTED_EDGE('',*,*,#1187,.F.);
#1187 = EDGE_CURVE('',#1188,#1190,#1192,.T.);
#1188 = VERTEX_POINT('',#1189);
#1189 = CARTESIAN_POINT('',(-23.63,15.3,3.));
#1190 = VERTEX_POINT('',#1191);
#1191 = CARTESIAN_POINT('',(-23.63,15.3,0.));
#1192 = LINE('',#1193,#1194);
#1193 = CARTESIAN_POINT('',(-23.63,15.3,3.));
#1194 = VECTOR('',#1195,1.);
#1195 = DIRECTION('',(0.,0.,-1.));
#1196 = ORIENTED_EDGE('',*,*,#1197,.T.);
#1197 = EDGE_CURVE('',#1188,#1166,#1198,.T.);
#1198 = CIRCLE('',#1199,0.15);
#1199 = AXIS2_PLACEMENT_3D('',#1200,#1201,#1202);
#1200 = CARTESIAN_POINT('',(-23.78,15.3,3.));
#1201 = DIRECTION('',(0.,0.,-1.));
#1202 = DIRECTION('',(0.,-1.,0.));
#1203 = ORIENTED_EDGE('',*,*,#1173,.T.);
#1204 = ORIENTED_EDGE('',*,*,#1205,.T.);
#1205 = EDGE_CURVE('',#1157,#1190,#1206,.T.);
#1206 = CIRCLE('',#1207,0.15);
#1207 = AXIS2_PLACEMENT_3D('',#1208,#1209,#1210);
#1208 = CARTESIAN_POINT('',(-23.78,15.3,0.));
#1209 = DIRECTION('',(0.,0.,1.));
#1210 = DIRECTION('',(0.,-1.,0.));
#1211 = CYLINDRICAL_SURFACE('',#1212,0.15);
#1212 = AXIS2_PLACEMENT_3D('',#1213,#1214,#1215);
#1213 = CARTESIAN_POINT('',(-23.78,15.3,3.));
#1214 = DIRECTION('',(0.,0.,-1.));
#1215 = DIRECTION('',(0.,-1.,0.));
#1216 = ADVANCED_FACE('',(#1217),#1242,.F.);
#1217 = FACE_BOUND('',#1218,.T.);
#1218 = EDGE_LOOP('',(#1219,#1227,#1228,#1236));
#1219 = ORIENTED_EDGE('',*,*,#1220,.F.);
#1220 = EDGE_CURVE('',#1190,#1221,#1223,.T.);
#1221 = VERTEX_POINT('',#1222);
#1222 = CARTESIAN_POINT('',(-23.63,16.2,0.));
#1223 = LINE('',#1224,#1225);
#1224 = CARTESIAN_POINT('',(-23.63,8.1,0.));
#1225 = VECTOR('',#1226,1.);
#1226 = DIRECTION('',(0.,1.,0.));
#1227 = ORIENTED_EDGE('',*,*,#1187,.F.);
#1228 = ORIENTED_EDGE('',*,*,#1229,.F.);
#1229 = EDGE_CURVE('',#1230,#1188,#1232,.T.);
#1230 = VERTEX_POINT('',#1231);
#1231 = CARTESIAN_POINT('',(-23.63,16.2,3.));
#1232 = LINE('',#1233,#1234);
#1233 = CARTESIAN_POINT('',(-23.63,8.1,3.));
#1234 = VECTOR('',#1235,1.);
#1235 = DIRECTION('',(0.,-1.,0.));
#1236 = ORIENTED_EDGE('',*,*,#1237,.T.);
#1237 = EDGE_CURVE('',#1230,#1221,#1238,.T.);
#1238 = LINE('',#1239,#1240);
#1239 = CARTESIAN_POINT('',(-23.63,16.2,3.));
#1240 = VECTOR('',#1241,1.);
#1241 = DIRECTION('',(0.,0.,-1.));
#1242 = PLANE('',#1243);
#1243 = AXIS2_PLACEMENT_3D('',#1244,#1245,#1246);
#1244 = CARTESIAN_POINT('',(-23.63,16.2,3.));
#1245 = DIRECTION('',(1.,0.,0.));
#1246 = DIRECTION('',(0.,-1.,0.));
#1247 = ADVANCED_FACE('',(#1248),#1275,.F.);
#1248 = FACE_BOUND('',#1249,.F.);
#1249 = EDGE_LOOP('',(#1250,#1260,#1267,#1268));
#1250 = ORIENTED_EDGE('',*,*,#1251,.F.);
#1251 = EDGE_CURVE('',#1252,#1254,#1256,.T.);
#1252 = VERTEX_POINT('',#1253);
#1253 = CARTESIAN_POINT('',(-23.78,16.35,3.));
#1254 = VERTEX_POINT('',#1255);
#1255 = CARTESIAN_POINT('',(-23.78,16.35,0.));
#1256 = LINE('',#1257,#1258);
#1257 = CARTESIAN_POINT('',(-23.78,16.35,3.));
#1258 = VECTOR('',#1259,1.);
#1259 = DIRECTION('',(0.,0.,-1.));
#1260 = ORIENTED_EDGE('',*,*,#1261,.T.);
#1261 = EDGE_CURVE('',#1252,#1230,#1262,.T.);
#1262 = CIRCLE('',#1263,0.15);
#1263 = AXIS2_PLACEMENT_3D('',#1264,#1265,#1266);
#1264 = CARTESIAN_POINT('',(-23.78,16.2,3.));
#1265 = DIRECTION('',(0.,0.,-1.));
#1266 = DIRECTION('',(1.,0.,0.));
#1267 = ORIENTED_EDGE('',*,*,#1237,.T.);
#1268 = ORIENTED_EDGE('',*,*,#1269,.T.);
#1269 = EDGE_CURVE('',#1221,#1254,#1270,.T.);
#1270 = CIRCLE('',#1271,0.15);
#1271 = AXIS2_PLACEMENT_3D('',#1272,#1273,#1274);
#1272 = CARTESIAN_POINT('',(-23.78,16.2,0.));
#1273 = DIRECTION('',(0.,0.,1.));
#1274 = DIRECTION('',(1.,0.,-0.));
#1275 = CYLINDRICAL_SURFACE('',#1276,0.15);
#1276 = AXIS2_PLACEMENT_3D('',#1277,#1278,#1279);
#1277 = CARTESIAN_POINT('',(-23.78,16.2,3.));
#1278 = DIRECTION('',(0.,0.,-1.));
#1279 = DIRECTION('',(1.,0.,0.));
#1280 = ADVANCED_FACE('',(#1281),#1306,.F.);
#1281 = FACE_BOUND('',#1282,.T.);
#1282 = EDGE_LOOP('',(#1283,#1291,#1292,#1300));
#1283 = ORIENTED_EDGE('',*,*,#1284,.F.);
#1284 = EDGE_CURVE('',#1254,#1285,#1287,.T.);
#1285 = VERTEX_POINT('',#1286);
#1286 = CARTESIAN_POINT('',(-24.48,16.35,0.));
#1287 = LINE('',#1288,#1289);
#1288 = CARTESIAN_POINT('',(-12.24,16.35,0.));
#1289 = VECTOR('',#1290,1.);
#1290 = DIRECTION('',(-1.,0.,0.));
#1291 = ORIENTED_EDGE('',*,*,#1251,.F.);
#1292 = ORIENTED_EDGE('',*,*,#1293,.F.);
#1293 = EDGE_CURVE('',#1294,#1252,#1296,.T.);
#1294 = VERTEX_POINT('',#1295);
#1295 = CARTESIAN_POINT('',(-24.48,16.35,3.));
#1296 = LINE('',#1297,#1298);
#1297 = CARTESIAN_POINT('',(-12.24,16.35,3.));
#1298 = VECTOR('',#1299,1.);
#1299 = DIRECTION('',(1.,0.,0.));
#1300 = ORIENTED_EDGE('',*,*,#1301,.T.);
#1301 = EDGE_CURVE('',#1294,#1285,#1302,.T.);
#1302 = LINE('',#1303,#1304);
#1303 = CARTESIAN_POINT('',(-24.48,16.35,3.));
#1304 = VECTOR('',#1305,1.);
#1305 = DIRECTION('',(0.,0.,-1.));
#1306 = PLANE('',#1307);
#1307 = AXIS2_PLACEMENT_3D('',#1308,#1309,#1310);
#1308 = CARTESIAN_POINT('',(-24.48,16.35,3.));
#1309 = DIRECTION('',(0.,1.,0.));
#1310 = DIRECTION('',(1.,0.,0.));
#1311 = ADVANCED_FACE('',(#1312),#1330,.F.);
#1312 = FACE_BOUND('',#1313,.F.);
#1313 = EDGE_LOOP('',(#1314,#1315,#1322,#1323));
#1314 = ORIENTED_EDGE('',*,*,#1093,.F.);
#1315 = ORIENTED_EDGE('',*,*,#1316,.T.);
#1316 = EDGE_CURVE('',#1094,#1294,#1317,.T.);
#1317 = CIRCLE('',#1318,0.15);
#1318 = AXIS2_PLACEMENT_3D('',#1319,#1320,#1321);
#1319 = CARTESIAN_POINT('',(-24.48,16.2,3.));
#1320 = DIRECTION('',(0.,0.,-1.));
#1321 = DIRECTION('',(0.,1.,0.));
#1322 = ORIENTED_EDGE('',*,*,#1301,.T.);
#1323 = ORIENTED_EDGE('',*,*,#1324,.T.);
#1324 = EDGE_CURVE('',#1285,#1084,#1325,.T.);
#1325 = CIRCLE('',#1326,0.15);
#1326 = AXIS2_PLACEMENT_3D('',#1327,#1328,#1329);
#1327 = CARTESIAN_POINT('',(-24.48,16.2,0.));
#1328 = DIRECTION('',(0.,-0.,1.));
#1329 = DIRECTION('',(0.,1.,0.));
#1330 = CYLINDRICAL_SURFACE('',#1331,0.15);
#1331 = AXIS2_PLACEMENT_3D('',#1332,#1333,#1334);
#1332 = CARTESIAN_POINT('',(-24.48,16.2,3.));
#1333 = DIRECTION('',(0.,0.,-1.));
#1334 = DIRECTION('',(0.,1.,0.));
#1335 = ADVANCED_FACE('',(#1336),#1363,.F.);
#1336 = FACE_BOUND('',#1337,.F.);
#1337 = EDGE_LOOP('',(#1338,#1348,#1355,#1356));
#1338 = ORIENTED_EDGE('',*,*,#1339,.T.);
#1339 = EDGE_CURVE('',#1340,#1342,#1344,.T.);
#1340 = VERTEX_POINT('',#1341);
#1341 = CARTESIAN_POINT('',(-30.35,15.8,3.));
#1342 = VERTEX_POINT('',#1343);
#1343 = CARTESIAN_POINT('',(-30.35,15.8,0.));
#1344 = LINE('',#1345,#1346);
#1345 = CARTESIAN_POINT('',(-30.35,15.8,3.));
#1346 = VECTOR('',#1347,1.);
#1347 = DIRECTION('',(0.,0.,-1.));
#1348 = ORIENTED_EDGE('',*,*,#1349,.T.);
#1349 = EDGE_CURVE('',#1342,#1342,#1350,.T.);
#1350 = CIRCLE('',#1351,1.2);
#1351 = AXIS2_PLACEMENT_3D('',#1352,#1353,#1354);
#1352 = CARTESIAN_POINT('',(-31.55,15.8,0.));
#1353 = DIRECTION('',(0.,0.,1.));
#1354 = DIRECTION('',(-1.,0.,0.));
#1355 = ORIENTED_EDGE('',*,*,#1339,.F.);
#1356 = ORIENTED_EDGE('',*,*,#1357,.T.);
#1357 = EDGE_CURVE('',#1340,#1340,#1358,.T.);
#1358 = CIRCLE('',#1359,1.2);
#1359 = AXIS2_PLACEMENT_3D('',#1360,#1361,#1362);
#1360 = CARTESIAN_POINT('',(-31.55,15.8,3.));
#1361 = DIRECTION('',(0.,0.,-1.));
#1362 = DIRECTION('',(-1.,0.,0.));
#1363 = CYLINDRICAL_SURFACE('',#1364,1.2);
#1364 = AXIS2_PLACEMENT_3D('',#1365,#1366,#1367);
#1365 = CARTESIAN_POINT('',(-31.55,15.8,3.));
#1366 = DIRECTION('',(0.,0.,-1.));
#1367 = DIRECTION('',(-1.,0.,0.));
#1368 = ADVANCED_FACE('',(#1369),#1403,.F.);
#1369 = FACE_BOUND('',#1370,.T.);
#1370 = EDGE_LOOP('',(#1371,#1381,#1389,#1397));
#1371 = ORIENTED_EDGE('',*,*,#1372,.F.);
#1372 = EDGE_CURVE('',#1373,#1375,#1377,.T.);
#1373 = VERTEX_POINT('',#1374);
#1374 = CARTESIAN_POINT('',(-0.77,15.3,0.));
#1375 = VERTEX_POINT('',#1376);
#1376 = CARTESIAN_POINT('',(-0.77,16.2,0.));
#1377 = LINE('',#1378,#1379);
#1378 = CARTESIAN_POINT('',(-0.77,8.1,0.));
#1379 = VECTOR('',#1380,1.);
#1380 = DIRECTION('',(-9.251858538543E-16,1.,0.));
#1381 = ORIENTED_EDGE('',*,*,#1382,.F.);
#1382 = EDGE_CURVE('',#1383,#1373,#1385,.T.);
#1383 = VERTEX_POINT('',#1384);
#1384 = CARTESIAN_POINT('',(-0.77,15.3,3.));
#1385 = LINE('',#1386,#1387);
#1386 = CARTESIAN_POINT('',(-0.77,15.3,3.));
#1387 = VECTOR('',#1388,1.);
#1388 = DIRECTION('',(0.,0.,-1.));
#1389 = ORIENTED_EDGE('',*,*,#1390,.F.);
#1390 = EDGE_CURVE('',#1391,#1383,#1393,.T.);
#1391 = VERTEX_POINT('',#1392);
#1392 = CARTESIAN_POINT('',(-0.77,16.2,3.));
#1393 = LINE('',#1394,#1395);
#1394 = CARTESIAN_POINT('',(-0.77,8.1,3.));
#1395 = VECTOR('',#1396,1.);
#1396 = DIRECTION('',(9.251858538543E-16,-1.,0.));
#1397 = ORIENTED_EDGE('',*,*,#1398,.T.);
#1398 = EDGE_CURVE('',#1391,#1375,#1399,.T.);
#1399 = LINE('',#1400,#1401);
#1400 = CARTESIAN_POINT('',(-0.77,16.2,3.));
#1401 = VECTOR('',#1402,1.);
#1402 = DIRECTION('',(0.,0.,-1.));
#1403 = PLANE('',#1404);
#1404 = AXIS2_PLACEMENT_3D('',#1405,#1406,#1407);
#1405 = CARTESIAN_POINT('',(-0.77,16.2,3.));
#1406 = DIRECTION('',(1.,9.251858538543E-16,0.));
#1407 = DIRECTION('',(9.251858538543E-16,-1.,0.));
#1408 = ADVANCED_FACE('',(#1409),#1436,.F.);
#1409 = FACE_BOUND('',#1410,.F.);
#1410 = EDGE_LOOP('',(#1411,#1421,#1428,#1429));
#1411 = ORIENTED_EDGE('',*,*,#1412,.F.);
#1412 = EDGE_CURVE('',#1413,#1415,#1417,.T.);
#1413 = VERTEX_POINT('',#1414);
#1414 = CARTESIAN_POINT('',(-0.92,16.35,3.));
#1415 = VERTEX_POINT('',#1416);
#1416 = CARTESIAN_POINT('',(-0.92,16.35,0.));
#1417 = LINE('',#1418,#1419);
#1418 = CARTESIAN_POINT('',(-0.92,16.35,3.));
#1419 = VECTOR('',#1420,1.);
#1420 = DIRECTION('',(0.,0.,-1.));
#1421 = ORIENTED_EDGE('',*,*,#1422,.T.);
#1422 = EDGE_CURVE('',#1413,#1391,#1423,.T.);
#1423 = CIRCLE('',#1424,0.15);
#1424 = AXIS2_PLACEMENT_3D('',#1425,#1426,#1427);
#1425 = CARTESIAN_POINT('',(-0.92,16.2,3.));
#1426 = DIRECTION('',(0.,0.,-1.));
#1427 = DIRECTION('',(1.,0.,0.));
#1428 = ORIENTED_EDGE('',*,*,#1398,.T.);
#1429 = ORIENTED_EDGE('',*,*,#1430,.T.);
#1430 = EDGE_CURVE('',#1375,#1415,#1431,.T.);
#1431 = CIRCLE('',#1432,0.15);
#1432 = AXIS2_PLACEMENT_3D('',#1433,#1434,#1435);
#1433 = CARTESIAN_POINT('',(-0.92,16.2,0.));
#1434 = DIRECTION('',(0.,0.,1.));
#1435 = DIRECTION('',(1.,0.,-0.));
#1436 = CYLINDRICAL_SURFACE('',#1437,0.15);
#1437 = AXIS2_PLACEMENT_3D('',#1438,#1439,#1440);
#1438 = CARTESIAN_POINT('',(-0.92,16.2,3.));
#1439 = DIRECTION('',(0.,0.,-1.));
#1440 = DIRECTION('',(1.,0.,0.));
#1441 = ADVANCED_FACE('',(#1442),#1467,.F.);
#1442 = FACE_BOUND('',#1443,.T.);
#1443 = EDGE_LOOP('',(#1444,#1452,#1453,#1461));
#1444 = ORIENTED_EDGE('',*,*,#1445,.F.);
#1445 = EDGE_CURVE('',#1415,#1446,#1448,.T.);
#1446 = VERTEX_POINT('',#1447);
#1447 = CARTESIAN_POINT('',(-1.62,16.35,0.));
#1448 = LINE('',#1449,#1450);
#1449 = CARTESIAN_POINT('',(-0.81,16.35,0.));
#1450 = VECTOR('',#1451,1.);
#1451 = DIRECTION('',(-1.,0.,0.));
#1452 = ORIENTED_EDGE('',*,*,#1412,.F.);
#1453 = ORIENTED_EDGE('',*,*,#1454,.F.);
#1454 = EDGE_CURVE('',#1455,#1413,#1457,.T.);
#1455 = VERTEX_POINT('',#1456);
#1456 = CARTESIAN_POINT('',(-1.62,16.35,3.));
#1457 = LINE('',#1458,#1459);
#1458 = CARTESIAN_POINT('',(-0.81,16.35,3.));
#1459 = VECTOR('',#1460,1.);
#1460 = DIRECTION('',(1.,0.,0.));
#1461 = ORIENTED_EDGE('',*,*,#1462,.T.);
#1462 = EDGE_CURVE('',#1455,#1446,#1463,.T.);
#1463 = LINE('',#1464,#1465);
#1464 = CARTESIAN_POINT('',(-1.62,16.35,3.));
#1465 = VECTOR('',#1466,1.);
#1466 = DIRECTION('',(0.,0.,-1.));
#1467 = PLANE('',#1468);
#1468 = AXIS2_PLACEMENT_3D('',#1469,#1470,#1471);
#1469 = CARTESIAN_POINT('',(-1.62,16.35,3.));
#1470 = DIRECTION('',(0.,1.,0.));
#1471 = DIRECTION('',(1.,0.,0.));
#1472 = ADVANCED_FACE('',(#1473),#1500,.F.);
#1473 = FACE_BOUND('',#1474,.F.);
#1474 = EDGE_LOOP('',(#1475,#1485,#1492,#1493));
#1475 = ORIENTED_EDGE('',*,*,#1476,.F.);
#1476 = EDGE_CURVE('',#1477,#1479,#1481,.T.);
#1477 = VERTEX_POINT('',#1478);
#1478 = CARTESIAN_POINT('',(-1.77,16.2,3.));
#1479 = VERTEX_POINT('',#1480);
#1480 = CARTESIAN_POINT('',(-1.77,16.2,0.));
#1481 = LINE('',#1482,#1483);
#1482 = CARTESIAN_POINT('',(-1.77,16.2,3.));
#1483 = VECTOR('',#1484,1.);
#1484 = DIRECTION('',(0.,0.,-1.));
#1485 = ORIENTED_EDGE('',*,*,#1486,.T.);
#1486 = EDGE_CURVE('',#1477,#1455,#1487,.T.);
#1487 = CIRCLE('',#1488,0.15);
#1488 = AXIS2_PLACEMENT_3D('',#1489,#1490,#1491);
#1489 = CARTESIAN_POINT('',(-1.62,16.2,3.));
#1490 = DIRECTION('',(0.,0.,-1.));
#1491 = DIRECTION('',(1.850371707709E-15,1.,0.));
#1492 = ORIENTED_EDGE('',*,*,#1462,.T.);
#1493 = ORIENTED_EDGE('',*,*,#1494,.T.);
#1494 = EDGE_CURVE('',#1446,#1479,#1495,.T.);
#1495 = CIRCLE('',#1496,0.15);
#1496 = AXIS2_PLACEMENT_3D('',#1497,#1498,#1499);
#1497 = CARTESIAN_POINT('',(-1.62,16.2,0.));
#1498 = DIRECTION('',(0.,0.,1.));
#1499 = DIRECTION('',(1.850371707709E-15,1.,-0.));
#1500 = CYLINDRICAL_SURFACE('',#1501,0.15);
#1501 = AXIS2_PLACEMENT_3D('',#1502,#1503,#1504);
#1502 = CARTESIAN_POINT('',(-1.62,16.2,3.));
#1503 = DIRECTION('',(0.,0.,-1.));
#1504 = DIRECTION('',(1.850371707709E-15,1.,0.));
#1505 = ADVANCED_FACE('',(#1506),#1531,.F.);
#1506 = FACE_BOUND('',#1507,.T.);
#1507 = EDGE_LOOP('',(#1508,#1516,#1517,#1525));
#1508 = ORIENTED_EDGE('',*,*,#1509,.F.);
#1509 = EDGE_CURVE('',#1479,#1510,#1512,.T.);
#1510 = VERTEX_POINT('',#1511);
#1511 = CARTESIAN_POINT('',(-1.77,15.3,0.));
#1512 = LINE('',#1513,#1514);
#1513 = CARTESIAN_POINT('',(-1.77,7.65,0.));
#1514 = VECTOR('',#1515,1.);
#1515 = DIRECTION('',(0.,-1.,0.));
#1516 = ORIENTED_EDGE('',*,*,#1476,.F.);
#1517 = ORIENTED_EDGE('',*,*,#1518,.F.);
#1518 = EDGE_CURVE('',#1519,#1477,#1521,.T.);
#1519 = VERTEX_POINT('',#1520);
#1520 = CARTESIAN_POINT('',(-1.77,15.3,3.));
#1521 = LINE('',#1522,#1523);
#1522 = CARTESIAN_POINT('',(-1.77,7.65,3.));
#1523 = VECTOR('',#1524,1.);
#1524 = DIRECTION('',(0.,1.,0.));
#1525 = ORIENTED_EDGE('',*,*,#1526,.T.);
#1526 = EDGE_CURVE('',#1519,#1510,#1527,.T.);
#1527 = LINE('',#1528,#1529);
#1528 = CARTESIAN_POINT('',(-1.77,15.3,3.));
#1529 = VECTOR('',#1530,1.);
#1530 = DIRECTION('',(0.,0.,-1.));
#1531 = PLANE('',#1532);
#1532 = AXIS2_PLACEMENT_3D('',#1533,#1534,#1535);
#1533 = CARTESIAN_POINT('',(-1.77,15.3,3.));
#1534 = DIRECTION('',(-1.,0.,0.));
#1535 = DIRECTION('',(0.,1.,0.));
#1536 = ADVANCED_FACE('',(#1537),#1564,.F.);
#1537 = FACE_BOUND('',#1538,.F.);
#1538 = EDGE_LOOP('',(#1539,#1549,#1556,#1557));
#1539 = ORIENTED_EDGE('',*,*,#1540,.F.);
#1540 = EDGE_CURVE('',#1541,#1543,#1545,.T.);
#1541 = VERTEX_POINT('',#1542);
#1542 = CARTESIAN_POINT('',(-1.62,15.15,3.));
#1543 = VERTEX_POINT('',#1544);
#1544 = CARTESIAN_POINT('',(-1.62,15.15,0.));
#1545 = LINE('',#1546,#1547);
#1546 = CARTESIAN_POINT('',(-1.62,15.15,3.));
#1547 = VECTOR('',#1548,1.);
#1548 = DIRECTION('',(0.,0.,-1.));
#1549 = ORIENTED_EDGE('',*,*,#1550,.T.);
#1550 = EDGE_CURVE('',#1541,#1519,#1551,.T.);
#1551 = CIRCLE('',#1552,0.15);
#1552 = AXIS2_PLACEMENT_3D('',#1553,#1554,#1555);
#1553 = CARTESIAN_POINT('',(-1.62,15.3,3.));
#1554 = DIRECTION('',(0.,0.,-1.));
#1555 = DIRECTION('',(-1.,0.,0.));
#1556 = ORIENTED_EDGE('',*,*,#1526,.T.);
#1557 = ORIENTED_EDGE('',*,*,#1558,.T.);
#1558 = EDGE_CURVE('',#1510,#1543,#1559,.T.);
#1559 = CIRCLE('',#1560,0.15);
#1560 = AXIS2_PLACEMENT_3D('',#1561,#1562,#1563);
#1561 = CARTESIAN_POINT('',(-1.62,15.3,0.));
#1562 = DIRECTION('',(0.,0.,1.));
#1563 = DIRECTION('',(-1.,0.,0.));
#1564 = CYLINDRICAL_SURFACE('',#1565,0.15);
#1565 = AXIS2_PLACEMENT_3D('',#1566,#1567,#1568);
#1566 = CARTESIAN_POINT('',(-1.62,15.3,3.));
#1567 = DIRECTION('',(0.,0.,-1.));
#1568 = DIRECTION('',(-1.,0.,0.));
#1569 = ADVANCED_FACE('',(#1570),#1595,.F.);
#1570 = FACE_BOUND('',#1571,.T.);
#1571 = EDGE_LOOP('',(#1572,#1580,#1581,#1589));
#1572 = ORIENTED_EDGE('',*,*,#1573,.F.);
#1573 = EDGE_CURVE('',#1543,#1574,#1576,.T.);
#1574 = VERTEX_POINT('',#1575);
#1575 = CARTESIAN_POINT('',(-0.92,15.15,0.));
#1576 = LINE('',#1577,#1578);
#1577 = CARTESIAN_POINT('',(-0.46,15.15,0.));
#1578 = VECTOR('',#1579,1.);
#1579 = DIRECTION('',(1.,0.,0.));
#1580 = ORIENTED_EDGE('',*,*,#1540,.F.);
#1581 = ORIENTED_EDGE('',*,*,#1582,.F.);
#1582 = EDGE_CURVE('',#1583,#1541,#1585,.T.);
#1583 = VERTEX_POINT('',#1584);
#1584 = CARTESIAN_POINT('',(-0.92,15.15,3.));
#1585 = LINE('',#1586,#1587);
#1586 = CARTESIAN_POINT('',(-0.46,15.15,3.));
#1587 = VECTOR('',#1588,1.);
#1588 = DIRECTION('',(-1.,0.,0.));
#1589 = ORIENTED_EDGE('',*,*,#1590,.T.);
#1590 = EDGE_CURVE('',#1583,#1574,#1591,.T.);
#1591 = LINE('',#1592,#1593);
#1592 = CARTESIAN_POINT('',(-0.92,15.15,3.));
#1593 = VECTOR('',#1594,1.);
#1594 = DIRECTION('',(0.,0.,-1.));
#1595 = PLANE('',#1596);
#1596 = AXIS2_PLACEMENT_3D('',#1597,#1598,#1599);
#1597 = CARTESIAN_POINT('',(-0.92,15.15,3.));
#1598 = DIRECTION('',(0.,-1.,0.));
#1599 = DIRECTION('',(-1.,0.,0.));
#1600 = ADVANCED_FACE('',(#1601),#1619,.F.);
#1601 = FACE_BOUND('',#1602,.F.);
#1602 = EDGE_LOOP('',(#1603,#1604,#1611,#1612));
#1603 = ORIENTED_EDGE('',*,*,#1382,.F.);
#1604 = ORIENTED_EDGE('',*,*,#1605,.T.);
#1605 = EDGE_CURVE('',#1383,#1583,#1606,.T.);
#1606 = CIRCLE('',#1607,0.15);
#1607 = AXIS2_PLACEMENT_3D('',#1608,#1609,#1610);
#1608 = CARTESIAN_POINT('',(-0.92,15.3,3.));
#1609 = DIRECTION('',(0.,0.,-1.));
#1610 = DIRECTION('',(0.,-1.,0.));
#1611 = ORIENTED_EDGE('',*,*,#1590,.T.);
#1612 = ORIENTED_EDGE('',*,*,#1613,.T.);
#1613 = EDGE_CURVE('',#1574,#1373,#1614,.T.);
#1614 = CIRCLE('',#1615,0.15);
#1615 = AXIS2_PLACEMENT_3D('',#1616,#1617,#1618);
#1616 = CARTESIAN_POINT('',(-0.92,15.3,0.));
#1617 = DIRECTION('',(0.,0.,1.));
#1618 = DIRECTION('',(0.,-1.,0.));
#1619 = CYLINDRICAL_SURFACE('',#1620,0.15);
#1620 = AXIS2_PLACEMENT_3D('',#1621,#1622,#1623);
#1621 = CARTESIAN_POINT('',(-0.92,15.3,3.));
#1622 = DIRECTION('',(0.,0.,-1.));
#1623 = DIRECTION('',(0.,-1.,0.));
#1624 = ADVANCED_FACE('',(#1625),#1659,.F.);
#1625 = FACE_BOUND('',#1626,.T.);
#1626 = EDGE_LOOP('',(#1627,#1637,#1645,#1653));
#1627 = ORIENTED_EDGE('',*,*,#1628,.F.);
#1628 = EDGE_CURVE('',#1629,#1631,#1633,.T.);
#1629 = VERTEX_POINT('',#1630);
#1630 = CARTESIAN_POINT('',(-22.09,16.2,0.));
#1631 = VERTEX_POINT('',#1632);
#1632 = CARTESIAN_POINT('',(-22.09,15.3,0.));
#1633 = LINE('',#1634,#1635);
#1634 = CARTESIAN_POINT('',(-22.09,7.65,0.));
#1635 = VECTOR('',#1636,1.);
#1636 = DIRECTION('',(0.,-1.,0.));
#1637 = ORIENTED_EDGE('',*,*,#1638,.F.);
#1638 = EDGE_CURVE('',#1639,#1629,#1641,.T.);
#1639 = VERTEX_POINT('',#1640);
#1640 = CARTESIAN_POINT('',(-22.09,16.2,3.));
#1641 = LINE('',#1642,#1643);
#1642 = CARTESIAN_POINT('',(-22.09,16.2,3.));
#1643 = VECTOR('',#1644,1.);
#1644 = DIRECTION('',(0.,0.,-1.));
#1645 = ORIENTED_EDGE('',*,*,#1646,.F.);
#1646 = EDGE_CURVE('',#1647,#1639,#1649,.T.);
#1647 = VERTEX_POINT('',#1648);
#1648 = CARTESIAN_POINT('',(-22.09,15.3,3.));
#1649 = LINE('',#1650,#1651);
#1650 = CARTESIAN_POINT('',(-22.09,7.65,3.));
#1651 = VECTOR('',#1652,1.);
#1652 = DIRECTION('',(0.,1.,0.));
#1653 = ORIENTED_EDGE('',*,*,#1654,.T.);
#1654 = EDGE_CURVE('',#1647,#1631,#1655,.T.);
#1655 = LINE('',#1656,#1657);
#1656 = CARTESIAN_POINT('',(-22.09,15.3,3.));
#1657 = VECTOR('',#1658,1.);
#1658 = DIRECTION('',(0.,0.,-1.));
#1659 = PLANE('',#1660);
#1660 = AXIS2_PLACEMENT_3D('',#1661,#1662,#1663);
#1661 = CARTESIAN_POINT('',(-22.09,15.3,3.));
#1662 = DIRECTION('',(-1.,0.,0.));
#1663 = DIRECTION('',(0.,1.,0.));
#1664 = ADVANCED_FACE('',(#1665),#1692,.F.);
#1665 = FACE_BOUND('',#1666,.F.);
#1666 = EDGE_LOOP('',(#1667,#1677,#1684,#1685));
#1667 = ORIENTED_EDGE('',*,*,#1668,.F.);
#1668 = EDGE_CURVE('',#1669,#1671,#1673,.T.);
#1669 = VERTEX_POINT('',#1670);
#1670 = CARTESIAN_POINT('',(-21.94,15.15,3.));
#1671 = VERTEX_POINT('',#1672);
#1672 = CARTESIAN_POINT('',(-21.94,15.15,0.));
#1673 = LINE('',#1674,#1675);
#1674 = CARTESIAN_POINT('',(-21.94,15.15,3.));
#1675 = VECTOR('',#1676,1.);
#1676 = DIRECTION('',(0.,0.,-1.));
#1677 = ORIENTED_EDGE('',*,*,#1678,.T.);
#1678 = EDGE_CURVE('',#1669,#1647,#1679,.T.);
#1679 = CIRCLE('',#1680,0.15);
#1680 = AXIS2_PLACEMENT_3D('',#1681,#1682,#1683);
#1681 = CARTESIAN_POINT('',(-21.94,15.3,3.));
#1682 = DIRECTION('',(0.,0.,-1.));
#1683 = DIRECTION('',(-1.,0.,0.));
#1684 = ORIENTED_EDGE('',*,*,#1654,.T.);
#1685 = ORIENTED_EDGE('',*,*,#1686,.T.);
#1686 = EDGE_CURVE('',#1631,#1671,#1687,.T.);
#1687 = CIRCLE('',#1688,0.15);
#1688 = AXIS2_PLACEMENT_3D('',#1689,#1690,#1691);
#1689 = CARTESIAN_POINT('',(-21.94,15.3,0.));
#1690 = DIRECTION('',(0.,0.,1.));
#1691 = DIRECTION('',(-1.,0.,0.));
#1692 = CYLINDRICAL_SURFACE('',#1693,0.15);
#1693 = AXIS2_PLACEMENT_3D('',#1694,#1695,#1696);
#1694 = CARTESIAN_POINT('',(-21.94,15.3,3.));
#1695 = DIRECTION('',(0.,0.,-1.));
#1696 = DIRECTION('',(-1.,0.,0.));
#1697 = ADVANCED_FACE('',(#1698),#1723,.F.);
#1698 = FACE_BOUND('',#1699,.T.);
#1699 = EDGE_LOOP('',(#1700,#1708,#1709,#1717));
#1700 = ORIENTED_EDGE('',*,*,#1701,.F.);
#1701 = EDGE_CURVE('',#1671,#1702,#1704,.T.);
#1702 = VERTEX_POINT('',#1703);
#1703 = CARTESIAN_POINT('',(-21.24,15.15,0.));
#1704 = LINE('',#1705,#1706);
#1705 = CARTESIAN_POINT('',(-10.62,15.15,0.));
#1706 = VECTOR('',#1707,1.);
#1707 = DIRECTION('',(1.,0.,0.));
#1708 = ORIENTED_EDGE('',*,*,#1668,.F.);
#1709 = ORIENTED_EDGE('',*,*,#1710,.F.);
#1710 = EDGE_CURVE('',#1711,#1669,#1713,.T.);
#1711 = VERTEX_POINT('',#1712);
#1712 = CARTESIAN_POINT('',(-21.24,15.15,3.));
#1713 = LINE('',#1714,#1715);
#1714 = CARTESIAN_POINT('',(-10.62,15.15,3.));
#1715 = VECTOR('',#1716,1.);
#1716 = DIRECTION('',(-1.,0.,0.));
#1717 = ORIENTED_EDGE('',*,*,#1718,.T.);
#1718 = EDGE_CURVE('',#1711,#1702,#1719,.T.);
#1719 = LINE('',#1720,#1721);
#1720 = CARTESIAN_POINT('',(-21.24,15.15,3.));
#1721 = VECTOR('',#1722,1.);
#1722 = DIRECTION('',(0.,0.,-1.));
#1723 = PLANE('',#1724);
#1724 = AXIS2_PLACEMENT_3D('',#1725,#1726,#1727);
#1725 = CARTESIAN_POINT('',(-21.24,15.15,3.));
#1726 = DIRECTION('',(0.,-1.,0.));
#1727 = DIRECTION('',(-1.,0.,0.));
#1728 = ADVANCED_FACE('',(#1729),#1756,.F.);
#1729 = FACE_BOUND('',#1730,.F.);
#1730 = EDGE_LOOP('',(#1731,#1741,#1748,#1749));
#1731 = ORIENTED_EDGE('',*,*,#1732,.F.);
#1732 = EDGE_CURVE('',#1733,#1735,#1737,.T.);
#1733 = VERTEX_POINT('',#1734);
#1734 = CARTESIAN_POINT('',(-21.09,15.3,3.));
#1735 = VERTEX_POINT('',#1736);
#1736 = CARTESIAN_POINT('',(-21.09,15.3,0.));
#1737 = LINE('',#1738,#1739);
#1738 = CARTESIAN_POINT('',(-21.09,15.3,3.));
#1739 = VECTOR('',#1740,1.);
#1740 = DIRECTION('',(0.,0.,-1.));
#1741 = ORIENTED_EDGE('',*,*,#1742,.T.);
#1742 = EDGE_CURVE('',#1733,#1711,#1743,.T.);
#1743 = CIRCLE('',#1744,0.15);
#1744 = AXIS2_PLACEMENT_3D('',#1745,#1746,#1747);
#1745 = CARTESIAN_POINT('',(-21.24,15.3,3.));
#1746 = DIRECTION('',(0.,0.,-1.));
#1747 = DIRECTION('',(0.,-1.,0.));
#1748 = ORIENTED_EDGE('',*,*,#1718,.T.);
#1749 = ORIENTED_EDGE('',*,*,#1750,.T.);
#1750 = EDGE_CURVE('',#1702,#1735,#1751,.T.);
#1751 = CIRCLE('',#1752,0.15);
#1752 = AXIS2_PLACEMENT_3D('',#1753,#1754,#1755);
#1753 = CARTESIAN_POINT('',(-21.24,15.3,0.));
#1754 = DIRECTION('',(0.,0.,1.));
#1755 = DIRECTION('',(0.,-1.,0.));
#1756 = CYLINDRICAL_SURFACE('',#1757,0.15);
#1757 = AXIS2_PLACEMENT_3D('',#1758,#1759,#1760);
#1758 = CARTESIAN_POINT('',(-21.24,15.3,3.));
#1759 = DIRECTION('',(0.,0.,-1.));
#1760 = DIRECTION('',(0.,-1.,0.));
#1761 = ADVANCED_FACE('',(#1762),#1787,.F.);
#1762 = FACE_BOUND('',#1763,.T.);
#1763 = EDGE_LOOP('',(#1764,#1772,#1773,#1781));
#1764 = ORIENTED_EDGE('',*,*,#1765,.F.);
#1765 = EDGE_CURVE('',#1735,#1766,#1768,.T.);
#1766 = VERTEX_POINT('',#1767);
#1767 = CARTESIAN_POINT('',(-21.09,16.2,0.));
#1768 = LINE('',#1769,#1770);
#1769 = CARTESIAN_POINT('',(-21.09,8.1,0.));
#1770 = VECTOR('',#1771,1.);
#1771 = DIRECTION('',(0.,1.,0.));
#1772 = ORIENTED_EDGE('',*,*,#1732,.F.);
#1773 = ORIENTED_EDGE('',*,*,#1774,.F.);
#1774 = EDGE_CURVE('',#1775,#1733,#1777,.T.);
#1775 = VERTEX_POINT('',#1776);
#1776 = CARTESIAN_POINT('',(-21.09,16.2,3.));
#1777 = LINE('',#1778,#1779);
#1778 = CARTESIAN_POINT('',(-21.09,8.1,3.));
#1779 = VECTOR('',#1780,1.);
#1780 = DIRECTION('',(0.,-1.,0.));
#1781 = ORIENTED_EDGE('',*,*,#1782,.T.);
#1782 = EDGE_CURVE('',#1775,#1766,#1783,.T.);
#1783 = LINE('',#1784,#1785);
#1784 = CARTESIAN_POINT('',(-21.09,16.2,3.));
#1785 = VECTOR('',#1786,1.);
#1786 = DIRECTION('',(0.,0.,-1.));
#1787 = PLANE('',#1788);
#1788 = AXIS2_PLACEMENT_3D('',#1789,#1790,#1791);
#1789 = CARTESIAN_POINT('',(-21.09,16.2,3.));
#1790 = DIRECTION('',(1.,0.,0.));
#1791 = DIRECTION('',(0.,-1.,0.));
#1792 = ADVANCED_FACE('',(#1793),#1820,.F.);
#1793 = FACE_BOUND('',#1794,.F.);
#1794 = EDGE_LOOP('',(#1795,#1805,#1812,#1813));
#1795 = ORIENTED_EDGE('',*,*,#1796,.F.);
#1796 = EDGE_CURVE('',#1797,#1799,#1801,.T.);
#1797 = VERTEX_POINT('',#1798);
#1798 = CARTESIAN_POINT('',(-21.24,16.35,3.));
#1799 = VERTEX_POINT('',#1800);
#1800 = CARTESIAN_POINT('',(-21.24,16.35,0.));
#1801 = LINE('',#1802,#1803);
#1802 = CARTESIAN_POINT('',(-21.24,16.35,3.));
#1803 = VECTOR('',#1804,1.);
#1804 = DIRECTION('',(0.,0.,-1.));
#1805 = ORIENTED_EDGE('',*,*,#1806,.T.);
#1806 = EDGE_CURVE('',#1797,#1775,#1807,.T.);
#1807 = CIRCLE('',#1808,0.15);
#1808 = AXIS2_PLACEMENT_3D('',#1809,#1810,#1811);
#1809 = CARTESIAN_POINT('',(-21.24,16.2,3.));
#1810 = DIRECTION('',(0.,0.,-1.));
#1811 = DIRECTION('',(1.,0.,0.));
#1812 = ORIENTED_EDGE('',*,*,#1782,.T.);
#1813 = ORIENTED_EDGE('',*,*,#1814,.T.);
#1814 = EDGE_CURVE('',#1766,#1799,#1815,.T.);
#1815 = CIRCLE('',#1816,0.15);
#1816 = AXIS2_PLACEMENT_3D('',#1817,#1818,#1819);
#1817 = CARTESIAN_POINT('',(-21.24,16.2,0.));
#1818 = DIRECTION('',(0.,0.,1.));
#1819 = DIRECTION('',(1.,0.,-0.));
#1820 = CYLINDRICAL_SURFACE('',#1821,0.15);
#1821 = AXIS2_PLACEMENT_3D('',#1822,#1823,#1824);
#1822 = CARTESIAN_POINT('',(-21.24,16.2,3.));
#1823 = DIRECTION('',(0.,0.,-1.));
#1824 = DIRECTION('',(1.,0.,0.));
#1825 = ADVANCED_FACE('',(#1826),#1851,.F.);
#1826 = FACE_BOUND('',#1827,.T.);
#1827 = EDGE_LOOP('',(#1828,#1836,#1837,#1845));
#1828 = ORIENTED_EDGE('',*,*,#1829,.F.);
#1829 = EDGE_CURVE('',#1799,#1830,#1832,.T.);
#1830 = VERTEX_POINT('',#1831);
#1831 = CARTESIAN_POINT('',(-21.94,16.35,0.));
#1832 = LINE('',#1833,#1834);
#1833 = CARTESIAN_POINT('',(-10.97,16.35,0.));
#1834 = VECTOR('',#1835,1.);
#1835 = DIRECTION('',(-1.,0.,0.));
#1836 = ORIENTED_EDGE('',*,*,#1796,.F.);
#1837 = ORIENTED_EDGE('',*,*,#1838,.F.);
#1838 = EDGE_CURVE('',#1839,#1797,#1841,.T.);
#1839 = VERTEX_POINT('',#1840);
#1840 = CARTESIAN_POINT('',(-21.94,16.35,3.));
#1841 = LINE('',#1842,#1843);
#1842 = CARTESIAN_POINT('',(-10.97,16.35,3.));
#1843 = VECTOR('',#1844,1.);
#1844 = DIRECTION('',(1.,0.,0.));
#1845 = ORIENTED_EDGE('',*,*,#1846,.T.);
#1846 = EDGE_CURVE('',#1839,#1830,#1847,.T.);
#1847 = LINE('',#1848,#1849);
#1848 = CARTESIAN_POINT('',(-21.94,16.35,3.));
#1849 = VECTOR('',#1850,1.);
#1850 = DIRECTION('',(0.,0.,-1.));
#1851 = PLANE('',#1852);
#1852 = AXIS2_PLACEMENT_3D('',#1853,#1854,#1855);
#1853 = CARTESIAN_POINT('',(-21.94,16.35,3.));
#1854 = DIRECTION('',(0.,1.,0.));
#1855 = DIRECTION('',(1.,0.,0.));
#1856 = ADVANCED_FACE('',(#1857),#1875,.F.);
#1857 = FACE_BOUND('',#1858,.F.);
#1858 = EDGE_LOOP('',(#1859,#1860,#1867,#1868));
#1859 = ORIENTED_EDGE('',*,*,#1638,.F.);
#1860 = ORIENTED_EDGE('',*,*,#1861,.T.);
#1861 = EDGE_CURVE('',#1639,#1839,#1862,.T.);
#1862 = CIRCLE('',#1863,0.15);
#1863 = AXIS2_PLACEMENT_3D('',#1864,#1865,#1866);
#1864 = CARTESIAN_POINT('',(-21.94,16.2,3.));
#1865 = DIRECTION('',(0.,0.,-1.));
#1866 = DIRECTION('',(0.,1.,0.));
#1867 = ORIENTED_EDGE('',*,*,#1846,.T.);
#1868 = ORIENTED_EDGE('',*,*,#1869,.T.);
#1869 = EDGE_CURVE('',#1830,#1629,#1870,.T.);
#1870 = CIRCLE('',#1871,0.15);
#1871 = AXIS2_PLACEMENT_3D('',#1872,#1873,#1874);
#1872 = CARTESIAN_POINT('',(-21.94,16.2,0.));
#1873 = DIRECTION('',(0.,-0.,1.));
#1874 = DIRECTION('',(0.,1.,0.));
#1875 = CYLINDRICAL_SURFACE('',#1876,0.15);
#1876 = AXIS2_PLACEMENT_3D('',#1877,#1878,#1879);
#1877 = CARTESIAN_POINT('',(-21.94,16.2,3.));
#1878 = DIRECTION('',(0.,0.,-1.));
#1879 = DIRECTION('',(0.,1.,0.));
#1880 = ADVANCED_FACE('',(#1881),#1915,.F.);
#1881 = FACE_BOUND('',#1882,.T.);
#1882 = EDGE_LOOP('',(#1883,#1893,#1901,#1909));
#1883 = ORIENTED_EDGE('',*,*,#1884,.F.);
#1884 = EDGE_CURVE('',#1885,#1887,#1889,.T.);
#1885 = VERTEX_POINT('',#1886);
#1886 = CARTESIAN_POINT('',(-11.93,16.2,0.));
#1887 = VERTEX_POINT('',#1888);
#1888 = CARTESIAN_POINT('',(-11.93,15.3,0.));
#1889 = LINE('',#1890,#1891);
#1890 = CARTESIAN_POINT('',(-11.93,7.65,0.));
#1891 = VECTOR('',#1892,1.);
#1892 = DIRECTION('',(0.,-1.,0.));
#1893 = ORIENTED_EDGE('',*,*,#1894,.F.);
#1894 = EDGE_CURVE('',#1895,#1885,#1897,.T.);
#1895 = VERTEX_POINT('',#1896);
#1896 = CARTESIAN_POINT('',(-11.93,16.2,3.));
#1897 = LINE('',#1898,#1899);
#1898 = CARTESIAN_POINT('',(-11.93,16.2,3.));
#1899 = VECTOR('',#1900,1.);
#1900 = DIRECTION('',(0.,0.,-1.));
#1901 = ORIENTED_EDGE('',*,*,#1902,.F.);
#1902 = EDGE_CURVE('',#1903,#1895,#1905,.T.);
#1903 = VERTEX_POINT('',#1904);
#1904 = CARTESIAN_POINT('',(-11.93,15.3,3.));
#1905 = LINE('',#1906,#1907);
#1906 = CARTESIAN_POINT('',(-11.93,7.65,3.));
#1907 = VECTOR('',#1908,1.);
#1908 = DIRECTION('',(0.,1.,0.));
#1909 = ORIENTED_EDGE('',*,*,#1910,.T.);
#1910 = EDGE_CURVE('',#1903,#1887,#1911,.T.);
#1911 = LINE('',#1912,#1913);
#1912 = CARTESIAN_POINT('',(-11.93,15.3,3.));
#1913 = VECTOR('',#1914,1.);
#1914 = DIRECTION('',(0.,0.,-1.));
#1915 = PLANE('',#1916);
#1916 = AXIS2_PLACEMENT_3D('',#1917,#1918,#1919);
#1917 = CARTESIAN_POINT('',(-11.93,15.3,3.));
#1918 = DIRECTION('',(-1.,0.,0.));
#1919 = DIRECTION('',(0.,1.,0.));
#1920 = ADVANCED_FACE('',(#1921),#1948,.F.);
#1921 = FACE_BOUND('',#1922,.F.);
#1922 = EDGE_LOOP('',(#1923,#1933,#1940,#1941));
#1923 = ORIENTED_EDGE('',*,*,#1924,.F.);
#1924 = EDGE_CURVE('',#1925,#1927,#1929,.T.);
#1925 = VERTEX_POINT('',#1926);
#1926 = CARTESIAN_POINT('',(-11.78,15.15,3.));
#1927 = VERTEX_POINT('',#1928);
#1928 = CARTESIAN_POINT('',(-11.78,15.15,0.));
#1929 = LINE('',#1930,#1931);
#1930 = CARTESIAN_POINT('',(-11.78,15.15,3.));
#1931 = VECTOR('',#1932,1.);
#1932 = DIRECTION('',(0.,0.,-1.));
#1933 = ORIENTED_EDGE('',*,*,#1934,.T.);
#1934 = EDGE_CURVE('',#1925,#1903,#1935,.T.);
#1935 = CIRCLE('',#1936,0.15);
#1936 = AXIS2_PLACEMENT_3D('',#1937,#1938,#1939);
#1937 = CARTESIAN_POINT('',(-11.78,15.3,3.));
#1938 = DIRECTION('',(0.,0.,-1.));
#1939 = DIRECTION('',(-1.,0.,0.));
#1940 = ORIENTED_EDGE('',*,*,#1910,.T.);
#1941 = ORIENTED_EDGE('',*,*,#1942,.T.);
#1942 = EDGE_CURVE('',#1887,#1927,#1943,.T.);
#1943 = CIRCLE('',#1944,0.15);
#1944 = AXIS2_PLACEMENT_3D('',#1945,#1946,#1947);
#1945 = CARTESIAN_POINT('',(-11.78,15.3,0.));
#1946 = DIRECTION('',(0.,0.,1.));
#1947 = DIRECTION('',(-1.,0.,0.));
#1948 = CYLINDRICAL_SURFACE('',#1949,0.15);
#1949 = AXIS2_PLACEMENT_3D('',#1950,#1951,#1952);
#1950 = CARTESIAN_POINT('',(-11.78,15.3,3.));
#1951 = DIRECTION('',(0.,0.,-1.));
#1952 = DIRECTION('',(-1.,0.,0.));
#1953 = ADVANCED_FACE('',(#1954),#1979,.F.);
#1954 = FACE_BOUND('',#1955,.T.);
#1955 = EDGE_LOOP('',(#1956,#1964,#1965,#1973));
#1956 = ORIENTED_EDGE('',*,*,#1957,.F.);
#1957 = EDGE_CURVE('',#1927,#1958,#1960,.T.);
#1958 = VERTEX_POINT('',#1959);
#1959 = CARTESIAN_POINT('',(-11.08,15.15,0.));
#1960 = LINE('',#1961,#1962);
#1961 = CARTESIAN_POINT('',(-5.54,15.15,0.));
#1962 = VECTOR('',#1963,1.);
#1963 = DIRECTION('',(1.,0.,0.));
#1964 = ORIENTED_EDGE('',*,*,#1924,.F.);
#1965 = ORIENTED_EDGE('',*,*,#1966,.F.);
#1966 = EDGE_CURVE('',#1967,#1925,#1969,.T.);
#1967 = VERTEX_POINT('',#1968);
#1968 = CARTESIAN_POINT('',(-11.08,15.15,3.));
#1969 = LINE('',#1970,#1971);
#1970 = CARTESIAN_POINT('',(-5.54,15.15,3.));
#1971 = VECTOR('',#1972,1.);
#1972 = DIRECTION('',(-1.,0.,0.));
#1973 = ORIENTED_EDGE('',*,*,#1974,.T.);
#1974 = EDGE_CURVE('',#1967,#1958,#1975,.T.);
#1975 = LINE('',#1976,#1977);
#1976 = CARTESIAN_POINT('',(-11.08,15.15,3.));
#1977 = VECTOR('',#1978,1.);
#1978 = DIRECTION('',(0.,0.,-1.));
#1979 = PLANE('',#1980);
#1980 = AXIS2_PLACEMENT_3D('',#1981,#1982,#1983);
#1981 = CARTESIAN_POINT('',(-11.08,15.15,3.));
#1982 = DIRECTION('',(0.,-1.,0.));
#1983 = DIRECTION('',(-1.,0.,0.));
#1984 = ADVANCED_FACE('',(#1985),#2012,.F.);
#1985 = FACE_BOUND('',#1986,.F.);
#1986 = EDGE_LOOP('',(#1987,#1997,#2004,#2005));
#1987 = ORIENTED_EDGE('',*,*,#1988,.F.);
#1988 = EDGE_CURVE('',#1989,#1991,#1993,.T.);
#1989 = VERTEX_POINT('',#1990);
#1990 = CARTESIAN_POINT('',(-10.93,15.3,3.));
#1991 = VERTEX_POINT('',#1992);
#1992 = CARTESIAN_POINT('',(-10.93,15.3,0.));
#1993 = LINE('',#1994,#1995);
#1994 = CARTESIAN_POINT('',(-10.93,15.3,3.));
#1995 = VECTOR('',#1996,1.);
#1996 = DIRECTION('',(0.,0.,-1.));
#1997 = ORIENTED_EDGE('',*,*,#1998,.T.);
#1998 = EDGE_CURVE('',#1989,#1967,#1999,.T.);
#1999 = CIRCLE('',#2000,0.15);
#2000 = AXIS2_PLACEMENT_3D('',#2001,#2002,#2003);
#2001 = CARTESIAN_POINT('',(-11.08,15.3,3.));
#2002 = DIRECTION('',(0.,0.,-1.));
#2003 = DIRECTION('',(0.,-1.,0.));
#2004 = ORIENTED_EDGE('',*,*,#1974,.T.);
#2005 = ORIENTED_EDGE('',*,*,#2006,.T.);
#2006 = EDGE_CURVE('',#1958,#1991,#2007,.T.);
#2007 = CIRCLE('',#2008,0.15);
#2008 = AXIS2_PLACEMENT_3D('',#2009,#2010,#2011);
#2009 = CARTESIAN_POINT('',(-11.08,15.3,0.));
#2010 = DIRECTION('',(0.,0.,1.));
#2011 = DIRECTION('',(0.,-1.,0.));
#2012 = CYLINDRICAL_SURFACE('',#2013,0.15);
#2013 = AXIS2_PLACEMENT_3D('',#2014,#2015,#2016);
#2014 = CARTESIAN_POINT('',(-11.08,15.3,3.));
#2015 = DIRECTION('',(0.,0.,-1.));
#2016 = DIRECTION('',(0.,-1.,0.));
#2017 = ADVANCED_FACE('',(#2018),#2043,.F.);
#2018 = FACE_BOUND('',#2019,.T.);
#2019 = EDGE_LOOP('',(#2020,#2028,#2029,#2037));
#2020 = ORIENTED_EDGE('',*,*,#2021,.F.);
#2021 = EDGE_CURVE('',#1991,#2022,#2024,.T.);
#2022 = VERTEX_POINT('',#2023);
#2023 = CARTESIAN_POINT('',(-10.93,16.2,0.));
#2024 = LINE('',#2025,#2026);
#2025 = CARTESIAN_POINT('',(-10.93,8.1,0.));
#2026 = VECTOR('',#2027,1.);
#2027 = DIRECTION('',(0.,1.,0.));
#2028 = ORIENTED_EDGE('',*,*,#1988,.F.);
#2029 = ORIENTED_EDGE('',*,*,#2030,.F.);
#2030 = EDGE_CURVE('',#2031,#1989,#2033,.T.);
#2031 = VERTEX_POINT('',#2032);
#2032 = CARTESIAN_POINT('',(-10.93,16.2,3.));
#2033 = LINE('',#2034,#2035);
#2034 = CARTESIAN_POINT('',(-10.93,8.1,3.));
#2035 = VECTOR('',#2036,1.);
#2036 = DIRECTION('',(0.,-1.,0.));
#2037 = ORIENTED_EDGE('',*,*,#2038,.T.);
#2038 = EDGE_CURVE('',#2031,#2022,#2039,.T.);
#2039 = LINE('',#2040,#2041);
#2040 = CARTESIAN_POINT('',(-10.93,16.2,3.));
#2041 = VECTOR('',#2042,1.);
#2042 = DIRECTION('',(0.,0.,-1.));
#2043 = PLANE('',#2044);
#2044 = AXIS2_PLACEMENT_3D('',#2045,#2046,#2047);
#2045 = CARTESIAN_POINT('',(-10.93,16.2,3.));
#2046 = DIRECTION('',(1.,0.,0.));
#2047 = DIRECTION('',(0.,-1.,0.));
#2048 = ADVANCED_FACE('',(#2049),#2076,.F.);
#2049 = FACE_BOUND('',#2050,.F.);
#2050 = EDGE_LOOP('',(#2051,#2061,#2068,#2069));
#2051 = ORIENTED_EDGE('',*,*,#2052,.F.);
#2052 = EDGE_CURVE('',#2053,#2055,#2057,.T.);
#2053 = VERTEX_POINT('',#2054);
#2054 = CARTESIAN_POINT('',(-11.08,16.35,3.));
#2055 = VERTEX_POINT('',#2056);
#2056 = CARTESIAN_POINT('',(-11.08,16.35,0.));
#2057 = LINE('',#2058,#2059);
#2058 = CARTESIAN_POINT('',(-11.08,16.35,3.));
#2059 = VECTOR('',#2060,1.);
#2060 = DIRECTION('',(0.,0.,-1.));
#2061 = ORIENTED_EDGE('',*,*,#2062,.T.);
#2062 = EDGE_CURVE('',#2053,#2031,#2063,.T.);
#2063 = CIRCLE('',#2064,0.15);
#2064 = AXIS2_PLACEMENT_3D('',#2065,#2066,#2067);
#2065 = CARTESIAN_POINT('',(-11.08,16.2,3.));
#2066 = DIRECTION('',(0.,0.,-1.));
#2067 = DIRECTION('',(1.,0.,0.));
#2068 = ORIENTED_EDGE('',*,*,#2038,.T.);
#2069 = ORIENTED_EDGE('',*,*,#2070,.T.);
#2070 = EDGE_CURVE('',#2022,#2055,#2071,.T.);
#2071 = CIRCLE('',#2072,0.15);
#2072 = AXIS2_PLACEMENT_3D('',#2073,#2074,#2075);
#2073 = CARTESIAN_POINT('',(-11.08,16.2,0.));
#2074 = DIRECTION('',(0.,0.,1.));
#2075 = DIRECTION('',(1.,0.,-0.));
#2076 = CYLINDRICAL_SURFACE('',#2077,0.15);
#2077 = AXIS2_PLACEMENT_3D('',#2078,#2079,#2080);
#2078 = CARTESIAN_POINT('',(-11.08,16.2,3.));
#2079 = DIRECTION('',(0.,0.,-1.));
#2080 = DIRECTION('',(1.,0.,0.));
#2081 = ADVANCED_FACE('',(#2082),#2107,.F.);
#2082 = FACE_BOUND('',#2083,.T.);
#2083 = EDGE_LOOP('',(#2084,#2092,#2093,#2101));
#2084 = ORIENTED_EDGE('',*,*,#2085,.F.);
#2085 = EDGE_CURVE('',#2055,#2086,#2088,.T.);
#2086 = VERTEX_POINT('',#2087);
#2087 = CARTESIAN_POINT('',(-11.78,16.35,0.));
#2088 = LINE('',#2089,#2090);
#2089 = CARTESIAN_POINT('',(-5.89,16.35,0.));
#2090 = VECTOR('',#2091,1.);
#2091 = DIRECTION('',(-1.,0.,0.));
#2092 = ORIENTED_EDGE('',*,*,#2052,.F.);
#2093 = ORIENTED_EDGE('',*,*,#2094,.F.);
#2094 = EDGE_CURVE('',#2095,#2053,#2097,.T.);
#2095 = VERTEX_POINT('',#2096);
#2096 = CARTESIAN_POINT('',(-11.78,16.35,3.));
#2097 = LINE('',#2098,#2099);
#2098 = CARTESIAN_POINT('',(-5.89,16.35,3.));
#2099 = VECTOR('',#2100,1.);
#2100 = DIRECTION('',(1.,0.,0.));
#2101 = ORIENTED_EDGE('',*,*,#2102,.T.);
#2102 = EDGE_CURVE('',#2095,#2086,#2103,.T.);
#2103 = LINE('',#2104,#2105);
#2104 = CARTESIAN_POINT('',(-11.78,16.35,3.));
#2105 = VECTOR('',#2106,1.);
#2106 = DIRECTION('',(0.,0.,-1.));
#2107 = PLANE('',#2108);
#2108 = AXIS2_PLACEMENT_3D('',#2109,#2110,#2111);
#2109 = CARTESIAN_POINT('',(-11.78,16.35,3.));
#2110 = DIRECTION('',(0.,1.,0.));
#2111 = DIRECTION('',(1.,0.,0.));
#2112 = ADVANCED_FACE('',(#2113),#2131,.F.);
#2113 = FACE_BOUND('',#2114,.F.);
#2114 = EDGE_LOOP('',(#2115,#2116,#2123,#2124));
#2115 = ORIENTED_EDGE('',*,*,#1894,.F.);
#2116 = ORIENTED_EDGE('',*,*,#2117,.T.);
#2117 = EDGE_CURVE('',#1895,#2095,#2118,.T.);
#2118 = CIRCLE('',#2119,0.15);
#2119 = AXIS2_PLACEMENT_3D('',#2120,#2121,#2122);
#2120 = CARTESIAN_POINT('',(-11.78,16.2,3.));
#2121 = DIRECTION('',(0.,0.,-1.));
#2122 = DIRECTION('',(0.,1.,0.));
#2123 = ORIENTED_EDGE('',*,*,#2102,.T.);
#2124 = ORIENTED_EDGE('',*,*,#2125,.T.);
#2125 = EDGE_CURVE('',#2086,#1885,#2126,.T.);
#2126 = CIRCLE('',#2127,0.15);
#2127 = AXIS2_PLACEMENT_3D('',#2128,#2129,#2130);
#2128 = CARTESIAN_POINT('',(-11.78,16.2,0.));
#2129 = DIRECTION('',(0.,-0.,1.));
#2130 = DIRECTION('',(0.,1.,0.));
#2131 = CYLINDRICAL_SURFACE('',#2132,0.15);
#2132 = AXIS2_PLACEMENT_3D('',#2133,#2134,#2135);
#2133 = CARTESIAN_POINT('',(-11.78,16.2,3.));
#2134 = DIRECTION('',(0.,0.,-1.));
#2135 = DIRECTION('',(0.,1.,0.));
#2136 = ADVANCED_FACE('',(#2137),#2171,.F.);
#2137 = FACE_BOUND('',#2138,.T.);
#2138 = EDGE_LOOP('',(#2139,#2149,#2157,#2165));
#2139 = ORIENTED_EDGE('',*,*,#2140,.F.);
#2140 = EDGE_CURVE('',#2141,#2143,#2145,.T.);
#2141 = VERTEX_POINT('',#2142);
#2142 = CARTESIAN_POINT('',(1.77,15.3,0.));
#2143 = VERTEX_POINT('',#2144);
#2144 = CARTESIAN_POINT('',(1.77,16.2,0.));
#2145 = LINE('',#2146,#2147);
#2146 = CARTESIAN_POINT('',(1.77,8.1,0.));
#2147 = VECTOR('',#2148,1.);
#2148 = DIRECTION('',(0.,1.,0.));
#2149 = ORIENTED_EDGE('',*,*,#2150,.F.);
#2150 = EDGE_CURVE('',#2151,#2141,#2153,.T.);
#2151 = VERTEX_POINT('',#2152);
#2152 = CARTESIAN_POINT('',(1.77,15.3,3.));
#2153 = LINE('',#2154,#2155);
#2154 = CARTESIAN_POINT('',(1.77,15.3,3.));
#2155 = VECTOR('',#2156,1.);
#2156 = DIRECTION('',(0.,0.,-1.));
#2157 = ORIENTED_EDGE('',*,*,#2158,.F.);
#2158 = EDGE_CURVE('',#2159,#2151,#2161,.T.);
#2159 = VERTEX_POINT('',#2160);
#2160 = CARTESIAN_POINT('',(1.77,16.2,3.));
#2161 = LINE('',#2162,#2163);
#2162 = CARTESIAN_POINT('',(1.77,8.1,3.));
#2163 = VECTOR('',#2164,1.);
#2164 = DIRECTION('',(0.,-1.,0.));
#2165 = ORIENTED_EDGE('',*,*,#2166,.T.);
#2166 = EDGE_CURVE('',#2159,#2143,#2167,.T.);
#2167 = LINE('',#2168,#2169);
#2168 = CARTESIAN_POINT('',(1.77,16.2,3.));
#2169 = VECTOR('',#2170,1.);
#2170 = DIRECTION('',(0.,0.,-1.));
#2171 = PLANE('',#2172);
#2172 = AXIS2_PLACEMENT_3D('',#2173,#2174,#2175);
#2173 = CARTESIAN_POINT('',(1.77,16.2,3.));
#2174 = DIRECTION('',(1.,0.,0.));
#2175 = DIRECTION('',(0.,-1.,0.));
#2176 = ADVANCED_FACE('',(#2177),#2204,.F.);
#2177 = FACE_BOUND('',#2178,.F.);
#2178 = EDGE_LOOP('',(#2179,#2189,#2196,#2197));
#2179 = ORIENTED_EDGE('',*,*,#2180,.F.);
#2180 = EDGE_CURVE('',#2181,#2183,#2185,.T.);
#2181 = VERTEX_POINT('',#2182);
#2182 = CARTESIAN_POINT('',(1.62,16.35,3.));
#2183 = VERTEX_POINT('',#2184);
#2184 = CARTESIAN_POINT('',(1.62,16.35,0.));
#2185 = LINE('',#2186,#2187);
#2186 = CARTESIAN_POINT('',(1.62,16.35,3.));
#2187 = VECTOR('',#2188,1.);
#2188 = DIRECTION('',(0.,0.,-1.));
#2189 = ORIENTED_EDGE('',*,*,#2190,.T.);
#2190 = EDGE_CURVE('',#2181,#2159,#2191,.T.);
#2191 = CIRCLE('',#2192,0.15);
#2192 = AXIS2_PLACEMENT_3D('',#2193,#2194,#2195);
#2193 = CARTESIAN_POINT('',(1.62,16.2,3.));
#2194 = DIRECTION('',(0.,0.,-1.));
#2195 = DIRECTION('',(1.,0.,0.));
#2196 = ORIENTED_EDGE('',*,*,#2166,.T.);
#2197 = ORIENTED_EDGE('',*,*,#2198,.T.);
#2198 = EDGE_CURVE('',#2143,#2183,#2199,.T.);
#2199 = CIRCLE('',#2200,0.15);
#2200 = AXIS2_PLACEMENT_3D('',#2201,#2202,#2203);
#2201 = CARTESIAN_POINT('',(1.62,16.2,0.));
#2202 = DIRECTION('',(0.,0.,1.));
#2203 = DIRECTION('',(1.,0.,-0.));
#2204 = CYLINDRICAL_SURFACE('',#2205,0.15);
#2205 = AXIS2_PLACEMENT_3D('',#2206,#2207,#2208);
#2206 = CARTESIAN_POINT('',(1.62,16.2,3.));
#2207 = DIRECTION('',(0.,0.,-1.));
#2208 = DIRECTION('',(1.,0.,0.));
#2209 = ADVANCED_FACE('',(#2210),#2235,.F.);
#2210 = FACE_BOUND('',#2211,.T.);
#2211 = EDGE_LOOP('',(#2212,#2220,#2221,#2229));
#2212 = ORIENTED_EDGE('',*,*,#2213,.F.);
#2213 = EDGE_CURVE('',#2183,#2214,#2216,.T.);
#2214 = VERTEX_POINT('',#2215);
#2215 = CARTESIAN_POINT('',(0.92,16.35,0.));
#2216 = LINE('',#2217,#2218);
#2217 = CARTESIAN_POINT('',(0.46,16.35,0.));
#2218 = VECTOR('',#2219,1.);
#2219 = DIRECTION('',(-1.,0.,0.));
#2220 = ORIENTED_EDGE('',*,*,#2180,.F.);
#2221 = ORIENTED_EDGE('',*,*,#2222,.F.);
#2222 = EDGE_CURVE('',#2223,#2181,#2225,.T.);
#2223 = VERTEX_POINT('',#2224);
#2224 = CARTESIAN_POINT('',(0.92,16.35,3.));
#2225 = LINE('',#2226,#2227);
#2226 = CARTESIAN_POINT('',(0.46,16.35,3.));
#2227 = VECTOR('',#2228,1.);
#2228 = DIRECTION('',(1.,0.,0.));
#2229 = ORIENTED_EDGE('',*,*,#2230,.T.);
#2230 = EDGE_CURVE('',#2223,#2214,#2231,.T.);
#2231 = LINE('',#2232,#2233);
#2232 = CARTESIAN_POINT('',(0.92,16.35,3.));
#2233 = VECTOR('',#2234,1.);
#2234 = DIRECTION('',(0.,0.,-1.));
#2235 = PLANE('',#2236);
#2236 = AXIS2_PLACEMENT_3D('',#2237,#2238,#2239);
#2237 = CARTESIAN_POINT('',(0.92,16.35,3.));
#2238 = DIRECTION('',(0.,1.,0.));
#2239 = DIRECTION('',(1.,0.,0.));
#2240 = ADVANCED_FACE('',(#2241),#2268,.F.);
#2241 = FACE_BOUND('',#2242,.F.);
#2242 = EDGE_LOOP('',(#2243,#2253,#2260,#2261));
#2243 = ORIENTED_EDGE('',*,*,#2244,.F.);
#2244 = EDGE_CURVE('',#2245,#2247,#2249,.T.);
#2245 = VERTEX_POINT('',#2246);
#2246 = CARTESIAN_POINT('',(0.77,16.2,3.));
#2247 = VERTEX_POINT('',#2248);
#2248 = CARTESIAN_POINT('',(0.77,16.2,0.));
#2249 = LINE('',#2250,#2251);
#2250 = CARTESIAN_POINT('',(0.77,16.2,3.));
#2251 = VECTOR('',#2252,1.);
#2252 = DIRECTION('',(0.,0.,-1.));
#2253 = ORIENTED_EDGE('',*,*,#2254,.T.);
#2254 = EDGE_CURVE('',#2245,#2223,#2255,.T.);
#2255 = CIRCLE('',#2256,0.15);
#2256 = AXIS2_PLACEMENT_3D('',#2257,#2258,#2259);
#2257 = CARTESIAN_POINT('',(0.92,16.2,3.));
#2258 = DIRECTION('',(0.,0.,-1.));
#2259 = DIRECTION('',(6.47630097698E-15,1.,0.));
#2260 = ORIENTED_EDGE('',*,*,#2230,.T.);
#2261 = ORIENTED_EDGE('',*,*,#2262,.T.);
#2262 = EDGE_CURVE('',#2214,#2247,#2263,.T.);
#2263 = CIRCLE('',#2264,0.15);
#2264 = AXIS2_PLACEMENT_3D('',#2265,#2266,#2267);
#2265 = CARTESIAN_POINT('',(0.92,16.2,0.));
#2266 = DIRECTION('',(0.,0.,1.));
#2267 = DIRECTION('',(6.47630097698E-15,1.,-0.));
#2268 = CYLINDRICAL_SURFACE('',#2269,0.15);
#2269 = AXIS2_PLACEMENT_3D('',#2270,#2271,#2272);
#2270 = CARTESIAN_POINT('',(0.92,16.2,3.));
#2271 = DIRECTION('',(0.,0.,-1.));
#2272 = DIRECTION('',(6.47630097698E-15,1.,0.));
#2273 = ADVANCED_FACE('',(#2274),#2299,.F.);
#2274 = FACE_BOUND('',#2275,.T.);
#2275 = EDGE_LOOP('',(#2276,#2284,#2285,#2293));
#2276 = ORIENTED_EDGE('',*,*,#2277,.F.);
#2277 = EDGE_CURVE('',#2247,#2278,#2280,.T.);
#2278 = VERTEX_POINT('',#2279);
#2279 = CARTESIAN_POINT('',(0.77,15.3,0.));
#2280 = LINE('',#2281,#2282);
#2281 = CARTESIAN_POINT('',(0.77,7.65,0.));
#2282 = VECTOR('',#2283,1.);
#2283 = DIRECTION('',(-9.251858538543E-16,-1.,0.));
#2284 = ORIENTED_EDGE('',*,*,#2244,.F.);
#2285 = ORIENTED_EDGE('',*,*,#2286,.F.);
#2286 = EDGE_CURVE('',#2287,#2245,#2289,.T.);
#2287 = VERTEX_POINT('',#2288);
#2288 = CARTESIAN_POINT('',(0.77,15.3,3.));
#2289 = LINE('',#2290,#2291);
#2290 = CARTESIAN_POINT('',(0.77,7.65,3.));
#2291 = VECTOR('',#2292,1.);
#2292 = DIRECTION('',(9.251858538543E-16,1.,0.));
#2293 = ORIENTED_EDGE('',*,*,#2294,.T.);
#2294 = EDGE_CURVE('',#2287,#2278,#2295,.T.);
#2295 = LINE('',#2296,#2297);
#2296 = CARTESIAN_POINT('',(0.77,15.3,3.));
#2297 = VECTOR('',#2298,1.);
#2298 = DIRECTION('',(0.,0.,-1.));
#2299 = PLANE('',#2300);
#2300 = AXIS2_PLACEMENT_3D('',#2301,#2302,#2303);
#2301 = CARTESIAN_POINT('',(0.77,15.3,3.));
#2302 = DIRECTION('',(-1.,9.251858538543E-16,0.));
#2303 = DIRECTION('',(9.251858538543E-16,1.,0.));
#2304 = ADVANCED_FACE('',(#2305),#2332,.F.);
#2305 = FACE_BOUND('',#2306,.F.);
#2306 = EDGE_LOOP('',(#2307,#2317,#2324,#2325));
#2307 = ORIENTED_EDGE('',*,*,#2308,.F.);
#2308 = EDGE_CURVE('',#2309,#2311,#2313,.T.);
#2309 = VERTEX_POINT('',#2310);
#2310 = CARTESIAN_POINT('',(0.92,15.15,3.));
#2311 = VERTEX_POINT('',#2312);
#2312 = CARTESIAN_POINT('',(0.92,15.15,0.));
#2313 = LINE('',#2314,#2315);
#2314 = CARTESIAN_POINT('',(0.92,15.15,3.));
#2315 = VECTOR('',#2316,1.);
#2316 = DIRECTION('',(0.,0.,-1.));
#2317 = ORIENTED_EDGE('',*,*,#2318,.T.);
#2318 = EDGE_CURVE('',#2309,#2287,#2319,.T.);
#2319 = CIRCLE('',#2320,0.15);
#2320 = AXIS2_PLACEMENT_3D('',#2321,#2322,#2323);
#2321 = CARTESIAN_POINT('',(0.92,15.3,3.));
#2322 = DIRECTION('',(0.,0.,-1.));
#2323 = DIRECTION('',(-1.,0.,0.));
#2324 = ORIENTED_EDGE('',*,*,#2294,.T.);
#2325 = ORIENTED_EDGE('',*,*,#2326,.T.);
#2326 = EDGE_CURVE('',#2278,#2311,#2327,.T.);
#2327 = CIRCLE('',#2328,0.15);
#2328 = AXIS2_PLACEMENT_3D('',#2329,#2330,#2331);
#2329 = CARTESIAN_POINT('',(0.92,15.3,0.));
#2330 = DIRECTION('',(0.,0.,1.));
#2331 = DIRECTION('',(-1.,0.,0.));
#2332 = CYLINDRICAL_SURFACE('',#2333,0.15);
#2333 = AXIS2_PLACEMENT_3D('',#2334,#2335,#2336);
#2334 = CARTESIAN_POINT('',(0.92,15.3,3.));
#2335 = DIRECTION('',(0.,0.,-1.));
#2336 = DIRECTION('',(-1.,0.,0.));
#2337 = ADVANCED_FACE('',(#2338),#2363,.F.);
#2338 = FACE_BOUND('',#2339,.T.);
#2339 = EDGE_LOOP('',(#2340,#2348,#2349,#2357));
#2340 = ORIENTED_EDGE('',*,*,#2341,.F.);
#2341 = EDGE_CURVE('',#2311,#2342,#2344,.T.);
#2342 = VERTEX_POINT('',#2343);
#2343 = CARTESIAN_POINT('',(1.62,15.15,0.));
#2344 = LINE('',#2345,#2346);
#2345 = CARTESIAN_POINT('',(0.81,15.15,0.));
#2346 = VECTOR('',#2347,1.);
#2347 = DIRECTION('',(1.,0.,0.));
#2348 = ORIENTED_EDGE('',*,*,#2308,.F.);
#2349 = ORIENTED_EDGE('',*,*,#2350,.F.);
#2350 = EDGE_CURVE('',#2351,#2309,#2353,.T.);
#2351 = VERTEX_POINT('',#2352);
#2352 = CARTESIAN_POINT('',(1.62,15.15,3.));
#2353 = LINE('',#2354,#2355);
#2354 = CARTESIAN_POINT('',(0.81,15.15,3.));
#2355 = VECTOR('',#2356,1.);
#2356 = DIRECTION('',(-1.,0.,0.));
#2357 = ORIENTED_EDGE('',*,*,#2358,.T.);
#2358 = EDGE_CURVE('',#2351,#2342,#2359,.T.);
#2359 = LINE('',#2360,#2361);
#2360 = CARTESIAN_POINT('',(1.62,15.15,3.));
#2361 = VECTOR('',#2362,1.);
#2362 = DIRECTION('',(0.,0.,-1.));
#2363 = PLANE('',#2364);
#2364 = AXIS2_PLACEMENT_3D('',#2365,#2366,#2367);
#2365 = CARTESIAN_POINT('',(1.62,15.15,3.));
#2366 = DIRECTION('',(0.,-1.,0.));
#2367 = DIRECTION('',(-1.,0.,0.));
#2368 = ADVANCED_FACE('',(#2369),#2387,.F.);
#2369 = FACE_BOUND('',#2370,.F.);
#2370 = EDGE_LOOP('',(#2371,#2372,#2379,#2380));
#2371 = ORIENTED_EDGE('',*,*,#2150,.F.);
#2372 = ORIENTED_EDGE('',*,*,#2373,.T.);
#2373 = EDGE_CURVE('',#2151,#2351,#2374,.T.);
#2374 = CIRCLE('',#2375,0.15);
#2375 = AXIS2_PLACEMENT_3D('',#2376,#2377,#2378);
#2376 = CARTESIAN_POINT('',(1.62,15.3,3.));
#2377 = DIRECTION('',(0.,0.,-1.));
#2378 = DIRECTION('',(0.,-1.,0.));
#2379 = ORIENTED_EDGE('',*,*,#2358,.T.);
#2380 = ORIENTED_EDGE('',*,*,#2381,.T.);
#2381 = EDGE_CURVE('',#2342,#2141,#2382,.T.);
#2382 = CIRCLE('',#2383,0.15);
#2383 = AXIS2_PLACEMENT_3D('',#2384,#2385,#2386);
#2384 = CARTESIAN_POINT('',(1.62,15.3,0.));
#2385 = DIRECTION('',(0.,0.,1.));
#2386 = DIRECTION('',(0.,-1.,0.));
#2387 = CYLINDRICAL_SURFACE('',#2388,0.15);
#2388 = AXIS2_PLACEMENT_3D('',#2389,#2390,#2391);
#2389 = CARTESIAN_POINT('',(1.62,15.3,3.));
#2390 = DIRECTION('',(0.,0.,-1.));
#2391 = DIRECTION('',(0.,-1.,0.));
#2392 = ADVANCED_FACE('',(#2393),#2427,.F.);
#2393 = FACE_BOUND('',#2394,.T.);
#2394 = EDGE_LOOP('',(#2395,#2405,#2413,#2421));
#2395 = ORIENTED_EDGE('',*,*,#2396,.F.);
#2396 = EDGE_CURVE('',#2397,#2399,#2401,.T.);
#2397 = VERTEX_POINT('',#2398);
#2398 = CARTESIAN_POINT('',(10.93,16.2,0.));
#2399 = VERTEX_POINT('',#2400);
#2400 = CARTESIAN_POINT('',(10.93,15.3,0.));
#2401 = LINE('',#2402,#2403);
#2402 = CARTESIAN_POINT('',(10.93,7.65,0.));
#2403 = VECTOR('',#2404,1.);
#2404 = DIRECTION('',(0.,-1.,0.));
#2405 = ORIENTED_EDGE('',*,*,#2406,.F.);
#2406 = EDGE_CURVE('',#2407,#2397,#2409,.T.);
#2407 = VERTEX_POINT('',#2408);
#2408 = CARTESIAN_POINT('',(10.93,16.2,3.));
#2409 = LINE('',#2410,#2411);
#2410 = CARTESIAN_POINT('',(10.93,16.2,3.));
#2411 = VECTOR('',#2412,1.);
#2412 = DIRECTION('',(0.,0.,-1.));
#2413 = ORIENTED_EDGE('',*,*,#2414,.F.);
#2414 = EDGE_CURVE('',#2415,#2407,#2417,.T.);
#2415 = VERTEX_POINT('',#2416);
#2416 = CARTESIAN_POINT('',(10.93,15.3,3.));
#2417 = LINE('',#2418,#2419);
#2418 = CARTESIAN_POINT('',(10.93,7.65,3.));
#2419 = VECTOR('',#2420,1.);
#2420 = DIRECTION('',(0.,1.,0.));
#2421 = ORIENTED_EDGE('',*,*,#2422,.T.);
#2422 = EDGE_CURVE('',#2415,#2399,#2423,.T.);
#2423 = LINE('',#2424,#2425);
#2424 = CARTESIAN_POINT('',(10.93,15.3,3.));
#2425 = VECTOR('',#2426,1.);
#2426 = DIRECTION('',(0.,0.,-1.));
#2427 = PLANE('',#2428);
#2428 = AXIS2_PLACEMENT_3D('',#2429,#2430,#2431);
#2429 = CARTESIAN_POINT('',(10.93,15.3,3.));
#2430 = DIRECTION('',(-1.,0.,0.));
#2431 = DIRECTION('',(0.,1.,0.));
#2432 = ADVANCED_FACE('',(#2433),#2460,.F.);
#2433 = FACE_BOUND('',#2434,.F.);
#2434 = EDGE_LOOP('',(#2435,#2445,#2452,#2453));
#2435 = ORIENTED_EDGE('',*,*,#2436,.F.);
#2436 = EDGE_CURVE('',#2437,#2439,#2441,.T.);
#2437 = VERTEX_POINT('',#2438);
#2438 = CARTESIAN_POINT('',(11.08,15.15,3.));
#2439 = VERTEX_POINT('',#2440);
#2440 = CARTESIAN_POINT('',(11.08,15.15,0.));
#2441 = LINE('',#2442,#2443);
#2442 = CARTESIAN_POINT('',(11.08,15.15,3.));
#2443 = VECTOR('',#2444,1.);
#2444 = DIRECTION('',(0.,0.,-1.));
#2445 = ORIENTED_EDGE('',*,*,#2446,.T.);
#2446 = EDGE_CURVE('',#2437,#2415,#2447,.T.);
#2447 = CIRCLE('',#2448,0.15);
#2448 = AXIS2_PLACEMENT_3D('',#2449,#2450,#2451);
#2449 = CARTESIAN_POINT('',(11.08,15.3,3.));
#2450 = DIRECTION('',(0.,0.,-1.));
#2451 = DIRECTION('',(-1.,0.,0.));
#2452 = ORIENTED_EDGE('',*,*,#2422,.T.);
#2453 = ORIENTED_EDGE('',*,*,#2454,.T.);
#2454 = EDGE_CURVE('',#2399,#2439,#2455,.T.);
#2455 = CIRCLE('',#2456,0.15);
#2456 = AXIS2_PLACEMENT_3D('',#2457,#2458,#2459);
#2457 = CARTESIAN_POINT('',(11.08,15.3,0.));
#2458 = DIRECTION('',(0.,0.,1.));
#2459 = DIRECTION('',(-1.,0.,0.));
#2460 = CYLINDRICAL_SURFACE('',#2461,0.15);
#2461 = AXIS2_PLACEMENT_3D('',#2462,#2463,#2464);
#2462 = CARTESIAN_POINT('',(11.08,15.3,3.));
#2463 = DIRECTION('',(0.,0.,-1.));
#2464 = DIRECTION('',(-1.,0.,0.));
#2465 = ADVANCED_FACE('',(#2466),#2491,.F.);
#2466 = FACE_BOUND('',#2467,.T.);
#2467 = EDGE_LOOP('',(#2468,#2476,#2477,#2485));
#2468 = ORIENTED_EDGE('',*,*,#2469,.F.);
#2469 = EDGE_CURVE('',#2439,#2470,#2472,.T.);
#2470 = VERTEX_POINT('',#2471);
#2471 = CARTESIAN_POINT('',(11.78,15.15,0.));
#2472 = LINE('',#2473,#2474);
#2473 = CARTESIAN_POINT('',(5.89,15.15,0.));
#2474 = VECTOR('',#2475,1.);
#2475 = DIRECTION('',(1.,0.,0.));
#2476 = ORIENTED_EDGE('',*,*,#2436,.F.);
#2477 = ORIENTED_EDGE('',*,*,#2478,.F.);
#2478 = EDGE_CURVE('',#2479,#2437,#2481,.T.);
#2479 = VERTEX_POINT('',#2480);
#2480 = CARTESIAN_POINT('',(11.78,15.15,3.));
#2481 = LINE('',#2482,#2483);
#2482 = CARTESIAN_POINT('',(5.89,15.15,3.));
#2483 = VECTOR('',#2484,1.);
#2484 = DIRECTION('',(-1.,0.,0.));
#2485 = ORIENTED_EDGE('',*,*,#2486,.T.);
#2486 = EDGE_CURVE('',#2479,#2470,#2487,.T.);
#2487 = LINE('',#2488,#2489);
#2488 = CARTESIAN_POINT('',(11.78,15.15,3.));
#2489 = VECTOR('',#2490,1.);
#2490 = DIRECTION('',(0.,0.,-1.));
#2491 = PLANE('',#2492);
#2492 = AXIS2_PLACEMENT_3D('',#2493,#2494,#2495);
#2493 = CARTESIAN_POINT('',(11.78,15.15,3.));
#2494 = DIRECTION('',(0.,-1.,0.));
#2495 = DIRECTION('',(-1.,0.,0.));
#2496 = ADVANCED_FACE('',(#2497),#2524,.F.);
#2497 = FACE_BOUND('',#2498,.F.);
#2498 = EDGE_LOOP('',(#2499,#2509,#2516,#2517));
#2499 = ORIENTED_EDGE('',*,*,#2500,.F.);
#2500 = EDGE_CURVE('',#2501,#2503,#2505,.T.);
#2501 = VERTEX_POINT('',#2502);
#2502 = CARTESIAN_POINT('',(11.93,15.3,3.));
#2503 = VERTEX_POINT('',#2504);
#2504 = CARTESIAN_POINT('',(11.93,15.3,0.));
#2505 = LINE('',#2506,#2507);
#2506 = CARTESIAN_POINT('',(11.93,15.3,3.));
#2507 = VECTOR('',#2508,1.);
#2508 = DIRECTION('',(0.,0.,-1.));
#2509 = ORIENTED_EDGE('',*,*,#2510,.T.);
#2510 = EDGE_CURVE('',#2501,#2479,#2511,.T.);
#2511 = CIRCLE('',#2512,0.15);
#2512 = AXIS2_PLACEMENT_3D('',#2513,#2514,#2515);
#2513 = CARTESIAN_POINT('',(11.78,15.3,3.));
#2514 = DIRECTION('',(0.,0.,-1.));
#2515 = DIRECTION('',(0.,-1.,0.));
#2516 = ORIENTED_EDGE('',*,*,#2486,.T.);
#2517 = ORIENTED_EDGE('',*,*,#2518,.T.);
#2518 = EDGE_CURVE('',#2470,#2503,#2519,.T.);
#2519 = CIRCLE('',#2520,0.15);
#2520 = AXIS2_PLACEMENT_3D('',#2521,#2522,#2523);
#2521 = CARTESIAN_POINT('',(11.78,15.3,0.));
#2522 = DIRECTION('',(0.,0.,1.));
#2523 = DIRECTION('',(0.,-1.,0.));
#2524 = CYLINDRICAL_SURFACE('',#2525,0.15);
#2525 = AXIS2_PLACEMENT_3D('',#2526,#2527,#2528);
#2526 = CARTESIAN_POINT('',(11.78,15.3,3.));
#2527 = DIRECTION('',(0.,0.,-1.));
#2528 = DIRECTION('',(0.,-1.,0.));
#2529 = ADVANCED_FACE('',(#2530),#2555,.F.);
#2530 = FACE_BOUND('',#2531,.T.);
#2531 = EDGE_LOOP('',(#2532,#2540,#2541,#2549));
#2532 = ORIENTED_EDGE('',*,*,#2533,.F.);
#2533 = EDGE_CURVE('',#2503,#2534,#2536,.T.);
#2534 = VERTEX_POINT('',#2535);
#2535 = CARTESIAN_POINT('',(11.93,16.2,0.));
#2536 = LINE('',#2537,#2538);
#2537 = CARTESIAN_POINT('',(11.93,8.1,0.));
#2538 = VECTOR('',#2539,1.);
#2539 = DIRECTION('',(0.,1.,0.));
#2540 = ORIENTED_EDGE('',*,*,#2500,.F.);
#2541 = ORIENTED_EDGE('',*,*,#2542,.F.);
#2542 = EDGE_CURVE('',#2543,#2501,#2545,.T.);
#2543 = VERTEX_POINT('',#2544);
#2544 = CARTESIAN_POINT('',(11.93,16.2,3.));
#2545 = LINE('',#2546,#2547);
#2546 = CARTESIAN_POINT('',(11.93,8.1,3.));
#2547 = VECTOR('',#2548,1.);
#2548 = DIRECTION('',(0.,-1.,0.));
#2549 = ORIENTED_EDGE('',*,*,#2550,.T.);
#2550 = EDGE_CURVE('',#2543,#2534,#2551,.T.);
#2551 = LINE('',#2552,#2553);
#2552 = CARTESIAN_POINT('',(11.93,16.2,3.));
#2553 = VECTOR('',#2554,1.);
#2554 = DIRECTION('',(0.,0.,-1.));
#2555 = PLANE('',#2556);
#2556 = AXIS2_PLACEMENT_3D('',#2557,#2558,#2559);
#2557 = CARTESIAN_POINT('',(11.93,16.2,3.));
#2558 = DIRECTION('',(1.,0.,0.));
#2559 = DIRECTION('',(0.,-1.,0.));
#2560 = ADVANCED_FACE('',(#2561),#2588,.F.);
#2561 = FACE_BOUND('',#2562,.F.);
#2562 = EDGE_LOOP('',(#2563,#2573,#2580,#2581));
#2563 = ORIENTED_EDGE('',*,*,#2564,.F.);
#2564 = EDGE_CURVE('',#2565,#2567,#2569,.T.);
#2565 = VERTEX_POINT('',#2566);
#2566 = CARTESIAN_POINT('',(11.78,16.35,3.));
#2567 = VERTEX_POINT('',#2568);
#2568 = CARTESIAN_POINT('',(11.78,16.35,0.));
#2569 = LINE('',#2570,#2571);
#2570 = CARTESIAN_POINT('',(11.78,16.35,3.));
#2571 = VECTOR('',#2572,1.);
#2572 = DIRECTION('',(0.,0.,-1.));
#2573 = ORIENTED_EDGE('',*,*,#2574,.T.);
#2574 = EDGE_CURVE('',#2565,#2543,#2575,.T.);
#2575 = CIRCLE('',#2576,0.15);
#2576 = AXIS2_PLACEMENT_3D('',#2577,#2578,#2579);
#2577 = CARTESIAN_POINT('',(11.78,16.2,3.));
#2578 = DIRECTION('',(0.,0.,-1.));
#2579 = DIRECTION('',(1.,0.,0.));
#2580 = ORIENTED_EDGE('',*,*,#2550,.T.);
#2581 = ORIENTED_EDGE('',*,*,#2582,.T.);
#2582 = EDGE_CURVE('',#2534,#2567,#2583,.T.);
#2583 = CIRCLE('',#2584,0.15);
#2584 = AXIS2_PLACEMENT_3D('',#2585,#2586,#2587);
#2585 = CARTESIAN_POINT('',(11.78,16.2,0.));
#2586 = DIRECTION('',(0.,0.,1.));
#2587 = DIRECTION('',(1.,0.,-0.));
#2588 = CYLINDRICAL_SURFACE('',#2589,0.15);
#2589 = AXIS2_PLACEMENT_3D('',#2590,#2591,#2592);
#2590 = CARTESIAN_POINT('',(11.78,16.2,3.));
#2591 = DIRECTION('',(0.,0.,-1.));
#2592 = DIRECTION('',(1.,0.,0.));
#2593 = ADVANCED_FACE('',(#2594),#2619,.F.);
#2594 = FACE_BOUND('',#2595,.T.);
#2595 = EDGE_LOOP('',(#2596,#2604,#2605,#2613));
#2596 = ORIENTED_EDGE('',*,*,#2597,.F.);
#2597 = EDGE_CURVE('',#2567,#2598,#2600,.T.);
#2598 = VERTEX_POINT('',#2599);
#2599 = CARTESIAN_POINT('',(11.08,16.35,0.));
#2600 = LINE('',#2601,#2602);
#2601 = CARTESIAN_POINT('',(5.54,16.35,0.));
#2602 = VECTOR('',#2603,1.);
#2603 = DIRECTION('',(-1.,0.,0.));
#2604 = ORIENTED_EDGE('',*,*,#2564,.F.);
#2605 = ORIENTED_EDGE('',*,*,#2606,.F.);
#2606 = EDGE_CURVE('',#2607,#2565,#2609,.T.);
#2607 = VERTEX_POINT('',#2608);
#2608 = CARTESIAN_POINT('',(11.08,16.35,3.));
#2609 = LINE('',#2610,#2611);
#2610 = CARTESIAN_POINT('',(5.54,16.35,3.));
#2611 = VECTOR('',#2612,1.);
#2612 = DIRECTION('',(1.,0.,0.));
#2613 = ORIENTED_EDGE('',*,*,#2614,.T.);
#2614 = EDGE_CURVE('',#2607,#2598,#2615,.T.);
#2615 = LINE('',#2616,#2617);
#2616 = CARTESIAN_POINT('',(11.08,16.35,3.));
#2617 = VECTOR('',#2618,1.);
#2618 = DIRECTION('',(0.,0.,-1.));
#2619 = PLANE('',#2620);
#2620 = AXIS2_PLACEMENT_3D('',#2621,#2622,#2623);
#2621 = CARTESIAN_POINT('',(11.08,16.35,3.));
#2622 = DIRECTION('',(0.,1.,0.));
#2623 = DIRECTION('',(1.,0.,0.));
#2624 = ADVANCED_FACE('',(#2625),#2643,.F.);
#2625 = FACE_BOUND('',#2626,.F.);
#2626 = EDGE_LOOP('',(#2627,#2628,#2635,#2636));
#2627 = ORIENTED_EDGE('',*,*,#2406,.F.);
#2628 = ORIENTED_EDGE('',*,*,#2629,.T.);
#2629 = EDGE_CURVE('',#2407,#2607,#2630,.T.);
#2630 = CIRCLE('',#2631,0.15);
#2631 = AXIS2_PLACEMENT_3D('',#2632,#2633,#2634);
#2632 = CARTESIAN_POINT('',(11.08,16.2,3.));
#2633 = DIRECTION('',(0.,0.,-1.));
#2634 = DIRECTION('',(1.480297366167E-14,1.,0.));
#2635 = ORIENTED_EDGE('',*,*,#2614,.T.);
#2636 = ORIENTED_EDGE('',*,*,#2637,.T.);
#2637 = EDGE_CURVE('',#2598,#2397,#2638,.T.);
#2638 = CIRCLE('',#2639,0.15);
#2639 = AXIS2_PLACEMENT_3D('',#2640,#2641,#2642);
#2640 = CARTESIAN_POINT('',(11.08,16.2,0.));
#2641 = DIRECTION('',(0.,0.,1.));
#2642 = DIRECTION('',(1.480297366167E-14,1.,-0.));
#2643 = CYLINDRICAL_SURFACE('',#2644,0.15);
#2644 = AXIS2_PLACEMENT_3D('',#2645,#2646,#2647);
#2645 = CARTESIAN_POINT('',(11.08,16.2,3.));
#2646 = DIRECTION('',(0.,0.,-1.));
#2647 = DIRECTION('',(1.480297366167E-14,1.,0.));
#2648 = ADVANCED_FACE('',(#2649),#2683,.F.);
#2649 = FACE_BOUND('',#2650,.T.);
#2650 = EDGE_LOOP('',(#2651,#2661,#2669,#2677));
#2651 = ORIENTED_EDGE('',*,*,#2652,.F.);
#2652 = EDGE_CURVE('',#2653,#2655,#2657,.T.);
#2653 = VERTEX_POINT('',#2654);
#2654 = CARTESIAN_POINT('',(21.24,15.15,0.));
#2655 = VERTEX_POINT('',#2656);
#2656 = CARTESIAN_POINT('',(21.94,15.15,0.));
#2657 = LINE('',#2658,#2659);
#2658 = CARTESIAN_POINT('',(10.97,15.15,0.));
#2659 = VECTOR('',#2660,1.);
#2660 = DIRECTION('',(1.,0.,0.));
#2661 = ORIENTED_EDGE('',*,*,#2662,.F.);
#2662 = EDGE_CURVE('',#2663,#2653,#2665,.T.);
#2663 = VERTEX_POINT('',#2664);
#2664 = CARTESIAN_POINT('',(21.24,15.15,3.));
#2665 = LINE('',#2666,#2667);
#2666 = CARTESIAN_POINT('',(21.24,15.15,3.));
#2667 = VECTOR('',#2668,1.);
#2668 = DIRECTION('',(0.,0.,-1.));
#2669 = ORIENTED_EDGE('',*,*,#2670,.F.);
#2670 = EDGE_CURVE('',#2671,#2663,#2673,.T.);
#2671 = VERTEX_POINT('',#2672);
#2672 = CARTESIAN_POINT('',(21.94,15.15,3.));
#2673 = LINE('',#2674,#2675);
#2674 = CARTESIAN_POINT('',(10.97,15.15,3.));
#2675 = VECTOR('',#2676,1.);
#2676 = DIRECTION('',(-1.,0.,0.));
#2677 = ORIENTED_EDGE('',*,*,#2678,.T.);
#2678 = EDGE_CURVE('',#2671,#2655,#2679,.T.);
#2679 = LINE('',#2680,#2681);
#2680 = CARTESIAN_POINT('',(21.94,15.15,3.));
#2681 = VECTOR('',#2682,1.);
#2682 = DIRECTION('',(0.,0.,-1.));
#2683 = PLANE('',#2684);
#2684 = AXIS2_PLACEMENT_3D('',#2685,#2686,#2687);
#2685 = CARTESIAN_POINT('',(21.94,15.15,3.));
#2686 = DIRECTION('',(0.,-1.,0.));
#2687 = DIRECTION('',(-1.,0.,0.));
#2688 = ADVANCED_FACE('',(#2689),#2716,.F.);
#2689 = FACE_BOUND('',#2690,.F.);
#2690 = EDGE_LOOP('',(#2691,#2701,#2708,#2709));
#2691 = ORIENTED_EDGE('',*,*,#2692,.F.);
#2692 = EDGE_CURVE('',#2693,#2695,#2697,.T.);
#2693 = VERTEX_POINT('',#2694);
#2694 = CARTESIAN_POINT('',(22.09,15.3,3.));
#2695 = VERTEX_POINT('',#2696);
#2696 = CARTESIAN_POINT('',(22.09,15.3,0.));
#2697 = LINE('',#2698,#2699);
#2698 = CARTESIAN_POINT('',(22.09,15.3,3.));
#2699 = VECTOR('',#2700,1.);
#2700 = DIRECTION('',(0.,0.,-1.));
#2701 = ORIENTED_EDGE('',*,*,#2702,.T.);
#2702 = EDGE_CURVE('',#2693,#2671,#2703,.T.);
#2703 = CIRCLE('',#2704,0.15);
#2704 = AXIS2_PLACEMENT_3D('',#2705,#2706,#2707);
#2705 = CARTESIAN_POINT('',(21.94,15.3,3.));
#2706 = DIRECTION('',(0.,0.,-1.));
#2707 = DIRECTION('',(0.,-1.,0.));
#2708 = ORIENTED_EDGE('',*,*,#2678,.T.);
#2709 = ORIENTED_EDGE('',*,*,#2710,.T.);
#2710 = EDGE_CURVE('',#2655,#2695,#2711,.T.);
#2711 = CIRCLE('',#2712,0.15);
#2712 = AXIS2_PLACEMENT_3D('',#2713,#2714,#2715);
#2713 = CARTESIAN_POINT('',(21.94,15.3,0.));
#2714 = DIRECTION('',(0.,0.,1.));
#2715 = DIRECTION('',(0.,-1.,0.));
#2716 = CYLINDRICAL_SURFACE('',#2717,0.15);
#2717 = AXIS2_PLACEMENT_3D('',#2718,#2719,#2720);
#2718 = CARTESIAN_POINT('',(21.94,15.3,3.));
#2719 = DIRECTION('',(0.,0.,-1.));
#2720 = DIRECTION('',(0.,-1.,0.));
#2721 = ADVANCED_FACE('',(#2722),#2747,.F.);
#2722 = FACE_BOUND('',#2723,.T.);
#2723 = EDGE_LOOP('',(#2724,#2732,#2733,#2741));
#2724 = ORIENTED_EDGE('',*,*,#2725,.F.);
#2725 = EDGE_CURVE('',#2695,#2726,#2728,.T.);
#2726 = VERTEX_POINT('',#2727);
#2727 = CARTESIAN_POINT('',(22.09,16.2,0.));
#2728 = LINE('',#2729,#2730);
#2729 = CARTESIAN_POINT('',(22.09,8.1,0.));
#2730 = VECTOR('',#2731,1.);
#2731 = DIRECTION('',(0.,1.,0.));
#2732 = ORIENTED_EDGE('',*,*,#2692,.F.);
#2733 = ORIENTED_EDGE('',*,*,#2734,.F.);
#2734 = EDGE_CURVE('',#2735,#2693,#2737,.T.);
#2735 = VERTEX_POINT('',#2736);
#2736 = CARTESIAN_POINT('',(22.09,16.2,3.));
#2737 = LINE('',#2738,#2739);
#2738 = CARTESIAN_POINT('',(22.09,8.1,3.));
#2739 = VECTOR('',#2740,1.);
#2740 = DIRECTION('',(0.,-1.,0.));
#2741 = ORIENTED_EDGE('',*,*,#2742,.T.);
#2742 = EDGE_CURVE('',#2735,#2726,#2743,.T.);
#2743 = LINE('',#2744,#2745);
#2744 = CARTESIAN_POINT('',(22.09,16.2,3.));
#2745 = VECTOR('',#2746,1.);
#2746 = DIRECTION('',(0.,0.,-1.));
#2747 = PLANE('',#2748);
#2748 = AXIS2_PLACEMENT_3D('',#2749,#2750,#2751);
#2749 = CARTESIAN_POINT('',(22.09,16.2,3.));
#2750 = DIRECTION('',(1.,0.,0.));
#2751 = DIRECTION('',(0.,-1.,0.));
#2752 = ADVANCED_FACE('',(#2753),#2780,.F.);
#2753 = FACE_BOUND('',#2754,.F.);
#2754 = EDGE_LOOP('',(#2755,#2765,#2772,#2773));
#2755 = ORIENTED_EDGE('',*,*,#2756,.F.);
#2756 = EDGE_CURVE('',#2757,#2759,#2761,.T.);
#2757 = VERTEX_POINT('',#2758);
#2758 = CARTESIAN_POINT('',(21.94,16.35,3.));
#2759 = VERTEX_POINT('',#2760);
#2760 = CARTESIAN_POINT('',(21.94,16.35,0.));
#2761 = LINE('',#2762,#2763);
#2762 = CARTESIAN_POINT('',(21.94,16.35,3.));
#2763 = VECTOR('',#2764,1.);
#2764 = DIRECTION('',(0.,0.,-1.));
#2765 = ORIENTED_EDGE('',*,*,#2766,.T.);
#2766 = EDGE_CURVE('',#2757,#2735,#2767,.T.);
#2767 = CIRCLE('',#2768,0.15);
#2768 = AXIS2_PLACEMENT_3D('',#2769,#2770,#2771);
#2769 = CARTESIAN_POINT('',(21.94,16.2,3.));
#2770 = DIRECTION('',(0.,0.,-1.));
#2771 = DIRECTION('',(1.,0.,0.));
#2772 = ORIENTED_EDGE('',*,*,#2742,.T.);
#2773 = ORIENTED_EDGE('',*,*,#2774,.T.);
#2774 = EDGE_CURVE('',#2726,#2759,#2775,.T.);
#2775 = CIRCLE('',#2776,0.15);
#2776 = AXIS2_PLACEMENT_3D('',#2777,#2778,#2779);
#2777 = CARTESIAN_POINT('',(21.94,16.2,0.));
#2778 = DIRECTION('',(0.,0.,1.));
#2779 = DIRECTION('',(1.,0.,-0.));
#2780 = CYLINDRICAL_SURFACE('',#2781,0.15);
#2781 = AXIS2_PLACEMENT_3D('',#2782,#2783,#2784);
#2782 = CARTESIAN_POINT('',(21.94,16.2,3.));
#2783 = DIRECTION('',(0.,0.,-1.));
#2784 = DIRECTION('',(1.,0.,0.));
#2785 = ADVANCED_FACE('',(#2786),#2811,.F.);
#2786 = FACE_BOUND('',#2787,.T.);
#2787 = EDGE_LOOP('',(#2788,#2796,#2797,#2805));
#2788 = ORIENTED_EDGE('',*,*,#2789,.F.);
#2789 = EDGE_CURVE('',#2759,#2790,#2792,.T.);
#2790 = VERTEX_POINT('',#2791);
#2791 = CARTESIAN_POINT('',(21.24,16.35,0.));
#2792 = LINE('',#2793,#2794);
#2793 = CARTESIAN_POINT('',(10.62,16.35,0.));
#2794 = VECTOR('',#2795,1.);
#2795 = DIRECTION('',(-1.,0.,0.));
#2796 = ORIENTED_EDGE('',*,*,#2756,.F.);
#2797 = ORIENTED_EDGE('',*,*,#2798,.F.);
#2798 = EDGE_CURVE('',#2799,#2757,#2801,.T.);
#2799 = VERTEX_POINT('',#2800);
#2800 = CARTESIAN_POINT('',(21.24,16.35,3.));
#2801 = LINE('',#2802,#2803);
#2802 = CARTESIAN_POINT('',(10.62,16.35,3.));
#2803 = VECTOR('',#2804,1.);
#2804 = DIRECTION('',(1.,0.,0.));
#2805 = ORIENTED_EDGE('',*,*,#2806,.T.);
#2806 = EDGE_CURVE('',#2799,#2790,#2807,.T.);
#2807 = LINE('',#2808,#2809);
#2808 = CARTESIAN_POINT('',(21.24,16.35,3.));
#2809 = VECTOR('',#2810,1.);
#2810 = DIRECTION('',(0.,0.,-1.));
#2811 = PLANE('',#2812);
#2812 = AXIS2_PLACEMENT_3D('',#2813,#2814,#2815);
#2813 = CARTESIAN_POINT('',(21.24,16.35,3.));
#2814 = DIRECTION('',(0.,1.,0.));
#2815 = DIRECTION('',(1.,0.,0.));
#2816 = ADVANCED_FACE('',(#2817),#2844,.F.);
#2817 = FACE_BOUND('',#2818,.F.);
#2818 = EDGE_LOOP('',(#2819,#2829,#2836,#2837));
#2819 = ORIENTED_EDGE('',*,*,#2820,.F.);
#2820 = EDGE_CURVE('',#2821,#2823,#2825,.T.);
#2821 = VERTEX_POINT('',#2822);
#2822 = CARTESIAN_POINT('',(21.09,16.2,3.));
#2823 = VERTEX_POINT('',#2824);
#2824 = CARTESIAN_POINT('',(21.09,16.2,0.));
#2825 = LINE('',#2826,#2827);
#2826 = CARTESIAN_POINT('',(21.09,16.2,3.));
#2827 = VECTOR('',#2828,1.);
#2828 = DIRECTION('',(0.,0.,-1.));
#2829 = ORIENTED_EDGE('',*,*,#2830,.T.);
#2830 = EDGE_CURVE('',#2821,#2799,#2831,.T.);
#2831 = CIRCLE('',#2832,0.15);
#2832 = AXIS2_PLACEMENT_3D('',#2833,#2834,#2835);
#2833 = CARTESIAN_POINT('',(21.24,16.2,3.));
#2834 = DIRECTION('',(0.,0.,-1.));
#2835 = DIRECTION('',(0.,1.,0.));
#2836 = ORIENTED_EDGE('',*,*,#2806,.T.);
#2837 = ORIENTED_EDGE('',*,*,#2838,.T.);
#2838 = EDGE_CURVE('',#2790,#2823,#2839,.T.);
#2839 = CIRCLE('',#2840,0.15);
#2840 = AXIS2_PLACEMENT_3D('',#2841,#2842,#2843);
#2841 = CARTESIAN_POINT('',(21.24,16.2,0.));
#2842 = DIRECTION('',(0.,-0.,1.));
#2843 = DIRECTION('',(0.,1.,0.));
#2844 = CYLINDRICAL_SURFACE('',#2845,0.15);
#2845 = AXIS2_PLACEMENT_3D('',#2846,#2847,#2848);
#2846 = CARTESIAN_POINT('',(21.24,16.2,3.));
#2847 = DIRECTION('',(0.,0.,-1.));
#2848 = DIRECTION('',(0.,1.,0.));
#2849 = ADVANCED_FACE('',(#2850),#2875,.F.);
#2850 = FACE_BOUND('',#2851,.T.);
#2851 = EDGE_LOOP('',(#2852,#2860,#2861,#2869));
#2852 = ORIENTED_EDGE('',*,*,#2853,.F.);
#2853 = EDGE_CURVE('',#2823,#2854,#2856,.T.);
#2854 = VERTEX_POINT('',#2855);
#2855 = CARTESIAN_POINT('',(21.09,15.3,0.));
#2856 = LINE('',#2857,#2858);
#2857 = CARTESIAN_POINT('',(21.09,7.65,0.));
#2858 = VECTOR('',#2859,1.);
#2859 = DIRECTION('',(0.,-1.,0.));
#2860 = ORIENTED_EDGE('',*,*,#2820,.F.);
#2861 = ORIENTED_EDGE('',*,*,#2862,.F.);
#2862 = EDGE_CURVE('',#2863,#2821,#2865,.T.);
#2863 = VERTEX_POINT('',#2864);
#2864 = CARTESIAN_POINT('',(21.09,15.3,3.));
#2865 = LINE('',#2866,#2867);
#2866 = CARTESIAN_POINT('',(21.09,7.65,3.));
#2867 = VECTOR('',#2868,1.);
#2868 = DIRECTION('',(0.,1.,0.));
#2869 = ORIENTED_EDGE('',*,*,#2870,.T.);
#2870 = EDGE_CURVE('',#2863,#2854,#2871,.T.);
#2871 = LINE('',#2872,#2873);
#2872 = CARTESIAN_POINT('',(21.09,15.3,3.));
#2873 = VECTOR('',#2874,1.);
#2874 = DIRECTION('',(0.,0.,-1.));
#2875 = PLANE('',#2876);
#2876 = AXIS2_PLACEMENT_3D('',#2877,#2878,#2879);
#2877 = CARTESIAN_POINT('',(21.09,15.3,3.));
#2878 = DIRECTION('',(-1.,0.,0.));
#2879 = DIRECTION('',(0.,1.,0.));
#2880 = ADVANCED_FACE('',(#2881),#2899,.F.);
#2881 = FACE_BOUND('',#2882,.F.);
#2882 = EDGE_LOOP('',(#2883,#2884,#2891,#2892));
#2883 = ORIENTED_EDGE('',*,*,#2662,.F.);
#2884 = ORIENTED_EDGE('',*,*,#2885,.T.);
#2885 = EDGE_CURVE('',#2663,#2863,#2886,.T.);
#2886 = CIRCLE('',#2887,0.15);
#2887 = AXIS2_PLACEMENT_3D('',#2888,#2889,#2890);
#2888 = CARTESIAN_POINT('',(21.24,15.3,3.));
#2889 = DIRECTION('',(0.,0.,-1.));
#2890 = DIRECTION('',(-1.,0.,0.));
#2891 = ORIENTED_EDGE('',*,*,#2870,.T.);
#2892 = ORIENTED_EDGE('',*,*,#2893,.T.);
#2893 = EDGE_CURVE('',#2854,#2653,#2894,.T.);
#2894 = CIRCLE('',#2895,0.15);
#2895 = AXIS2_PLACEMENT_3D('',#2896,#2897,#2898);
#2896 = CARTESIAN_POINT('',(21.24,15.3,0.));
#2897 = DIRECTION('',(0.,0.,1.));
#2898 = DIRECTION('',(-1.,0.,0.));
#2899 = CYLINDRICAL_SURFACE('',#2900,0.15);
#2900 = AXIS2_PLACEMENT_3D('',#2901,#2902,#2903);
#2901 = CARTESIAN_POINT('',(21.24,15.3,3.));
#2902 = DIRECTION('',(0.,0.,-1.));
#2903 = DIRECTION('',(-1.,0.,0.));
#2904 = ADVANCED_FACE('',(#2905),#2939,.F.);
#2905 = FACE_BOUND('',#2906,.T.);
#2906 = EDGE_LOOP('',(#2907,#2917,#2925,#2933));
#2907 = ORIENTED_EDGE('',*,*,#2908,.F.);
#2908 = EDGE_CURVE('',#2909,#2911,#2913,.T.);
#2909 = VERTEX_POINT('',#2910);
#2910 = CARTESIAN_POINT('',(16.01,16.2,0.));
#2911 = VERTEX_POINT('',#2912);
#2912 = CARTESIAN_POINT('',(16.01,15.3,0.));
#2913 = LINE('',#2914,#2915);
#2914 = CARTESIAN_POINT('',(16.01,7.65,0.));
#2915 = VECTOR('',#2916,1.);
#2916 = DIRECTION('',(0.,-1.,0.));
#2917 = ORIENTED_EDGE('',*,*,#2918,.F.);
#2918 = EDGE_CURVE('',#2919,#2909,#2921,.T.);
#2919 = VERTEX_POINT('',#2920);
#2920 = CARTESIAN_POINT('',(16.01,16.2,3.));
#2921 = LINE('',#2922,#2923);
#2922 = CARTESIAN_POINT('',(16.01,16.2,3.));
#2923 = VECTOR('',#2924,1.);
#2924 = DIRECTION('',(0.,0.,-1.));
#2925 = ORIENTED_EDGE('',*,*,#2926,.F.);
#2926 = EDGE_CURVE('',#2927,#2919,#2929,.T.);
#2927 = VERTEX_POINT('',#2928);
#2928 = CARTESIAN_POINT('',(16.01,15.3,3.));
#2929 = LINE('',#2930,#2931);
#2930 = CARTESIAN_POINT('',(16.01,7.65,3.));
#2931 = VECTOR('',#2932,1.);
#2932 = DIRECTION('',(0.,1.,0.));
#2933 = ORIENTED_EDGE('',*,*,#2934,.T.);
#2934 = EDGE_CURVE('',#2927,#2911,#2935,.T.);
#2935 = LINE('',#2936,#2937);
#2936 = CARTESIAN_POINT('',(16.01,15.3,3.));
#2937 = VECTOR('',#2938,1.);
#2938 = DIRECTION('',(0.,0.,-1.));
#2939 = PLANE('',#2940);
#2940 = AXIS2_PLACEMENT_3D('',#2941,#2942,#2943);
#2941 = CARTESIAN_POINT('',(16.01,15.3,3.));
#2942 = DIRECTION('',(-1.,0.,0.));
#2943 = DIRECTION('',(0.,1.,0.));
#2944 = ADVANCED_FACE('',(#2945),#2972,.F.);
#2945 = FACE_BOUND('',#2946,.F.);
#2946 = EDGE_LOOP('',(#2947,#2957,#2964,#2965));
#2947 = ORIENTED_EDGE('',*,*,#2948,.F.);
#2948 = EDGE_CURVE('',#2949,#2951,#2953,.T.);
#2949 = VERTEX_POINT('',#2950);
#2950 = CARTESIAN_POINT('',(16.16,15.15,3.));
#2951 = VERTEX_POINT('',#2952);
#2952 = CARTESIAN_POINT('',(16.16,15.15,0.));
#2953 = LINE('',#2954,#2955);
#2954 = CARTESIAN_POINT('',(16.16,15.15,3.));
#2955 = VECTOR('',#2956,1.);
#2956 = DIRECTION('',(0.,0.,-1.));
#2957 = ORIENTED_EDGE('',*,*,#2958,.T.);
#2958 = EDGE_CURVE('',#2949,#2927,#2959,.T.);
#2959 = CIRCLE('',#2960,0.15);
#2960 = AXIS2_PLACEMENT_3D('',#2961,#2962,#2963);
#2961 = CARTESIAN_POINT('',(16.16,15.3,3.));
#2962 = DIRECTION('',(0.,0.,-1.));
#2963 = DIRECTION('',(-1.,0.,0.));
#2964 = ORIENTED_EDGE('',*,*,#2934,.T.);
#2965 = ORIENTED_EDGE('',*,*,#2966,.T.);
#2966 = EDGE_CURVE('',#2911,#2951,#2967,.T.);
#2967 = CIRCLE('',#2968,0.15);
#2968 = AXIS2_PLACEMENT_3D('',#2969,#2970,#2971);
#2969 = CARTESIAN_POINT('',(16.16,15.3,0.));
#2970 = DIRECTION('',(0.,0.,1.));
#2971 = DIRECTION('',(-1.,0.,0.));
#2972 = CYLINDRICAL_SURFACE('',#2973,0.15);
#2973 = AXIS2_PLACEMENT_3D('',#2974,#2975,#2976);
#2974 = CARTESIAN_POINT('',(16.16,15.3,3.));
#2975 = DIRECTION('',(0.,0.,-1.));
#2976 = DIRECTION('',(-1.,0.,0.));
#2977 = ADVANCED_FACE('',(#2978),#3003,.F.);
#2978 = FACE_BOUND('',#2979,.T.);
#2979 = EDGE_LOOP('',(#2980,#2988,#2989,#2997));
#2980 = ORIENTED_EDGE('',*,*,#2981,.F.);
#2981 = EDGE_CURVE('',#2951,#2982,#2984,.T.);
#2982 = VERTEX_POINT('',#2983);
#2983 = CARTESIAN_POINT('',(16.86,15.15,0.));
#2984 = LINE('',#2985,#2986);
#2985 = CARTESIAN_POINT('',(8.43,15.15,0.));
#2986 = VECTOR('',#2987,1.);
#2987 = DIRECTION('',(1.,0.,0.));
#2988 = ORIENTED_EDGE('',*,*,#2948,.F.);
#2989 = ORIENTED_EDGE('',*,*,#2990,.F.);
#2990 = EDGE_CURVE('',#2991,#2949,#2993,.T.);
#2991 = VERTEX_POINT('',#2992);
#2992 = CARTESIAN_POINT('',(16.86,15.15,3.));
#2993 = LINE('',#2994,#2995);
#2994 = CARTESIAN_POINT('',(8.43,15.15,3.));
#2995 = VECTOR('',#2996,1.);
#2996 = DIRECTION('',(-1.,0.,0.));
#2997 = ORIENTED_EDGE('',*,*,#2998,.T.);
#2998 = EDGE_CURVE('',#2991,#2982,#2999,.T.);
#2999 = LINE('',#3000,#3001);
#3000 = CARTESIAN_POINT('',(16.86,15.15,3.));
#3001 = VECTOR('',#3002,1.);
#3002 = DIRECTION('',(0.,0.,-1.));
#3003 = PLANE('',#3004);
#3004 = AXIS2_PLACEMENT_3D('',#3005,#3006,#3007);
#3005 = CARTESIAN_POINT('',(16.86,15.15,3.));
#3006 = DIRECTION('',(0.,-1.,0.));
#3007 = DIRECTION('',(-1.,0.,0.));
#3008 = ADVANCED_FACE('',(#3009),#3036,.F.);
#3009 = FACE_BOUND('',#3010,.F.);
#3010 = EDGE_LOOP('',(#3011,#3021,#3028,#3029));
#3011 = ORIENTED_EDGE('',*,*,#3012,.F.);
#3012 = EDGE_CURVE('',#3013,#3015,#3017,.T.);
#3013 = VERTEX_POINT('',#3014);
#3014 = CARTESIAN_POINT('',(17.01,15.3,3.));
#3015 = VERTEX_POINT('',#3016);
#3016 = CARTESIAN_POINT('',(17.01,15.3,0.));
#3017 = LINE('',#3018,#3019);
#3018 = CARTESIAN_POINT('',(17.01,15.3,3.));
#3019 = VECTOR('',#3020,1.);
#3020 = DIRECTION('',(0.,0.,-1.));
#3021 = ORIENTED_EDGE('',*,*,#3022,.T.);
#3022 = EDGE_CURVE('',#3013,#2991,#3023,.T.);
#3023 = CIRCLE('',#3024,0.15);
#3024 = AXIS2_PLACEMENT_3D('',#3025,#3026,#3027);
#3025 = CARTESIAN_POINT('',(16.86,15.3,3.));
#3026 = DIRECTION('',(0.,0.,-1.));
#3027 = DIRECTION('',(0.,-1.,0.));
#3028 = ORIENTED_EDGE('',*,*,#2998,.T.);
#3029 = ORIENTED_EDGE('',*,*,#3030,.T.);
#3030 = EDGE_CURVE('',#2982,#3015,#3031,.T.);
#3031 = CIRCLE('',#3032,0.15);
#3032 = AXIS2_PLACEMENT_3D('',#3033,#3034,#3035);
#3033 = CARTESIAN_POINT('',(16.86,15.3,0.));
#3034 = DIRECTION('',(0.,0.,1.));
#3035 = DIRECTION('',(0.,-1.,0.));
#3036 = CYLINDRICAL_SURFACE('',#3037,0.15);
#3037 = AXIS2_PLACEMENT_3D('',#3038,#3039,#3040);
#3038 = CARTESIAN_POINT('',(16.86,15.3,3.));
#3039 = DIRECTION('',(0.,0.,-1.));
#3040 = DIRECTION('',(0.,-1.,0.));
#3041 = ADVANCED_FACE('',(#3042),#3067,.F.);
#3042 = FACE_BOUND('',#3043,.T.);
#3043 = EDGE_LOOP('',(#3044,#3052,#3053,#3061));
#3044 = ORIENTED_EDGE('',*,*,#3045,.F.);
#3045 = EDGE_CURVE('',#3015,#3046,#3048,.T.);
#3046 = VERTEX_POINT('',#3047);
#3047 = CARTESIAN_POINT('',(17.01,16.2,0.));
#3048 = LINE('',#3049,#3050);
#3049 = CARTESIAN_POINT('',(17.01,8.1,0.));
#3050 = VECTOR('',#3051,1.);
#3051 = DIRECTION('',(0.,1.,0.));
#3052 = ORIENTED_EDGE('',*,*,#3012,.F.);
#3053 = ORIENTED_EDGE('',*,*,#3054,.F.);
#3054 = EDGE_CURVE('',#3055,#3013,#3057,.T.);
#3055 = VERTEX_POINT('',#3056);
#3056 = CARTESIAN_POINT('',(17.01,16.2,3.));
#3057 = LINE('',#3058,#3059);
#3058 = CARTESIAN_POINT('',(17.01,8.1,3.));
#3059 = VECTOR('',#3060,1.);
#3060 = DIRECTION('',(0.,-1.,0.));
#3061 = ORIENTED_EDGE('',*,*,#3062,.T.);
#3062 = EDGE_CURVE('',#3055,#3046,#3063,.T.);
#3063 = LINE('',#3064,#3065);
#3064 = CARTESIAN_POINT('',(17.01,16.2,3.));
#3065 = VECTOR('',#3066,1.);
#3066 = DIRECTION('',(0.,0.,-1.));
#3067 = PLANE('',#3068);
#3068 = AXIS2_PLACEMENT_3D('',#3069,#3070,#3071);
#3069 = CARTESIAN_POINT('',(17.01,16.2,3.));
#3070 = DIRECTION('',(1.,0.,0.));
#3071 = DIRECTION('',(0.,-1.,0.));
#3072 = ADVANCED_FACE('',(#3073),#3100,.F.);
#3073 = FACE_BOUND('',#3074,.F.);
#3074 = EDGE_LOOP('',(#3075,#3085,#3092,#3093));
#3075 = ORIENTED_EDGE('',*,*,#3076,.F.);
#3076 = EDGE_CURVE('',#3077,#3079,#3081,.T.);
#3077 = VERTEX_POINT('',#3078);
#3078 = CARTESIAN_POINT('',(16.86,16.35,3.));
#3079 = VERTEX_POINT('',#3080);
#3080 = CARTESIAN_POINT('',(16.86,16.35,0.));
#3081 = LINE('',#3082,#3083);
#3082 = CARTESIAN_POINT('',(16.86,16.35,3.));
#3083 = VECTOR('',#3084,1.);
#3084 = DIRECTION('',(0.,0.,-1.));
#3085 = ORIENTED_EDGE('',*,*,#3086,.T.);
#3086 = EDGE_CURVE('',#3077,#3055,#3087,.T.);
#3087 = CIRCLE('',#3088,0.15);
#3088 = AXIS2_PLACEMENT_3D('',#3089,#3090,#3091);
#3089 = CARTESIAN_POINT('',(16.86,16.2,3.));
#3090 = DIRECTION('',(0.,0.,-1.));
#3091 = DIRECTION('',(1.,0.,0.));
#3092 = ORIENTED_EDGE('',*,*,#3062,.T.);
#3093 = ORIENTED_EDGE('',*,*,#3094,.T.);
#3094 = EDGE_CURVE('',#3046,#3079,#3095,.T.);
#3095 = CIRCLE('',#3096,0.15);
#3096 = AXIS2_PLACEMENT_3D('',#3097,#3098,#3099);
#3097 = CARTESIAN_POINT('',(16.86,16.2,0.));
#3098 = DIRECTION('',(0.,0.,1.));
#3099 = DIRECTION('',(1.,0.,-0.));
#3100 = CYLINDRICAL_SURFACE('',#3101,0.15);
#3101 = AXIS2_PLACEMENT_3D('',#3102,#3103,#3104);
#3102 = CARTESIAN_POINT('',(16.86,16.2,3.));
#3103 = DIRECTION('',(0.,0.,-1.));
#3104 = DIRECTION('',(1.,0.,0.));
#3105 = ADVANCED_FACE('',(#3106),#3131,.F.);
#3106 = FACE_BOUND('',#3107,.T.);
#3107 = EDGE_LOOP('',(#3108,#3116,#3117,#3125));
#3108 = ORIENTED_EDGE('',*,*,#3109,.F.);
#3109 = EDGE_CURVE('',#3079,#3110,#3112,.T.);
#3110 = VERTEX_POINT('',#3111);
#3111 = CARTESIAN_POINT('',(16.16,16.35,0.));
#3112 = LINE('',#3113,#3114);
#3113 = CARTESIAN_POINT('',(8.08,16.35,0.));
#3114 = VECTOR('',#3115,1.);
#3115 = DIRECTION('',(-1.,0.,0.));
#3116 = ORIENTED_EDGE('',*,*,#3076,.F.);
#3117 = ORIENTED_EDGE('',*,*,#3118,.F.);
#3118 = EDGE_CURVE('',#3119,#3077,#3121,.T.);
#3119 = VERTEX_POINT('',#3120);
#3120 = CARTESIAN_POINT('',(16.16,16.35,3.));
#3121 = LINE('',#3122,#3123);
#3122 = CARTESIAN_POINT('',(8.08,16.35,3.));
#3123 = VECTOR('',#3124,1.);
#3124 = DIRECTION('',(1.,0.,0.));
#3125 = ORIENTED_EDGE('',*,*,#3126,.T.);
#3126 = EDGE_CURVE('',#3119,#3110,#3127,.T.);
#3127 = LINE('',#3128,#3129);
#3128 = CARTESIAN_POINT('',(16.16,16.35,3.));
#3129 = VECTOR('',#3130,1.);
#3130 = DIRECTION('',(0.,0.,-1.));
#3131 = PLANE('',#3132);
#3132 = AXIS2_PLACEMENT_3D('',#3133,#3134,#3135);
#3133 = CARTESIAN_POINT('',(16.16,16.35,3.));
#3134 = DIRECTION('',(0.,1.,0.));
#3135 = DIRECTION('',(1.,0.,0.));
#3136 = ADVANCED_FACE('',(#3137),#3155,.F.);
#3137 = FACE_BOUND('',#3138,.F.);
#3138 = EDGE_LOOP('',(#3139,#3140,#3147,#3148));
#3139 = ORIENTED_EDGE('',*,*,#2918,.F.);
#3140 = ORIENTED_EDGE('',*,*,#3141,.T.);
#3141 = EDGE_CURVE('',#2919,#3119,#3142,.T.);
#3142 = CIRCLE('',#3143,0.15);
#3143 = AXIS2_PLACEMENT_3D('',#3144,#3145,#3146);
#3144 = CARTESIAN_POINT('',(16.16,16.2,3.));
#3145 = DIRECTION('',(0.,0.,-1.));
#3146 = DIRECTION('',(1.480297366167E-14,1.,0.));
#3147 = ORIENTED_EDGE('',*,*,#3126,.T.);
#3148 = ORIENTED_EDGE('',*,*,#3149,.T.);
#3149 = EDGE_CURVE('',#3110,#2909,#3150,.T.);
#3150 = CIRCLE('',#3151,0.15);
#3151 = AXIS2_PLACEMENT_3D('',#3152,#3153,#3154);
#3152 = CARTESIAN_POINT('',(16.16,16.2,0.));
#3153 = DIRECTION('',(0.,0.,1.));
#3154 = DIRECTION('',(1.480297366167E-14,1.,-0.));
#3155 = CYLINDRICAL_SURFACE('',#3156,0.15);
#3156 = AXIS2_PLACEMENT_3D('',#3157,#3158,#3159);
#3157 = CARTESIAN_POINT('',(16.16,16.2,3.));
#3158 = DIRECTION('',(0.,0.,-1.));
#3159 = DIRECTION('',(1.480297366167E-14,1.,0.));
#3160 = ADVANCED_FACE('',(#3161),#3197,.F.);
#3161 = FACE_BOUND('',#3162,.F.);
#3162 = EDGE_LOOP('',(#3163,#3173,#3182,#3190));
#3163 = ORIENTED_EDGE('',*,*,#3164,.F.);
#3164 = EDGE_CURVE('',#3165,#3167,#3169,.T.);
#3165 = VERTEX_POINT('',#3166);
#3166 = CARTESIAN_POINT('',(6.85,15.3,3.));
#3167 = VERTEX_POINT('',#3168);
#3168 = CARTESIAN_POINT('',(6.85,15.3,0.));
#3169 = LINE('',#3170,#3171);
#3170 = CARTESIAN_POINT('',(6.85,15.3,3.));
#3171 = VECTOR('',#3172,1.);
#3172 = DIRECTION('',(0.,0.,-1.));
#3173 = ORIENTED_EDGE('',*,*,#3174,.T.);
#3174 = EDGE_CURVE('',#3165,#3175,#3177,.T.);
#3175 = VERTEX_POINT('',#3176);
#3176 = CARTESIAN_POINT('',(6.7,15.15,3.));
#3177 = CIRCLE('',#3178,0.15);
#3178 = AXIS2_PLACEMENT_3D('',#3179,#3180,#3181);
#3179 = CARTESIAN_POINT('',(6.7,15.3,3.));
#3180 = DIRECTION('',(0.,0.,-1.));
#3181 = DIRECTION('',(0.,-1.,0.));
#3182 = ORIENTED_EDGE('',*,*,#3183,.T.);
#3183 = EDGE_CURVE('',#3175,#3184,#3186,.T.);
#3184 = VERTEX_POINT('',#3185);
#3185 = CARTESIAN_POINT('',(6.7,15.15,0.));
#3186 = LINE('',#3187,#3188);
#3187 = CARTESIAN_POINT('',(6.7,15.15,3.));
#3188 = VECTOR('',#3189,1.);
#3189 = DIRECTION('',(0.,0.,-1.));
#3190 = ORIENTED_EDGE('',*,*,#3191,.T.);
#3191 = EDGE_CURVE('',#3184,#3167,#3192,.T.);
#3192 = CIRCLE('',#3193,0.15);
#3193 = AXIS2_PLACEMENT_3D('',#3194,#3195,#3196);
#3194 = CARTESIAN_POINT('',(6.7,15.3,0.));
#3195 = DIRECTION('',(0.,0.,1.));
#3196 = DIRECTION('',(0.,-1.,0.));
#3197 = CYLINDRICAL_SURFACE('',#3198,0.15);
#3198 = AXIS2_PLACEMENT_3D('',#3199,#3200,#3201);
#3199 = CARTESIAN_POINT('',(6.7,15.3,3.));
#3200 = DIRECTION('',(0.,0.,-1.));
#3201 = DIRECTION('',(0.,-1.,0.));
#3202 = ADVANCED_FACE('',(#3203),#3228,.F.);
#3203 = FACE_BOUND('',#3204,.T.);
#3204 = EDGE_LOOP('',(#3205,#3213,#3214,#3222));
#3205 = ORIENTED_EDGE('',*,*,#3206,.F.);
#3206 = EDGE_CURVE('',#3167,#3207,#3209,.T.);
#3207 = VERTEX_POINT('',#3208);
#3208 = CARTESIAN_POINT('',(6.85,16.2,0.));
#3209 = LINE('',#3210,#3211);
#3210 = CARTESIAN_POINT('',(6.85,8.1,0.));
#3211 = VECTOR('',#3212,1.);
#3212 = DIRECTION('',(0.,1.,0.));
#3213 = ORIENTED_EDGE('',*,*,#3164,.F.);
#3214 = ORIENTED_EDGE('',*,*,#3215,.F.);
#3215 = EDGE_CURVE('',#3216,#3165,#3218,.T.);
#3216 = VERTEX_POINT('',#3217);
#3217 = CARTESIAN_POINT('',(6.85,16.2,3.));
#3218 = LINE('',#3219,#3220);
#3219 = CARTESIAN_POINT('',(6.85,8.1,3.));
#3220 = VECTOR('',#3221,1.);
#3221 = DIRECTION('',(0.,-1.,0.));
#3222 = ORIENTED_EDGE('',*,*,#3223,.T.);
#3223 = EDGE_CURVE('',#3216,#3207,#3224,.T.);
#3224 = LINE('',#3225,#3226);
#3225 = CARTESIAN_POINT('',(6.85,16.2,3.));
#3226 = VECTOR('',#3227,1.);
#3227 = DIRECTION('',(0.,0.,-1.));
#3228 = PLANE('',#3229);
#3229 = AXIS2_PLACEMENT_3D('',#3230,#3231,#3232);
#3230 = CARTESIAN_POINT('',(6.85,16.2,3.));
#3231 = DIRECTION('',(1.,0.,0.));
#3232 = DIRECTION('',(0.,-1.,0.));
#3233 = ADVANCED_FACE('',(#3234),#3261,.F.);
#3234 = FACE_BOUND('',#3235,.F.);
#3235 = EDGE_LOOP('',(#3236,#3246,#3253,#3254));
#3236 = ORIENTED_EDGE('',*,*,#3237,.F.);
#3237 = EDGE_CURVE('',#3238,#3240,#3242,.T.);
#3238 = VERTEX_POINT('',#3239);
#3239 = CARTESIAN_POINT('',(6.7,16.35,3.));
#3240 = VERTEX_POINT('',#3241);
#3241 = CARTESIAN_POINT('',(6.7,16.35,0.));
#3242 = LINE('',#3243,#3244);
#3243 = CARTESIAN_POINT('',(6.7,16.35,3.));
#3244 = VECTOR('',#3245,1.);
#3245 = DIRECTION('',(0.,0.,-1.));
#3246 = ORIENTED_EDGE('',*,*,#3247,.T.);
#3247 = EDGE_CURVE('',#3238,#3216,#3248,.T.);
#3248 = CIRCLE('',#3249,0.15);
#3249 = AXIS2_PLACEMENT_3D('',#3250,#3251,#3252);
#3250 = CARTESIAN_POINT('',(6.7,16.2,3.));
#3251 = DIRECTION('',(0.,0.,-1.));
#3252 = DIRECTION('',(1.,0.,0.));
#3253 = ORIENTED_EDGE('',*,*,#3223,.T.);
#3254 = ORIENTED_EDGE('',*,*,#3255,.T.);
#3255 = EDGE_CURVE('',#3207,#3240,#3256,.T.);
#3256 = CIRCLE('',#3257,0.15);
#3257 = AXIS2_PLACEMENT_3D('',#3258,#3259,#3260);
#3258 = CARTESIAN_POINT('',(6.7,16.2,0.));
#3259 = DIRECTION('',(0.,0.,1.));
#3260 = DIRECTION('',(1.,0.,-0.));
#3261 = CYLINDRICAL_SURFACE('',#3262,0.15);
#3262 = AXIS2_PLACEMENT_3D('',#3263,#3264,#3265);
#3263 = CARTESIAN_POINT('',(6.7,16.2,3.));
#3264 = DIRECTION('',(0.,0.,-1.));
#3265 = DIRECTION('',(1.,0.,0.));
#3266 = ADVANCED_FACE('',(#3267),#3292,.F.);
#3267 = FACE_BOUND('',#3268,.T.);
#3268 = EDGE_LOOP('',(#3269,#3277,#3278,#3286));
#3269 = ORIENTED_EDGE('',*,*,#3270,.F.);
#3270 = EDGE_CURVE('',#3240,#3271,#3273,.T.);
#3271 = VERTEX_POINT('',#3272);
#3272 = CARTESIAN_POINT('',(6.,16.35,0.));
#3273 = LINE('',#3274,#3275);
#3274 = CARTESIAN_POINT('',(3.,16.35,0.));
#3275 = VECTOR('',#3276,1.);
#3276 = DIRECTION('',(-1.,0.,0.));
#3277 = ORIENTED_EDGE('',*,*,#3237,.F.);
#3278 = ORIENTED_EDGE('',*,*,#3279,.F.);
#3279 = EDGE_CURVE('',#3280,#3238,#3282,.T.);
#3280 = VERTEX_POINT('',#3281);
#3281 = CARTESIAN_POINT('',(6.,16.35,3.));
#3282 = LINE('',#3283,#3284);
#3283 = CARTESIAN_POINT('',(3.,16.35,3.));
#3284 = VECTOR('',#3285,1.);
#3285 = DIRECTION('',(1.,0.,0.));
#3286 = ORIENTED_EDGE('',*,*,#3287,.T.);
#3287 = EDGE_CURVE('',#3280,#3271,#3288,.T.);
#3288 = LINE('',#3289,#3290);
#3289 = CARTESIAN_POINT('',(6.,16.35,3.));
#3290 = VECTOR('',#3291,1.);
#3291 = DIRECTION('',(0.,0.,-1.));
#3292 = PLANE('',#3293);
#3293 = AXIS2_PLACEMENT_3D('',#3294,#3295,#3296);
#3294 = CARTESIAN_POINT('',(6.,16.35,3.));
#3295 = DIRECTION('',(0.,1.,0.));
#3296 = DIRECTION('',(1.,0.,0.));
#3297 = ADVANCED_FACE('',(#3298),#3325,.F.);
#3298 = FACE_BOUND('',#3299,.F.);
#3299 = EDGE_LOOP('',(#3300,#3310,#3317,#3318));
#3300 = ORIENTED_EDGE('',*,*,#3301,.F.);
#3301 = EDGE_CURVE('',#3302,#3304,#3306,.T.);
#3302 = VERTEX_POINT('',#3303);
#3303 = CARTESIAN_POINT('',(5.85,16.2,3.));
#3304 = VERTEX_POINT('',#3305);
#3305 = CARTESIAN_POINT('',(5.85,16.2,0.));
#3306 = LINE('',#3307,#3308);
#3307 = CARTESIAN_POINT('',(5.85,16.2,3.));
#3308 = VECTOR('',#3309,1.);
#3309 = DIRECTION('',(0.,0.,-1.));
#3310 = ORIENTED_EDGE('',*,*,#3311,.T.);
#3311 = EDGE_CURVE('',#3302,#3280,#3312,.T.);
#3312 = CIRCLE('',#3313,0.15);
#3313 = AXIS2_PLACEMENT_3D('',#3314,#3315,#3316);
#3314 = CARTESIAN_POINT('',(6.,16.2,3.));
#3315 = DIRECTION('',(0.,0.,-1.));
#3316 = DIRECTION('',(7.401486830835E-15,1.,0.));
#3317 = ORIENTED_EDGE('',*,*,#3287,.T.);
#3318 = ORIENTED_EDGE('',*,*,#3319,.T.);
#3319 = EDGE_CURVE('',#3271,#3304,#3320,.T.);
#3320 = CIRCLE('',#3321,0.15);
#3321 = AXIS2_PLACEMENT_3D('',#3322,#3323,#3324);
#3322 = CARTESIAN_POINT('',(6.,16.2,0.));
#3323 = DIRECTION('',(0.,0.,1.));
#3324 = DIRECTION('',(7.401486830835E-15,1.,-0.));
#3325 = CYLINDRICAL_SURFACE('',#3326,0.15);
#3326 = AXIS2_PLACEMENT_3D('',#3327,#3328,#3329);
#3327 = CARTESIAN_POINT('',(6.,16.2,3.));
#3328 = DIRECTION('',(0.,0.,-1.));
#3329 = DIRECTION('',(7.401486830835E-15,1.,0.));
#3330 = ADVANCED_FACE('',(#3331),#3356,.F.);
#3331 = FACE_BOUND('',#3332,.T.);
#3332 = EDGE_LOOP('',(#3333,#3341,#3342,#3350));
#3333 = ORIENTED_EDGE('',*,*,#3334,.F.);
#3334 = EDGE_CURVE('',#3304,#3335,#3337,.T.);
#3335 = VERTEX_POINT('',#3336);
#3336 = CARTESIAN_POINT('',(5.85,15.3,0.));
#3337 = LINE('',#3338,#3339);
#3338 = CARTESIAN_POINT('',(5.85,7.65,0.));
#3339 = VECTOR('',#3340,1.);
#3340 = DIRECTION('',(-1.233581138472E-15,-1.,0.));
#3341 = ORIENTED_EDGE('',*,*,#3301,.F.);
#3342 = ORIENTED_EDGE('',*,*,#3343,.F.);
#3343 = EDGE_CURVE('',#3344,#3302,#3346,.T.);
#3344 = VERTEX_POINT('',#3345);
#3345 = CARTESIAN_POINT('',(5.85,15.3,3.));
#3346 = LINE('',#3347,#3348);
#3347 = CARTESIAN_POINT('',(5.85,7.65,3.));
#3348 = VECTOR('',#3349,1.);
#3349 = DIRECTION('',(1.233581138472E-15,1.,0.));
#3350 = ORIENTED_EDGE('',*,*,#3351,.T.);
#3351 = EDGE_CURVE('',#3344,#3335,#3352,.T.);
#3352 = LINE('',#3353,#3354);
#3353 = CARTESIAN_POINT('',(5.85,15.3,3.));
#3354 = VECTOR('',#3355,1.);
#3355 = DIRECTION('',(0.,0.,-1.));
#3356 = PLANE('',#3357);
#3357 = AXIS2_PLACEMENT_3D('',#3358,#3359,#3360);
#3358 = CARTESIAN_POINT('',(5.85,15.3,3.));
#3359 = DIRECTION('',(-1.,1.233581138472E-15,0.));
#3360 = DIRECTION('',(1.233581138472E-15,1.,0.));
#3361 = ADVANCED_FACE('',(#3362),#3389,.F.);
#3362 = FACE_BOUND('',#3363,.F.);
#3363 = EDGE_LOOP('',(#3364,#3374,#3381,#3382));
#3364 = ORIENTED_EDGE('',*,*,#3365,.F.);
#3365 = EDGE_CURVE('',#3366,#3368,#3370,.T.);
#3366 = VERTEX_POINT('',#3367);
#3367 = CARTESIAN_POINT('',(6.,15.15,3.));
#3368 = VERTEX_POINT('',#3369);
#3369 = CARTESIAN_POINT('',(6.,15.15,0.));
#3370 = LINE('',#3371,#3372);
#3371 = CARTESIAN_POINT('',(6.,15.15,3.));
#3372 = VECTOR('',#3373,1.);
#3373 = DIRECTION('',(0.,0.,-1.));
#3374 = ORIENTED_EDGE('',*,*,#3375,.T.);
#3375 = EDGE_CURVE('',#3366,#3344,#3376,.T.);
#3376 = CIRCLE('',#3377,0.15);
#3377 = AXIS2_PLACEMENT_3D('',#3378,#3379,#3380);
#3378 = CARTESIAN_POINT('',(6.,15.3,3.));
#3379 = DIRECTION('',(0.,0.,-1.));
#3380 = DIRECTION('',(-1.,0.,0.));
#3381 = ORIENTED_EDGE('',*,*,#3351,.T.);
#3382 = ORIENTED_EDGE('',*,*,#3383,.T.);
#3383 = EDGE_CURVE('',#3335,#3368,#3384,.T.);
#3384 = CIRCLE('',#3385,0.15);
#3385 = AXIS2_PLACEMENT_3D('',#3386,#3387,#3388);
#3386 = CARTESIAN_POINT('',(6.,15.3,0.));
#3387 = DIRECTION('',(0.,0.,1.));
#3388 = DIRECTION('',(-1.,0.,0.));
#3389 = CYLINDRICAL_SURFACE('',#3390,0.15);
#3390 = AXIS2_PLACEMENT_3D('',#3391,#3392,#3393);
#3391 = CARTESIAN_POINT('',(6.,15.3,3.));
#3392 = DIRECTION('',(0.,0.,-1.));
#3393 = DIRECTION('',(-1.,0.,0.));
#3394 = ADVANCED_FACE('',(#3395),#3411,.F.);
#3395 = FACE_BOUND('',#3396,.T.);
#3396 = EDGE_LOOP('',(#3397,#3403,#3404,#3410));
#3397 = ORIENTED_EDGE('',*,*,#3398,.F.);
#3398 = EDGE_CURVE('',#3368,#3184,#3399,.T.);
#3399 = LINE('',#3400,#3401);
#3400 = CARTESIAN_POINT('',(3.35,15.15,0.));
#3401 = VECTOR('',#3402,1.);
#3402 = DIRECTION('',(1.,0.,0.));
#3403 = ORIENTED_EDGE('',*,*,#3365,.F.);
#3404 = ORIENTED_EDGE('',*,*,#3405,.F.);
#3405 = EDGE_CURVE('',#3175,#3366,#3406,.T.);
#3406 = LINE('',#3407,#3408);
#3407 = CARTESIAN_POINT('',(3.35,15.15,3.));
#3408 = VECTOR('',#3409,1.);
#3409 = DIRECTION('',(-1.,0.,0.));
#3410 = ORIENTED_EDGE('',*,*,#3183,.T.);
#3411 = PLANE('',#3412);
#3412 = AXIS2_PLACEMENT_3D('',#3413,#3414,#3415);
#3413 = CARTESIAN_POINT('',(6.7,15.15,3.));
#3414 = DIRECTION('',(0.,-1.,0.));
#3415 = DIRECTION('',(-1.,0.,0.));
#3416 = ADVANCED_FACE('',(#3417),#3451,.F.);
#3417 = FACE_BOUND('',#3418,.T.);
#3418 = EDGE_LOOP('',(#3419,#3429,#3437,#3445));
#3419 = ORIENTED_EDGE('',*,*,#3420,.F.);
#3420 = EDGE_CURVE('',#3421,#3423,#3425,.T.);
#3421 = VERTEX_POINT('',#3422);
#3422 = CARTESIAN_POINT('',(-6.85,16.2,0.));
#3423 = VERTEX_POINT('',#3424);
#3424 = CARTESIAN_POINT('',(-6.85,15.3,0.));
#3425 = LINE('',#3426,#3427);
#3426 = CARTESIAN_POINT('',(-6.85,7.65,0.));
#3427 = VECTOR('',#3428,1.);
#3428 = DIRECTION('',(0.,-1.,0.));
#3429 = ORIENTED_EDGE('',*,*,#3430,.F.);
#3430 = EDGE_CURVE('',#3431,#3421,#3433,.T.);
#3431 = VERTEX_POINT('',#3432);
#3432 = CARTESIAN_POINT('',(-6.85,16.2,3.));
#3433 = LINE('',#3434,#3435);
#3434 = CARTESIAN_POINT('',(-6.85,16.2,3.));
#3435 = VECTOR('',#3436,1.);
#3436 = DIRECTION('',(0.,0.,-1.));
#3437 = ORIENTED_EDGE('',*,*,#3438,.F.);
#3438 = EDGE_CURVE('',#3439,#3431,#3441,.T.);
#3439 = VERTEX_POINT('',#3440);
#3440 = CARTESIAN_POINT('',(-6.85,15.3,3.));
#3441 = LINE('',#3442,#3443);
#3442 = CARTESIAN_POINT('',(-6.85,7.65,3.));
#3443 = VECTOR('',#3444,1.);
#3444 = DIRECTION('',(0.,1.,0.));
#3445 = ORIENTED_EDGE('',*,*,#3446,.T.);
#3446 = EDGE_CURVE('',#3439,#3423,#3447,.T.);
#3447 = LINE('',#3448,#3449);
#3448 = CARTESIAN_POINT('',(-6.85,15.3,3.));
#3449 = VECTOR('',#3450,1.);
#3450 = DIRECTION('',(0.,0.,-1.));
#3451 = PLANE('',#3452);
#3452 = AXIS2_PLACEMENT_3D('',#3453,#3454,#3455);
#3453 = CARTESIAN_POINT('',(-6.85,15.3,3.));
#3454 = DIRECTION('',(-1.,0.,0.));
#3455 = DIRECTION('',(0.,1.,0.));
#3456 = ADVANCED_FACE('',(#3457),#3484,.F.);
#3457 = FACE_BOUND('',#3458,.F.);
#3458 = EDGE_LOOP('',(#3459,#3469,#3476,#3477));
#3459 = ORIENTED_EDGE('',*,*,#3460,.F.);
#3460 = EDGE_CURVE('',#3461,#3463,#3465,.T.);
#3461 = VERTEX_POINT('',#3462);
#3462 = CARTESIAN_POINT('',(-6.7,15.15,3.));
#3463 = VERTEX_POINT('',#3464);
#3464 = CARTESIAN_POINT('',(-6.7,15.15,0.));
#3465 = LINE('',#3466,#3467);
#3466 = CARTESIAN_POINT('',(-6.7,15.15,3.));
#3467 = VECTOR('',#3468,1.);
#3468 = DIRECTION('',(0.,0.,-1.));
#3469 = ORIENTED_EDGE('',*,*,#3470,.T.);
#3470 = EDGE_CURVE('',#3461,#3439,#3471,.T.);
#3471 = CIRCLE('',#3472,0.15);
#3472 = AXIS2_PLACEMENT_3D('',#3473,#3474,#3475);
#3473 = CARTESIAN_POINT('',(-6.7,15.3,3.));
#3474 = DIRECTION('',(0.,0.,-1.));
#3475 = DIRECTION('',(-1.,0.,0.));
#3476 = ORIENTED_EDGE('',*,*,#3446,.T.);
#3477 = ORIENTED_EDGE('',*,*,#3478,.T.);
#3478 = EDGE_CURVE('',#3423,#3463,#3479,.T.);
#3479 = CIRCLE('',#3480,0.15);
#3480 = AXIS2_PLACEMENT_3D('',#3481,#3482,#3483);
#3481 = CARTESIAN_POINT('',(-6.7,15.3,0.));
#3482 = DIRECTION('',(0.,0.,1.));
#3483 = DIRECTION('',(-1.,0.,0.));
#3484 = CYLINDRICAL_SURFACE('',#3485,0.15);
#3485 = AXIS2_PLACEMENT_3D('',#3486,#3487,#3488);
#3486 = CARTESIAN_POINT('',(-6.7,15.3,3.));
#3487 = DIRECTION('',(0.,0.,-1.));
#3488 = DIRECTION('',(-1.,0.,0.));
#3489 = ADVANCED_FACE('',(#3490),#3515,.F.);
#3490 = FACE_BOUND('',#3491,.T.);
#3491 = EDGE_LOOP('',(#3492,#3500,#3501,#3509));
#3492 = ORIENTED_EDGE('',*,*,#3493,.F.);
#3493 = EDGE_CURVE('',#3463,#3494,#3496,.T.);
#3494 = VERTEX_POINT('',#3495);
#3495 = CARTESIAN_POINT('',(-6.,15.15,0.));
#3496 = LINE('',#3497,#3498);
#3497 = CARTESIAN_POINT('',(-3.,15.15,0.));
#3498 = VECTOR('',#3499,1.);
#3499 = DIRECTION('',(1.,0.,0.));
#3500 = ORIENTED_EDGE('',*,*,#3460,.F.);
#3501 = ORIENTED_EDGE('',*,*,#3502,.F.);
#3502 = EDGE_CURVE('',#3503,#3461,#3505,.T.);
#3503 = VERTEX_POINT('',#3504);
#3504 = CARTESIAN_POINT('',(-6.,15.15,3.));
#3505 = LINE('',#3506,#3507);
#3506 = CARTESIAN_POINT('',(-3.,15.15,3.));
#3507 = VECTOR('',#3508,1.);
#3508 = DIRECTION('',(-1.,0.,0.));
#3509 = ORIENTED_EDGE('',*,*,#3510,.T.);
#3510 = EDGE_CURVE('',#3503,#3494,#3511,.T.);
#3511 = LINE('',#3512,#3513);
#3512 = CARTESIAN_POINT('',(-6.,15.15,3.));
#3513 = VECTOR('',#3514,1.);
#3514 = DIRECTION('',(0.,0.,-1.));
#3515 = PLANE('',#3516);
#3516 = AXIS2_PLACEMENT_3D('',#3517,#3518,#3519);
#3517 = CARTESIAN_POINT('',(-6.,15.15,3.));
#3518 = DIRECTION('',(0.,-1.,0.));
#3519 = DIRECTION('',(-1.,0.,0.));
#3520 = ADVANCED_FACE('',(#3521),#3548,.F.);
#3521 = FACE_BOUND('',#3522,.F.);
#3522 = EDGE_LOOP('',(#3523,#3533,#3540,#3541));
#3523 = ORIENTED_EDGE('',*,*,#3524,.F.);
#3524 = EDGE_CURVE('',#3525,#3527,#3529,.T.);
#3525 = VERTEX_POINT('',#3526);
#3526 = CARTESIAN_POINT('',(-5.85,15.3,3.));
#3527 = VERTEX_POINT('',#3528);
#3528 = CARTESIAN_POINT('',(-5.85,15.3,0.));
#3529 = LINE('',#3530,#3531);
#3530 = CARTESIAN_POINT('',(-5.85,15.3,3.));
#3531 = VECTOR('',#3532,1.);
#3532 = DIRECTION('',(0.,0.,-1.));
#3533 = ORIENTED_EDGE('',*,*,#3534,.T.);
#3534 = EDGE_CURVE('',#3525,#3503,#3535,.T.);
#3535 = CIRCLE('',#3536,0.15);
#3536 = AXIS2_PLACEMENT_3D('',#3537,#3538,#3539);
#3537 = CARTESIAN_POINT('',(-6.,15.3,3.));
#3538 = DIRECTION('',(0.,0.,-1.));
#3539 = DIRECTION('',(0.,-1.,0.));
#3540 = ORIENTED_EDGE('',*,*,#3510,.T.);
#3541 = ORIENTED_EDGE('',*,*,#3542,.T.);
#3542 = EDGE_CURVE('',#3494,#3527,#3543,.T.);
#3543 = CIRCLE('',#3544,0.15);
#3544 = AXIS2_PLACEMENT_3D('',#3545,#3546,#3547);
#3545 = CARTESIAN_POINT('',(-6.,15.3,0.));
#3546 = DIRECTION('',(0.,0.,1.));
#3547 = DIRECTION('',(0.,-1.,0.));
#3548 = CYLINDRICAL_SURFACE('',#3549,0.15);
#3549 = AXIS2_PLACEMENT_3D('',#3550,#3551,#3552);
#3550 = CARTESIAN_POINT('',(-6.,15.3,3.));
#3551 = DIRECTION('',(0.,0.,-1.));
#3552 = DIRECTION('',(0.,-1.,0.));
#3553 = ADVANCED_FACE('',(#3554),#3579,.F.);
#3554 = FACE_BOUND('',#3555,.T.);
#3555 = EDGE_LOOP('',(#3556,#3564,#3565,#3573));
#3556 = ORIENTED_EDGE('',*,*,#3557,.F.);
#3557 = EDGE_CURVE('',#3527,#3558,#3560,.T.);
#3558 = VERTEX_POINT('',#3559);
#3559 = CARTESIAN_POINT('',(-5.85,16.2,0.));
#3560 = LINE('',#3561,#3562);
#3561 = CARTESIAN_POINT('',(-5.85,8.1,0.));
#3562 = VECTOR('',#3563,1.);
#3563 = DIRECTION('',(-1.233581138472E-15,1.,0.));
#3564 = ORIENTED_EDGE('',*,*,#3524,.F.);
#3565 = ORIENTED_EDGE('',*,*,#3566,.F.);
#3566 = EDGE_CURVE('',#3567,#3525,#3569,.T.);
#3567 = VERTEX_POINT('',#3568);
#3568 = CARTESIAN_POINT('',(-5.85,16.2,3.));
#3569 = LINE('',#3570,#3571);
#3570 = CARTESIAN_POINT('',(-5.85,8.1,3.));
#3571 = VECTOR('',#3572,1.);
#3572 = DIRECTION('',(1.233581138472E-15,-1.,0.));
#3573 = ORIENTED_EDGE('',*,*,#3574,.T.);
#3574 = EDGE_CURVE('',#3567,#3558,#3575,.T.);
#3575 = LINE('',#3576,#3577);
#3576 = CARTESIAN_POINT('',(-5.85,16.2,3.));
#3577 = VECTOR('',#3578,1.);
#3578 = DIRECTION('',(0.,0.,-1.));
#3579 = PLANE('',#3580);
#3580 = AXIS2_PLACEMENT_3D('',#3581,#3582,#3583);
#3581 = CARTESIAN_POINT('',(-5.85,16.2,3.));
#3582 = DIRECTION('',(1.,1.233581138472E-15,0.));
#3583 = DIRECTION('',(1.233581138472E-15,-1.,0.));
#3584 = ADVANCED_FACE('',(#3585),#3612,.F.);
#3585 = FACE_BOUND('',#3586,.F.);
#3586 = EDGE_LOOP('',(#3587,#3597,#3604,#3605));
#3587 = ORIENTED_EDGE('',*,*,#3588,.F.);
#3588 = EDGE_CURVE('',#3589,#3591,#3593,.T.);
#3589 = VERTEX_POINT('',#3590);
#3590 = CARTESIAN_POINT('',(-6.,16.35,3.));
#3591 = VERTEX_POINT('',#3592);
#3592 = CARTESIAN_POINT('',(-6.,16.35,0.));
#3593 = LINE('',#3594,#3595);
#3594 = CARTESIAN_POINT('',(-6.,16.35,3.));
#3595 = VECTOR('',#3596,1.);
#3596 = DIRECTION('',(0.,0.,-1.));
#3597 = ORIENTED_EDGE('',*,*,#3598,.T.);
#3598 = EDGE_CURVE('',#3589,#3567,#3599,.T.);
#3599 = CIRCLE('',#3600,0.15);
#3600 = AXIS2_PLACEMENT_3D('',#3601,#3602,#3603);
#3601 = CARTESIAN_POINT('',(-6.,16.2,3.));
#3602 = DIRECTION('',(0.,0.,-1.));
#3603 = DIRECTION('',(1.,0.,0.));
#3604 = ORIENTED_EDGE('',*,*,#3574,.T.);
#3605 = ORIENTED_EDGE('',*,*,#3606,.T.);
#3606 = EDGE_CURVE('',#3558,#3591,#3607,.T.);
#3607 = CIRCLE('',#3608,0.15);
#3608 = AXIS2_PLACEMENT_3D('',#3609,#3610,#3611);
#3609 = CARTESIAN_POINT('',(-6.,16.2,0.));
#3610 = DIRECTION('',(0.,0.,1.));
#3611 = DIRECTION('',(1.,0.,-0.));
#3612 = CYLINDRICAL_SURFACE('',#3613,0.15);
#3613 = AXIS2_PLACEMENT_3D('',#3614,#3615,#3616);
#3614 = CARTESIAN_POINT('',(-6.,16.2,3.));
#3615 = DIRECTION('',(0.,0.,-1.));
#3616 = DIRECTION('',(1.,0.,0.));
#3617 = ADVANCED_FACE('',(#3618),#3643,.F.);
#3618 = FACE_BOUND('',#3619,.T.);
#3619 = EDGE_LOOP('',(#3620,#3628,#3629,#3637));
#3620 = ORIENTED_EDGE('',*,*,#3621,.F.);
#3621 = EDGE_CURVE('',#3591,#3622,#3624,.T.);
#3622 = VERTEX_POINT('',#3623);
#3623 = CARTESIAN_POINT('',(-6.7,16.35,0.));
#3624 = LINE('',#3625,#3626);
#3625 = CARTESIAN_POINT('',(-3.35,16.35,0.));
#3626 = VECTOR('',#3627,1.);
#3627 = DIRECTION('',(-1.,0.,0.));
#3628 = ORIENTED_EDGE('',*,*,#3588,.F.);
#3629 = ORIENTED_EDGE('',*,*,#3630,.F.);
#3630 = EDGE_CURVE('',#3631,#3589,#3633,.T.);
#3631 = VERTEX_POINT('',#3632);
#3632 = CARTESIAN_POINT('',(-6.7,16.35,3.));
#3633 = LINE('',#3634,#3635);
#3634 = CARTESIAN_POINT('',(-3.35,16.35,3.));
#3635 = VECTOR('',#3636,1.);
#3636 = DIRECTION('',(1.,0.,0.));
#3637 = ORIENTED_EDGE('',*,*,#3638,.T.);
#3638 = EDGE_CURVE('',#3631,#3622,#3639,.T.);
#3639 = LINE('',#3640,#3641);
#3640 = CARTESIAN_POINT('',(-6.7,16.35,3.));
#3641 = VECTOR('',#3642,1.);
#3642 = DIRECTION('',(0.,0.,-1.));
#3643 = PLANE('',#3644);
#3644 = AXIS2_PLACEMENT_3D('',#3645,#3646,#3647);
#3645 = CARTESIAN_POINT('',(-6.7,16.35,3.));
#3646 = DIRECTION('',(0.,1.,0.));
#3647 = DIRECTION('',(1.,0.,0.));
#3648 = ADVANCED_FACE('',(#3649),#3667,.F.);
#3649 = FACE_BOUND('',#3650,.F.);
#3650 = EDGE_LOOP('',(#3651,#3652,#3659,#3660));
#3651 = ORIENTED_EDGE('',*,*,#3430,.F.);
#3652 = ORIENTED_EDGE('',*,*,#3653,.T.);
#3653 = EDGE_CURVE('',#3431,#3631,#3654,.T.);
#3654 = CIRCLE('',#3655,0.15);
#3655 = AXIS2_PLACEMENT_3D('',#3656,#3657,#3658);
#3656 = CARTESIAN_POINT('',(-6.7,16.2,3.));
#3657 = DIRECTION('',(0.,0.,-1.));
#3658 = DIRECTION('',(0.,1.,0.));
#3659 = ORIENTED_EDGE('',*,*,#3638,.T.);
#3660 = ORIENTED_EDGE('',*,*,#3661,.T.);
#3661 = EDGE_CURVE('',#3622,#3421,#3662,.T.);
#3662 = CIRCLE('',#3663,0.15);
#3663 = AXIS2_PLACEMENT_3D('',#3664,#3665,#3666);
#3664 = CARTESIAN_POINT('',(-6.7,16.2,0.));
#3665 = DIRECTION('',(0.,-0.,1.));
#3666 = DIRECTION('',(0.,1.,0.));
#3667 = CYLINDRICAL_SURFACE('',#3668,0.15);
#3668 = AXIS2_PLACEMENT_3D('',#3669,#3670,#3671);
#3669 = CARTESIAN_POINT('',(-6.7,16.2,3.));
#3670 = DIRECTION('',(0.,0.,-1.));
#3671 = DIRECTION('',(0.,1.,0.));
#3672 = ADVANCED_FACE('',(#3673),#3707,.F.);
#3673 = FACE_BOUND('',#3674,.T.);
#3674 = EDGE_LOOP('',(#3675,#3685,#3693,#3701));
#3675 = ORIENTED_EDGE('',*,*,#3676,.F.);
#3676 = EDGE_CURVE('',#3677,#3679,#3681,.T.);
#3677 = VERTEX_POINT('',#3678);
#3678 = CARTESIAN_POINT('',(-17.01,16.2,0.));
#3679 = VERTEX_POINT('',#3680);
#3680 = CARTESIAN_POINT('',(-17.01,15.3,0.));
#3681 = LINE('',#3682,#3683);
#3682 = CARTESIAN_POINT('',(-17.01,7.65,0.));
#3683 = VECTOR('',#3684,1.);
#3684 = DIRECTION('',(0.,-1.,0.));
#3685 = ORIENTED_EDGE('',*,*,#3686,.F.);
#3686 = EDGE_CURVE('',#3687,#3677,#3689,.T.);
#3687 = VERTEX_POINT('',#3688);
#3688 = CARTESIAN_POINT('',(-17.01,16.2,3.));
#3689 = LINE('',#3690,#3691);
#3690 = CARTESIAN_POINT('',(-17.01,16.2,3.));
#3691 = VECTOR('',#3692,1.);
#3692 = DIRECTION('',(0.,0.,-1.));
#3693 = ORIENTED_EDGE('',*,*,#3694,.F.);
#3694 = EDGE_CURVE('',#3695,#3687,#3697,.T.);
#3695 = VERTEX_POINT('',#3696);
#3696 = CARTESIAN_POINT('',(-17.01,15.3,3.));
#3697 = LINE('',#3698,#3699);
#3698 = CARTESIAN_POINT('',(-17.01,7.65,3.));
#3699 = VECTOR('',#3700,1.);
#3700 = DIRECTION('',(0.,1.,0.));
#3701 = ORIENTED_EDGE('',*,*,#3702,.T.);
#3702 = EDGE_CURVE('',#3695,#3679,#3703,.T.);
#3703 = LINE('',#3704,#3705);
#3704 = CARTESIAN_POINT('',(-17.01,15.3,3.));
#3705 = VECTOR('',#3706,1.);
#3706 = DIRECTION('',(0.,0.,-1.));
#3707 = PLANE('',#3708);
#3708 = AXIS2_PLACEMENT_3D('',#3709,#3710,#3711);
#3709 = CARTESIAN_POINT('',(-17.01,15.3,3.));
#3710 = DIRECTION('',(-1.,0.,0.));
#3711 = DIRECTION('',(0.,1.,0.));
#3712 = ADVANCED_FACE('',(#3713),#3740,.F.);
#3713 = FACE_BOUND('',#3714,.F.);
#3714 = EDGE_LOOP('',(#3715,#3725,#3732,#3733));
#3715 = ORIENTED_EDGE('',*,*,#3716,.F.);
#3716 = EDGE_CURVE('',#3717,#3719,#3721,.T.);
#3717 = VERTEX_POINT('',#3718);
#3718 = CARTESIAN_POINT('',(-16.86,15.15,3.));
#3719 = VERTEX_POINT('',#3720);
#3720 = CARTESIAN_POINT('',(-16.86,15.15,0.));
#3721 = LINE('',#3722,#3723);
#3722 = CARTESIAN_POINT('',(-16.86,15.15,3.));
#3723 = VECTOR('',#3724,1.);
#3724 = DIRECTION('',(0.,0.,-1.));
#3725 = ORIENTED_EDGE('',*,*,#3726,.T.);
#3726 = EDGE_CURVE('',#3717,#3695,#3727,.T.);
#3727 = CIRCLE('',#3728,0.15);
#3728 = AXIS2_PLACEMENT_3D('',#3729,#3730,#3731);
#3729 = CARTESIAN_POINT('',(-16.86,15.3,3.));
#3730 = DIRECTION('',(0.,0.,-1.));
#3731 = DIRECTION('',(-1.,0.,0.));
#3732 = ORIENTED_EDGE('',*,*,#3702,.T.);
#3733 = ORIENTED_EDGE('',*,*,#3734,.T.);
#3734 = EDGE_CURVE('',#3679,#3719,#3735,.T.);
#3735 = CIRCLE('',#3736,0.15);
#3736 = AXIS2_PLACEMENT_3D('',#3737,#3738,#3739);
#3737 = CARTESIAN_POINT('',(-16.86,15.3,0.));
#3738 = DIRECTION('',(0.,0.,1.));
#3739 = DIRECTION('',(-1.,0.,0.));
#3740 = CYLINDRICAL_SURFACE('',#3741,0.15);
#3741 = AXIS2_PLACEMENT_3D('',#3742,#3743,#3744);
#3742 = CARTESIAN_POINT('',(-16.86,15.3,3.));
#3743 = DIRECTION('',(0.,0.,-1.));
#3744 = DIRECTION('',(-1.,0.,0.));
#3745 = ADVANCED_FACE('',(#3746),#3771,.F.);
#3746 = FACE_BOUND('',#3747,.T.);
#3747 = EDGE_LOOP('',(#3748,#3756,#3757,#3765));
#3748 = ORIENTED_EDGE('',*,*,#3749,.F.);
#3749 = EDGE_CURVE('',#3719,#3750,#3752,.T.);
#3750 = VERTEX_POINT('',#3751);
#3751 = CARTESIAN_POINT('',(-16.16,15.15,0.));
#3752 = LINE('',#3753,#3754);
#3753 = CARTESIAN_POINT('',(-8.08,15.15,0.));
#3754 = VECTOR('',#3755,1.);
#3755 = DIRECTION('',(1.,0.,0.));
#3756 = ORIENTED_EDGE('',*,*,#3716,.F.);
#3757 = ORIENTED_EDGE('',*,*,#3758,.F.);
#3758 = EDGE_CURVE('',#3759,#3717,#3761,.T.);
#3759 = VERTEX_POINT('',#3760);
#3760 = CARTESIAN_POINT('',(-16.16,15.15,3.));
#3761 = LINE('',#3762,#3763);
#3762 = CARTESIAN_POINT('',(-8.08,15.15,3.));
#3763 = VECTOR('',#3764,1.);
#3764 = DIRECTION('',(-1.,0.,0.));
#3765 = ORIENTED_EDGE('',*,*,#3766,.T.);
#3766 = EDGE_CURVE('',#3759,#3750,#3767,.T.);
#3767 = LINE('',#3768,#3769);
#3768 = CARTESIAN_POINT('',(-16.16,15.15,3.));
#3769 = VECTOR('',#3770,1.);
#3770 = DIRECTION('',(0.,0.,-1.));
#3771 = PLANE('',#3772);
#3772 = AXIS2_PLACEMENT_3D('',#3773,#3774,#3775);
#3773 = CARTESIAN_POINT('',(-16.16,15.15,3.));
#3774 = DIRECTION('',(0.,-1.,0.));
#3775 = DIRECTION('',(-1.,0.,0.));
#3776 = ADVANCED_FACE('',(#3777),#3804,.F.);
#3777 = FACE_BOUND('',#3778,.F.);
#3778 = EDGE_LOOP('',(#3779,#3789,#3796,#3797));
#3779 = ORIENTED_EDGE('',*,*,#3780,.F.);
#3780 = EDGE_CURVE('',#3781,#3783,#3785,.T.);
#3781 = VERTEX_POINT('',#3782);
#3782 = CARTESIAN_POINT('',(-16.01,15.3,3.));
#3783 = VERTEX_POINT('',#3784);
#3784 = CARTESIAN_POINT('',(-16.01,15.3,0.));
#3785 = LINE('',#3786,#3787);
#3786 = CARTESIAN_POINT('',(-16.01,15.3,3.));
#3787 = VECTOR('',#3788,1.);
#3788 = DIRECTION('',(0.,0.,-1.));
#3789 = ORIENTED_EDGE('',*,*,#3790,.T.);
#3790 = EDGE_CURVE('',#3781,#3759,#3791,.T.);
#3791 = CIRCLE('',#3792,0.15);
#3792 = AXIS2_PLACEMENT_3D('',#3793,#3794,#3795);
#3793 = CARTESIAN_POINT('',(-16.16,15.3,3.));
#3794 = DIRECTION('',(0.,0.,-1.));
#3795 = DIRECTION('',(0.,-1.,0.));
#3796 = ORIENTED_EDGE('',*,*,#3766,.T.);
#3797 = ORIENTED_EDGE('',*,*,#3798,.T.);
#3798 = EDGE_CURVE('',#3750,#3783,#3799,.T.);
#3799 = CIRCLE('',#3800,0.15);
#3800 = AXIS2_PLACEMENT_3D('',#3801,#3802,#3803);
#3801 = CARTESIAN_POINT('',(-16.16,15.3,0.));
#3802 = DIRECTION('',(0.,0.,1.));
#3803 = DIRECTION('',(0.,-1.,0.));
#3804 = CYLINDRICAL_SURFACE('',#3805,0.15);
#3805 = AXIS2_PLACEMENT_3D('',#3806,#3807,#3808);
#3806 = CARTESIAN_POINT('',(-16.16,15.3,3.));
#3807 = DIRECTION('',(0.,0.,-1.));
#3808 = DIRECTION('',(0.,-1.,0.));
#3809 = ADVANCED_FACE('',(#3810),#3835,.F.);
#3810 = FACE_BOUND('',#3811,.T.);
#3811 = EDGE_LOOP('',(#3812,#3820,#3821,#3829));
#3812 = ORIENTED_EDGE('',*,*,#3813,.F.);
#3813 = EDGE_CURVE('',#3783,#3814,#3816,.T.);
#3814 = VERTEX_POINT('',#3815);
#3815 = CARTESIAN_POINT('',(-16.01,16.2,0.));
#3816 = LINE('',#3817,#3818);
#3817 = CARTESIAN_POINT('',(-16.01,8.1,0.));
#3818 = VECTOR('',#3819,1.);
#3819 = DIRECTION('',(0.,1.,0.));
#3820 = ORIENTED_EDGE('',*,*,#3780,.F.);
#3821 = ORIENTED_EDGE('',*,*,#3822,.F.);
#3822 = EDGE_CURVE('',#3823,#3781,#3825,.T.);
#3823 = VERTEX_POINT('',#3824);
#3824 = CARTESIAN_POINT('',(-16.01,16.2,3.));
#3825 = LINE('',#3826,#3827);
#3826 = CARTESIAN_POINT('',(-16.01,8.1,3.));
#3827 = VECTOR('',#3828,1.);
#3828 = DIRECTION('',(0.,-1.,0.));
#3829 = ORIENTED_EDGE('',*,*,#3830,.T.);
#3830 = EDGE_CURVE('',#3823,#3814,#3831,.T.);
#3831 = LINE('',#3832,#3833);
#3832 = CARTESIAN_POINT('',(-16.01,16.2,3.));
#3833 = VECTOR('',#3834,1.);
#3834 = DIRECTION('',(0.,0.,-1.));
#3835 = PLANE('',#3836);
#3836 = AXIS2_PLACEMENT_3D('',#3837,#3838,#3839);
#3837 = CARTESIAN_POINT('',(-16.01,16.2,3.));
#3838 = DIRECTION('',(1.,0.,0.));
#3839 = DIRECTION('',(0.,-1.,0.));
#3840 = ADVANCED_FACE('',(#3841),#3868,.F.);
#3841 = FACE_BOUND('',#3842,.F.);
#3842 = EDGE_LOOP('',(#3843,#3853,#3860,#3861));
#3843 = ORIENTED_EDGE('',*,*,#3844,.F.);
#3844 = EDGE_CURVE('',#3845,#3847,#3849,.T.);
#3845 = VERTEX_POINT('',#3846);
#3846 = CARTESIAN_POINT('',(-16.16,16.35,3.));
#3847 = VERTEX_POINT('',#3848);
#3848 = CARTESIAN_POINT('',(-16.16,16.35,0.));
#3849 = LINE('',#3850,#3851);
#3850 = CARTESIAN_POINT('',(-16.16,16.35,3.));
#3851 = VECTOR('',#3852,1.);
#3852 = DIRECTION('',(0.,0.,-1.));
#3853 = ORIENTED_EDGE('',*,*,#3854,.T.);
#3854 = EDGE_CURVE('',#3845,#3823,#3855,.T.);
#3855 = CIRCLE('',#3856,0.15);
#3856 = AXIS2_PLACEMENT_3D('',#3857,#3858,#3859);
#3857 = CARTESIAN_POINT('',(-16.16,16.2,3.));
#3858 = DIRECTION('',(0.,0.,-1.));
#3859 = DIRECTION('',(1.,0.,0.));
#3860 = ORIENTED_EDGE('',*,*,#3830,.T.);
#3861 = ORIENTED_EDGE('',*,*,#3862,.T.);
#3862 = EDGE_CURVE('',#3814,#3847,#3863,.T.);
#3863 = CIRCLE('',#3864,0.15);
#3864 = AXIS2_PLACEMENT_3D('',#3865,#3866,#3867);
#3865 = CARTESIAN_POINT('',(-16.16,16.2,0.));
#3866 = DIRECTION('',(0.,0.,1.));
#3867 = DIRECTION('',(1.,0.,-0.));
#3868 = CYLINDRICAL_SURFACE('',#3869,0.15);
#3869 = AXIS2_PLACEMENT_3D('',#3870,#3871,#3872);
#3870 = CARTESIAN_POINT('',(-16.16,16.2,3.));
#3871 = DIRECTION('',(0.,0.,-1.));
#3872 = DIRECTION('',(1.,0.,0.));
#3873 = ADVANCED_FACE('',(#3874),#3899,.F.);
#3874 = FACE_BOUND('',#3875,.T.);
#3875 = EDGE_LOOP('',(#3876,#3884,#3885,#3893));
#3876 = ORIENTED_EDGE('',*,*,#3877,.F.);
#3877 = EDGE_CURVE('',#3847,#3878,#3880,.T.);
#3878 = VERTEX_POINT('',#3879);
#3879 = CARTESIAN_POINT('',(-16.86,16.35,0.));
#3880 = LINE('',#3881,#3882);
#3881 = CARTESIAN_POINT('',(-8.43,16.35,0.));
#3882 = VECTOR('',#3883,1.);
#3883 = DIRECTION('',(-1.,0.,0.));
#3884 = ORIENTED_EDGE('',*,*,#3844,.F.);
#3885 = ORIENTED_EDGE('',*,*,#3886,.F.);
#3886 = EDGE_CURVE('',#3887,#3845,#3889,.T.);
#3887 = VERTEX_POINT('',#3888);
#3888 = CARTESIAN_POINT('',(-16.86,16.35,3.));
#3889 = LINE('',#3890,#3891);
#3890 = CARTESIAN_POINT('',(-8.43,16.35,3.));
#3891 = VECTOR('',#3892,1.);
#3892 = DIRECTION('',(1.,0.,0.));
#3893 = ORIENTED_EDGE('',*,*,#3894,.T.);
#3894 = EDGE_CURVE('',#3887,#3878,#3895,.T.);
#3895 = LINE('',#3896,#3897);
#3896 = CARTESIAN_POINT('',(-16.86,16.35,3.));
#3897 = VECTOR('',#3898,1.);
#3898 = DIRECTION('',(0.,0.,-1.));
#3899 = PLANE('',#3900);
#3900 = AXIS2_PLACEMENT_3D('',#3901,#3902,#3903);
#3901 = CARTESIAN_POINT('',(-16.86,16.35,3.));
#3902 = DIRECTION('',(0.,1.,0.));
#3903 = DIRECTION('',(1.,0.,0.));
#3904 = ADVANCED_FACE('',(#3905),#3923,.F.);
#3905 = FACE_BOUND('',#3906,.F.);
#3906 = EDGE_LOOP('',(#3907,#3908,#3915,#3916));
#3907 = ORIENTED_EDGE('',*,*,#3686,.F.);
#3908 = ORIENTED_EDGE('',*,*,#3909,.T.);
#3909 = EDGE_CURVE('',#3687,#3887,#3910,.T.);
#3910 = CIRCLE('',#3911,0.15);
#3911 = AXIS2_PLACEMENT_3D('',#3912,#3913,#3914);
#3912 = CARTESIAN_POINT('',(-16.86,16.2,3.));
#3913 = DIRECTION('',(0.,0.,-1.));
#3914 = DIRECTION('',(0.,1.,0.));
#3915 = ORIENTED_EDGE('',*,*,#3894,.T.);
#3916 = ORIENTED_EDGE('',*,*,#3917,.T.);
#3917 = EDGE_CURVE('',#3878,#3677,#3918,.T.);
#3918 = CIRCLE('',#3919,0.15);
#3919 = AXIS2_PLACEMENT_3D('',#3920,#3921,#3922);
#3920 = CARTESIAN_POINT('',(-16.86,16.2,0.));
#3921 = DIRECTION('',(0.,-0.,1.));
#3922 = DIRECTION('',(0.,1.,0.));
#3923 = CYLINDRICAL_SURFACE('',#3924,0.15);
#3924 = AXIS2_PLACEMENT_3D('',#3925,#3926,#3927);
#3925 = CARTESIAN_POINT('',(-16.86,16.2,3.));
#3926 = DIRECTION('',(0.,0.,-1.));
#3927 = DIRECTION('',(0.,1.,0.));
#3928 = ADVANCED_FACE('',(#3929),#3956,.F.);
#3929 = FACE_BOUND('',#3930,.F.);
#3930 = EDGE_LOOP('',(#3931,#3941,#3948,#3949));
#3931 = ORIENTED_EDGE('',*,*,#3932,.T.);
#3932 = EDGE_CURVE('',#3933,#3935,#3937,.T.);
#3933 = VERTEX_POINT('',#3934);
#3934 = CARTESIAN_POINT('',(32.75,-15.8,3.));
#3935 = VERTEX_POINT('',#3936);
#3936 = CARTESIAN_POINT('',(32.75,-15.8,0.));
#3937 = LINE('',#3938,#3939);
#3938 = CARTESIAN_POINT('',(32.75,-15.8,3.));
#3939 = VECTOR('',#3940,1.);
#3940 = DIRECTION('',(0.,0.,-1.));
#3941 = ORIENTED_EDGE('',*,*,#3942,.T.);
#3942 = EDGE_CURVE('',#3935,#3935,#3943,.T.);
#3943 = CIRCLE('',#3944,1.2);
#3944 = AXIS2_PLACEMENT_3D('',#3945,#3946,#3947);
#3945 = CARTESIAN_POINT('',(31.55,-15.8,0.));
#3946 = DIRECTION('',(0.,0.,1.));
#3947 = DIRECTION('',(-1.,0.,0.));
#3948 = ORIENTED_EDGE('',*,*,#3932,.F.);
#3949 = ORIENTED_EDGE('',*,*,#3950,.T.);
#3950 = EDGE_CURVE('',#3933,#3933,#3951,.T.);
#3951 = CIRCLE('',#3952,1.2);
#3952 = AXIS2_PLACEMENT_3D('',#3953,#3954,#3955);
#3953 = CARTESIAN_POINT('',(31.55,-15.8,3.));
#3954 = DIRECTION('',(0.,0.,-1.));
#3955 = DIRECTION('',(-1.,0.,0.));
#3956 = CYLINDRICAL_SURFACE('',#3957,1.2);
#3957 = AXIS2_PLACEMENT_3D('',#3958,#3959,#3960);
#3958 = CARTESIAN_POINT('',(31.55,-15.8,3.));
#3959 = DIRECTION('',(0.,0.,-1.));
#3960 = DIRECTION('',(-1.,0.,0.));
#3961 = ADVANCED_FACE('',(#3962),#3989,.F.);
#3962 = FACE_BOUND('',#3963,.F.);
#3963 = EDGE_LOOP('',(#3964,#3974,#3981,#3982));
#3964 = ORIENTED_EDGE('',*,*,#3965,.T.);
#3965 = EDGE_CURVE('',#3966,#3968,#3970,.T.);
#3966 = VERTEX_POINT('',#3967);
#3967 = CARTESIAN_POINT('',(-30.35,-15.8,3.));
#3968 = VERTEX_POINT('',#3969);
#3969 = CARTESIAN_POINT('',(-30.35,-15.8,0.));
#3970 = LINE('',#3971,#3972);
#3971 = CARTESIAN_POINT('',(-30.35,-15.8,3.));
#3972 = VECTOR('',#3973,1.);
#3973 = DIRECTION('',(0.,0.,-1.));
#3974 = ORIENTED_EDGE('',*,*,#3975,.T.);
#3975 = EDGE_CURVE('',#3968,#3968,#3976,.T.);
#3976 = CIRCLE('',#3977,1.2);
#3977 = AXIS2_PLACEMENT_3D('',#3978,#3979,#3980);
#3978 = CARTESIAN_POINT('',(-31.55,-15.8,0.));
#3979 = DIRECTION('',(0.,0.,1.));
#3980 = DIRECTION('',(-1.,0.,0.));
#3981 = ORIENTED_EDGE('',*,*,#3965,.F.);
#3982 = ORIENTED_EDGE('',*,*,#3983,.T.);
#3983 = EDGE_CURVE('',#3966,#3966,#3984,.T.);
#3984 = CIRCLE('',#3985,1.2);
#3985 = AXIS2_PLACEMENT_3D('',#3986,#3987,#3988);
#3986 = CARTESIAN_POINT('',(-31.55,-15.8,3.));
#3987 = DIRECTION('',(0.,0.,-1.));
#3988 = DIRECTION('',(-1.,0.,0.));
#3989 = CYLINDRICAL_SURFACE('',#3990,1.2);
#3990 = AXIS2_PLACEMENT_3D('',#3991,#3992,#3993);
#3991 = CARTESIAN_POINT('',(-31.55,-15.8,3.));
#3992 = DIRECTION('',(0.,0.,-1.));
#3993 = DIRECTION('',(-1.,0.,0.));
#3994 = ADVANCED_FACE('',(#3995),#4022,.F.);
#3995 = FACE_BOUND('',#3996,.F.);
#3996 = EDGE_LOOP('',(#3997,#4007,#4014,#4015));
#3997 = ORIENTED_EDGE('',*,*,#3998,.T.);
#3998 = EDGE_CURVE('',#3999,#4001,#4003,.T.);
#3999 = VERTEX_POINT('',#4000);
#4000 = CARTESIAN_POINT('',(32.75,15.8,3.));
#4001 = VERTEX_POINT('',#4002);
#4002 = CARTESIAN_POINT('',(32.75,15.8,0.));
#4003 = LINE('',#4004,#4005);
#4004 = CARTESIAN_POINT('',(32.75,15.8,3.));
#4005 = VECTOR('',#4006,1.);
#4006 = DIRECTION('',(0.,0.,-1.));
#4007 = ORIENTED_EDGE('',*,*,#4008,.T.);
#4008 = EDGE_CURVE('',#4001,#4001,#4009,.T.);
#4009 = CIRCLE('',#4010,1.2);
#4010 = AXIS2_PLACEMENT_3D('',#4011,#4012,#4013);
#4011 = CARTESIAN_POINT('',(31.55,15.8,0.));
#4012 = DIRECTION('',(0.,0.,1.));
#4013 = DIRECTION('',(-1.,0.,0.));
#4014 = ORIENTED_EDGE('',*,*,#3998,.F.);
#4015 = ORIENTED_EDGE('',*,*,#4016,.T.);
#4016 = EDGE_CURVE('',#3999,#3999,#4017,.T.);
#4017 = CIRCLE('',#4018,1.2);
#4018 = AXIS2_PLACEMENT_3D('',#4019,#4020,#4021);
#4019 = CARTESIAN_POINT('',(31.55,15.8,3.));
#4020 = DIRECTION('',(0.,0.,-1.));
#4021 = DIRECTION('',(-1.,0.,0.));
#4022 = CYLINDRICAL_SURFACE('',#4023,1.2);
#4023 = AXIS2_PLACEMENT_3D('',#4024,#4025,#4026);
#4024 = CARTESIAN_POINT('',(31.55,15.8,3.));
#4025 = DIRECTION('',(0.,0.,-1.));
#4026 = DIRECTION('',(-1.,0.,0.));
#4027 = ADVANCED_FACE('',(#4028),#4062,.F.);
#4028 = FACE_BOUND('',#4029,.T.);
#4029 = EDGE_LOOP('',(#4030,#4040,#4048,#4056));
#4030 = ORIENTED_EDGE('',*,*,#4031,.F.);
#4031 = EDGE_CURVE('',#4032,#4034,#4036,.T.);
#4032 = VERTEX_POINT('',#4033);
#4033 = CARTESIAN_POINT('',(-19.55,16.2,0.));
#4034 = VERTEX_POINT('',#4035);
#4035 = CARTESIAN_POINT('',(-19.55,15.3,0.));
#4036 = LINE('',#4037,#4038);
#4037 = CARTESIAN_POINT('',(-19.55,7.65,0.));
#4038 = VECTOR('',#4039,1.);
#4039 = DIRECTION('',(0.,-1.,0.));
#4040 = ORIENTED_EDGE('',*,*,#4041,.F.);
#4041 = EDGE_CURVE('',#4042,#4032,#4044,.T.);
#4042 = VERTEX_POINT('',#4043);
#4043 = CARTESIAN_POINT('',(-19.55,16.2,3.));
#4044 = LINE('',#4045,#4046);
#4045 = CARTESIAN_POINT('',(-19.55,16.2,3.));
#4046 = VECTOR('',#4047,1.);
#4047 = DIRECTION('',(0.,0.,-1.));
#4048 = ORIENTED_EDGE('',*,*,#4049,.F.);
#4049 = EDGE_CURVE('',#4050,#4042,#4052,.T.);
#4050 = VERTEX_POINT('',#4051);
#4051 = CARTESIAN_POINT('',(-19.55,15.3,3.));
#4052 = LINE('',#4053,#4054);
#4053 = CARTESIAN_POINT('',(-19.55,7.65,3.));
#4054 = VECTOR('',#4055,1.);
#4055 = DIRECTION('',(0.,1.,0.));
#4056 = ORIENTED_EDGE('',*,*,#4057,.T.);
#4057 = EDGE_CURVE('',#4050,#4034,#4058,.T.);
#4058 = LINE('',#4059,#4060);
#4059 = CARTESIAN_POINT('',(-19.55,15.3,3.));
#4060 = VECTOR('',#4061,1.);
#4061 = DIRECTION('',(0.,0.,-1.));
#4062 = PLANE('',#4063);
#4063 = AXIS2_PLACEMENT_3D('',#4064,#4065,#4066);
#4064 = CARTESIAN_POINT('',(-19.55,15.3,3.));
#4065 = DIRECTION('',(-1.,0.,0.));
#4066 = DIRECTION('',(0.,1.,0.));
#4067 = ADVANCED_FACE('',(#4068),#4095,.F.);
#4068 = FACE_BOUND('',#4069,.F.);
#4069 = EDGE_LOOP('',(#4070,#4080,#4087,#4088));
#4070 = ORIENTED_EDGE('',*,*,#4071,.F.);
#4071 = EDGE_CURVE('',#4072,#4074,#4076,.T.);
#4072 = VERTEX_POINT('',#4073);
#4073 = CARTESIAN_POINT('',(-19.4,15.15,3.));
#4074 = VERTEX_POINT('',#4075);
#4075 = CARTESIAN_POINT('',(-19.4,15.15,0.));
#4076 = LINE('',#4077,#4078);
#4077 = CARTESIAN_POINT('',(-19.4,15.15,3.));
#4078 = VECTOR('',#4079,1.);
#4079 = DIRECTION('',(0.,0.,-1.));
#4080 = ORIENTED_EDGE('',*,*,#4081,.T.);
#4081 = EDGE_CURVE('',#4072,#4050,#4082,.T.);
#4082 = CIRCLE('',#4083,0.15);
#4083 = AXIS2_PLACEMENT_3D('',#4084,#4085,#4086);
#4084 = CARTESIAN_POINT('',(-19.4,15.3,3.));
#4085 = DIRECTION('',(0.,0.,-1.));
#4086 = DIRECTION('',(-1.,0.,0.));
#4087 = ORIENTED_EDGE('',*,*,#4057,.T.);
#4088 = ORIENTED_EDGE('',*,*,#4089,.T.);
#4089 = EDGE_CURVE('',#4034,#4074,#4090,.T.);
#4090 = CIRCLE('',#4091,0.15);
#4091 = AXIS2_PLACEMENT_3D('',#4092,#4093,#4094);
#4092 = CARTESIAN_POINT('',(-19.4,15.3,0.));
#4093 = DIRECTION('',(0.,0.,1.));
#4094 = DIRECTION('',(-1.,0.,0.));
#4095 = CYLINDRICAL_SURFACE('',#4096,0.15);
#4096 = AXIS2_PLACEMENT_3D('',#4097,#4098,#4099);
#4097 = CARTESIAN_POINT('',(-19.4,15.3,3.));
#4098 = DIRECTION('',(0.,0.,-1.));
#4099 = DIRECTION('',(-1.,0.,0.));
#4100 = ADVANCED_FACE('',(#4101),#4126,.F.);
#4101 = FACE_BOUND('',#4102,.T.);
#4102 = EDGE_LOOP('',(#4103,#4111,#4112,#4120));
#4103 = ORIENTED_EDGE('',*,*,#4104,.F.);
#4104 = EDGE_CURVE('',#4074,#4105,#4107,.T.);
#4105 = VERTEX_POINT('',#4106);
#4106 = CARTESIAN_POINT('',(-18.7,15.15,0.));
#4107 = LINE('',#4108,#4109);
#4108 = CARTESIAN_POINT('',(-9.35,15.15,0.));
#4109 = VECTOR('',#4110,1.);
#4110 = DIRECTION('',(1.,0.,0.));
#4111 = ORIENTED_EDGE('',*,*,#4071,.F.);
#4112 = ORIENTED_EDGE('',*,*,#4113,.F.);
#4113 = EDGE_CURVE('',#4114,#4072,#4116,.T.);
#4114 = VERTEX_POINT('',#4115);
#4115 = CARTESIAN_POINT('',(-18.7,15.15,3.));
#4116 = LINE('',#4117,#4118);
#4117 = CARTESIAN_POINT('',(-9.35,15.15,3.));
#4118 = VECTOR('',#4119,1.);
#4119 = DIRECTION('',(-1.,0.,0.));
#4120 = ORIENTED_EDGE('',*,*,#4121,.T.);
#4121 = EDGE_CURVE('',#4114,#4105,#4122,.T.);
#4122 = LINE('',#4123,#4124);
#4123 = CARTESIAN_POINT('',(-18.7,15.15,3.));
#4124 = VECTOR('',#4125,1.);
#4125 = DIRECTION('',(0.,0.,-1.));
#4126 = PLANE('',#4127);
#4127 = AXIS2_PLACEMENT_3D('',#4128,#4129,#4130);
#4128 = CARTESIAN_POINT('',(-18.7,15.15,3.));
#4129 = DIRECTION('',(0.,-1.,0.));
#4130 = DIRECTION('',(-1.,0.,0.));
#4131 = ADVANCED_FACE('',(#4132),#4159,.F.);
#4132 = FACE_BOUND('',#4133,.F.);
#4133 = EDGE_LOOP('',(#4134,#4144,#4151,#4152));
#4134 = ORIENTED_EDGE('',*,*,#4135,.F.);
#4135 = EDGE_CURVE('',#4136,#4138,#4140,.T.);
#4136 = VERTEX_POINT('',#4137);
#4137 = CARTESIAN_POINT('',(-18.55,15.3,3.));
#4138 = VERTEX_POINT('',#4139);
#4139 = CARTESIAN_POINT('',(-18.55,15.3,0.));
#4140 = LINE('',#4141,#4142);
#4141 = CARTESIAN_POINT('',(-18.55,15.3,3.));
#4142 = VECTOR('',#4143,1.);
#4143 = DIRECTION('',(0.,0.,-1.));
#4144 = ORIENTED_EDGE('',*,*,#4145,.T.);
#4145 = EDGE_CURVE('',#4136,#4114,#4146,.T.);
#4146 = CIRCLE('',#4147,0.15);
#4147 = AXIS2_PLACEMENT_3D('',#4148,#4149,#4150);
#4148 = CARTESIAN_POINT('',(-18.7,15.3,3.));
#4149 = DIRECTION('',(0.,0.,-1.));
#4150 = DIRECTION('',(0.,-1.,0.));
#4151 = ORIENTED_EDGE('',*,*,#4121,.T.);
#4152 = ORIENTED_EDGE('',*,*,#4153,.T.);
#4153 = EDGE_CURVE('',#4105,#4138,#4154,.T.);
#4154 = CIRCLE('',#4155,0.15);
#4155 = AXIS2_PLACEMENT_3D('',#4156,#4157,#4158);
#4156 = CARTESIAN_POINT('',(-18.7,15.3,0.));
#4157 = DIRECTION('',(0.,0.,1.));
#4158 = DIRECTION('',(0.,-1.,0.));
#4159 = CYLINDRICAL_SURFACE('',#4160,0.15);
#4160 = AXIS2_PLACEMENT_3D('',#4161,#4162,#4163);
#4161 = CARTESIAN_POINT('',(-18.7,15.3,3.));
#4162 = DIRECTION('',(0.,0.,-1.));
#4163 = DIRECTION('',(0.,-1.,0.));
#4164 = ADVANCED_FACE('',(#4165),#4190,.F.);
#4165 = FACE_BOUND('',#4166,.T.);
#4166 = EDGE_LOOP('',(#4167,#4175,#4176,#4184));
#4167 = ORIENTED_EDGE('',*,*,#4168,.F.);
#4168 = EDGE_CURVE('',#4138,#4169,#4171,.T.);
#4169 = VERTEX_POINT('',#4170);
#4170 = CARTESIAN_POINT('',(-18.55,16.2,0.));
#4171 = LINE('',#4172,#4173);
#4172 = CARTESIAN_POINT('',(-18.55,8.1,0.));
#4173 = VECTOR('',#4174,1.);
#4174 = DIRECTION('',(0.,1.,0.));
#4175 = ORIENTED_EDGE('',*,*,#4135,.F.);
#4176 = ORIENTED_EDGE('',*,*,#4177,.F.);
#4177 = EDGE_CURVE('',#4178,#4136,#4180,.T.);
#4178 = VERTEX_POINT('',#4179);
#4179 = CARTESIAN_POINT('',(-18.55,16.2,3.));
#4180 = LINE('',#4181,#4182);
#4181 = CARTESIAN_POINT('',(-18.55,8.1,3.));
#4182 = VECTOR('',#4183,1.);
#4183 = DIRECTION('',(0.,-1.,0.));
#4184 = ORIENTED_EDGE('',*,*,#4185,.T.);
#4185 = EDGE_CURVE('',#4178,#4169,#4186,.T.);
#4186 = LINE('',#4187,#4188);
#4187 = CARTESIAN_POINT('',(-18.55,16.2,3.));
#4188 = VECTOR('',#4189,1.);
#4189 = DIRECTION('',(0.,0.,-1.));
#4190 = PLANE('',#4191);
#4191 = AXIS2_PLACEMENT_3D('',#4192,#4193,#4194);
#4192 = CARTESIAN_POINT('',(-18.55,16.2,3.));
#4193 = DIRECTION('',(1.,0.,0.));
#4194 = DIRECTION('',(0.,-1.,0.));
#4195 = ADVANCED_FACE('',(#4196),#4223,.F.);
#4196 = FACE_BOUND('',#4197,.F.);
#4197 = EDGE_LOOP('',(#4198,#4208,#4215,#4216));
#4198 = ORIENTED_EDGE('',*,*,#4199,.F.);
#4199 = EDGE_CURVE('',#4200,#4202,#4204,.T.);
#4200 = VERTEX_POINT('',#4201);
#4201 = CARTESIAN_POINT('',(-18.7,16.35,3.));
#4202 = VERTEX_POINT('',#4203);
#4203 = CARTESIAN_POINT('',(-18.7,16.35,0.));
#4204 = LINE('',#4205,#4206);
#4205 = CARTESIAN_POINT('',(-18.7,16.35,3.));
#4206 = VECTOR('',#4207,1.);
#4207 = DIRECTION('',(0.,0.,-1.));
#4208 = ORIENTED_EDGE('',*,*,#4209,.T.);
#4209 = EDGE_CURVE('',#4200,#4178,#4210,.T.);
#4210 = CIRCLE('',#4211,0.15);
#4211 = AXIS2_PLACEMENT_3D('',#4212,#4213,#4214);
#4212 = CARTESIAN_POINT('',(-18.7,16.2,3.));
#4213 = DIRECTION('',(0.,0.,-1.));
#4214 = DIRECTION('',(1.,0.,0.));
#4215 = ORIENTED_EDGE('',*,*,#4185,.T.);
#4216 = ORIENTED_EDGE('',*,*,#4217,.T.);
#4217 = EDGE_CURVE('',#4169,#4202,#4218,.T.);
#4218 = CIRCLE('',#4219,0.15);
#4219 = AXIS2_PLACEMENT_3D('',#4220,#4221,#4222);
#4220 = CARTESIAN_POINT('',(-18.7,16.2,0.));
#4221 = DIRECTION('',(0.,0.,1.));
#4222 = DIRECTION('',(1.,0.,-0.));
#4223 = CYLINDRICAL_SURFACE('',#4224,0.15);
#4224 = AXIS2_PLACEMENT_3D('',#4225,#4226,#4227);
#4225 = CARTESIAN_POINT('',(-18.7,16.2,3.));
#4226 = DIRECTION('',(0.,0.,-1.));
#4227 = DIRECTION('',(1.,0.,0.));
#4228 = ADVANCED_FACE('',(#4229),#4254,.F.);
#4229 = FACE_BOUND('',#4230,.T.);
#4230 = EDGE_LOOP('',(#4231,#4239,#4240,#4248));
#4231 = ORIENTED_EDGE('',*,*,#4232,.F.);
#4232 = EDGE_CURVE('',#4202,#4233,#4235,.T.);
#4233 = VERTEX_POINT('',#4234);
#4234 = CARTESIAN_POINT('',(-19.4,16.35,0.));
#4235 = LINE('',#4236,#4237);
#4236 = CARTESIAN_POINT('',(-9.7,16.35,0.));
#4237 = VECTOR('',#4238,1.);
#4238 = DIRECTION('',(-1.,0.,0.));
#4239 = ORIENTED_EDGE('',*,*,#4199,.F.);
#4240 = ORIENTED_EDGE('',*,*,#4241,.F.);
#4241 = EDGE_CURVE('',#4242,#4200,#4244,.T.);
#4242 = VERTEX_POINT('',#4243);
#4243 = CARTESIAN_POINT('',(-19.4,16.35,3.));
#4244 = LINE('',#4245,#4246);
#4245 = CARTESIAN_POINT('',(-9.7,16.35,3.));
#4246 = VECTOR('',#4247,1.);
#4247 = DIRECTION('',(1.,0.,0.));
#4248 = ORIENTED_EDGE('',*,*,#4249,.T.);
#4249 = EDGE_CURVE('',#4242,#4233,#4250,.T.);
#4250 = LINE('',#4251,#4252);
#4251 = CARTESIAN_POINT('',(-19.4,16.35,3.));
#4252 = VECTOR('',#4253,1.);
#4253 = DIRECTION('',(0.,0.,-1.));
#4254 = PLANE('',#4255);
#4255 = AXIS2_PLACEMENT_3D('',#4256,#4257,#4258);
#4256 = CARTESIAN_POINT('',(-19.4,16.35,3.));
#4257 = DIRECTION('',(0.,1.,0.));
#4258 = DIRECTION('',(1.,0.,0.));
#4259 = ADVANCED_FACE('',(#4260),#4278,.F.);
#4260 = FACE_BOUND('',#4261,.F.);
#4261 = EDGE_LOOP('',(#4262,#4263,#4270,#4271));
#4262 = ORIENTED_EDGE('',*,*,#4041,.F.);
#4263 = ORIENTED_EDGE('',*,*,#4264,.T.);
#4264 = EDGE_CURVE('',#4042,#4242,#4265,.T.);
#4265 = CIRCLE('',#4266,0.15);
#4266 = AXIS2_PLACEMENT_3D('',#4267,#4268,#4269);
#4267 = CARTESIAN_POINT('',(-19.4,16.2,3.));
#4268 = DIRECTION('',(0.,0.,-1.));
#4269 = DIRECTION('',(0.,1.,0.));
#4270 = ORIENTED_EDGE('',*,*,#4249,.T.);
#4271 = ORIENTED_EDGE('',*,*,#4272,.T.);
#4272 = EDGE_CURVE('',#4233,#4032,#4273,.T.);
#4273 = CIRCLE('',#4274,0.15);
#4274 = AXIS2_PLACEMENT_3D('',#4275,#4276,#4277);
#4275 = CARTESIAN_POINT('',(-19.4,16.2,0.));
#4276 = DIRECTION('',(0.,-0.,1.));
#4277 = DIRECTION('',(0.,1.,0.));
#4278 = CYLINDRICAL_SURFACE('',#4279,0.15);
#4279 = AXIS2_PLACEMENT_3D('',#4280,#4281,#4282);
#4280 = CARTESIAN_POINT('',(-19.4,16.2,3.));
#4281 = DIRECTION('',(0.,0.,-1.));
#4282 = DIRECTION('',(0.,1.,0.));
#4283 = ADVANCED_FACE('',(#4284),#4318,.F.);
#4284 = FACE_BOUND('',#4285,.T.);
#4285 = EDGE_LOOP('',(#4286,#4296,#4304,#4312));
#4286 = ORIENTED_EDGE('',*,*,#4287,.F.);
#4287 = EDGE_CURVE('',#4288,#4290,#4292,.T.);
#4288 = VERTEX_POINT('',#4289);
#4289 = CARTESIAN_POINT('',(-9.39,16.2,0.));
#4290 = VERTEX_POINT('',#4291);
#4291 = CARTESIAN_POINT('',(-9.39,15.3,0.));
#4292 = LINE('',#4293,#4294);
#4293 = CARTESIAN_POINT('',(-9.39,7.65,0.));
#4294 = VECTOR('',#4295,1.);
#4295 = DIRECTION('',(0.,-1.,0.));
#4296 = ORIENTED_EDGE('',*,*,#4297,.F.);
#4297 = EDGE_CURVE('',#4298,#4288,#4300,.T.);
#4298 = VERTEX_POINT('',#4299);
#4299 = CARTESIAN_POINT('',(-9.39,16.2,3.));
#4300 = LINE('',#4301,#4302);
#4301 = CARTESIAN_POINT('',(-9.39,16.2,3.));
#4302 = VECTOR('',#4303,1.);
#4303 = DIRECTION('',(0.,0.,-1.));
#4304 = ORIENTED_EDGE('',*,*,#4305,.F.);
#4305 = EDGE_CURVE('',#4306,#4298,#4308,.T.);
#4306 = VERTEX_POINT('',#4307);
#4307 = CARTESIAN_POINT('',(-9.39,15.3,3.));
#4308 = LINE('',#4309,#4310);
#4309 = CARTESIAN_POINT('',(-9.39,7.65,3.));
#4310 = VECTOR('',#4311,1.);
#4311 = DIRECTION('',(0.,1.,0.));
#4312 = ORIENTED_EDGE('',*,*,#4313,.T.);
#4313 = EDGE_CURVE('',#4306,#4290,#4314,.T.);
#4314 = LINE('',#4315,#4316);
#4315 = CARTESIAN_POINT('',(-9.39,15.3,3.));
#4316 = VECTOR('',#4317,1.);
#4317 = DIRECTION('',(0.,0.,-1.));
#4318 = PLANE('',#4319);
#4319 = AXIS2_PLACEMENT_3D('',#4320,#4321,#4322);
#4320 = CARTESIAN_POINT('',(-9.39,15.3,3.));
#4321 = DIRECTION('',(-1.,0.,0.));
#4322 = DIRECTION('',(0.,1.,0.));
#4323 = ADVANCED_FACE('',(#4324),#4351,.F.);
#4324 = FACE_BOUND('',#4325,.F.);
#4325 = EDGE_LOOP('',(#4326,#4336,#4343,#4344));
#4326 = ORIENTED_EDGE('',*,*,#4327,.F.);
#4327 = EDGE_CURVE('',#4328,#4330,#4332,.T.);
#4328 = VERTEX_POINT('',#4329);
#4329 = CARTESIAN_POINT('',(-9.24,15.15,3.));
#4330 = VERTEX_POINT('',#4331);
#4331 = CARTESIAN_POINT('',(-9.24,15.15,0.));
#4332 = LINE('',#4333,#4334);
#4333 = CARTESIAN_POINT('',(-9.24,15.15,3.));
#4334 = VECTOR('',#4335,1.);
#4335 = DIRECTION('',(0.,0.,-1.));
#4336 = ORIENTED_EDGE('',*,*,#4337,.T.);
#4337 = EDGE_CURVE('',#4328,#4306,#4338,.T.);
#4338 = CIRCLE('',#4339,0.15);
#4339 = AXIS2_PLACEMENT_3D('',#4340,#4341,#4342);
#4340 = CARTESIAN_POINT('',(-9.24,15.3,3.));
#4341 = DIRECTION('',(0.,0.,-1.));
#4342 = DIRECTION('',(-1.,0.,0.));
#4343 = ORIENTED_EDGE('',*,*,#4313,.T.);
#4344 = ORIENTED_EDGE('',*,*,#4345,.T.);
#4345 = EDGE_CURVE('',#4290,#4330,#4346,.T.);
#4346 = CIRCLE('',#4347,0.15);
#4347 = AXIS2_PLACEMENT_3D('',#4348,#4349,#4350);
#4348 = CARTESIAN_POINT('',(-9.24,15.3,0.));
#4349 = DIRECTION('',(0.,0.,1.));
#4350 = DIRECTION('',(-1.,0.,0.));
#4351 = CYLINDRICAL_SURFACE('',#4352,0.15);
#4352 = AXIS2_PLACEMENT_3D('',#4353,#4354,#4355);
#4353 = CARTESIAN_POINT('',(-9.24,15.3,3.));
#4354 = DIRECTION('',(0.,0.,-1.));
#4355 = DIRECTION('',(-1.,0.,0.));
#4356 = ADVANCED_FACE('',(#4357),#4382,.F.);
#4357 = FACE_BOUND('',#4358,.T.);
#4358 = EDGE_LOOP('',(#4359,#4367,#4368,#4376));
#4359 = ORIENTED_EDGE('',*,*,#4360,.F.);
#4360 = EDGE_CURVE('',#4330,#4361,#4363,.T.);
#4361 = VERTEX_POINT('',#4362);
#4362 = CARTESIAN_POINT('',(-8.54,15.15,0.));
#4363 = LINE('',#4364,#4365);
#4364 = CARTESIAN_POINT('',(-4.27,15.15,0.));
#4365 = VECTOR('',#4366,1.);
#4366 = DIRECTION('',(1.,0.,0.));
#4367 = ORIENTED_EDGE('',*,*,#4327,.F.);
#4368 = ORIENTED_EDGE('',*,*,#4369,.F.);
#4369 = EDGE_CURVE('',#4370,#4328,#4372,.T.);
#4370 = VERTEX_POINT('',#4371);
#4371 = CARTESIAN_POINT('',(-8.54,15.15,3.));
#4372 = LINE('',#4373,#4374);
#4373 = CARTESIAN_POINT('',(-4.27,15.15,3.));
#4374 = VECTOR('',#4375,1.);
#4375 = DIRECTION('',(-1.,0.,0.));
#4376 = ORIENTED_EDGE('',*,*,#4377,.T.);
#4377 = EDGE_CURVE('',#4370,#4361,#4378,.T.);
#4378 = LINE('',#4379,#4380);
#4379 = CARTESIAN_POINT('',(-8.54,15.15,3.));
#4380 = VECTOR('',#4381,1.);
#4381 = DIRECTION('',(0.,0.,-1.));
#4382 = PLANE('',#4383);
#4383 = AXIS2_PLACEMENT_3D('',#4384,#4385,#4386);
#4384 = CARTESIAN_POINT('',(-8.54,15.15,3.));
#4385 = DIRECTION('',(0.,-1.,0.));
#4386 = DIRECTION('',(-1.,0.,0.));
#4387 = ADVANCED_FACE('',(#4388),#4415,.F.);
#4388 = FACE_BOUND('',#4389,.F.);
#4389 = EDGE_LOOP('',(#4390,#4400,#4407,#4408));
#4390 = ORIENTED_EDGE('',*,*,#4391,.F.);
#4391 = EDGE_CURVE('',#4392,#4394,#4396,.T.);
#4392 = VERTEX_POINT('',#4393);
#4393 = CARTESIAN_POINT('',(-8.39,15.3,3.));
#4394 = VERTEX_POINT('',#4395);
#4395 = CARTESIAN_POINT('',(-8.39,15.3,0.));
#4396 = LINE('',#4397,#4398);
#4397 = CARTESIAN_POINT('',(-8.39,15.3,3.));
#4398 = VECTOR('',#4399,1.);
#4399 = DIRECTION('',(0.,0.,-1.));
#4400 = ORIENTED_EDGE('',*,*,#4401,.T.);
#4401 = EDGE_CURVE('',#4392,#4370,#4402,.T.);
#4402 = CIRCLE('',#4403,0.15);
#4403 = AXIS2_PLACEMENT_3D('',#4404,#4405,#4406);
#4404 = CARTESIAN_POINT('',(-8.54,15.3,3.));
#4405 = DIRECTION('',(0.,0.,-1.));
#4406 = DIRECTION('',(0.,-1.,0.));
#4407 = ORIENTED_EDGE('',*,*,#4377,.T.);
#4408 = ORIENTED_EDGE('',*,*,#4409,.T.);
#4409 = EDGE_CURVE('',#4361,#4394,#4410,.T.);
#4410 = CIRCLE('',#4411,0.15);
#4411 = AXIS2_PLACEMENT_3D('',#4412,#4413,#4414);
#4412 = CARTESIAN_POINT('',(-8.54,15.3,0.));
#4413 = DIRECTION('',(0.,0.,1.));
#4414 = DIRECTION('',(0.,-1.,0.));
#4415 = CYLINDRICAL_SURFACE('',#4416,0.15);
#4416 = AXIS2_PLACEMENT_3D('',#4417,#4418,#4419);
#4417 = CARTESIAN_POINT('',(-8.54,15.3,3.));
#4418 = DIRECTION('',(0.,0.,-1.));
#4419 = DIRECTION('',(0.,-1.,0.));
#4420 = ADVANCED_FACE('',(#4421),#4446,.F.);
#4421 = FACE_BOUND('',#4422,.T.);
#4422 = EDGE_LOOP('',(#4423,#4431,#4432,#4440));
#4423 = ORIENTED_EDGE('',*,*,#4424,.F.);
#4424 = EDGE_CURVE('',#4394,#4425,#4427,.T.);
#4425 = VERTEX_POINT('',#4426);
#4426 = CARTESIAN_POINT('',(-8.39,16.2,0.));
#4427 = LINE('',#4428,#4429);
#4428 = CARTESIAN_POINT('',(-8.39,8.1,0.));
#4429 = VECTOR('',#4430,1.);
#4430 = DIRECTION('',(-1.233581138472E-15,1.,0.));
#4431 = ORIENTED_EDGE('',*,*,#4391,.F.);
#4432 = ORIENTED_EDGE('',*,*,#4433,.F.);
#4433 = EDGE_CURVE('',#4434,#4392,#4436,.T.);
#4434 = VERTEX_POINT('',#4435);
#4435 = CARTESIAN_POINT('',(-8.39,16.2,3.));
#4436 = LINE('',#4437,#4438);
#4437 = CARTESIAN_POINT('',(-8.39,8.1,3.));
#4438 = VECTOR('',#4439,1.);
#4439 = DIRECTION('',(1.233581138472E-15,-1.,0.));
#4440 = ORIENTED_EDGE('',*,*,#4441,.T.);
#4441 = EDGE_CURVE('',#4434,#4425,#4442,.T.);
#4442 = LINE('',#4443,#4444);
#4443 = CARTESIAN_POINT('',(-8.39,16.2,3.));
#4444 = VECTOR('',#4445,1.);
#4445 = DIRECTION('',(0.,0.,-1.));
#4446 = PLANE('',#4447);
#4447 = AXIS2_PLACEMENT_3D('',#4448,#4449,#4450);
#4448 = CARTESIAN_POINT('',(-8.39,16.2,3.));
#4449 = DIRECTION('',(1.,1.233581138472E-15,0.));
#4450 = DIRECTION('',(1.233581138472E-15,-1.,0.));
#4451 = ADVANCED_FACE('',(#4452),#4479,.F.);
#4452 = FACE_BOUND('',#4453,.F.);
#4453 = EDGE_LOOP('',(#4454,#4464,#4471,#4472));
#4454 = ORIENTED_EDGE('',*,*,#4455,.F.);
#4455 = EDGE_CURVE('',#4456,#4458,#4460,.T.);
#4456 = VERTEX_POINT('',#4457);
#4457 = CARTESIAN_POINT('',(-8.54,16.35,3.));
#4458 = VERTEX_POINT('',#4459);
#4459 = CARTESIAN_POINT('',(-8.54,16.35,0.));
#4460 = LINE('',#4461,#4462);
#4461 = CARTESIAN_POINT('',(-8.54,16.35,3.));
#4462 = VECTOR('',#4463,1.);
#4463 = DIRECTION('',(0.,0.,-1.));
#4464 = ORIENTED_EDGE('',*,*,#4465,.T.);
#4465 = EDGE_CURVE('',#4456,#4434,#4466,.T.);
#4466 = CIRCLE('',#4467,0.15);
#4467 = AXIS2_PLACEMENT_3D('',#4468,#4469,#4470);
#4468 = CARTESIAN_POINT('',(-8.54,16.2,3.));
#4469 = DIRECTION('',(0.,0.,-1.));
#4470 = DIRECTION('',(1.,0.,0.));
#4471 = ORIENTED_EDGE('',*,*,#4441,.T.);
#4472 = ORIENTED_EDGE('',*,*,#4473,.T.);
#4473 = EDGE_CURVE('',#4425,#4458,#4474,.T.);
#4474 = CIRCLE('',#4475,0.15);
#4475 = AXIS2_PLACEMENT_3D('',#4476,#4477,#4478);
#4476 = CARTESIAN_POINT('',(-8.54,16.2,0.));
#4477 = DIRECTION('',(0.,0.,1.));
#4478 = DIRECTION('',(1.,0.,-0.));
#4479 = CYLINDRICAL_SURFACE('',#4480,0.15);
#4480 = AXIS2_PLACEMENT_3D('',#4481,#4482,#4483);
#4481 = CARTESIAN_POINT('',(-8.54,16.2,3.));
#4482 = DIRECTION('',(0.,0.,-1.));
#4483 = DIRECTION('',(1.,0.,0.));
#4484 = ADVANCED_FACE('',(#4485),#4510,.F.);
#4485 = FACE_BOUND('',#4486,.T.);
#4486 = EDGE_LOOP('',(#4487,#4495,#4496,#4504));
#4487 = ORIENTED_EDGE('',*,*,#4488,.F.);
#4488 = EDGE_CURVE('',#4458,#4489,#4491,.T.);
#4489 = VERTEX_POINT('',#4490);
#4490 = CARTESIAN_POINT('',(-9.24,16.35,0.));
#4491 = LINE('',#4492,#4493);
#4492 = CARTESIAN_POINT('',(-4.62,16.35,0.));
#4493 = VECTOR('',#4494,1.);
#4494 = DIRECTION('',(-1.,0.,0.));
#4495 = ORIENTED_EDGE('',*,*,#4455,.F.);
#4496 = ORIENTED_EDGE('',*,*,#4497,.F.);
#4497 = EDGE_CURVE('',#4498,#4456,#4500,.T.);
#4498 = VERTEX_POINT('',#4499);
#4499 = CARTESIAN_POINT('',(-9.24,16.35,3.));
#4500 = LINE('',#4501,#4502);
#4501 = CARTESIAN_POINT('',(-4.62,16.35,3.));
#4502 = VECTOR('',#4503,1.);
#4503 = DIRECTION('',(1.,0.,0.));
#4504 = ORIENTED_EDGE('',*,*,#4505,.T.);
#4505 = EDGE_CURVE('',#4498,#4489,#4506,.T.);
#4506 = LINE('',#4507,#4508);
#4507 = CARTESIAN_POINT('',(-9.24,16.35,3.));
#4508 = VECTOR('',#4509,1.);
#4509 = DIRECTION('',(0.,0.,-1.));
#4510 = PLANE('',#4511);
#4511 = AXIS2_PLACEMENT_3D('',#4512,#4513,#4514);
#4512 = CARTESIAN_POINT('',(-9.24,16.35,3.));
#4513 = DIRECTION('',(0.,1.,0.));
#4514 = DIRECTION('',(1.,0.,0.));
#4515 = ADVANCED_FACE('',(#4516),#4534,.F.);
#4516 = FACE_BOUND('',#4517,.F.);
#4517 = EDGE_LOOP('',(#4518,#4519,#4526,#4527));
#4518 = ORIENTED_EDGE('',*,*,#4297,.F.);
#4519 = ORIENTED_EDGE('',*,*,#4520,.T.);
#4520 = EDGE_CURVE('',#4298,#4498,#4521,.T.);
#4521 = CIRCLE('',#4522,0.15);
#4522 = AXIS2_PLACEMENT_3D('',#4523,#4524,#4525);
#4523 = CARTESIAN_POINT('',(-9.24,16.2,3.));
#4524 = DIRECTION('',(0.,0.,-1.));
#4525 = DIRECTION('',(0.,1.,0.));
#4526 = ORIENTED_EDGE('',*,*,#4505,.T.);
#4527 = ORIENTED_EDGE('',*,*,#4528,.T.);
#4528 = EDGE_CURVE('',#4489,#4288,#4529,.T.);
#4529 = CIRCLE('',#4530,0.15);
#4530 = AXIS2_PLACEMENT_3D('',#4531,#4532,#4533);
#4531 = CARTESIAN_POINT('',(-9.24,16.2,0.));
#4532 = DIRECTION('',(0.,-0.,1.));
#4533 = DIRECTION('',(0.,1.,0.));
#4534 = CYLINDRICAL_SURFACE('',#4535,0.15);
#4535 = AXIS2_PLACEMENT_3D('',#4536,#4537,#4538);
#4536 = CARTESIAN_POINT('',(-9.24,16.2,3.));
#4537 = DIRECTION('',(0.,0.,-1.));
#4538 = DIRECTION('',(0.,1.,0.));
#4539 = ADVANCED_FACE('',(#4540),#4576,.F.);
#4540 = FACE_BOUND('',#4541,.F.);
#4541 = EDGE_LOOP('',(#4542,#4552,#4561,#4569));
#4542 = ORIENTED_EDGE('',*,*,#4543,.F.);
#4543 = EDGE_CURVE('',#4544,#4546,#4548,.T.);
#4544 = VERTEX_POINT('',#4545);
#4545 = CARTESIAN_POINT('',(4.31,15.3,3.));
#4546 = VERTEX_POINT('',#4547);
#4547 = CARTESIAN_POINT('',(4.31,15.3,0.));
#4548 = LINE('',#4549,#4550);
#4549 = CARTESIAN_POINT('',(4.31,15.3,3.));
#4550 = VECTOR('',#4551,1.);
#4551 = DIRECTION('',(0.,0.,-1.));
#4552 = ORIENTED_EDGE('',*,*,#4553,.T.);
#4553 = EDGE_CURVE('',#4544,#4554,#4556,.T.);
#4554 = VERTEX_POINT('',#4555);
#4555 = CARTESIAN_POINT('',(4.16,15.15,3.));
#4556 = CIRCLE('',#4557,0.15);
#4557 = AXIS2_PLACEMENT_3D('',#4558,#4559,#4560);
#4558 = CARTESIAN_POINT('',(4.16,15.3,3.));
#4559 = DIRECTION('',(0.,0.,-1.));
#4560 = DIRECTION('',(0.,-1.,0.));
#4561 = ORIENTED_EDGE('',*,*,#4562,.T.);
#4562 = EDGE_CURVE('',#4554,#4563,#4565,.T.);
#4563 = VERTEX_POINT('',#4564);
#4564 = CARTESIAN_POINT('',(4.16,15.15,0.));
#4565 = LINE('',#4566,#4567);
#4566 = CARTESIAN_POINT('',(4.16,15.15,3.));
#4567 = VECTOR('',#4568,1.);
#4568 = DIRECTION('',(0.,0.,-1.));
#4569 = ORIENTED_EDGE('',*,*,#4570,.T.);
#4570 = EDGE_CURVE('',#4563,#4546,#4571,.T.);
#4571 = CIRCLE('',#4572,0.15);
#4572 = AXIS2_PLACEMENT_3D('',#4573,#4574,#4575);
#4573 = CARTESIAN_POINT('',(4.16,15.3,0.));
#4574 = DIRECTION('',(0.,0.,1.));
#4575 = DIRECTION('',(0.,-1.,0.));
#4576 = CYLINDRICAL_SURFACE('',#4577,0.15);
#4577 = AXIS2_PLACEMENT_3D('',#4578,#4579,#4580);
#4578 = CARTESIAN_POINT('',(4.16,15.3,3.));
#4579 = DIRECTION('',(0.,0.,-1.));
#4580 = DIRECTION('',(0.,-1.,0.));
#4581 = ADVANCED_FACE('',(#4582),#4607,.F.);
#4582 = FACE_BOUND('',#4583,.T.);
#4583 = EDGE_LOOP('',(#4584,#4592,#4593,#4601));
#4584 = ORIENTED_EDGE('',*,*,#4585,.F.);
#4585 = EDGE_CURVE('',#4546,#4586,#4588,.T.);
#4586 = VERTEX_POINT('',#4587);
#4587 = CARTESIAN_POINT('',(4.31,16.2,0.));
#4588 = LINE('',#4589,#4590);
#4589 = CARTESIAN_POINT('',(4.31,8.1,0.));
#4590 = VECTOR('',#4591,1.);
#4591 = DIRECTION('',(0.,1.,0.));
#4592 = ORIENTED_EDGE('',*,*,#4543,.F.);
#4593 = ORIENTED_EDGE('',*,*,#4594,.F.);
#4594 = EDGE_CURVE('',#4595,#4544,#4597,.T.);
#4595 = VERTEX_POINT('',#4596);
#4596 = CARTESIAN_POINT('',(4.31,16.2,3.));
#4597 = LINE('',#4598,#4599);
#4598 = CARTESIAN_POINT('',(4.31,8.1,3.));
#4599 = VECTOR('',#4600,1.);
#4600 = DIRECTION('',(0.,-1.,0.));
#4601 = ORIENTED_EDGE('',*,*,#4602,.T.);
#4602 = EDGE_CURVE('',#4595,#4586,#4603,.T.);
#4603 = LINE('',#4604,#4605);
#4604 = CARTESIAN_POINT('',(4.31,16.2,3.));
#4605 = VECTOR('',#4606,1.);
#4606 = DIRECTION('',(0.,0.,-1.));
#4607 = PLANE('',#4608);
#4608 = AXIS2_PLACEMENT_3D('',#4609,#4610,#4611);
#4609 = CARTESIAN_POINT('',(4.31,16.2,3.));
#4610 = DIRECTION('',(1.,0.,0.));
#4611 = DIRECTION('',(0.,-1.,0.));
#4612 = ADVANCED_FACE('',(#4613),#4640,.F.);
#4613 = FACE_BOUND('',#4614,.F.);
#4614 = EDGE_LOOP('',(#4615,#4625,#4632,#4633));
#4615 = ORIENTED_EDGE('',*,*,#4616,.F.);
#4616 = EDGE_CURVE('',#4617,#4619,#4621,.T.);
#4617 = VERTEX_POINT('',#4618);
#4618 = CARTESIAN_POINT('',(4.16,16.35,3.));
#4619 = VERTEX_POINT('',#4620);
#4620 = CARTESIAN_POINT('',(4.16,16.35,0.));
#4621 = LINE('',#4622,#4623);
#4622 = CARTESIAN_POINT('',(4.16,16.35,3.));
#4623 = VECTOR('',#4624,1.);
#4624 = DIRECTION('',(0.,0.,-1.));
#4625 = ORIENTED_EDGE('',*,*,#4626,.T.);
#4626 = EDGE_CURVE('',#4617,#4595,#4627,.T.);
#4627 = CIRCLE('',#4628,0.15);
#4628 = AXIS2_PLACEMENT_3D('',#4629,#4630,#4631);
#4629 = CARTESIAN_POINT('',(4.16,16.2,3.));
#4630 = DIRECTION('',(0.,0.,-1.));
#4631 = DIRECTION('',(1.,0.,0.));
#4632 = ORIENTED_EDGE('',*,*,#4602,.T.);
#4633 = ORIENTED_EDGE('',*,*,#4634,.T.);
#4634 = EDGE_CURVE('',#4586,#4619,#4635,.T.);
#4635 = CIRCLE('',#4636,0.15);
#4636 = AXIS2_PLACEMENT_3D('',#4637,#4638,#4639);
#4637 = CARTESIAN_POINT('',(4.16,16.2,0.));
#4638 = DIRECTION('',(0.,0.,1.));
#4639 = DIRECTION('',(1.,0.,-0.));
#4640 = CYLINDRICAL_SURFACE('',#4641,0.15);
#4641 = AXIS2_PLACEMENT_3D('',#4642,#4643,#4644);
#4642 = CARTESIAN_POINT('',(4.16,16.2,3.));
#4643 = DIRECTION('',(0.,0.,-1.));
#4644 = DIRECTION('',(1.,0.,0.));
#4645 = ADVANCED_FACE('',(#4646),#4671,.F.);
#4646 = FACE_BOUND('',#4647,.T.);
#4647 = EDGE_LOOP('',(#4648,#4656,#4657,#4665));
#4648 = ORIENTED_EDGE('',*,*,#4649,.F.);
#4649 = EDGE_CURVE('',#4619,#4650,#4652,.T.);
#4650 = VERTEX_POINT('',#4651);
#4651 = CARTESIAN_POINT('',(3.46,16.35,0.));
#4652 = LINE('',#4653,#4654);
#4653 = CARTESIAN_POINT('',(1.73,16.35,0.));
#4654 = VECTOR('',#4655,1.);
#4655 = DIRECTION('',(-1.,0.,0.));
#4656 = ORIENTED_EDGE('',*,*,#4616,.F.);
#4657 = ORIENTED_EDGE('',*,*,#4658,.F.);
#4658 = EDGE_CURVE('',#4659,#4617,#4661,.T.);
#4659 = VERTEX_POINT('',#4660);
#4660 = CARTESIAN_POINT('',(3.46,16.35,3.));
#4661 = LINE('',#4662,#4663);
#4662 = CARTESIAN_POINT('',(1.73,16.35,3.));
#4663 = VECTOR('',#4664,1.);
#4664 = DIRECTION('',(1.,0.,0.));
#4665 = ORIENTED_EDGE('',*,*,#4666,.T.);
#4666 = EDGE_CURVE('',#4659,#4650,#4667,.T.);
#4667 = LINE('',#4668,#4669);
#4668 = CARTESIAN_POINT('',(3.46,16.35,3.));
#4669 = VECTOR('',#4670,1.);
#4670 = DIRECTION('',(0.,0.,-1.));
#4671 = PLANE('',#4672);
#4672 = AXIS2_PLACEMENT_3D('',#4673,#4674,#4675);
#4673 = CARTESIAN_POINT('',(3.46,16.35,3.));
#4674 = DIRECTION('',(0.,1.,0.));
#4675 = DIRECTION('',(1.,0.,0.));
#4676 = ADVANCED_FACE('',(#4677),#4704,.F.);
#4677 = FACE_BOUND('',#4678,.F.);
#4678 = EDGE_LOOP('',(#4679,#4689,#4696,#4697));
#4679 = ORIENTED_EDGE('',*,*,#4680,.F.);
#4680 = EDGE_CURVE('',#4681,#4683,#4685,.T.);
#4681 = VERTEX_POINT('',#4682);
#4682 = CARTESIAN_POINT('',(3.31,16.2,3.));
#4683 = VERTEX_POINT('',#4684);
#4684 = CARTESIAN_POINT('',(3.31,16.2,0.));
#4685 = LINE('',#4686,#4687);
#4686 = CARTESIAN_POINT('',(3.31,16.2,3.));
#4687 = VECTOR('',#4688,1.);
#4688 = DIRECTION('',(0.,0.,-1.));
#4689 = ORIENTED_EDGE('',*,*,#4690,.T.);
#4690 = EDGE_CURVE('',#4681,#4659,#4691,.T.);
#4691 = CIRCLE('',#4692,0.15);
#4692 = AXIS2_PLACEMENT_3D('',#4693,#4694,#4695);
#4693 = CARTESIAN_POINT('',(3.46,16.2,3.));
#4694 = DIRECTION('',(0.,0.,-1.));
#4695 = DIRECTION('',(7.401486830835E-15,1.,0.));
#4696 = ORIENTED_EDGE('',*,*,#4666,.T.);
#4697 = ORIENTED_EDGE('',*,*,#4698,.T.);
#4698 = EDGE_CURVE('',#4650,#4683,#4699,.T.);
#4699 = CIRCLE('',#4700,0.15);
#4700 = AXIS2_PLACEMENT_3D('',#4701,#4702,#4703);
#4701 = CARTESIAN_POINT('',(3.46,16.2,0.));
#4702 = DIRECTION('',(0.,0.,1.));
#4703 = DIRECTION('',(7.401486830835E-15,1.,-0.));
#4704 = CYLINDRICAL_SURFACE('',#4705,0.15);
#4705 = AXIS2_PLACEMENT_3D('',#4706,#4707,#4708);
#4706 = CARTESIAN_POINT('',(3.46,16.2,3.));
#4707 = DIRECTION('',(0.,0.,-1.));
#4708 = DIRECTION('',(7.401486830835E-15,1.,0.));
#4709 = ADVANCED_FACE('',(#4710),#4735,.F.);
#4710 = FACE_BOUND('',#4711,.T.);
#4711 = EDGE_LOOP('',(#4712,#4720,#4721,#4729));
#4712 = ORIENTED_EDGE('',*,*,#4713,.F.);
#4713 = EDGE_CURVE('',#4683,#4714,#4716,.T.);
#4714 = VERTEX_POINT('',#4715);
#4715 = CARTESIAN_POINT('',(3.31,15.3,0.));
#4716 = LINE('',#4717,#4718);
#4717 = CARTESIAN_POINT('',(3.31,7.65,0.));
#4718 = VECTOR('',#4719,1.);
#4719 = DIRECTION('',(-1.233581138472E-15,-1.,0.));
#4720 = ORIENTED_EDGE('',*,*,#4680,.F.);
#4721 = ORIENTED_EDGE('',*,*,#4722,.F.);
#4722 = EDGE_CURVE('',#4723,#4681,#4725,.T.);
#4723 = VERTEX_POINT('',#4724);
#4724 = CARTESIAN_POINT('',(3.31,15.3,3.));
#4725 = LINE('',#4726,#4727);
#4726 = CARTESIAN_POINT('',(3.31,7.65,3.));
#4727 = VECTOR('',#4728,1.);
#4728 = DIRECTION('',(1.233581138472E-15,1.,0.));
#4729 = ORIENTED_EDGE('',*,*,#4730,.T.);
#4730 = EDGE_CURVE('',#4723,#4714,#4731,.T.);
#4731 = LINE('',#4732,#4733);
#4732 = CARTESIAN_POINT('',(3.31,15.3,3.));
#4733 = VECTOR('',#4734,1.);
#4734 = DIRECTION('',(0.,0.,-1.));
#4735 = PLANE('',#4736);
#4736 = AXIS2_PLACEMENT_3D('',#4737,#4738,#4739);
#4737 = CARTESIAN_POINT('',(3.31,15.3,3.));
#4738 = DIRECTION('',(-1.,1.233581138472E-15,0.));
#4739 = DIRECTION('',(1.233581138472E-15,1.,0.));
#4740 = ADVANCED_FACE('',(#4741),#4768,.F.);
#4741 = FACE_BOUND('',#4742,.F.);
#4742 = EDGE_LOOP('',(#4743,#4753,#4760,#4761));
#4743 = ORIENTED_EDGE('',*,*,#4744,.F.);
#4744 = EDGE_CURVE('',#4745,#4747,#4749,.T.);
#4745 = VERTEX_POINT('',#4746);
#4746 = CARTESIAN_POINT('',(3.46,15.15,3.));
#4747 = VERTEX_POINT('',#4748);
#4748 = CARTESIAN_POINT('',(3.46,15.15,0.));
#4749 = LINE('',#4750,#4751);
#4750 = CARTESIAN_POINT('',(3.46,15.15,3.));
#4751 = VECTOR('',#4752,1.);
#4752 = DIRECTION('',(0.,0.,-1.));
#4753 = ORIENTED_EDGE('',*,*,#4754,.T.);
#4754 = EDGE_CURVE('',#4745,#4723,#4755,.T.);
#4755 = CIRCLE('',#4756,0.15);
#4756 = AXIS2_PLACEMENT_3D('',#4757,#4758,#4759);
#4757 = CARTESIAN_POINT('',(3.46,15.3,3.));
#4758 = DIRECTION('',(0.,0.,-1.));
#4759 = DIRECTION('',(-1.,0.,0.));
#4760 = ORIENTED_EDGE('',*,*,#4730,.T.);
#4761 = ORIENTED_EDGE('',*,*,#4762,.T.);
#4762 = EDGE_CURVE('',#4714,#4747,#4763,.T.);
#4763 = CIRCLE('',#4764,0.15);
#4764 = AXIS2_PLACEMENT_3D('',#4765,#4766,#4767);
#4765 = CARTESIAN_POINT('',(3.46,15.3,0.));
#4766 = DIRECTION('',(0.,0.,1.));
#4767 = DIRECTION('',(-1.,0.,0.));
#4768 = CYLINDRICAL_SURFACE('',#4769,0.15);
#4769 = AXIS2_PLACEMENT_3D('',#4770,#4771,#4772);
#4770 = CARTESIAN_POINT('',(3.46,15.3,3.));
#4771 = DIRECTION('',(0.,0.,-1.));
#4772 = DIRECTION('',(-1.,0.,0.));
#4773 = ADVANCED_FACE('',(#4774),#4790,.F.);
#4774 = FACE_BOUND('',#4775,.T.);
#4775 = EDGE_LOOP('',(#4776,#4782,#4783,#4789));
#4776 = ORIENTED_EDGE('',*,*,#4777,.F.);
#4777 = EDGE_CURVE('',#4747,#4563,#4778,.T.);
#4778 = LINE('',#4779,#4780);
#4779 = CARTESIAN_POINT('',(2.08,15.15,0.));
#4780 = VECTOR('',#4781,1.);
#4781 = DIRECTION('',(1.,0.,0.));
#4782 = ORIENTED_EDGE('',*,*,#4744,.F.);
#4783 = ORIENTED_EDGE('',*,*,#4784,.F.);
#4784 = EDGE_CURVE('',#4554,#4745,#4785,.T.);
#4785 = LINE('',#4786,#4787);
#4786 = CARTESIAN_POINT('',(2.08,15.15,3.));
#4787 = VECTOR('',#4788,1.);
#4788 = DIRECTION('',(-1.,0.,0.));
#4789 = ORIENTED_EDGE('',*,*,#4562,.T.);
#4790 = PLANE('',#4791);
#4791 = AXIS2_PLACEMENT_3D('',#4792,#4793,#4794);
#4792 = CARTESIAN_POINT('',(4.16,15.15,3.));
#4793 = DIRECTION('',(0.,-1.,0.));
#4794 = DIRECTION('',(-1.,0.,0.));
#4795 = ADVANCED_FACE('',(#4796),#4832,.F.);
#4796 = FACE_BOUND('',#4797,.F.);
#4797 = EDGE_LOOP('',(#4798,#4808,#4817,#4825));
#4798 = ORIENTED_EDGE('',*,*,#4799,.F.);
#4799 = EDGE_CURVE('',#4800,#4802,#4804,.T.);
#4800 = VERTEX_POINT('',#4801);
#4801 = CARTESIAN_POINT('',(14.32,16.35,3.));
#4802 = VERTEX_POINT('',#4803);
#4803 = CARTESIAN_POINT('',(14.32,16.35,0.));
#4804 = LINE('',#4805,#4806);
#4805 = CARTESIAN_POINT('',(14.32,16.35,3.));
#4806 = VECTOR('',#4807,1.);
#4807 = DIRECTION('',(0.,0.,-1.));
#4808 = ORIENTED_EDGE('',*,*,#4809,.T.);
#4809 = EDGE_CURVE('',#4800,#4810,#4812,.T.);
#4810 = VERTEX_POINT('',#4811);
#4811 = CARTESIAN_POINT('',(14.47,16.2,3.));
#4812 = CIRCLE('',#4813,0.15);
#4813 = AXIS2_PLACEMENT_3D('',#4814,#4815,#4816);
#4814 = CARTESIAN_POINT('',(14.32,16.2,3.));
#4815 = DIRECTION('',(0.,0.,-1.));
#4816 = DIRECTION('',(1.,0.,0.));
#4817 = ORIENTED_EDGE('',*,*,#4818,.T.);
#4818 = EDGE_CURVE('',#4810,#4819,#4821,.T.);
#4819 = VERTEX_POINT('',#4820);
#4820 = CARTESIAN_POINT('',(14.47,16.2,0.));
#4821 = LINE('',#4822,#4823);
#4822 = CARTESIAN_POINT('',(14.47,16.2,3.));
#4823 = VECTOR('',#4824,1.);
#4824 = DIRECTION('',(0.,0.,-1.));
#4825 = ORIENTED_EDGE('',*,*,#4826,.T.);
#4826 = EDGE_CURVE('',#4819,#4802,#4827,.T.);
#4827 = CIRCLE('',#4828,0.15);
#4828 = AXIS2_PLACEMENT_3D('',#4829,#4830,#4831);
#4829 = CARTESIAN_POINT('',(14.32,16.2,0.));
#4830 = DIRECTION('',(0.,0.,1.));
#4831 = DIRECTION('',(1.,0.,-0.));
#4832 = CYLINDRICAL_SURFACE('',#4833,0.15);
#4833 = AXIS2_PLACEMENT_3D('',#4834,#4835,#4836);
#4834 = CARTESIAN_POINT('',(14.32,16.2,3.));
#4835 = DIRECTION('',(0.,0.,-1.));
#4836 = DIRECTION('',(1.,0.,0.));
#4837 = ADVANCED_FACE('',(#4838),#4863,.F.);
#4838 = FACE_BOUND('',#4839,.T.);
#4839 = EDGE_LOOP('',(#4840,#4848,#4849,#4857));
#4840 = ORIENTED_EDGE('',*,*,#4841,.F.);
#4841 = EDGE_CURVE('',#4802,#4842,#4844,.T.);
#4842 = VERTEX_POINT('',#4843);
#4843 = CARTESIAN_POINT('',(13.62,16.35,0.));
#4844 = LINE('',#4845,#4846);
#4845 = CARTESIAN_POINT('',(6.81,16.35,0.));
#4846 = VECTOR('',#4847,1.);
#4847 = DIRECTION('',(-1.,0.,0.));
#4848 = ORIENTED_EDGE('',*,*,#4799,.F.);
#4849 = ORIENTED_EDGE('',*,*,#4850,.F.);
#4850 = EDGE_CURVE('',#4851,#4800,#4853,.T.);
#4851 = VERTEX_POINT('',#4852);
#4852 = CARTESIAN_POINT('',(13.62,16.35,3.));
#4853 = LINE('',#4854,#4855);
#4854 = CARTESIAN_POINT('',(6.81,16.35,3.));
#4855 = VECTOR('',#4856,1.);
#4856 = DIRECTION('',(1.,0.,0.));
#4857 = ORIENTED_EDGE('',*,*,#4858,.T.);
#4858 = EDGE_CURVE('',#4851,#4842,#4859,.T.);
#4859 = LINE('',#4860,#4861);
#4860 = CARTESIAN_POINT('',(13.62,16.35,3.));
#4861 = VECTOR('',#4862,1.);
#4862 = DIRECTION('',(0.,0.,-1.));
#4863 = PLANE('',#4864);
#4864 = AXIS2_PLACEMENT_3D('',#4865,#4866,#4867);
#4865 = CARTESIAN_POINT('',(13.62,16.35,3.));
#4866 = DIRECTION('',(0.,1.,0.));
#4867 = DIRECTION('',(1.,0.,0.));
#4868 = ADVANCED_FACE('',(#4869),#4896,.F.);
#4869 = FACE_BOUND('',#4870,.F.);
#4870 = EDGE_LOOP('',(#4871,#4881,#4888,#4889));
#4871 = ORIENTED_EDGE('',*,*,#4872,.F.);
#4872 = EDGE_CURVE('',#4873,#4875,#4877,.T.);
#4873 = VERTEX_POINT('',#4874);
#4874 = CARTESIAN_POINT('',(13.47,16.2,3.));
#4875 = VERTEX_POINT('',#4876);
#4876 = CARTESIAN_POINT('',(13.47,16.2,0.));
#4877 = LINE('',#4878,#4879);
#4878 = CARTESIAN_POINT('',(13.47,16.2,3.));
#4879 = VECTOR('',#4880,1.);
#4880 = DIRECTION('',(0.,0.,-1.));
#4881 = ORIENTED_EDGE('',*,*,#4882,.T.);
#4882 = EDGE_CURVE('',#4873,#4851,#4883,.T.);
#4883 = CIRCLE('',#4884,0.15);
#4884 = AXIS2_PLACEMENT_3D('',#4885,#4886,#4887);
#4885 = CARTESIAN_POINT('',(13.62,16.2,3.));
#4886 = DIRECTION('',(0.,0.,-1.));
#4887 = DIRECTION('',(1.480297366167E-14,1.,0.));
#4888 = ORIENTED_EDGE('',*,*,#4858,.T.);
#4889 = ORIENTED_EDGE('',*,*,#4890,.T.);
#4890 = EDGE_CURVE('',#4842,#4875,#4891,.T.);
#4891 = CIRCLE('',#4892,0.15);
#4892 = AXIS2_PLACEMENT_3D('',#4893,#4894,#4895);
#4893 = CARTESIAN_POINT('',(13.62,16.2,0.));
#4894 = DIRECTION('',(0.,0.,1.));
#4895 = DIRECTION('',(1.480297366167E-14,1.,-0.));
#4896 = CYLINDRICAL_SURFACE('',#4897,0.15);
#4897 = AXIS2_PLACEMENT_3D('',#4898,#4899,#4900);
#4898 = CARTESIAN_POINT('',(13.62,16.2,3.));
#4899 = DIRECTION('',(0.,0.,-1.));
#4900 = DIRECTION('',(1.480297366167E-14,1.,0.));
#4901 = ADVANCED_FACE('',(#4902),#4927,.F.);
#4902 = FACE_BOUND('',#4903,.T.);
#4903 = EDGE_LOOP('',(#4904,#4912,#4913,#4921));
#4904 = ORIENTED_EDGE('',*,*,#4905,.F.);
#4905 = EDGE_CURVE('',#4875,#4906,#4908,.T.);
#4906 = VERTEX_POINT('',#4907);
#4907 = CARTESIAN_POINT('',(13.47,15.3,0.));
#4908 = LINE('',#4909,#4910);
#4909 = CARTESIAN_POINT('',(13.47,7.65,0.));
#4910 = VECTOR('',#4911,1.);
#4911 = DIRECTION('',(0.,-1.,0.));
#4912 = ORIENTED_EDGE('',*,*,#4872,.F.);
#4913 = ORIENTED_EDGE('',*,*,#4914,.F.);
#4914 = EDGE_CURVE('',#4915,#4873,#4917,.T.);
#4915 = VERTEX_POINT('',#4916);
#4916 = CARTESIAN_POINT('',(13.47,15.3,3.));
#4917 = LINE('',#4918,#4919);
#4918 = CARTESIAN_POINT('',(13.47,7.65,3.));
#4919 = VECTOR('',#4920,1.);
#4920 = DIRECTION('',(0.,1.,0.));
#4921 = ORIENTED_EDGE('',*,*,#4922,.T.);
#4922 = EDGE_CURVE('',#4915,#4906,#4923,.T.);
#4923 = LINE('',#4924,#4925);
#4924 = CARTESIAN_POINT('',(13.47,15.3,3.));
#4925 = VECTOR('',#4926,1.);
#4926 = DIRECTION('',(0.,0.,-1.));
#4927 = PLANE('',#4928);
#4928 = AXIS2_PLACEMENT_3D('',#4929,#4930,#4931);
#4929 = CARTESIAN_POINT('',(13.47,15.3,3.));
#4930 = DIRECTION('',(-1.,0.,0.));
#4931 = DIRECTION('',(0.,1.,0.));
#4932 = ADVANCED_FACE('',(#4933),#4960,.F.);
#4933 = FACE_BOUND('',#4934,.F.);
#4934 = EDGE_LOOP('',(#4935,#4945,#4952,#4953));
#4935 = ORIENTED_EDGE('',*,*,#4936,.F.);
#4936 = EDGE_CURVE('',#4937,#4939,#4941,.T.);
#4937 = VERTEX_POINT('',#4938);
#4938 = CARTESIAN_POINT('',(13.62,15.15,3.));
#4939 = VERTEX_POINT('',#4940);
#4940 = CARTESIAN_POINT('',(13.62,15.15,0.));
#4941 = LINE('',#4942,#4943);
#4942 = CARTESIAN_POINT('',(13.62,15.15,3.));
#4943 = VECTOR('',#4944,1.);
#4944 = DIRECTION('',(0.,0.,-1.));
#4945 = ORIENTED_EDGE('',*,*,#4946,.T.);
#4946 = EDGE_CURVE('',#4937,#4915,#4947,.T.);
#4947 = CIRCLE('',#4948,0.15);
#4948 = AXIS2_PLACEMENT_3D('',#4949,#4950,#4951);
#4949 = CARTESIAN_POINT('',(13.62,15.3,3.));
#4950 = DIRECTION('',(0.,0.,-1.));
#4951 = DIRECTION('',(-1.,0.,0.));
#4952 = ORIENTED_EDGE('',*,*,#4922,.T.);
#4953 = ORIENTED_EDGE('',*,*,#4954,.T.);
#4954 = EDGE_CURVE('',#4906,#4939,#4955,.T.);
#4955 = CIRCLE('',#4956,0.15);
#4956 = AXIS2_PLACEMENT_3D('',#4957,#4958,#4959);
#4957 = CARTESIAN_POINT('',(13.62,15.3,0.));
#4958 = DIRECTION('',(0.,0.,1.));
#4959 = DIRECTION('',(-1.,0.,0.));
#4960 = CYLINDRICAL_SURFACE('',#4961,0.15);
#4961 = AXIS2_PLACEMENT_3D('',#4962,#4963,#4964);
#4962 = CARTESIAN_POINT('',(13.62,15.3,3.));
#4963 = DIRECTION('',(0.,0.,-1.));
#4964 = DIRECTION('',(-1.,0.,0.));
#4965 = ADVANCED_FACE('',(#4966),#4991,.F.);
#4966 = FACE_BOUND('',#4967,.T.);
#4967 = EDGE_LOOP('',(#4968,#4976,#4977,#4985));
#4968 = ORIENTED_EDGE('',*,*,#4969,.F.);
#4969 = EDGE_CURVE('',#4939,#4970,#4972,.T.);
#4970 = VERTEX_POINT('',#4971);
#4971 = CARTESIAN_POINT('',(14.32,15.15,0.));
#4972 = LINE('',#4973,#4974);
#4973 = CARTESIAN_POINT('',(7.16,15.15,0.));
#4974 = VECTOR('',#4975,1.);
#4975 = DIRECTION('',(1.,0.,0.));
#4976 = ORIENTED_EDGE('',*,*,#4936,.F.);
#4977 = ORIENTED_EDGE('',*,*,#4978,.F.);
#4978 = EDGE_CURVE('',#4979,#4937,#4981,.T.);
#4979 = VERTEX_POINT('',#4980);
#4980 = CARTESIAN_POINT('',(14.32,15.15,3.));
#4981 = LINE('',#4982,#4983);
#4982 = CARTESIAN_POINT('',(7.16,15.15,3.));
#4983 = VECTOR('',#4984,1.);
#4984 = DIRECTION('',(-1.,0.,0.));
#4985 = ORIENTED_EDGE('',*,*,#4986,.T.);
#4986 = EDGE_CURVE('',#4979,#4970,#4987,.T.);
#4987 = LINE('',#4988,#4989);
#4988 = CARTESIAN_POINT('',(14.32,15.15,3.));
#4989 = VECTOR('',#4990,1.);
#4990 = DIRECTION('',(0.,0.,-1.));
#4991 = PLANE('',#4992);
#4992 = AXIS2_PLACEMENT_3D('',#4993,#4994,#4995);
#4993 = CARTESIAN_POINT('',(14.32,15.15,3.));
#4994 = DIRECTION('',(0.,-1.,0.));
#4995 = DIRECTION('',(-1.,0.,0.));
#4996 = ADVANCED_FACE('',(#4997),#5024,.F.);
#4997 = FACE_BOUND('',#4998,.F.);
#4998 = EDGE_LOOP('',(#4999,#5009,#5016,#5017));
#4999 = ORIENTED_EDGE('',*,*,#5000,.F.);
#5000 = EDGE_CURVE('',#5001,#5003,#5005,.T.);
#5001 = VERTEX_POINT('',#5002);
#5002 = CARTESIAN_POINT('',(14.47,15.3,3.));
#5003 = VERTEX_POINT('',#5004);
#5004 = CARTESIAN_POINT('',(14.47,15.3,0.));
#5005 = LINE('',#5006,#5007);
#5006 = CARTESIAN_POINT('',(14.47,15.3,3.));
#5007 = VECTOR('',#5008,1.);
#5008 = DIRECTION('',(0.,0.,-1.));
#5009 = ORIENTED_EDGE('',*,*,#5010,.T.);
#5010 = EDGE_CURVE('',#5001,#4979,#5011,.T.);
#5011 = CIRCLE('',#5012,0.15);
#5012 = AXIS2_PLACEMENT_3D('',#5013,#5014,#5015);
#5013 = CARTESIAN_POINT('',(14.32,15.3,3.));
#5014 = DIRECTION('',(0.,0.,-1.));
#5015 = DIRECTION('',(0.,-1.,0.));
#5016 = ORIENTED_EDGE('',*,*,#4986,.T.);
#5017 = ORIENTED_EDGE('',*,*,#5018,.T.);
#5018 = EDGE_CURVE('',#4970,#5003,#5019,.T.);
#5019 = CIRCLE('',#5020,0.15);
#5020 = AXIS2_PLACEMENT_3D('',#5021,#5022,#5023);
#5021 = CARTESIAN_POINT('',(14.32,15.3,0.));
#5022 = DIRECTION('',(0.,0.,1.));
#5023 = DIRECTION('',(0.,-1.,0.));
#5024 = CYLINDRICAL_SURFACE('',#5025,0.15);
#5025 = AXIS2_PLACEMENT_3D('',#5026,#5027,#5028);
#5026 = CARTESIAN_POINT('',(14.32,15.3,3.));
#5027 = DIRECTION('',(0.,0.,-1.));
#5028 = DIRECTION('',(0.,-1.,0.));
#5029 = ADVANCED_FACE('',(#5030),#5046,.F.);
#5030 = FACE_BOUND('',#5031,.T.);
#5031 = EDGE_LOOP('',(#5032,#5038,#5039,#5045));
#5032 = ORIENTED_EDGE('',*,*,#5033,.F.);
#5033 = EDGE_CURVE('',#5003,#4819,#5034,.T.);
#5034 = LINE('',#5035,#5036);
#5035 = CARTESIAN_POINT('',(14.47,8.1,0.));
#5036 = VECTOR('',#5037,1.);
#5037 = DIRECTION('',(0.,1.,0.));
#5038 = ORIENTED_EDGE('',*,*,#5000,.F.);
#5039 = ORIENTED_EDGE('',*,*,#5040,.F.);
#5040 = EDGE_CURVE('',#4810,#5001,#5041,.T.);
#5041 = LINE('',#5042,#5043);
#5042 = CARTESIAN_POINT('',(14.47,8.1,3.));
#5043 = VECTOR('',#5044,1.);
#5044 = DIRECTION('',(0.,-1.,0.));
#5045 = ORIENTED_EDGE('',*,*,#4818,.T.);
#5046 = PLANE('',#5047);
#5047 = AXIS2_PLACEMENT_3D('',#5048,#5049,#5050);
#5048 = CARTESIAN_POINT('',(14.47,16.2,3.));
#5049 = DIRECTION('',(1.,0.,0.));
#5050 = DIRECTION('',(0.,-1.,0.));
#5051 = ADVANCED_FACE('',(#5052),#5086,.F.);
#5052 = FACE_BOUND('',#5053,.T.);
#5053 = EDGE_LOOP('',(#5054,#5064,#5072,#5080));
#5054 = ORIENTED_EDGE('',*,*,#5055,.F.);
#5055 = EDGE_CURVE('',#5056,#5058,#5060,.T.);
#5056 = VERTEX_POINT('',#5057);
#5057 = CARTESIAN_POINT('',(24.48,16.35,0.));
#5058 = VERTEX_POINT('',#5059);
#5059 = CARTESIAN_POINT('',(23.78,16.35,0.));
#5060 = LINE('',#5061,#5062);
#5061 = CARTESIAN_POINT('',(11.89,16.35,0.));
#5062 = VECTOR('',#5063,1.);
#5063 = DIRECTION('',(-1.,0.,0.));
#5064 = ORIENTED_EDGE('',*,*,#5065,.F.);
#5065 = EDGE_CURVE('',#5066,#5056,#5068,.T.);
#5066 = VERTEX_POINT('',#5067);
#5067 = CARTESIAN_POINT('',(24.48,16.35,3.));
#5068 = LINE('',#5069,#5070);
#5069 = CARTESIAN_POINT('',(24.48,16.35,3.));
#5070 = VECTOR('',#5071,1.);
#5071 = DIRECTION('',(0.,0.,-1.));
#5072 = ORIENTED_EDGE('',*,*,#5073,.F.);
#5073 = EDGE_CURVE('',#5074,#5066,#5076,.T.);
#5074 = VERTEX_POINT('',#5075);
#5075 = CARTESIAN_POINT('',(23.78,16.35,3.));
#5076 = LINE('',#5077,#5078);
#5077 = CARTESIAN_POINT('',(11.89,16.35,3.));
#5078 = VECTOR('',#5079,1.);
#5079 = DIRECTION('',(1.,0.,0.));
#5080 = ORIENTED_EDGE('',*,*,#5081,.T.);
#5081 = EDGE_CURVE('',#5074,#5058,#5082,.T.);
#5082 = LINE('',#5083,#5084);
#5083 = CARTESIAN_POINT('',(23.78,16.35,3.));
#5084 = VECTOR('',#5085,1.);
#5085 = DIRECTION('',(0.,0.,-1.));
#5086 = PLANE('',#5087);
#5087 = AXIS2_PLACEMENT_3D('',#5088,#5089,#5090);
#5088 = CARTESIAN_POINT('',(23.78,16.35,3.));
#5089 = DIRECTION('',(0.,1.,0.));
#5090 = DIRECTION('',(1.,0.,0.));
#5091 = ADVANCED_FACE('',(#5092),#5119,.F.);
#5092 = FACE_BOUND('',#5093,.F.);
#5093 = EDGE_LOOP('',(#5094,#5104,#5111,#5112));
#5094 = ORIENTED_EDGE('',*,*,#5095,.F.);
#5095 = EDGE_CURVE('',#5096,#5098,#5100,.T.);
#5096 = VERTEX_POINT('',#5097);
#5097 = CARTESIAN_POINT('',(23.63,16.2,3.));
#5098 = VERTEX_POINT('',#5099);
#5099 = CARTESIAN_POINT('',(23.63,16.2,0.));
#5100 = LINE('',#5101,#5102);
#5101 = CARTESIAN_POINT('',(23.63,16.2,3.));
#5102 = VECTOR('',#5103,1.);
#5103 = DIRECTION('',(0.,0.,-1.));
#5104 = ORIENTED_EDGE('',*,*,#5105,.T.);
#5105 = EDGE_CURVE('',#5096,#5074,#5106,.T.);
#5106 = CIRCLE('',#5107,0.15);
#5107 = AXIS2_PLACEMENT_3D('',#5108,#5109,#5110);
#5108 = CARTESIAN_POINT('',(23.78,16.2,3.));
#5109 = DIRECTION('',(0.,0.,-1.));
#5110 = DIRECTION('',(0.,1.,0.));
#5111 = ORIENTED_EDGE('',*,*,#5081,.T.);
#5112 = ORIENTED_EDGE('',*,*,#5113,.T.);
#5113 = EDGE_CURVE('',#5058,#5098,#5114,.T.);
#5114 = CIRCLE('',#5115,0.15);
#5115 = AXIS2_PLACEMENT_3D('',#5116,#5117,#5118);
#5116 = CARTESIAN_POINT('',(23.78,16.2,0.));
#5117 = DIRECTION('',(0.,-0.,1.));
#5118 = DIRECTION('',(0.,1.,0.));
#5119 = CYLINDRICAL_SURFACE('',#5120,0.15);
#5120 = AXIS2_PLACEMENT_3D('',#5121,#5122,#5123);
#5121 = CARTESIAN_POINT('',(23.78,16.2,3.));
#5122 = DIRECTION('',(0.,0.,-1.));
#5123 = DIRECTION('',(0.,1.,0.));
#5124 = ADVANCED_FACE('',(#5125),#5150,.F.);
#5125 = FACE_BOUND('',#5126,.T.);
#5126 = EDGE_LOOP('',(#5127,#5135,#5136,#5144));
#5127 = ORIENTED_EDGE('',*,*,#5128,.F.);
#5128 = EDGE_CURVE('',#5098,#5129,#5131,.T.);
#5129 = VERTEX_POINT('',#5130);
#5130 = CARTESIAN_POINT('',(23.63,15.3,0.));
#5131 = LINE('',#5132,#5133);
#5132 = CARTESIAN_POINT('',(23.63,7.65,0.));
#5133 = VECTOR('',#5134,1.);
#5134 = DIRECTION('',(0.,-1.,0.));
#5135 = ORIENTED_EDGE('',*,*,#5095,.F.);
#5136 = ORIENTED_EDGE('',*,*,#5137,.F.);
#5137 = EDGE_CURVE('',#5138,#5096,#5140,.T.);
#5138 = VERTEX_POINT('',#5139);
#5139 = CARTESIAN_POINT('',(23.63,15.3,3.));
#5140 = LINE('',#5141,#5142);
#5141 = CARTESIAN_POINT('',(23.63,7.65,3.));
#5142 = VECTOR('',#5143,1.);
#5143 = DIRECTION('',(0.,1.,0.));
#5144 = ORIENTED_EDGE('',*,*,#5145,.T.);
#5145 = EDGE_CURVE('',#5138,#5129,#5146,.T.);
#5146 = LINE('',#5147,#5148);
#5147 = CARTESIAN_POINT('',(23.63,15.3,3.));
#5148 = VECTOR('',#5149,1.);
#5149 = DIRECTION('',(0.,0.,-1.));
#5150 = PLANE('',#5151);
#5151 = AXIS2_PLACEMENT_3D('',#5152,#5153,#5154);
#5152 = CARTESIAN_POINT('',(23.63,15.3,3.));
#5153 = DIRECTION('',(-1.,0.,0.));
#5154 = DIRECTION('',(0.,1.,0.));
#5155 = ADVANCED_FACE('',(#5156),#5183,.F.);
#5156 = FACE_BOUND('',#5157,.F.);
#5157 = EDGE_LOOP('',(#5158,#5168,#5175,#5176));
#5158 = ORIENTED_EDGE('',*,*,#5159,.F.);
#5159 = EDGE_CURVE('',#5160,#5162,#5164,.T.);
#5160 = VERTEX_POINT('',#5161);
#5161 = CARTESIAN_POINT('',(23.78,15.15,3.));
#5162 = VERTEX_POINT('',#5163);
#5163 = CARTESIAN_POINT('',(23.78,15.15,0.));
#5164 = LINE('',#5165,#5166);
#5165 = CARTESIAN_POINT('',(23.78,15.15,3.));
#5166 = VECTOR('',#5167,1.);
#5167 = DIRECTION('',(0.,0.,-1.));
#5168 = ORIENTED_EDGE('',*,*,#5169,.T.);
#5169 = EDGE_CURVE('',#5160,#5138,#5170,.T.);
#5170 = CIRCLE('',#5171,0.15);
#5171 = AXIS2_PLACEMENT_3D('',#5172,#5173,#5174);
#5172 = CARTESIAN_POINT('',(23.78,15.3,3.));
#5173 = DIRECTION('',(0.,0.,-1.));
#5174 = DIRECTION('',(-1.,0.,0.));
#5175 = ORIENTED_EDGE('',*,*,#5145,.T.);
#5176 = ORIENTED_EDGE('',*,*,#5177,.T.);
#5177 = EDGE_CURVE('',#5129,#5162,#5178,.T.);
#5178 = CIRCLE('',#5179,0.15);
#5179 = AXIS2_PLACEMENT_3D('',#5180,#5181,#5182);
#5180 = CARTESIAN_POINT('',(23.78,15.3,0.));
#5181 = DIRECTION('',(0.,0.,1.));
#5182 = DIRECTION('',(-1.,0.,0.));
#5183 = CYLINDRICAL_SURFACE('',#5184,0.15);
#5184 = AXIS2_PLACEMENT_3D('',#5185,#5186,#5187);
#5185 = CARTESIAN_POINT('',(23.78,15.3,3.));
#5186 = DIRECTION('',(0.,0.,-1.));
#5187 = DIRECTION('',(-1.,0.,0.));
#5188 = ADVANCED_FACE('',(#5189),#5214,.F.);
#5189 = FACE_BOUND('',#5190,.T.);
#5190 = EDGE_LOOP('',(#5191,#5199,#5200,#5208));
#5191 = ORIENTED_EDGE('',*,*,#5192,.F.);
#5192 = EDGE_CURVE('',#5162,#5193,#5195,.T.);
#5193 = VERTEX_POINT('',#5194);
#5194 = CARTESIAN_POINT('',(24.48,15.15,0.));
#5195 = LINE('',#5196,#5197);
#5196 = CARTESIAN_POINT('',(12.24,15.15,0.));
#5197 = VECTOR('',#5198,1.);
#5198 = DIRECTION('',(1.,0.,0.));
#5199 = ORIENTED_EDGE('',*,*,#5159,.F.);
#5200 = ORIENTED_EDGE('',*,*,#5201,.F.);
#5201 = EDGE_CURVE('',#5202,#5160,#5204,.T.);
#5202 = VERTEX_POINT('',#5203);
#5203 = CARTESIAN_POINT('',(24.48,15.15,3.));
#5204 = LINE('',#5205,#5206);
#5205 = CARTESIAN_POINT('',(12.24,15.15,3.));
#5206 = VECTOR('',#5207,1.);
#5207 = DIRECTION('',(-1.,0.,0.));
#5208 = ORIENTED_EDGE('',*,*,#5209,.T.);
#5209 = EDGE_CURVE('',#5202,#5193,#5210,.T.);
#5210 = LINE('',#5211,#5212);
#5211 = CARTESIAN_POINT('',(24.48,15.15,3.));
#5212 = VECTOR('',#5213,1.);
#5213 = DIRECTION('',(0.,0.,-1.));
#5214 = PLANE('',#5215);
#5215 = AXIS2_PLACEMENT_3D('',#5216,#5217,#5218);
#5216 = CARTESIAN_POINT('',(24.48,15.15,3.));
#5217 = DIRECTION('',(0.,-1.,0.));
#5218 = DIRECTION('',(-1.,0.,0.));
#5219 = ADVANCED_FACE('',(#5220),#5247,.F.);
#5220 = FACE_BOUND('',#5221,.F.);
#5221 = EDGE_LOOP('',(#5222,#5232,#5239,#5240));
#5222 = ORIENTED_EDGE('',*,*,#5223,.F.);
#5223 = EDGE_CURVE('',#5224,#5226,#5228,.T.);
#5224 = VERTEX_POINT('',#5225);
#5225 = CARTESIAN_POINT('',(24.63,15.3,3.));
#5226 = VERTEX_POINT('',#5227);
#5227 = CARTESIAN_POINT('',(24.63,15.3,0.));
#5228 = LINE('',#5229,#5230);
#5229 = CARTESIAN_POINT('',(24.63,15.3,3.));
#5230 = VECTOR('',#5231,1.);
#5231 = DIRECTION('',(0.,0.,-1.));
#5232 = ORIENTED_EDGE('',*,*,#5233,.T.);
#5233 = EDGE_CURVE('',#5224,#5202,#5234,.T.);
#5234 = CIRCLE('',#5235,0.15);
#5235 = AXIS2_PLACEMENT_3D('',#5236,#5237,#5238);
#5236 = CARTESIAN_POINT('',(24.48,15.3,3.));
#5237 = DIRECTION('',(0.,0.,-1.));
#5238 = DIRECTION('',(0.,-1.,0.));
#5239 = ORIENTED_EDGE('',*,*,#5209,.T.);
#5240 = ORIENTED_EDGE('',*,*,#5241,.T.);
#5241 = EDGE_CURVE('',#5193,#5226,#5242,.T.);
#5242 = CIRCLE('',#5243,0.15);
#5243 = AXIS2_PLACEMENT_3D('',#5244,#5245,#5246);
#5244 = CARTESIAN_POINT('',(24.48,15.3,0.));
#5245 = DIRECTION('',(0.,0.,1.));
#5246 = DIRECTION('',(0.,-1.,0.));
#5247 = CYLINDRICAL_SURFACE('',#5248,0.15);
#5248 = AXIS2_PLACEMENT_3D('',#5249,#5250,#5251);
#5249 = CARTESIAN_POINT('',(24.48,15.3,3.));
#5250 = DIRECTION('',(0.,0.,-1.));
#5251 = DIRECTION('',(0.,-1.,0.));
#5252 = ADVANCED_FACE('',(#5253),#5278,.F.);
#5253 = FACE_BOUND('',#5254,.T.);
#5254 = EDGE_LOOP('',(#5255,#5263,#5264,#5272));
#5255 = ORIENTED_EDGE('',*,*,#5256,.F.);
#5256 = EDGE_CURVE('',#5226,#5257,#5259,.T.);
#5257 = VERTEX_POINT('',#5258);
#5258 = CARTESIAN_POINT('',(24.63,16.2,0.));
#5259 = LINE('',#5260,#5261);
#5260 = CARTESIAN_POINT('',(24.63,8.1,0.));
#5261 = VECTOR('',#5262,1.);
#5262 = DIRECTION('',(0.,1.,0.));
#5263 = ORIENTED_EDGE('',*,*,#5223,.F.);
#5264 = ORIENTED_EDGE('',*,*,#5265,.F.);
#5265 = EDGE_CURVE('',#5266,#5224,#5268,.T.);
#5266 = VERTEX_POINT('',#5267);
#5267 = CARTESIAN_POINT('',(24.63,16.2,3.));
#5268 = LINE('',#5269,#5270);
#5269 = CARTESIAN_POINT('',(24.63,8.1,3.));
#5270 = VECTOR('',#5271,1.);
#5271 = DIRECTION('',(0.,-1.,0.));
#5272 = ORIENTED_EDGE('',*,*,#5273,.T.);
#5273 = EDGE_CURVE('',#5266,#5257,#5274,.T.);
#5274 = LINE('',#5275,#5276);
#5275 = CARTESIAN_POINT('',(24.63,16.2,3.));
#5276 = VECTOR('',#5277,1.);
#5277 = DIRECTION('',(0.,0.,-1.));
#5278 = PLANE('',#5279);
#5279 = AXIS2_PLACEMENT_3D('',#5280,#5281,#5282);
#5280 = CARTESIAN_POINT('',(24.63,16.2,3.));
#5281 = DIRECTION('',(1.,0.,0.));
#5282 = DIRECTION('',(0.,-1.,0.));
#5283 = ADVANCED_FACE('',(#5284),#5302,.F.);
#5284 = FACE_BOUND('',#5285,.F.);
#5285 = EDGE_LOOP('',(#5286,#5287,#5294,#5295));
#5286 = ORIENTED_EDGE('',*,*,#5065,.F.);
#5287 = ORIENTED_EDGE('',*,*,#5288,.T.);
#5288 = EDGE_CURVE('',#5066,#5266,#5289,.T.);
#5289 = CIRCLE('',#5290,0.15);
#5290 = AXIS2_PLACEMENT_3D('',#5291,#5292,#5293);
#5291 = CARTESIAN_POINT('',(24.48,16.2,3.));
#5292 = DIRECTION('',(0.,0.,-1.));
#5293 = DIRECTION('',(1.,0.,0.));
#5294 = ORIENTED_EDGE('',*,*,#5273,.T.);
#5295 = ORIENTED_EDGE('',*,*,#5296,.T.);
#5296 = EDGE_CURVE('',#5257,#5056,#5297,.T.);
#5297 = CIRCLE('',#5298,0.15);
#5298 = AXIS2_PLACEMENT_3D('',#5299,#5300,#5301);
#5299 = CARTESIAN_POINT('',(24.48,16.2,0.));
#5300 = DIRECTION('',(0.,0.,1.));
#5301 = DIRECTION('',(1.,0.,-0.));
#5302 = CYLINDRICAL_SURFACE('',#5303,0.15);
#5303 = AXIS2_PLACEMENT_3D('',#5304,#5305,#5306);
#5304 = CARTESIAN_POINT('',(24.48,16.2,3.));
#5305 = DIRECTION('',(0.,0.,-1.));
#5306 = DIRECTION('',(1.,0.,0.));
#5307 = ADVANCED_FACE('',(#5308),#5342,.T.);
#5308 = FACE_BOUND('',#5309,.T.);
#5309 = EDGE_LOOP('',(#5310,#5320,#5328,#5336));
#5310 = ORIENTED_EDGE('',*,*,#5311,.F.);
#5311 = EDGE_CURVE('',#5312,#5314,#5316,.T.);
#5312 = VERTEX_POINT('',#5313);
#5313 = CARTESIAN_POINT('',(33.25,17.5,0.));
#5314 = VERTEX_POINT('',#5315);
#5315 = CARTESIAN_POINT('',(33.25,-17.5,0.));
#5316 = LINE('',#5317,#5318);
#5317 = CARTESIAN_POINT('',(33.25,17.5,0.));
#5318 = VECTOR('',#5319,1.);
#5319 = DIRECTION('',(0.,-1.,0.));
#5320 = ORIENTED_EDGE('',*,*,#5321,.T.);
#5321 = EDGE_CURVE('',#5312,#5322,#5324,.T.);
#5322 = VERTEX_POINT('',#5323);
#5323 = CARTESIAN_POINT('',(33.25,17.5,3.));
#5324 = LINE('',#5325,#5326);
#5325 = CARTESIAN_POINT('',(33.25,17.5,0.));
#5326 = VECTOR('',#5327,1.);
#5327 = DIRECTION('',(0.,0.,1.));
#5328 = ORIENTED_EDGE('',*,*,#5329,.F.);
#5329 = EDGE_CURVE('',#5330,#5322,#5332,.T.);
#5330 = VERTEX_POINT('',#5331);
#5331 = CARTESIAN_POINT('',(33.25,-17.5,3.));
#5332 = LINE('',#5333,#5334);
#5333 = CARTESIAN_POINT('',(33.25,17.5,3.));
#5334 = VECTOR('',#5335,1.);
#5335 = DIRECTION('',(0.,1.,0.));
#5336 = ORIENTED_EDGE('',*,*,#5337,.F.);
#5337 = EDGE_CURVE('',#5314,#5330,#5338,.T.);
#5338 = LINE('',#5339,#5340);
#5339 = CARTESIAN_POINT('',(33.25,-17.5,0.));
#5340 = VECTOR('',#5341,1.);
#5341 = DIRECTION('',(0.,0.,1.));
#5342 = PLANE('',#5343);
#5343 = AXIS2_PLACEMENT_3D('',#5344,#5345,#5346);
#5344 = CARTESIAN_POINT('',(33.25,-17.5,0.));
#5345 = DIRECTION('',(1.,0.,0.));
#5346 = DIRECTION('',(-0.,1.,0.));
#5347 = ADVANCED_FACE('',(#5348),#5373,.T.);
#5348 = FACE_BOUND('',#5349,.T.);
#5349 = EDGE_LOOP('',(#5350,#5358,#5359,#5367));
#5350 = ORIENTED_EDGE('',*,*,#5351,.F.);
#5351 = EDGE_CURVE('',#5314,#5352,#5354,.T.);
#5352 = VERTEX_POINT('',#5353);
#5353 = CARTESIAN_POINT('',(-33.25,-17.5,0.));
#5354 = LINE('',#5355,#5356);
#5355 = CARTESIAN_POINT('',(33.25,-17.5,0.));
#5356 = VECTOR('',#5357,1.);
#5357 = DIRECTION('',(-1.,-3.339016615414E-17,0.));
#5358 = ORIENTED_EDGE('',*,*,#5337,.T.);
#5359 = ORIENTED_EDGE('',*,*,#5360,.F.);
#5360 = EDGE_CURVE('',#5361,#5330,#5363,.T.);
#5361 = VERTEX_POINT('',#5362);
#5362 = CARTESIAN_POINT('',(-33.25,-17.5,3.));
#5363 = LINE('',#5364,#5365);
#5364 = CARTESIAN_POINT('',(33.25,-17.5,3.));
#5365 = VECTOR('',#5366,1.);
#5366 = DIRECTION('',(1.,3.339016615414E-17,0.));
#5367 = ORIENTED_EDGE('',*,*,#5368,.F.);
#5368 = EDGE_CURVE('',#5352,#5361,#5369,.T.);
#5369 = LINE('',#5370,#5371);
#5370 = CARTESIAN_POINT('',(-33.25,-17.5,0.));
#5371 = VECTOR('',#5372,1.);
#5372 = DIRECTION('',(0.,0.,1.));
#5373 = PLANE('',#5374);
#5374 = AXIS2_PLACEMENT_3D('',#5375,#5376,#5377);
#5375 = CARTESIAN_POINT('',(-33.25,-17.5,0.));
#5376 = DIRECTION('',(3.339016615414E-17,-1.,0.));
#5377 = DIRECTION('',(1.,3.339016615414E-17,0.));
#5378 = ADVANCED_FACE('',(#5379),#5404,.T.);
#5379 = FACE_BOUND('',#5380,.T.);
#5380 = EDGE_LOOP('',(#5381,#5389,#5390,#5398));
#5381 = ORIENTED_EDGE('',*,*,#5382,.F.);
#5382 = EDGE_CURVE('',#5352,#5383,#5385,.T.);
#5383 = VERTEX_POINT('',#5384);
#5384 = CARTESIAN_POINT('',(-33.25,17.5,0.));
#5385 = LINE('',#5386,#5387);
#5386 = CARTESIAN_POINT('',(-33.25,-17.5,0.));
#5387 = VECTOR('',#5388,1.);
#5388 = DIRECTION('',(0.,1.,0.));
#5389 = ORIENTED_EDGE('',*,*,#5368,.T.);
#5390 = ORIENTED_EDGE('',*,*,#5391,.F.);
#5391 = EDGE_CURVE('',#5392,#5361,#5394,.T.);
#5392 = VERTEX_POINT('',#5393);
#5393 = CARTESIAN_POINT('',(-33.25,17.5,3.));
#5394 = LINE('',#5395,#5396);
#5395 = CARTESIAN_POINT('',(-33.25,-17.5,3.));
#5396 = VECTOR('',#5397,1.);
#5397 = DIRECTION('',(0.,-1.,0.));
#5398 = ORIENTED_EDGE('',*,*,#5399,.F.);
#5399 = EDGE_CURVE('',#5383,#5392,#5400,.T.);
#5400 = LINE('',#5401,#5402);
#5401 = CARTESIAN_POINT('',(-33.25,17.5,0.));
#5402 = VECTOR('',#5403,1.);
#5403 = DIRECTION('',(0.,0.,1.));
#5404 = PLANE('',#5405);
#5405 = AXIS2_PLACEMENT_3D('',#5406,#5407,#5408);
#5406 = CARTESIAN_POINT('',(-33.25,17.5,0.));
#5407 = DIRECTION('',(-1.,0.,0.));
#5408 = DIRECTION('',(0.,-1.,0.));
#5409 = ADVANCED_FACE('',(#5410),#5426,.T.);
#5410 = FACE_BOUND('',#5411,.T.);
#5411 = EDGE_LOOP('',(#5412,#5418,#5419,#5425));
#5412 = ORIENTED_EDGE('',*,*,#5413,.F.);
#5413 = EDGE_CURVE('',#5383,#5312,#5414,.T.);
#5414 = LINE('',#5415,#5416);
#5415 = CARTESIAN_POINT('',(-33.25,17.5,0.));
#5416 = VECTOR('',#5417,1.);
#5417 = DIRECTION('',(1.,0.,0.));
#5418 = ORIENTED_EDGE('',*,*,#5399,.T.);
#5419 = ORIENTED_EDGE('',*,*,#5420,.F.);
#5420 = EDGE_CURVE('',#5322,#5392,#5421,.T.);
#5421 = LINE('',#5422,#5423);
#5422 = CARTESIAN_POINT('',(-33.25,17.5,3.));
#5423 = VECTOR('',#5424,1.);
#5424 = DIRECTION('',(-1.,0.,0.));
#5425 = ORIENTED_EDGE('',*,*,#5321,.F.);
#5426 = PLANE('',#5427);
#5427 = AXIS2_PLACEMENT_3D('',#5428,#5429,#5430);
#5428 = CARTESIAN_POINT('',(33.25,17.5,0.));
#5429 = DIRECTION('',(0.,1.,0.));
#5430 = DIRECTION('',(-1.,0.,0.));
#5431 = ADVANCED_FACE('',(#5432,#5438,#5448,#5458,#5468,#5478,#5488,
    #5491,#5494,#5497,#5507,#5517,#5527,#5537,#5547,#5557,#5567,#5577,
    #5587,#5597,#5600,#5610,#5620,#5630,#5640),#5650,.T.);
#5432 = FACE_BOUND('',#5433,.T.);
#5433 = EDGE_LOOP('',(#5434,#5435,#5436,#5437));
#5434 = ORIENTED_EDGE('',*,*,#5420,.T.);
#5435 = ORIENTED_EDGE('',*,*,#5391,.T.);
#5436 = ORIENTED_EDGE('',*,*,#5360,.T.);
#5437 = ORIENTED_EDGE('',*,*,#5329,.T.);
#5438 = FACE_BOUND('',#5439,.T.);
#5439 = EDGE_LOOP('',(#5440,#5441,#5442,#5443,#5444,#5445,#5446,#5447));
#5440 = ORIENTED_EDGE('',*,*,#5073,.T.);
#5441 = ORIENTED_EDGE('',*,*,#5288,.T.);
#5442 = ORIENTED_EDGE('',*,*,#5265,.T.);
#5443 = ORIENTED_EDGE('',*,*,#5233,.T.);
#5444 = ORIENTED_EDGE('',*,*,#5201,.T.);
#5445 = ORIENTED_EDGE('',*,*,#5169,.T.);
#5446 = ORIENTED_EDGE('',*,*,#5137,.T.);
#5447 = ORIENTED_EDGE('',*,*,#5105,.T.);
#5448 = FACE_BOUND('',#5449,.T.);
#5449 = EDGE_LOOP('',(#5450,#5451,#5452,#5453,#5454,#5455,#5456,#5457));
#5450 = ORIENTED_EDGE('',*,*,#4809,.T.);
#5451 = ORIENTED_EDGE('',*,*,#5040,.T.);
#5452 = ORIENTED_EDGE('',*,*,#5010,.T.);
#5453 = ORIENTED_EDGE('',*,*,#4978,.T.);
#5454 = ORIENTED_EDGE('',*,*,#4946,.T.);
#5455 = ORIENTED_EDGE('',*,*,#4914,.T.);
#5456 = ORIENTED_EDGE('',*,*,#4882,.T.);
#5457 = ORIENTED_EDGE('',*,*,#4850,.T.);
#5458 = FACE_BOUND('',#5459,.T.);
#5459 = EDGE_LOOP('',(#5460,#5461,#5462,#5463,#5464,#5465,#5466,#5467));
#5460 = ORIENTED_EDGE('',*,*,#4553,.T.);
#5461 = ORIENTED_EDGE('',*,*,#4784,.T.);
#5462 = ORIENTED_EDGE('',*,*,#4754,.T.);
#5463 = ORIENTED_EDGE('',*,*,#4722,.T.);
#5464 = ORIENTED_EDGE('',*,*,#4690,.T.);
#5465 = ORIENTED_EDGE('',*,*,#4658,.T.);
#5466 = ORIENTED_EDGE('',*,*,#4626,.T.);
#5467 = ORIENTED_EDGE('',*,*,#4594,.T.);
#5468 = FACE_BOUND('',#5469,.T.);
#5469 = EDGE_LOOP('',(#5470,#5471,#5472,#5473,#5474,#5475,#5476,#5477));
#5470 = ORIENTED_EDGE('',*,*,#4305,.T.);
#5471 = ORIENTED_EDGE('',*,*,#4520,.T.);
#5472 = ORIENTED_EDGE('',*,*,#4497,.T.);
#5473 = ORIENTED_EDGE('',*,*,#4465,.T.);
#5474 = ORIENTED_EDGE('',*,*,#4433,.T.);
#5475 = ORIENTED_EDGE('',*,*,#4401,.T.);
#5476 = ORIENTED_EDGE('',*,*,#4369,.T.);
#5477 = ORIENTED_EDGE('',*,*,#4337,.T.);
#5478 = FACE_BOUND('',#5479,.T.);
#5479 = EDGE_LOOP('',(#5480,#5481,#5482,#5483,#5484,#5485,#5486,#5487));
#5480 = ORIENTED_EDGE('',*,*,#4049,.T.);
#5481 = ORIENTED_EDGE('',*,*,#4264,.T.);
#5482 = ORIENTED_EDGE('',*,*,#4241,.T.);
#5483 = ORIENTED_EDGE('',*,*,#4209,.T.);
#5484 = ORIENTED_EDGE('',*,*,#4177,.T.);
#5485 = ORIENTED_EDGE('',*,*,#4145,.T.);
#5486 = ORIENTED_EDGE('',*,*,#4113,.T.);
#5487 = ORIENTED_EDGE('',*,*,#4081,.T.);
#5488 = FACE_BOUND('',#5489,.T.);
#5489 = EDGE_LOOP('',(#5490));
#5490 = ORIENTED_EDGE('',*,*,#4016,.T.);
#5491 = FACE_BOUND('',#5492,.T.);
#5492 = EDGE_LOOP('',(#5493));
#5493 = ORIENTED_EDGE('',*,*,#3983,.T.);
#5494 = FACE_BOUND('',#5495,.T.);
#5495 = EDGE_LOOP('',(#5496));
#5496 = ORIENTED_EDGE('',*,*,#3950,.T.);
#5497 = FACE_BOUND('',#5498,.T.);
#5498 = EDGE_LOOP('',(#5499,#5500,#5501,#5502,#5503,#5504,#5505,#5506));
#5499 = ORIENTED_EDGE('',*,*,#3694,.T.);
#5500 = ORIENTED_EDGE('',*,*,#3909,.T.);
#5501 = ORIENTED_EDGE('',*,*,#3886,.T.);
#5502 = ORIENTED_EDGE('',*,*,#3854,.T.);
#5503 = ORIENTED_EDGE('',*,*,#3822,.T.);
#5504 = ORIENTED_EDGE('',*,*,#3790,.T.);
#5505 = ORIENTED_EDGE('',*,*,#3758,.T.);
#5506 = ORIENTED_EDGE('',*,*,#3726,.T.);
#5507 = FACE_BOUND('',#5508,.T.);
#5508 = EDGE_LOOP('',(#5509,#5510,#5511,#5512,#5513,#5514,#5515,#5516));
#5509 = ORIENTED_EDGE('',*,*,#3438,.T.);
#5510 = ORIENTED_EDGE('',*,*,#3653,.T.);
#5511 = ORIENTED_EDGE('',*,*,#3630,.T.);
#5512 = ORIENTED_EDGE('',*,*,#3598,.T.);
#5513 = ORIENTED_EDGE('',*,*,#3566,.T.);
#5514 = ORIENTED_EDGE('',*,*,#3534,.T.);
#5515 = ORIENTED_EDGE('',*,*,#3502,.T.);
#5516 = ORIENTED_EDGE('',*,*,#3470,.T.);
#5517 = FACE_BOUND('',#5518,.T.);
#5518 = EDGE_LOOP('',(#5519,#5520,#5521,#5522,#5523,#5524,#5525,#5526));
#5519 = ORIENTED_EDGE('',*,*,#3174,.T.);
#5520 = ORIENTED_EDGE('',*,*,#3405,.T.);
#5521 = ORIENTED_EDGE('',*,*,#3375,.T.);
#5522 = ORIENTED_EDGE('',*,*,#3343,.T.);
#5523 = ORIENTED_EDGE('',*,*,#3311,.T.);
#5524 = ORIENTED_EDGE('',*,*,#3279,.T.);
#5525 = ORIENTED_EDGE('',*,*,#3247,.T.);
#5526 = ORIENTED_EDGE('',*,*,#3215,.T.);
#5527 = FACE_BOUND('',#5528,.T.);
#5528 = EDGE_LOOP('',(#5529,#5530,#5531,#5532,#5533,#5534,#5535,#5536));
#5529 = ORIENTED_EDGE('',*,*,#2926,.T.);
#5530 = ORIENTED_EDGE('',*,*,#3141,.T.);
#5531 = ORIENTED_EDGE('',*,*,#3118,.T.);
#5532 = ORIENTED_EDGE('',*,*,#3086,.T.);
#5533 = ORIENTED_EDGE('',*,*,#3054,.T.);
#5534 = ORIENTED_EDGE('',*,*,#3022,.T.);
#5535 = ORIENTED_EDGE('',*,*,#2990,.T.);
#5536 = ORIENTED_EDGE('',*,*,#2958,.T.);
#5537 = FACE_BOUND('',#5538,.T.);
#5538 = EDGE_LOOP('',(#5539,#5540,#5541,#5542,#5543,#5544,#5545,#5546));
#5539 = ORIENTED_EDGE('',*,*,#2670,.T.);
#5540 = ORIENTED_EDGE('',*,*,#2885,.T.);
#5541 = ORIENTED_EDGE('',*,*,#2862,.T.);
#5542 = ORIENTED_EDGE('',*,*,#2830,.T.);
#5543 = ORIENTED_EDGE('',*,*,#2798,.T.);
#5544 = ORIENTED_EDGE('',*,*,#2766,.T.);
#5545 = ORIENTED_EDGE('',*,*,#2734,.T.);
#5546 = ORIENTED_EDGE('',*,*,#2702,.T.);
#5547 = FACE_BOUND('',#5548,.T.);
#5548 = EDGE_LOOP('',(#5549,#5550,#5551,#5552,#5553,#5554,#5555,#5556));
#5549 = ORIENTED_EDGE('',*,*,#2414,.T.);
#5550 = ORIENTED_EDGE('',*,*,#2629,.T.);
#5551 = ORIENTED_EDGE('',*,*,#2606,.T.);
#5552 = ORIENTED_EDGE('',*,*,#2574,.T.);
#5553 = ORIENTED_EDGE('',*,*,#2542,.T.);
#5554 = ORIENTED_EDGE('',*,*,#2510,.T.);
#5555 = ORIENTED_EDGE('',*,*,#2478,.T.);
#5556 = ORIENTED_EDGE('',*,*,#2446,.T.);
#5557 = FACE_BOUND('',#5558,.T.);
#5558 = EDGE_LOOP('',(#5559,#5560,#5561,#5562,#5563,#5564,#5565,#5566));
#5559 = ORIENTED_EDGE('',*,*,#2158,.T.);
#5560 = ORIENTED_EDGE('',*,*,#2373,.T.);
#5561 = ORIENTED_EDGE('',*,*,#2350,.T.);
#5562 = ORIENTED_EDGE('',*,*,#2318,.T.);
#5563 = ORIENTED_EDGE('',*,*,#2286,.T.);
#5564 = ORIENTED_EDGE('',*,*,#2254,.T.);
#5565 = ORIENTED_EDGE('',*,*,#2222,.T.);
#5566 = ORIENTED_EDGE('',*,*,#2190,.T.);
#5567 = FACE_BOUND('',#5568,.T.);
#5568 = EDGE_LOOP('',(#5569,#5570,#5571,#5572,#5573,#5574,#5575,#5576));
#5569 = ORIENTED_EDGE('',*,*,#1902,.T.);
#5570 = ORIENTED_EDGE('',*,*,#2117,.T.);
#5571 = ORIENTED_EDGE('',*,*,#2094,.T.);
#5572 = ORIENTED_EDGE('',*,*,#2062,.T.);
#5573 = ORIENTED_EDGE('',*,*,#2030,.T.);
#5574 = ORIENTED_EDGE('',*,*,#1998,.T.);
#5575 = ORIENTED_EDGE('',*,*,#1966,.T.);
#5576 = ORIENTED_EDGE('',*,*,#1934,.T.);
#5577 = FACE_BOUND('',#5578,.T.);
#5578 = EDGE_LOOP('',(#5579,#5580,#5581,#5582,#5583,#5584,#5585,#5586));
#5579 = ORIENTED_EDGE('',*,*,#1646,.T.);
#5580 = ORIENTED_EDGE('',*,*,#1861,.T.);
#5581 = ORIENTED_EDGE('',*,*,#1838,.T.);
#5582 = ORIENTED_EDGE('',*,*,#1806,.T.);
#5583 = ORIENTED_EDGE('',*,*,#1774,.T.);
#5584 = ORIENTED_EDGE('',*,*,#1742,.T.);
#5585 = ORIENTED_EDGE('',*,*,#1710,.T.);
#5586 = ORIENTED_EDGE('',*,*,#1678,.T.);
#5587 = FACE_BOUND('',#5588,.T.);
#5588 = EDGE_LOOP('',(#5589,#5590,#5591,#5592,#5593,#5594,#5595,#5596));
#5589 = ORIENTED_EDGE('',*,*,#1390,.T.);
#5590 = ORIENTED_EDGE('',*,*,#1605,.T.);
#5591 = ORIENTED_EDGE('',*,*,#1582,.T.);
#5592 = ORIENTED_EDGE('',*,*,#1550,.T.);
#5593 = ORIENTED_EDGE('',*,*,#1518,.T.);
#5594 = ORIENTED_EDGE('',*,*,#1486,.T.);
#5595 = ORIENTED_EDGE('',*,*,#1454,.T.);
#5596 = ORIENTED_EDGE('',*,*,#1422,.T.);
#5597 = FACE_BOUND('',#5598,.T.);
#5598 = EDGE_LOOP('',(#5599));
#5599 = ORIENTED_EDGE('',*,*,#1357,.T.);
#5600 = FACE_BOUND('',#5601,.T.);
#5601 = EDGE_LOOP('',(#5602,#5603,#5604,#5605,#5606,#5607,#5608,#5609));
#5602 = ORIENTED_EDGE('',*,*,#1101,.T.);
#5603 = ORIENTED_EDGE('',*,*,#1316,.T.);
#5604 = ORIENTED_EDGE('',*,*,#1293,.T.);
#5605 = ORIENTED_EDGE('',*,*,#1261,.T.);
#5606 = ORIENTED_EDGE('',*,*,#1229,.T.);
#5607 = ORIENTED_EDGE('',*,*,#1197,.T.);
#5608 = ORIENTED_EDGE('',*,*,#1165,.T.);
#5609 = ORIENTED_EDGE('',*,*,#1133,.T.);
#5610 = FACE_BOUND('',#5611,.T.);
#5611 = EDGE_LOOP('',(#5612,#5613,#5614,#5615,#5616,#5617,#5618,#5619));
#5612 = ORIENTED_EDGE('',*,*,#845,.T.);
#5613 = ORIENTED_EDGE('',*,*,#1060,.T.);
#5614 = ORIENTED_EDGE('',*,*,#1037,.T.);
#5615 = ORIENTED_EDGE('',*,*,#1005,.T.);
#5616 = ORIENTED_EDGE('',*,*,#973,.T.);
#5617 = ORIENTED_EDGE('',*,*,#941,.T.);
#5618 = ORIENTED_EDGE('',*,*,#909,.T.);
#5619 = ORIENTED_EDGE('',*,*,#877,.T.);
#5620 = FACE_BOUND('',#5621,.T.);
#5621 = EDGE_LOOP('',(#5622,#5623,#5624,#5625,#5626,#5627,#5628,#5629));
#5622 = ORIENTED_EDGE('',*,*,#589,.T.);
#5623 = ORIENTED_EDGE('',*,*,#804,.T.);
#5624 = ORIENTED_EDGE('',*,*,#781,.T.);
#5625 = ORIENTED_EDGE('',*,*,#749,.T.);
#5626 = ORIENTED_EDGE('',*,*,#717,.T.);
#5627 = ORIENTED_EDGE('',*,*,#685,.T.);
#5628 = ORIENTED_EDGE('',*,*,#653,.T.);
#5629 = ORIENTED_EDGE('',*,*,#621,.T.);
#5630 = FACE_BOUND('',#5631,.T.);
#5631 = EDGE_LOOP('',(#5632,#5633,#5634,#5635,#5636,#5637,#5638,#5639));
#5632 = ORIENTED_EDGE('',*,*,#333,.T.);
#5633 = ORIENTED_EDGE('',*,*,#548,.T.);
#5634 = ORIENTED_EDGE('',*,*,#525,.T.);
#5635 = ORIENTED_EDGE('',*,*,#493,.T.);
#5636 = ORIENTED_EDGE('',*,*,#461,.T.);
#5637 = ORIENTED_EDGE('',*,*,#429,.T.);
#5638 = ORIENTED_EDGE('',*,*,#397,.T.);
#5639 = ORIENTED_EDGE('',*,*,#365,.T.);
#5640 = FACE_BOUND('',#5641,.T.);
#5641 = EDGE_LOOP('',(#5642,#5643,#5644,#5645,#5646,#5647,#5648,#5649));
#5642 = ORIENTED_EDGE('',*,*,#69,.T.);
#5643 = ORIENTED_EDGE('',*,*,#300,.T.);
#5644 = ORIENTED_EDGE('',*,*,#270,.T.);
#5645 = ORIENTED_EDGE('',*,*,#238,.T.);
#5646 = ORIENTED_EDGE('',*,*,#206,.T.);
#5647 = ORIENTED_EDGE('',*,*,#174,.T.);
#5648 = ORIENTED_EDGE('',*,*,#142,.T.);
#5649 = ORIENTED_EDGE('',*,*,#110,.T.);
#5650 = PLANE('',#5651);
#5651 = AXIS2_PLACEMENT_3D('',#5652,#5653,#5654);
#5652 = CARTESIAN_POINT('',(0.,0.,3.));
#5653 = DIRECTION('',(0.,0.,1.));
#5654 = DIRECTION('',(1.,0.,-0.));
#5655 = ADVANCED_FACE('',(#5656,#5662,#5672,#5682,#5692,#5702,#5712,
    #5715,#5718,#5721,#5731,#5741,#5751,#5761,#5771,#5781,#5791,#5801,
    #5811,#5821,#5824,#5834,#5844,#5854,#5864),#5874,.F.);
#5656 = FACE_BOUND('',#5657,.T.);
#5657 = EDGE_LOOP('',(#5658,#5659,#5660,#5661));
#5658 = ORIENTED_EDGE('',*,*,#5413,.T.);
#5659 = ORIENTED_EDGE('',*,*,#5311,.T.);
#5660 = ORIENTED_EDGE('',*,*,#5351,.T.);
#5661 = ORIENTED_EDGE('',*,*,#5382,.T.);
#5662 = FACE_BOUND('',#5663,.T.);
#5663 = EDGE_LOOP('',(#5664,#5665,#5666,#5667,#5668,#5669,#5670,#5671));
#5664 = ORIENTED_EDGE('',*,*,#5055,.T.);
#5665 = ORIENTED_EDGE('',*,*,#5113,.T.);
#5666 = ORIENTED_EDGE('',*,*,#5128,.T.);
#5667 = ORIENTED_EDGE('',*,*,#5177,.T.);
#5668 = ORIENTED_EDGE('',*,*,#5192,.T.);
#5669 = ORIENTED_EDGE('',*,*,#5241,.T.);
#5670 = ORIENTED_EDGE('',*,*,#5256,.T.);
#5671 = ORIENTED_EDGE('',*,*,#5296,.T.);
#5672 = FACE_BOUND('',#5673,.T.);
#5673 = EDGE_LOOP('',(#5674,#5675,#5676,#5677,#5678,#5679,#5680,#5681));
#5674 = ORIENTED_EDGE('',*,*,#4826,.T.);
#5675 = ORIENTED_EDGE('',*,*,#4841,.T.);
#5676 = ORIENTED_EDGE('',*,*,#4890,.T.);
#5677 = ORIENTED_EDGE('',*,*,#4905,.T.);
#5678 = ORIENTED_EDGE('',*,*,#4954,.T.);
#5679 = ORIENTED_EDGE('',*,*,#4969,.T.);
#5680 = ORIENTED_EDGE('',*,*,#5018,.T.);
#5681 = ORIENTED_EDGE('',*,*,#5033,.T.);
#5682 = FACE_BOUND('',#5683,.T.);
#5683 = EDGE_LOOP('',(#5684,#5685,#5686,#5687,#5688,#5689,#5690,#5691));
#5684 = ORIENTED_EDGE('',*,*,#4570,.T.);
#5685 = ORIENTED_EDGE('',*,*,#4585,.T.);
#5686 = ORIENTED_EDGE('',*,*,#4634,.T.);
#5687 = ORIENTED_EDGE('',*,*,#4649,.T.);
#5688 = ORIENTED_EDGE('',*,*,#4698,.T.);
#5689 = ORIENTED_EDGE('',*,*,#4713,.T.);
#5690 = ORIENTED_EDGE('',*,*,#4762,.T.);
#5691 = ORIENTED_EDGE('',*,*,#4777,.T.);
#5692 = FACE_BOUND('',#5693,.T.);
#5693 = EDGE_LOOP('',(#5694,#5695,#5696,#5697,#5698,#5699,#5700,#5701));
#5694 = ORIENTED_EDGE('',*,*,#4287,.T.);
#5695 = ORIENTED_EDGE('',*,*,#4345,.T.);
#5696 = ORIENTED_EDGE('',*,*,#4360,.T.);
#5697 = ORIENTED_EDGE('',*,*,#4409,.T.);
#5698 = ORIENTED_EDGE('',*,*,#4424,.T.);
#5699 = ORIENTED_EDGE('',*,*,#4473,.T.);
#5700 = ORIENTED_EDGE('',*,*,#4488,.T.);
#5701 = ORIENTED_EDGE('',*,*,#4528,.T.);
#5702 = FACE_BOUND('',#5703,.T.);
#5703 = EDGE_LOOP('',(#5704,#5705,#5706,#5707,#5708,#5709,#5710,#5711));
#5704 = ORIENTED_EDGE('',*,*,#4031,.T.);
#5705 = ORIENTED_EDGE('',*,*,#4089,.T.);
#5706 = ORIENTED_EDGE('',*,*,#4104,.T.);
#5707 = ORIENTED_EDGE('',*,*,#4153,.T.);
#5708 = ORIENTED_EDGE('',*,*,#4168,.T.);
#5709 = ORIENTED_EDGE('',*,*,#4217,.T.);
#5710 = ORIENTED_EDGE('',*,*,#4232,.T.);
#5711 = ORIENTED_EDGE('',*,*,#4272,.T.);
#5712 = FACE_BOUND('',#5713,.T.);
#5713 = EDGE_LOOP('',(#5714));
#5714 = ORIENTED_EDGE('',*,*,#4008,.T.);
#5715 = FACE_BOUND('',#5716,.T.);
#5716 = EDGE_LOOP('',(#5717));
#5717 = ORIENTED_EDGE('',*,*,#3975,.T.);
#5718 = FACE_BOUND('',#5719,.T.);
#5719 = EDGE_LOOP('',(#5720));
#5720 = ORIENTED_EDGE('',*,*,#3942,.T.);
#5721 = FACE_BOUND('',#5722,.T.);
#5722 = EDGE_LOOP('',(#5723,#5724,#5725,#5726,#5727,#5728,#5729,#5730));
#5723 = ORIENTED_EDGE('',*,*,#3676,.T.);
#5724 = ORIENTED_EDGE('',*,*,#3734,.T.);
#5725 = ORIENTED_EDGE('',*,*,#3749,.T.);
#5726 = ORIENTED_EDGE('',*,*,#3798,.T.);
#5727 = ORIENTED_EDGE('',*,*,#3813,.T.);
#5728 = ORIENTED_EDGE('',*,*,#3862,.T.);
#5729 = ORIENTED_EDGE('',*,*,#3877,.T.);
#5730 = ORIENTED_EDGE('',*,*,#3917,.T.);
#5731 = FACE_BOUND('',#5732,.T.);
#5732 = EDGE_LOOP('',(#5733,#5734,#5735,#5736,#5737,#5738,#5739,#5740));
#5733 = ORIENTED_EDGE('',*,*,#3420,.T.);
#5734 = ORIENTED_EDGE('',*,*,#3478,.T.);
#5735 = ORIENTED_EDGE('',*,*,#3493,.T.);
#5736 = ORIENTED_EDGE('',*,*,#3542,.T.);
#5737 = ORIENTED_EDGE('',*,*,#3557,.T.);
#5738 = ORIENTED_EDGE('',*,*,#3606,.T.);
#5739 = ORIENTED_EDGE('',*,*,#3621,.T.);
#5740 = ORIENTED_EDGE('',*,*,#3661,.T.);
#5741 = FACE_BOUND('',#5742,.T.);
#5742 = EDGE_LOOP('',(#5743,#5744,#5745,#5746,#5747,#5748,#5749,#5750));
#5743 = ORIENTED_EDGE('',*,*,#3191,.T.);
#5744 = ORIENTED_EDGE('',*,*,#3206,.T.);
#5745 = ORIENTED_EDGE('',*,*,#3255,.T.);
#5746 = ORIENTED_EDGE('',*,*,#3270,.T.);
#5747 = ORIENTED_EDGE('',*,*,#3319,.T.);
#5748 = ORIENTED_EDGE('',*,*,#3334,.T.);
#5749 = ORIENTED_EDGE('',*,*,#3383,.T.);
#5750 = ORIENTED_EDGE('',*,*,#3398,.T.);
#5751 = FACE_BOUND('',#5752,.T.);
#5752 = EDGE_LOOP('',(#5753,#5754,#5755,#5756,#5757,#5758,#5759,#5760));
#5753 = ORIENTED_EDGE('',*,*,#2908,.T.);
#5754 = ORIENTED_EDGE('',*,*,#2966,.T.);
#5755 = ORIENTED_EDGE('',*,*,#2981,.T.);
#5756 = ORIENTED_EDGE('',*,*,#3030,.T.);
#5757 = ORIENTED_EDGE('',*,*,#3045,.T.);
#5758 = ORIENTED_EDGE('',*,*,#3094,.T.);
#5759 = ORIENTED_EDGE('',*,*,#3109,.T.);
#5760 = ORIENTED_EDGE('',*,*,#3149,.T.);
#5761 = FACE_BOUND('',#5762,.T.);
#5762 = EDGE_LOOP('',(#5763,#5764,#5765,#5766,#5767,#5768,#5769,#5770));
#5763 = ORIENTED_EDGE('',*,*,#2652,.T.);
#5764 = ORIENTED_EDGE('',*,*,#2710,.T.);
#5765 = ORIENTED_EDGE('',*,*,#2725,.T.);
#5766 = ORIENTED_EDGE('',*,*,#2774,.T.);
#5767 = ORIENTED_EDGE('',*,*,#2789,.T.);
#5768 = ORIENTED_EDGE('',*,*,#2838,.T.);
#5769 = ORIENTED_EDGE('',*,*,#2853,.T.);
#5770 = ORIENTED_EDGE('',*,*,#2893,.T.);
#5771 = FACE_BOUND('',#5772,.T.);
#5772 = EDGE_LOOP('',(#5773,#5774,#5775,#5776,#5777,#5778,#5779,#5780));
#5773 = ORIENTED_EDGE('',*,*,#2396,.T.);
#5774 = ORIENTED_EDGE('',*,*,#2454,.T.);
#5775 = ORIENTED_EDGE('',*,*,#2469,.T.);
#5776 = ORIENTED_EDGE('',*,*,#2518,.T.);
#5777 = ORIENTED_EDGE('',*,*,#2533,.T.);
#5778 = ORIENTED_EDGE('',*,*,#2582,.T.);
#5779 = ORIENTED_EDGE('',*,*,#2597,.T.);
#5780 = ORIENTED_EDGE('',*,*,#2637,.T.);
#5781 = FACE_BOUND('',#5782,.T.);
#5782 = EDGE_LOOP('',(#5783,#5784,#5785,#5786,#5787,#5788,#5789,#5790));
#5783 = ORIENTED_EDGE('',*,*,#2140,.T.);
#5784 = ORIENTED_EDGE('',*,*,#2198,.T.);
#5785 = ORIENTED_EDGE('',*,*,#2213,.T.);
#5786 = ORIENTED_EDGE('',*,*,#2262,.T.);
#5787 = ORIENTED_EDGE('',*,*,#2277,.T.);
#5788 = ORIENTED_EDGE('',*,*,#2326,.T.);
#5789 = ORIENTED_EDGE('',*,*,#2341,.T.);
#5790 = ORIENTED_EDGE('',*,*,#2381,.T.);
#5791 = FACE_BOUND('',#5792,.T.);
#5792 = EDGE_LOOP('',(#5793,#5794,#5795,#5796,#5797,#5798,#5799,#5800));
#5793 = ORIENTED_EDGE('',*,*,#1884,.T.);
#5794 = ORIENTED_EDGE('',*,*,#1942,.T.);
#5795 = ORIENTED_EDGE('',*,*,#1957,.T.);
#5796 = ORIENTED_EDGE('',*,*,#2006,.T.);
#5797 = ORIENTED_EDGE('',*,*,#2021,.T.);
#5798 = ORIENTED_EDGE('',*,*,#2070,.T.);
#5799 = ORIENTED_EDGE('',*,*,#2085,.T.);
#5800 = ORIENTED_EDGE('',*,*,#2125,.T.);
#5801 = FACE_BOUND('',#5802,.T.);
#5802 = EDGE_LOOP('',(#5803,#5804,#5805,#5806,#5807,#5808,#5809,#5810));
#5803 = ORIENTED_EDGE('',*,*,#1628,.T.);
#5804 = ORIENTED_EDGE('',*,*,#1686,.T.);
#5805 = ORIENTED_EDGE('',*,*,#1701,.T.);
#5806 = ORIENTED_EDGE('',*,*,#1750,.T.);
#5807 = ORIENTED_EDGE('',*,*,#1765,.T.);
#5808 = ORIENTED_EDGE('',*,*,#1814,.T.);
#5809 = ORIENTED_EDGE('',*,*,#1829,.T.);
#5810 = ORIENTED_EDGE('',*,*,#1869,.T.);
#5811 = FACE_BOUND('',#5812,.T.);
#5812 = EDGE_LOOP('',(#5813,#5814,#5815,#5816,#5817,#5818,#5819,#5820));
#5813 = ORIENTED_EDGE('',*,*,#1372,.T.);
#5814 = ORIENTED_EDGE('',*,*,#1430,.T.);
#5815 = ORIENTED_EDGE('',*,*,#1445,.T.);
#5816 = ORIENTED_EDGE('',*,*,#1494,.T.);
#5817 = ORIENTED_EDGE('',*,*,#1509,.T.);
#5818 = ORIENTED_EDGE('',*,*,#1558,.T.);
#5819 = ORIENTED_EDGE('',*,*,#1573,.T.);
#5820 = ORIENTED_EDGE('',*,*,#1613,.T.);
#5821 = FACE_BOUND('',#5822,.T.);
#5822 = EDGE_LOOP('',(#5823));
#5823 = ORIENTED_EDGE('',*,*,#1349,.T.);
#5824 = FACE_BOUND('',#5825,.T.);
#5825 = EDGE_LOOP('',(#5826,#5827,#5828,#5829,#5830,#5831,#5832,#5833));
#5826 = ORIENTED_EDGE('',*,*,#1083,.T.);
#5827 = ORIENTED_EDGE('',*,*,#1141,.T.);
#5828 = ORIENTED_EDGE('',*,*,#1156,.T.);
#5829 = ORIENTED_EDGE('',*,*,#1205,.T.);
#5830 = ORIENTED_EDGE('',*,*,#1220,.T.);
#5831 = ORIENTED_EDGE('',*,*,#1269,.T.);
#5832 = ORIENTED_EDGE('',*,*,#1284,.T.);
#5833 = ORIENTED_EDGE('',*,*,#1324,.T.);
#5834 = FACE_BOUND('',#5835,.T.);
#5835 = EDGE_LOOP('',(#5836,#5837,#5838,#5839,#5840,#5841,#5842,#5843));
#5836 = ORIENTED_EDGE('',*,*,#827,.T.);
#5837 = ORIENTED_EDGE('',*,*,#885,.T.);
#5838 = ORIENTED_EDGE('',*,*,#900,.T.);
#5839 = ORIENTED_EDGE('',*,*,#949,.T.);
#5840 = ORIENTED_EDGE('',*,*,#964,.T.);
#5841 = ORIENTED_EDGE('',*,*,#1013,.T.);
#5842 = ORIENTED_EDGE('',*,*,#1028,.T.);
#5843 = ORIENTED_EDGE('',*,*,#1068,.T.);
#5844 = FACE_BOUND('',#5845,.T.);
#5845 = EDGE_LOOP('',(#5846,#5847,#5848,#5849,#5850,#5851,#5852,#5853));
#5846 = ORIENTED_EDGE('',*,*,#571,.T.);
#5847 = ORIENTED_EDGE('',*,*,#629,.T.);
#5848 = ORIENTED_EDGE('',*,*,#644,.T.);
#5849 = ORIENTED_EDGE('',*,*,#693,.T.);
#5850 = ORIENTED_EDGE('',*,*,#708,.T.);
#5851 = ORIENTED_EDGE('',*,*,#757,.T.);
#5852 = ORIENTED_EDGE('',*,*,#772,.T.);
#5853 = ORIENTED_EDGE('',*,*,#812,.T.);
#5854 = FACE_BOUND('',#5855,.T.);
#5855 = EDGE_LOOP('',(#5856,#5857,#5858,#5859,#5860,#5861,#5862,#5863));
#5856 = ORIENTED_EDGE('',*,*,#315,.T.);
#5857 = ORIENTED_EDGE('',*,*,#373,.T.);
#5858 = ORIENTED_EDGE('',*,*,#388,.T.);
#5859 = ORIENTED_EDGE('',*,*,#437,.T.);
#5860 = ORIENTED_EDGE('',*,*,#452,.T.);
#5861 = ORIENTED_EDGE('',*,*,#501,.T.);
#5862 = ORIENTED_EDGE('',*,*,#516,.T.);
#5863 = ORIENTED_EDGE('',*,*,#556,.T.);
#5864 = FACE_BOUND('',#5865,.T.);
#5865 = EDGE_LOOP('',(#5866,#5867,#5868,#5869,#5870,#5871,#5872,#5873));
#5866 = ORIENTED_EDGE('',*,*,#86,.T.);
#5867 = ORIENTED_EDGE('',*,*,#101,.T.);
#5868 = ORIENTED_EDGE('',*,*,#150,.T.);
#5869 = ORIENTED_EDGE('',*,*,#165,.T.);
#5870 = ORIENTED_EDGE('',*,*,#214,.T.);
#5871 = ORIENTED_EDGE('',*,*,#229,.T.);
#5872 = ORIENTED_EDGE('',*,*,#278,.T.);
#5873 = ORIENTED_EDGE('',*,*,#293,.T.);
#5874 = PLANE('',#5875);
#5875 = AXIS2_PLACEMENT_3D('',#5876,#5877,#5878);
#5876 = CARTESIAN_POINT('',(0.,0.,0.));
#5877 = DIRECTION('',(0.,0.,1.));
#5878 = DIRECTION('',(1.,0.,-0.));
#5879 = MANIFOLD_SOLID_BREP('',#5880);
#5880 = CLOSED_SHELL('',(#5881,#5921,#5952,#5983,#6005,#6017));
#5881 = ADVANCED_FACE('',(#5882),#5916,.T.);
#5882 = FACE_BOUND('',#5883,.T.);
#5883 = EDGE_LOOP('',(#5884,#5894,#5902,#5910));
#5884 = ORIENTED_EDGE('',*,*,#5885,.F.);
#5885 = EDGE_CURVE('',#5886,#5888,#5890,.T.);
#5886 = VERTEX_POINT('',#5887);
#5887 = CARTESIAN_POINT('',(32.,14.,3.));
#5888 = VERTEX_POINT('',#5889);
#5889 = CARTESIAN_POINT('',(32.,-14.,3.));
#5890 = LINE('',#5891,#5892);
#5891 = CARTESIAN_POINT('',(32.,14.,3.));
#5892 = VECTOR('',#5893,1.);
#5893 = DIRECTION('',(0.,-1.,0.));
#5894 = ORIENTED_EDGE('',*,*,#5895,.T.);
#5895 = EDGE_CURVE('',#5886,#5896,#5898,.T.);
#5896 = VERTEX_POINT('',#5897);
#5897 = CARTESIAN_POINT('',(32.,14.,8.));
#5898 = LINE('',#5899,#5900);
#5899 = CARTESIAN_POINT('',(32.,14.,3.));
#5900 = VECTOR('',#5901,1.);
#5901 = DIRECTION('',(0.,0.,1.));
#5902 = ORIENTED_EDGE('',*,*,#5903,.F.);
#5903 = EDGE_CURVE('',#5904,#5896,#5906,.T.);
#5904 = VERTEX_POINT('',#5905);
#5905 = CARTESIAN_POINT('',(32.,-14.,8.));
#5906 = LINE('',#5907,#5908);
#5907 = CARTESIAN_POINT('',(32.,14.,8.));
#5908 = VECTOR('',#5909,1.);
#5909 = DIRECTION('',(0.,1.,0.));
#5910 = ORIENTED_EDGE('',*,*,#5911,.F.);
#5911 = EDGE_CURVE('',#5888,#5904,#5912,.T.);
#5912 = LINE('',#5913,#5914);
#5913 = CARTESIAN_POINT('',(32.,-14.,3.));
#5914 = VECTOR('',#5915,1.);
#5915 = DIRECTION('',(0.,0.,1.));
#5916 = PLANE('',#5917);
#5917 = AXIS2_PLACEMENT_3D('',#5918,#5919,#5920);
#5918 = CARTESIAN_POINT('',(32.,-14.,3.));
#5919 = DIRECTION('',(1.,0.,0.));
#5920 = DIRECTION('',(-0.,1.,0.));
#5921 = ADVANCED_FACE('',(#5922),#5947,.T.);
#5922 = FACE_BOUND('',#5923,.T.);
#5923 = EDGE_LOOP('',(#5924,#5932,#5933,#5941));
#5924 = ORIENTED_EDGE('',*,*,#5925,.F.);
#5925 = EDGE_CURVE('',#5888,#5926,#5928,.T.);
#5926 = VERTEX_POINT('',#5927);
#5927 = CARTESIAN_POINT('',(-32.,-14.,3.));
#5928 = LINE('',#5929,#5930);
#5929 = CARTESIAN_POINT('',(32.,-14.,3.));
#5930 = VECTOR('',#5931,1.);
#5931 = DIRECTION('',(-1.,3.469446951954E-17,0.));
#5932 = ORIENTED_EDGE('',*,*,#5911,.T.);
#5933 = ORIENTED_EDGE('',*,*,#5934,.F.);
#5934 = EDGE_CURVE('',#5935,#5904,#5937,.T.);
#5935 = VERTEX_POINT('',#5936);
#5936 = CARTESIAN_POINT('',(-32.,-14.,8.));
#5937 = LINE('',#5938,#5939);
#5938 = CARTESIAN_POINT('',(32.,-14.,8.));
#5939 = VECTOR('',#5940,1.);
#5940 = DIRECTION('',(1.,-3.469446951954E-17,0.));
#5941 = ORIENTED_EDGE('',*,*,#5942,.F.);
#5942 = EDGE_CURVE('',#5926,#5935,#5943,.T.);
#5943 = LINE('',#5944,#5945);
#5944 = CARTESIAN_POINT('',(-32.,-14.,3.));
#5945 = VECTOR('',#5946,1.);
#5946 = DIRECTION('',(0.,0.,1.));
#5947 = PLANE('',#5948);
#5948 = AXIS2_PLACEMENT_3D('',#5949,#5950,#5951);
#5949 = CARTESIAN_POINT('',(-32.,-14.,3.));
#5950 = DIRECTION('',(-3.469446951954E-17,-1.,0.));
#5951 = DIRECTION('',(1.,-3.469446951954E-17,0.));
#5952 = ADVANCED_FACE('',(#5953),#5978,.T.);
#5953 = FACE_BOUND('',#5954,.T.);
#5954 = EDGE_LOOP('',(#5955,#5963,#5964,#5972));
#5955 = ORIENTED_EDGE('',*,*,#5956,.F.);
#5956 = EDGE_CURVE('',#5926,#5957,#5959,.T.);
#5957 = VERTEX_POINT('',#5958);
#5958 = CARTESIAN_POINT('',(-32.,14.,3.));
#5959 = LINE('',#5960,#5961);
#5960 = CARTESIAN_POINT('',(-32.,-14.,3.));
#5961 = VECTOR('',#5962,1.);
#5962 = DIRECTION('',(0.,1.,0.));
#5963 = ORIENTED_EDGE('',*,*,#5942,.T.);
#5964 = ORIENTED_EDGE('',*,*,#5965,.F.);
#5965 = EDGE_CURVE('',#5966,#5935,#5968,.T.);
#5966 = VERTEX_POINT('',#5967);
#5967 = CARTESIAN_POINT('',(-32.,14.,8.));
#5968 = LINE('',#5969,#5970);
#5969 = CARTESIAN_POINT('',(-32.,-14.,8.));
#5970 = VECTOR('',#5971,1.);
#5971 = DIRECTION('',(0.,-1.,0.));
#5972 = ORIENTED_EDGE('',*,*,#5973,.F.);
#5973 = EDGE_CURVE('',#5957,#5966,#5974,.T.);
#5974 = LINE('',#5975,#5976);
#5975 = CARTESIAN_POINT('',(-32.,14.,3.));
#5976 = VECTOR('',#5977,1.);
#5977 = DIRECTION('',(0.,0.,1.));
#5978 = PLANE('',#5979);
#5979 = AXIS2_PLACEMENT_3D('',#5980,#5981,#5982);
#5980 = CARTESIAN_POINT('',(-32.,14.,3.));
#5981 = DIRECTION('',(-1.,0.,0.));
#5982 = DIRECTION('',(0.,-1.,0.));
#5983 = ADVANCED_FACE('',(#5984),#6000,.T.);
#5984 = FACE_BOUND('',#5985,.T.);
#5985 = EDGE_LOOP('',(#5986,#5992,#5993,#5999));
#5986 = ORIENTED_EDGE('',*,*,#5987,.F.);
#5987 = EDGE_CURVE('',#5957,#5886,#5988,.T.);
#5988 = LINE('',#5989,#5990);
#5989 = CARTESIAN_POINT('',(-32.,14.,3.));
#5990 = VECTOR('',#5991,1.);
#5991 = DIRECTION('',(1.,0.,0.));
#5992 = ORIENTED_EDGE('',*,*,#5973,.T.);
#5993 = ORIENTED_EDGE('',*,*,#5994,.F.);
#5994 = EDGE_CURVE('',#5896,#5966,#5995,.T.);
#5995 = LINE('',#5996,#5997);
#5996 = CARTESIAN_POINT('',(-32.,14.,8.));
#5997 = VECTOR('',#5998,1.);
#5998 = DIRECTION('',(-1.,0.,0.));
#5999 = ORIENTED_EDGE('',*,*,#5895,.F.);
#6000 = PLANE('',#6001);
#6001 = AXIS2_PLACEMENT_3D('',#6002,#6003,#6004);
#6002 = CARTESIAN_POINT('',(32.,14.,3.));
#6003 = DIRECTION('',(0.,1.,0.));
#6004 = DIRECTION('',(-1.,0.,0.));
#6005 = ADVANCED_FACE('',(#6006),#6012,.T.);
#6006 = FACE_BOUND('',#6007,.T.);
#6007 = EDGE_LOOP('',(#6008,#6009,#6010,#6011));
#6008 = ORIENTED_EDGE('',*,*,#5994,.T.);
#6009 = ORIENTED_EDGE('',*,*,#5965,.T.);
#6010 = ORIENTED_EDGE('',*,*,#5934,.T.);
#6011 = ORIENTED_EDGE('',*,*,#5903,.T.);
#6012 = PLANE('',#6013);
#6013 = AXIS2_PLACEMENT_3D('',#6014,#6015,#6016);
#6014 = CARTESIAN_POINT('',(4.440892098501E-15,-2.22044604925E-15,8.));
#6015 = DIRECTION('',(0.,0.,1.));
#6016 = DIRECTION('',(1.,0.,-0.));
#6017 = ADVANCED_FACE('',(#6018),#6024,.F.);
#6018 = FACE_BOUND('',#6019,.T.);
#6019 = EDGE_LOOP('',(#6020,#6021,#6022,#6023));
#6020 = ORIENTED_EDGE('',*,*,#5987,.T.);
#6021 = ORIENTED_EDGE('',*,*,#5885,.T.);
#6022 = ORIENTED_EDGE('',*,*,#5925,.T.);
#6023 = ORIENTED_EDGE('',*,*,#5956,.T.);
#6024 = PLANE('',#6025);
#6025 = AXIS2_PLACEMENT_3D('',#6026,#6027,#6028);
#6026 = CARTESIAN_POINT('',(4.440892098501E-15,-2.22044604925E-15,3.));
#6027 = DIRECTION('',(0.,0.,1.));
#6028 = DIRECTION('',(-1.,0.,0.));
#6029 = ( GEOMETRIC_REPRESENTATION_CONTEXT(3) 
GLOBAL_UNCERTAINTY_ASSIGNED_CONTEXT((#6033)) 
GLOBAL_UNIT_ASSIGNED_CONTEXT((#6030,#6031,#6032)) REPRESENTATION_CONTEXT
('Context #1','3D Context with UNIT and UNCERTAINTY') );
#6030 = ( LENGTH_UNIT() NAMED_UNIT(*) SI_UNIT(.MILLI.,.METRE.) );
#6031 = ( NAMED_UNIT(*) PLANE_ANGLE_UNIT() SI_UNIT($,.RADIAN.) );
#6032 = ( NAMED_UNIT(*) SI_UNIT($,.STERADIAN.) SOLID_ANGLE_UNIT() );
#6033 = UNCERTAINTY_MEASURE_WITH_UNIT(LENGTH_MEASURE(1.E-07),#6030,
  'distance_accuracy_value','confusion accuracy');
#6034 = CONTEXT_DEPENDENT_SHAPE_REPRESENTATION(#6035,#6037);
#6035 = ( REPRESENTATION_RELATIONSHIP('','',#52,#10) 
REPRESENTATION_RELATIONSHIP_WITH_TRANSFORMATION(#6036) 
SHAPE_REPRESENTATION_RELATIONSHIP() );
#6036 = ITEM_DEFINED_TRANSFORMATION('','',#11,#15);
#6037 = PRODUCT_DEFINITION_SHAPE('Placement','Placement of an item',
  #6038);
#6038 = NEXT_ASSEMBLY_USAGE_OCCURRENCE('1','DS1','',#5,#47,$);
#6039 = PRODUCT_RELATED_PRODUCT_CATEGORY('part',$,(#49));
#6040 = SHAPE_DEFINITION_REPRESENTATION(#6041,#6047);
#6041 = PRODUCT_DEFINITION_SHAPE('','',#6042);
#6042 = PRODUCT_DEFINITION('design','',#6043,#6046);
#6043 = PRODUCT_DEFINITION_FORMATION('','',#6044);
#6044 = PRODUCT('Buzzer_TDK_PS1240P02BT_D12.2mm_H6.5mm',
  'Buzzer_TDK_PS1240P02BT_D12.2mm_H6.5mm','',(#6045));
#6045 = PRODUCT_CONTEXT('',#2,'mechanical');
#6046 = PRODUCT_DEFINITION_CONTEXT('part definition',#2,'design');
#6047 = ADVANCED_BREP_SHAPE_REPRESENTATION('',(#11,#6048),#6340);
#6048 = MANIFOLD_SOLID_BREP('',#6049);
#6049 = CLOSED_SHELL('',(#6050,#6084,#6109,#6118,#6149,#6175,#6200,#6225
    ,#6251,#6277,#6286,#6306,#6331));
#6050 = ADVANCED_FACE('',(#6051),#6079,.T.);
#6051 = FACE_BOUND('',#6052,.T.);
#6052 = EDGE_LOOP('',(#6053,#6062,#6071,#6078));
#6053 = ORIENTED_EDGE('',*,*,#6054,.T.);
#6054 = EDGE_CURVE('',#6055,#6055,#6057,.T.);
#6055 = VERTEX_POINT('',#6056);
#6056 = CARTESIAN_POINT('',(0.195,0.,-15.));
#6057 = CIRCLE('',#6058,0.195);
#6058 = AXIS2_PLACEMENT_3D('',#6059,#6060,#6061);
#6059 = CARTESIAN_POINT('',(0.,0.,-15.));
#6060 = DIRECTION('',(0.,0.,1.));
#6061 = DIRECTION('',(1.,0.,-0.));
#6062 = ORIENTED_EDGE('',*,*,#6063,.F.);
#6063 = EDGE_CURVE('',#6064,#6055,#6066,.T.);
#6064 = VERTEX_POINT('',#6065);
#6065 = CARTESIAN_POINT('',(0.325,0.,-14.87));
#6066 = CIRCLE('',#6067,0.13);
#6067 = AXIS2_PLACEMENT_3D('',#6068,#6069,#6070);
#6068 = CARTESIAN_POINT('',(0.195,0.,-14.87));
#6069 = DIRECTION('',(-0.,1.,0.));
#6070 = DIRECTION('',(1.,0.,0.));
#6071 = ORIENTED_EDGE('',*,*,#6072,.F.);
#6072 = EDGE_CURVE('',#6064,#6064,#6073,.T.);
#6073 = CIRCLE('',#6074,0.325);
#6074 = AXIS2_PLACEMENT_3D('',#6075,#6076,#6077);
#6075 = CARTESIAN_POINT('',(0.,0.,-14.87));
#6076 = DIRECTION('',(0.,0.,1.));
#6077 = DIRECTION('',(1.,0.,-0.));
#6078 = ORIENTED_EDGE('',*,*,#6063,.T.);
#6079 = TOROIDAL_SURFACE('',#6080,0.195,0.13);
#6080 = AXIS2_PLACEMENT_3D('',#6081,#6082,#6083);
#6081 = CARTESIAN_POINT('',(0.,0.,-14.87));
#6082 = DIRECTION('',(-0.,-0.,-1.));
#6083 = DIRECTION('',(1.,0.,0.));
#6084 = ADVANCED_FACE('',(#6085),#6104,.T.);
#6085 = FACE_BOUND('',#6086,.T.);
#6086 = EDGE_LOOP('',(#6087,#6096,#6102,#6103));
#6087 = ORIENTED_EDGE('',*,*,#6088,.F.);
#6088 = EDGE_CURVE('',#6089,#6089,#6091,.T.);
#6089 = VERTEX_POINT('',#6090);
#6090 = CARTESIAN_POINT('',(0.325,0.,3.E-02));
#6091 = CIRCLE('',#6092,0.325);
#6092 = AXIS2_PLACEMENT_3D('',#6093,#6094,#6095);
#6093 = CARTESIAN_POINT('',(0.,0.,3.E-02));
#6094 = DIRECTION('',(0.,0.,1.));
#6095 = DIRECTION('',(1.,0.,-0.));
#6096 = ORIENTED_EDGE('',*,*,#6097,.T.);
#6097 = EDGE_CURVE('',#6089,#6064,#6098,.T.);
#6098 = LINE('',#6099,#6100);
#6099 = CARTESIAN_POINT('',(0.325,0.,1.03));
#6100 = VECTOR('',#6101,1.);
#6101 = DIRECTION('',(-0.,-0.,-1.));
#6102 = ORIENTED_EDGE('',*,*,#6072,.T.);
#6103 = ORIENTED_EDGE('',*,*,#6097,.F.);
#6104 = CYLINDRICAL_SURFACE('',#6105,0.325);
#6105 = AXIS2_PLACEMENT_3D('',#6106,#6107,#6108);
#6106 = CARTESIAN_POINT('',(0.,0.,1.03));
#6107 = DIRECTION('',(0.,0.,1.));
#6108 = DIRECTION('',(1.,0.,-0.));
#6109 = ADVANCED_FACE('',(#6110),#6113,.F.);
#6110 = FACE_BOUND('',#6111,.F.);
#6111 = EDGE_LOOP('',(#6112));
#6112 = ORIENTED_EDGE('',*,*,#6054,.T.);
#6113 = PLANE('',#6114);
#6114 = AXIS2_PLACEMENT_3D('',#6115,#6116,#6117);
#6115 = CARTESIAN_POINT('',(-1.64355785161E-17,3.168571525336E-18,-15.)
  );
#6116 = DIRECTION('',(0.,0.,1.));
#6117 = DIRECTION('',(1.,0.,-0.));
#6118 = ADVANCED_FACE('',(#6119,#6130,#6133),#6144,.F.);
#6119 = FACE_BOUND('',#6120,.F.);
#6120 = EDGE_LOOP('',(#6121));
#6121 = ORIENTED_EDGE('',*,*,#6122,.T.);
#6122 = EDGE_CURVE('',#6123,#6123,#6125,.T.);
#6123 = VERTEX_POINT('',#6124);
#6124 = CARTESIAN_POINT('',(8.2,1.336382355046E-51,3.E-02));
#6125 = CIRCLE('',#6126,5.7);
#6126 = AXIS2_PLACEMENT_3D('',#6127,#6128,#6129);
#6127 = CARTESIAN_POINT('',(2.5,0.,3.E-02));
#6128 = DIRECTION('',(-1.141291818896E-34,2.080404723854E-35,1.));
#6129 = DIRECTION('',(1.,1.672564737805E-52,1.141291818896E-34));
#6130 = FACE_BOUND('',#6131,.F.);
#6131 = EDGE_LOOP('',(#6132));
#6132 = ORIENTED_EDGE('',*,*,#6088,.F.);
#6133 = FACE_BOUND('',#6134,.F.);
#6134 = EDGE_LOOP('',(#6135));
#6135 = ORIENTED_EDGE('',*,*,#6136,.F.);
#6136 = EDGE_CURVE('',#6137,#6137,#6139,.T.);
#6137 = VERTEX_POINT('',#6138);
#6138 = CARTESIAN_POINT('',(5.325,0.,3.E-02));
#6139 = CIRCLE('',#6140,0.325);
#6140 = AXIS2_PLACEMENT_3D('',#6141,#6142,#6143);
#6141 = CARTESIAN_POINT('',(5.,0.,3.E-02));
#6142 = DIRECTION('',(0.,0.,1.));
#6143 = DIRECTION('',(1.,0.,-0.));
#6144 = PLANE('',#6145);
#6145 = AXIS2_PLACEMENT_3D('',#6146,#6147,#6148);
#6146 = CARTESIAN_POINT('',(2.5,-1.70226710729E-17,3.E-02));
#6147 = DIRECTION('',(-1.141291818896E-34,2.080404723854E-35,1.));
#6148 = DIRECTION('',(1.,0.,1.141291818896E-34));
#6149 = ADVANCED_FACE('',(#6150),#6170,.T.);
#6150 = FACE_BOUND('',#6151,.T.);
#6151 = EDGE_LOOP('',(#6152,#6153,#6162,#6169));
#6152 = ORIENTED_EDGE('',*,*,#6122,.T.);
#6153 = ORIENTED_EDGE('',*,*,#6154,.F.);
#6154 = EDGE_CURVE('',#6155,#6123,#6157,.T.);
#6155 = VERTEX_POINT('',#6156);
#6156 = CARTESIAN_POINT('',(8.5,6.241214171563E-36,0.33));
#6157 = CIRCLE('',#6158,0.3);
#6158 = AXIS2_PLACEMENT_3D('',#6159,#6160,#6161);
#6159 = CARTESIAN_POINT('',(8.2,3.120607085781E-37,0.33));
#6160 = DIRECTION('',(1.040202361927E-36,1.,-2.080404723854E-35));
#6161 = DIRECTION('',(1.,-1.040202361927E-36,1.141291818896E-34));
#6162 = ORIENTED_EDGE('',*,*,#6163,.F.);
#6163 = EDGE_CURVE('',#6155,#6155,#6164,.T.);
#6164 = CIRCLE('',#6165,6.);
#6165 = AXIS2_PLACEMENT_3D('',#6166,#6167,#6168);
#6166 = CARTESIAN_POINT('',(2.5,6.241214171563E-36,0.33));
#6167 = DIRECTION('',(-1.141291818896E-34,2.080404723854E-35,1.));
#6168 = DIRECTION('',(1.,1.672564737805E-52,1.141291818896E-34));
#6169 = ORIENTED_EDGE('',*,*,#6154,.T.);
#6170 = TOROIDAL_SURFACE('',#6171,5.7,0.3);
#6171 = AXIS2_PLACEMENT_3D('',#6172,#6173,#6174);
#6172 = CARTESIAN_POINT('',(2.5,6.241214171563E-36,0.33));
#6173 = DIRECTION('',(1.141291818896E-34,-2.080404723854E-35,-1.));
#6174 = DIRECTION('',(1.,1.672564737805E-52,1.141291818896E-34));
#6175 = ADVANCED_FACE('',(#6176),#6195,.T.);
#6176 = FACE_BOUND('',#6177,.T.);
#6177 = EDGE_LOOP('',(#6178,#6179,#6187,#6194));
#6178 = ORIENTED_EDGE('',*,*,#6136,.F.);
#6179 = ORIENTED_EDGE('',*,*,#6180,.T.);
#6180 = EDGE_CURVE('',#6137,#6181,#6183,.T.);
#6181 = VERTEX_POINT('',#6182);
#6182 = CARTESIAN_POINT('',(5.325,0.,-14.87));
#6183 = LINE('',#6184,#6185);
#6184 = CARTESIAN_POINT('',(5.325,0.,1.03));
#6185 = VECTOR('',#6186,1.);
#6186 = DIRECTION('',(-0.,-0.,-1.));
#6187 = ORIENTED_EDGE('',*,*,#6188,.T.);
#6188 = EDGE_CURVE('',#6181,#6181,#6189,.T.);
#6189 = CIRCLE('',#6190,0.325);
#6190 = AXIS2_PLACEMENT_3D('',#6191,#6192,#6193);
#6191 = CARTESIAN_POINT('',(5.,0.,-14.87));
#6192 = DIRECTION('',(0.,0.,1.));
#6193 = DIRECTION('',(1.,0.,-0.));
#6194 = ORIENTED_EDGE('',*,*,#6180,.F.);
#6195 = CYLINDRICAL_SURFACE('',#6196,0.325);
#6196 = AXIS2_PLACEMENT_3D('',#6197,#6198,#6199);
#6197 = CARTESIAN_POINT('',(5.,0.,1.03));
#6198 = DIRECTION('',(0.,0.,1.));
#6199 = DIRECTION('',(1.,0.,-0.));
#6200 = ADVANCED_FACE('',(#6201),#6220,.T.);
#6201 = FACE_BOUND('',#6202,.T.);
#6202 = EDGE_LOOP('',(#6203,#6204,#6212,#6219));
#6203 = ORIENTED_EDGE('',*,*,#6163,.T.);
#6204 = ORIENTED_EDGE('',*,*,#6205,.T.);
#6205 = EDGE_CURVE('',#6155,#6206,#6208,.T.);
#6206 = VERTEX_POINT('',#6207);
#6207 = CARTESIAN_POINT('',(8.5,-3.082081072377E-35,5.048518518519));
#6208 = LINE('',#6209,#6210);
#6209 = CARTESIAN_POINT('',(8.5,0.,3.E-02));
#6210 = VECTOR('',#6211,1.);
#6211 = DIRECTION('',(0.,0.,1.));
#6212 = ORIENTED_EDGE('',*,*,#6213,.F.);
#6213 = EDGE_CURVE('',#6206,#6206,#6214,.T.);
#6214 = CIRCLE('',#6215,6.);
#6215 = AXIS2_PLACEMENT_3D('',#6216,#6217,#6218);
#6216 = CARTESIAN_POINT('',(2.5,-3.082081072377E-35,5.048518518519));
#6217 = DIRECTION('',(-1.141291818896E-34,2.080404723854E-35,1.));
#6218 = DIRECTION('',(1.,2.374348891328E-69,1.141291818896E-34));
#6219 = ORIENTED_EDGE('',*,*,#6205,.F.);
#6220 = CYLINDRICAL_SURFACE('',#6221,6.);
#6221 = AXIS2_PLACEMENT_3D('',#6222,#6223,#6224);
#6222 = CARTESIAN_POINT('',(2.5,0.,3.E-02));
#6223 = DIRECTION('',(-0.,-0.,-1.));
#6224 = DIRECTION('',(1.,0.,0.));
#6225 = ADVANCED_FACE('',(#6226),#6246,.T.);
#6226 = FACE_BOUND('',#6227,.T.);
#6227 = EDGE_LOOP('',(#6228,#6237,#6244,#6245));
#6228 = ORIENTED_EDGE('',*,*,#6229,.T.);
#6229 = EDGE_CURVE('',#6230,#6230,#6232,.T.);
#6230 = VERTEX_POINT('',#6231);
#6231 = CARTESIAN_POINT('',(5.195,0.,-15.));
#6232 = CIRCLE('',#6233,0.195);
#6233 = AXIS2_PLACEMENT_3D('',#6234,#6235,#6236);
#6234 = CARTESIAN_POINT('',(5.,0.,-15.));
#6235 = DIRECTION('',(0.,0.,1.));
#6236 = DIRECTION('',(1.,0.,-0.));
#6237 = ORIENTED_EDGE('',*,*,#6238,.F.);
#6238 = EDGE_CURVE('',#6181,#6230,#6239,.T.);
#6239 = CIRCLE('',#6240,0.13);
#6240 = AXIS2_PLACEMENT_3D('',#6241,#6242,#6243);
#6241 = CARTESIAN_POINT('',(5.195,0.,-14.87));
#6242 = DIRECTION('',(-0.,1.,0.));
#6243 = DIRECTION('',(1.,0.,0.));
#6244 = ORIENTED_EDGE('',*,*,#6188,.F.);
#6245 = ORIENTED_EDGE('',*,*,#6238,.T.);
#6246 = TOROIDAL_SURFACE('',#6247,0.195,0.13);
#6247 = AXIS2_PLACEMENT_3D('',#6248,#6249,#6250);
#6248 = CARTESIAN_POINT('',(5.,0.,-14.87));
#6249 = DIRECTION('',(-0.,-0.,-1.));
#6250 = DIRECTION('',(1.,0.,0.));
#6251 = ADVANCED_FACE('',(#6252),#6272,.T.);
#6252 = FACE_BOUND('',#6253,.T.);
#6253 = EDGE_LOOP('',(#6254,#6263,#6264,#6265));
#6254 = ORIENTED_EDGE('',*,*,#6255,.F.);
#6255 = EDGE_CURVE('',#6206,#6256,#6258,.T.);
#6256 = VERTEX_POINT('',#6257);
#6257 = CARTESIAN_POINT('',(7.018518518519,0.,6.53));
#6258 = CIRCLE('',#6259,1.481481481481);
#6259 = AXIS2_PLACEMENT_3D('',#6260,#6261,#6262);
#6260 = CARTESIAN_POINT('',(7.018518518519,-3.082081072377E-35,
    5.048518518519));
#6261 = DIRECTION('',(0.,-1.,2.080404723854E-35));
#6262 = DIRECTION('',(1.,2.374348891327E-69,1.141291818896E-34));
#6263 = ORIENTED_EDGE('',*,*,#6213,.T.);
#6264 = ORIENTED_EDGE('',*,*,#6255,.T.);
#6265 = ORIENTED_EDGE('',*,*,#6266,.F.);
#6266 = EDGE_CURVE('',#6256,#6256,#6267,.T.);
#6267 = CIRCLE('',#6268,4.518518518519);
#6268 = AXIS2_PLACEMENT_3D('',#6269,#6270,#6271);
#6269 = CARTESIAN_POINT('',(2.5,0.,6.53));
#6270 = DIRECTION('',(-1.141291818896E-34,2.080404723854E-35,1.));
#6271 = DIRECTION('',(1.,2.374348891328E-69,1.141291818896E-34));
#6272 = TOROIDAL_SURFACE('',#6273,4.518518518519,1.481481481481);
#6273 = AXIS2_PLACEMENT_3D('',#6274,#6275,#6276);
#6274 = CARTESIAN_POINT('',(2.5,-3.082081072377E-35,5.048518518519));
#6275 = DIRECTION('',(-1.141291818896E-34,2.080404723854E-35,1.));
#6276 = DIRECTION('',(1.,2.374348891328E-69,1.141291818896E-34));
#6277 = ADVANCED_FACE('',(#6278),#6281,.F.);
#6278 = FACE_BOUND('',#6279,.F.);
#6279 = EDGE_LOOP('',(#6280));
#6280 = ORIENTED_EDGE('',*,*,#6229,.T.);
#6281 = PLANE('',#6282);
#6282 = AXIS2_PLACEMENT_3D('',#6283,#6284,#6285);
#6283 = CARTESIAN_POINT('',(5.,-6.257374253906E-17,-15.));
#6284 = DIRECTION('',(0.,0.,1.));
#6285 = DIRECTION('',(1.,0.,-0.));
#6286 = ADVANCED_FACE('',(#6287,#6290),#6301,.T.);
#6287 = FACE_BOUND('',#6288,.T.);
#6288 = EDGE_LOOP('',(#6289));
#6289 = ORIENTED_EDGE('',*,*,#6266,.T.);
#6290 = FACE_BOUND('',#6291,.T.);
#6291 = EDGE_LOOP('',(#6292));
#6292 = ORIENTED_EDGE('',*,*,#6293,.T.);
#6293 = EDGE_CURVE('',#6294,#6294,#6296,.T.);
#6294 = VERTEX_POINT('',#6295);
#6295 = CARTESIAN_POINT('',(3.5,0.,6.53));
#6296 = CIRCLE('',#6297,1.);
#6297 = AXIS2_PLACEMENT_3D('',#6298,#6299,#6300);
#6298 = CARTESIAN_POINT('',(2.5,0.,6.53));
#6299 = DIRECTION('',(0.,0.,-1.));
#6300 = DIRECTION('',(1.,0.,0.));
#6301 = PLANE('',#6302);
#6302 = AXIS2_PLACEMENT_3D('',#6303,#6304,#6305);
#6303 = CARTESIAN_POINT('',(2.5,-1.70226710729E-17,6.53));
#6304 = DIRECTION('',(-1.141291818896E-34,2.080404723854E-35,1.));
#6305 = DIRECTION('',(1.,0.,1.141291818896E-34));
#6306 = ADVANCED_FACE('',(#6307),#6326,.F.);
#6307 = FACE_BOUND('',#6308,.F.);
#6308 = EDGE_LOOP('',(#6309,#6317,#6318,#6319));
#6309 = ORIENTED_EDGE('',*,*,#6310,.T.);
#6310 = EDGE_CURVE('',#6311,#6294,#6313,.T.);
#6311 = VERTEX_POINT('',#6312);
#6312 = CARTESIAN_POINT('',(3.5,0.,6.33));
#6313 = LINE('',#6314,#6315);
#6314 = CARTESIAN_POINT('',(3.5,0.,1.33));
#6315 = VECTOR('',#6316,1.);
#6316 = DIRECTION('',(0.,0.,1.));
#6317 = ORIENTED_EDGE('',*,*,#6293,.T.);
#6318 = ORIENTED_EDGE('',*,*,#6310,.F.);
#6319 = ORIENTED_EDGE('',*,*,#6320,.T.);
#6320 = EDGE_CURVE('',#6311,#6311,#6321,.T.);
#6321 = CIRCLE('',#6322,1.);
#6322 = AXIS2_PLACEMENT_3D('',#6323,#6324,#6325);
#6323 = CARTESIAN_POINT('',(2.5,0.,6.33));
#6324 = DIRECTION('',(0.,0.,1.));
#6325 = DIRECTION('',(1.,0.,-0.));
#6326 = CYLINDRICAL_SURFACE('',#6327,1.);
#6327 = AXIS2_PLACEMENT_3D('',#6328,#6329,#6330);
#6328 = CARTESIAN_POINT('',(2.5,0.,1.33));
#6329 = DIRECTION('',(-0.,-0.,-1.));
#6330 = DIRECTION('',(1.,0.,0.));
#6331 = ADVANCED_FACE('',(#6332),#6335,.T.);
#6332 = FACE_BOUND('',#6333,.T.);
#6333 = EDGE_LOOP('',(#6334));
#6334 = ORIENTED_EDGE('',*,*,#6320,.T.);
#6335 = PLANE('',#6336);
#6336 = AXIS2_PLACEMENT_3D('',#6337,#6338,#6339);
#6337 = CARTESIAN_POINT('',(2.5,8.737595245399E-17,6.33));
#6338 = DIRECTION('',(-2.465190328816E-31,-8.160931734719E-33,1.));
#6339 = DIRECTION('',(1.,0.,2.465190328816E-31));
#6340 = ( GEOMETRIC_REPRESENTATION_CONTEXT(3) 
GLOBAL_UNCERTAINTY_ASSIGNED_CONTEXT((#6344)) 
GLOBAL_UNIT_ASSIGNED_CONTEXT((#6341,#6342,#6343)) REPRESENTATION_CONTEXT
('Context #1','3D Context with UNIT and UNCERTAINTY') );
#6341 = ( LENGTH_UNIT() NAMED_UNIT(*) SI_UNIT(.MILLI.,.METRE.) );
#6342 = ( NAMED_UNIT(*) PLANE_ANGLE_UNIT() SI_UNIT($,.RADIAN.) );
#6343 = ( NAMED_UNIT(*) SI_UNIT($,.STERADIAN.) SOLID_ANGLE_UNIT() );
#6344 = UNCERTAINTY_MEASURE_WITH_UNIT(LENGTH_MEASURE(1.E-07),#6341,
  'distance_accuracy_value','confusion accuracy');
#6345 = CONTEXT_DEPENDENT_SHAPE_REPRESENTATION(#6346,#6348);
#6346 = ( REPRESENTATION_RELATIONSHIP('','',#6047,#10) 
REPRESENTATION_RELATIONSHIP_WITH_TRANSFORMATION(#6347) 
SHAPE_REPRESENTATION_RELATIONSHIP() );
#6347 = ITEM_DEFINED_TRANSFORMATION('','',#11,#19);
#6348 = PRODUCT_DEFINITION_SHAPE('Placement','Placement of an item',
  #6349);
#6349 = NEXT_ASSEMBLY_USAGE_OCCURRENCE('2','BZ1','',#5,#6042,$);
#6350 = PRODUCT_RELATED_PRODUCT_CATEGORY('part',$,(#6044));
#6351 = SHAPE_DEFINITION_REPRESENTATION(#6352,#6358);
#6352 = PRODUCT_DEFINITION_SHAPE('','',#6353);
#6353 = PRODUCT_DEFINITION('design','',#6354,#6357);
#6354 = PRODUCT_DEFINITION_FORMATION('','',#6355);
#6355 = PRODUCT('BatteryHolder_Keystone_2462_2xAA',
  'BatteryHolder_Keystone_2462_2xAA','',(#6356));
#6356 = PRODUCT_CONTEXT('',#2,'mechanical');
#6357 = PRODUCT_DEFINITION_CONTEXT('part definition',#2,'design');
#6358 = SHAPE_REPRESENTATION('',(#11,#6359,#8359,#8412,#8504,#8596,#8688
    ,#8780,#8872,#8964,#9056),#9148);
#6359 = MANIFOLD_SOLID_BREP('',#6360);
#6360 = CLOSED_SHELL('',(#6361,#6449,#6498,#6634,#6668,#6710,#6787,#6821
    ,#6854,#6887,#6952,#6976,#7003,#7015,#7040,#7065,#7208,#7351,#7363,
    #7482,#7516,#7533,#7549,#7566,#7577,#7593,#7610,#7621,#7740,#7786,
    #7849,#7882,#7915,#7948,#7981,#8029,#8053,#8077,#8094,#8114,#8126,
    #8150,#8174,#8191,#8211,#8223,#8239,#8256,#8267,#8283,#8300,#8311,
    #8320,#8329,#8341,#8350));
#6361 = ADVANCED_FACE('',(#6362),#6444,.F.);
#6362 = FACE_BOUND('',#6363,.F.);
#6363 = EDGE_LOOP('',(#6364,#6374,#6382,#6390,#6398,#6406,#6414,#6422,
    #6430,#6438));
#6364 = ORIENTED_EDGE('',*,*,#6365,.T.);
#6365 = EDGE_CURVE('',#6366,#6368,#6370,.T.);
#6366 = VERTEX_POINT('',#6367);
#6367 = CARTESIAN_POINT('',(-2.585,-23.955,0.1));
#6368 = VERTEX_POINT('',#6369);
#6369 = CARTESIAN_POINT('',(-2.585,-23.955,7.85));
#6370 = LINE('',#6371,#6372);
#6371 = CARTESIAN_POINT('',(-2.585,-23.955,0.1));
#6372 = VECTOR('',#6373,1.);
#6373 = DIRECTION('',(0.,0.,1.));
#6374 = ORIENTED_EDGE('',*,*,#6375,.T.);
#6375 = EDGE_CURVE('',#6368,#6376,#6378,.T.);
#6376 = VERTEX_POINT('',#6377);
#6377 = CARTESIAN_POINT('',(-0.585,-23.955,7.85));
#6378 = LINE('',#6379,#6380);
#6379 = CARTESIAN_POINT('',(-2.585,-23.955,7.85));
#6380 = VECTOR('',#6381,1.);
#6381 = DIRECTION('',(1.,0.,0.));
#6382 = ORIENTED_EDGE('',*,*,#6383,.T.);
#6383 = EDGE_CURVE('',#6376,#6384,#6386,.T.);
#6384 = VERTEX_POINT('',#6385);
#6385 = CARTESIAN_POINT('',(5.366,-23.955,7.85));
#6386 = LINE('',#6387,#6388);
#6387 = CARTESIAN_POINT('',(-2.585,-23.955,7.85));
#6388 = VECTOR('',#6389,1.);
#6389 = DIRECTION('',(1.,0.,0.));
#6390 = ORIENTED_EDGE('',*,*,#6391,.T.);
#6391 = EDGE_CURVE('',#6384,#6392,#6394,.T.);
#6392 = VERTEX_POINT('',#6393);
#6393 = CARTESIAN_POINT('',(12.2925,-23.955,7.85));
#6394 = LINE('',#6395,#6396);
#6395 = CARTESIAN_POINT('',(-2.585,-23.955,7.85));
#6396 = VECTOR('',#6397,1.);
#6397 = DIRECTION('',(1.,0.,0.));
#6398 = ORIENTED_EDGE('',*,*,#6399,.T.);
#6399 = EDGE_CURVE('',#6392,#6400,#6402,.T.);
#6400 = VERTEX_POINT('',#6401);
#6401 = CARTESIAN_POINT('',(42.0475,-23.955,7.85));
#6402 = LINE('',#6403,#6404);
#6403 = CARTESIAN_POINT('',(-2.585,-23.955,7.85));
#6404 = VECTOR('',#6405,1.);
#6405 = DIRECTION('',(1.,0.,0.));
#6406 = ORIENTED_EDGE('',*,*,#6407,.T.);
#6407 = EDGE_CURVE('',#6400,#6408,#6410,.T.);
#6408 = VERTEX_POINT('',#6409);
#6409 = CARTESIAN_POINT('',(48.974,-23.955,7.85));
#6410 = LINE('',#6411,#6412);
#6411 = CARTESIAN_POINT('',(-2.585,-23.955,7.85));
#6412 = VECTOR('',#6413,1.);
#6413 = DIRECTION('',(1.,0.,0.));
#6414 = ORIENTED_EDGE('',*,*,#6415,.T.);
#6415 = EDGE_CURVE('',#6408,#6416,#6418,.T.);
#6416 = VERTEX_POINT('',#6417);
#6417 = CARTESIAN_POINT('',(54.925,-23.955,7.85));
#6418 = LINE('',#6419,#6420);
#6419 = CARTESIAN_POINT('',(-2.585,-23.955,7.85));
#6420 = VECTOR('',#6421,1.);
#6421 = DIRECTION('',(1.,0.,0.));
#6422 = ORIENTED_EDGE('',*,*,#6423,.T.);
#6423 = EDGE_CURVE('',#6416,#6424,#6426,.T.);
#6424 = VERTEX_POINT('',#6425);
#6425 = CARTESIAN_POINT('',(56.925,-23.955,7.85));
#6426 = LINE('',#6427,#6428);
#6427 = CARTESIAN_POINT('',(-2.585,-23.955,7.85));
#6428 = VECTOR('',#6429,1.);
#6429 = DIRECTION('',(1.,0.,0.));
#6430 = ORIENTED_EDGE('',*,*,#6431,.F.);
#6431 = EDGE_CURVE('',#6432,#6424,#6434,.T.);
#6432 = VERTEX_POINT('',#6433);
#6433 = CARTESIAN_POINT('',(56.925,-23.955,0.1));
#6434 = LINE('',#6435,#6436);
#6435 = CARTESIAN_POINT('',(56.925,-23.955,0.1));
#6436 = VECTOR('',#6437,1.);
#6437 = DIRECTION('',(0.,0.,1.));
#6438 = ORIENTED_EDGE('',*,*,#6439,.F.);
#6439 = EDGE_CURVE('',#6366,#6432,#6440,.T.);
#6440 = LINE('',#6441,#6442);
#6441 = CARTESIAN_POINT('',(-2.585,-23.955,0.1));
#6442 = VECTOR('',#6443,1.);
#6443 = DIRECTION('',(1.,0.,0.));
#6444 = PLANE('',#6445);
#6445 = AXIS2_PLACEMENT_3D('',#6446,#6447,#6448);
#6446 = CARTESIAN_POINT('',(-2.585,-23.955,0.1));
#6447 = DIRECTION('',(0.,1.,0.));
#6448 = DIRECTION('',(1.,0.,0.));
#6449 = ADVANCED_FACE('',(#6450),#6493,.T.);
#6450 = FACE_BOUND('',#6451,.T.);
#6451 = EDGE_LOOP('',(#6452,#6462,#6468,#6469,#6478,#6486));
#6452 = ORIENTED_EDGE('',*,*,#6453,.F.);
#6453 = EDGE_CURVE('',#6454,#6456,#6458,.T.);
#6454 = VERTEX_POINT('',#6455);
#6455 = CARTESIAN_POINT('',(-2.585,8.965,0.1));
#6456 = VERTEX_POINT('',#6457);
#6457 = CARTESIAN_POINT('',(-2.585,8.965,7.85));
#6458 = LINE('',#6459,#6460);
#6459 = CARTESIAN_POINT('',(-2.585,8.965,0.1));
#6460 = VECTOR('',#6461,1.);
#6461 = DIRECTION('',(0.,0.,1.));
#6462 = ORIENTED_EDGE('',*,*,#6463,.T.);
#6463 = EDGE_CURVE('',#6454,#6366,#6464,.T.);
#6464 = LINE('',#6465,#6466);
#6465 = CARTESIAN_POINT('',(-2.585,8.965,0.1));
#6466 = VECTOR('',#6467,1.);
#6467 = DIRECTION('',(0.,-1.,0.));
#6468 = ORIENTED_EDGE('',*,*,#6365,.T.);
#6469 = ORIENTED_EDGE('',*,*,#6470,.F.);
#6470 = EDGE_CURVE('',#6471,#6368,#6473,.T.);
#6471 = VERTEX_POINT('',#6472);
#6472 = CARTESIAN_POINT('',(-2.585,-16.705,15.1));
#6473 = CIRCLE('',#6474,7.25);
#6474 = AXIS2_PLACEMENT_3D('',#6475,#6476,#6477);
#6475 = CARTESIAN_POINT('',(-2.585,-16.705,7.85));
#6476 = DIRECTION('',(1.,0.,0.));
#6477 = DIRECTION('',(-0.,1.,0.));
#6478 = ORIENTED_EDGE('',*,*,#6479,.T.);
#6479 = EDGE_CURVE('',#6471,#6480,#6482,.T.);
#6480 = VERTEX_POINT('',#6481);
#6481 = CARTESIAN_POINT('',(-2.585,1.715,15.1));
#6482 = LINE('',#6483,#6484);
#6483 = CARTESIAN_POINT('',(-2.585,-16.705,15.1));
#6484 = VECTOR('',#6485,1.);
#6485 = DIRECTION('',(0.,1.,0.));
#6486 = ORIENTED_EDGE('',*,*,#6487,.F.);
#6487 = EDGE_CURVE('',#6456,#6480,#6488,.T.);
#6488 = CIRCLE('',#6489,7.25);
#6489 = AXIS2_PLACEMENT_3D('',#6490,#6491,#6492);
#6490 = CARTESIAN_POINT('',(-2.585,1.715,7.85));
#6491 = DIRECTION('',(1.,0.,0.));
#6492 = DIRECTION('',(-0.,1.,0.));
#6493 = PLANE('',#6494);
#6494 = AXIS2_PLACEMENT_3D('',#6495,#6496,#6497);
#6495 = CARTESIAN_POINT('',(-2.585,-7.495,6.953547375234));
#6496 = DIRECTION('',(-1.,-2.690980663585E-32,1.100168540783E-16));
#6497 = DIRECTION('',(-1.100168540783E-16,0.,-1.));
#6498 = ADVANCED_FACE('',(#6499,#6517,#6551,#6562,#6573,#6584,#6595),
  #6629,.F.);
#6499 = FACE_BOUND('',#6500,.F.);
#6500 = EDGE_LOOP('',(#6501,#6502,#6510,#6516));
#6501 = ORIENTED_EDGE('',*,*,#6439,.T.);
#6502 = ORIENTED_EDGE('',*,*,#6503,.T.);
#6503 = EDGE_CURVE('',#6432,#6504,#6506,.T.);
#6504 = VERTEX_POINT('',#6505);
#6505 = CARTESIAN_POINT('',(56.925,8.965,0.1));
#6506 = LINE('',#6507,#6508);
#6507 = CARTESIAN_POINT('',(56.925,-23.955,0.1));
#6508 = VECTOR('',#6509,1.);
#6509 = DIRECTION('',(0.,1.,0.));
#6510 = ORIENTED_EDGE('',*,*,#6511,.T.);
#6511 = EDGE_CURVE('',#6504,#6454,#6512,.T.);
#6512 = LINE('',#6513,#6514);
#6513 = CARTESIAN_POINT('',(56.925,8.965,0.1));
#6514 = VECTOR('',#6515,1.);
#6515 = DIRECTION('',(-1.,0.,0.));
#6516 = ORIENTED_EDGE('',*,*,#6463,.T.);
#6517 = FACE_BOUND('',#6518,.F.);
#6518 = EDGE_LOOP('',(#6519,#6529,#6537,#6545));
#6519 = ORIENTED_EDGE('',*,*,#6520,.F.);
#6520 = EDGE_CURVE('',#6521,#6523,#6525,.T.);
#6521 = VERTEX_POINT('',#6522);
#6522 = CARTESIAN_POINT('',(54.875,-11.12,0.1));
#6523 = VERTEX_POINT('',#6524);
#6524 = CARTESIAN_POINT('',(54.875,-18.37,0.1));
#6525 = LINE('',#6526,#6527);
#6526 = CARTESIAN_POINT('',(54.875,-11.12,0.1));
#6527 = VECTOR('',#6528,1.);
#6528 = DIRECTION('',(0.,-1.,0.));
#6529 = ORIENTED_EDGE('',*,*,#6530,.F.);
#6530 = EDGE_CURVE('',#6531,#6521,#6533,.T.);
#6531 = VERTEX_POINT('',#6532);
#6532 = CARTESIAN_POINT('',(54.975,-11.12,0.1));
#6533 = LINE('',#6534,#6535);
#6534 = CARTESIAN_POINT('',(54.975,-11.12,0.1));
#6535 = VECTOR('',#6536,1.);
#6536 = DIRECTION('',(-1.,0.,0.));
#6537 = ORIENTED_EDGE('',*,*,#6538,.F.);
#6538 = EDGE_CURVE('',#6539,#6531,#6541,.T.);
#6539 = VERTEX_POINT('',#6540);
#6540 = CARTESIAN_POINT('',(54.975,-18.37,0.1));
#6541 = LINE('',#6542,#6543);
#6542 = CARTESIAN_POINT('',(54.975,-18.37,0.1));
#6543 = VECTOR('',#6544,1.);
#6544 = DIRECTION('',(0.,1.,0.));
#6545 = ORIENTED_EDGE('',*,*,#6546,.F.);
#6546 = EDGE_CURVE('',#6523,#6539,#6547,.T.);
#6547 = LINE('',#6548,#6549);
#6548 = CARTESIAN_POINT('',(54.875,-18.37,0.1));
#6549 = VECTOR('',#6550,1.);
#6550 = DIRECTION('',(1.,0.,0.));
#6551 = FACE_BOUND('',#6552,.F.);
#6552 = EDGE_LOOP('',(#6553));
#6553 = ORIENTED_EDGE('',*,*,#6554,.F.);
#6554 = EDGE_CURVE('',#6555,#6555,#6557,.T.);
#6555 = VERTEX_POINT('',#6556);
#6556 = CARTESIAN_POINT('',(0.4,0.,0.1));
#6557 = CIRCLE('',#6558,0.4);
#6558 = AXIS2_PLACEMENT_3D('',#6559,#6560,#6561);
#6559 = CARTESIAN_POINT('',(0.,0.,0.1));
#6560 = DIRECTION('',(0.,0.,1.));
#6561 = DIRECTION('',(1.,0.,-0.));
#6562 = FACE_BOUND('',#6563,.F.);
#6563 = EDGE_LOOP('',(#6564));
#6564 = ORIENTED_EDGE('',*,*,#6565,.F.);
#6565 = EDGE_CURVE('',#6566,#6566,#6568,.T.);
#6566 = VERTEX_POINT('',#6567);
#6567 = CARTESIAN_POINT('',(0.4,-14.99,0.1));
#6568 = CIRCLE('',#6569,0.4);
#6569 = AXIS2_PLACEMENT_3D('',#6570,#6571,#6572);
#6570 = CARTESIAN_POINT('',(0.,-14.99,0.1));
#6571 = DIRECTION('',(0.,0.,1.));
#6572 = DIRECTION('',(1.,0.,-0.));
#6573 = FACE_BOUND('',#6574,.F.);
#6574 = EDGE_LOOP('',(#6575));
#6575 = ORIENTED_EDGE('',*,*,#6576,.T.);
#6576 = EDGE_CURVE('',#6577,#6577,#6579,.T.);
#6577 = VERTEX_POINT('',#6578);
#6578 = CARTESIAN_POINT('',(28.88,0.,0.1));
#6579 = CIRCLE('',#6580,1.715);
#6580 = AXIS2_PLACEMENT_3D('',#6581,#6582,#6583);
#6581 = CARTESIAN_POINT('',(27.165,0.,0.1));
#6582 = DIRECTION('',(0.,0.,-1.));
#6583 = DIRECTION('',(1.,0.,0.));
#6584 = FACE_BOUND('',#6585,.F.);
#6585 = EDGE_LOOP('',(#6586));
#6586 = ORIENTED_EDGE('',*,*,#6587,.T.);
#6587 = EDGE_CURVE('',#6588,#6588,#6590,.T.);
#6588 = VERTEX_POINT('',#6589);
#6589 = CARTESIAN_POINT('',(28.88,-14.99,0.1));
#6590 = CIRCLE('',#6591,1.715);
#6591 = AXIS2_PLACEMENT_3D('',#6592,#6593,#6594);
#6592 = CARTESIAN_POINT('',(27.165,-14.99,0.1));
#6593 = DIRECTION('',(0.,0.,-1.));
#6594 = DIRECTION('',(1.,0.,0.));
#6595 = FACE_BOUND('',#6596,.F.);
#6596 = EDGE_LOOP('',(#6597,#6607,#6615,#6623));
#6597 = ORIENTED_EDGE('',*,*,#6598,.F.);
#6598 = EDGE_CURVE('',#6599,#6601,#6603,.T.);
#6599 = VERTEX_POINT('',#6600);
#6600 = CARTESIAN_POINT('',(-0.635,-3.87,0.1));
#6601 = VERTEX_POINT('',#6602);
#6602 = CARTESIAN_POINT('',(-0.535,-3.87,0.1));
#6603 = LINE('',#6604,#6605);
#6604 = CARTESIAN_POINT('',(-0.635,-3.87,0.1));
#6605 = VECTOR('',#6606,1.);
#6606 = DIRECTION('',(1.,0.,0.));
#6607 = ORIENTED_EDGE('',*,*,#6608,.F.);
#6608 = EDGE_CURVE('',#6609,#6599,#6611,.T.);
#6609 = VERTEX_POINT('',#6610);
#6610 = CARTESIAN_POINT('',(-0.635,3.38,0.1));
#6611 = LINE('',#6612,#6613);
#6612 = CARTESIAN_POINT('',(-0.635,3.38,0.1));
#6613 = VECTOR('',#6614,1.);
#6614 = DIRECTION('',(0.,-1.,0.));
#6615 = ORIENTED_EDGE('',*,*,#6616,.F.);
#6616 = EDGE_CURVE('',#6617,#6609,#6619,.T.);
#6617 = VERTEX_POINT('',#6618);
#6618 = CARTESIAN_POINT('',(-0.535,3.38,0.1));
#6619 = LINE('',#6620,#6621);
#6620 = CARTESIAN_POINT('',(-0.535,3.38,0.1));
#6621 = VECTOR('',#6622,1.);
#6622 = DIRECTION('',(-1.,0.,0.));
#6623 = ORIENTED_EDGE('',*,*,#6624,.F.);
#6624 = EDGE_CURVE('',#6601,#6617,#6625,.T.);
#6625 = LINE('',#6626,#6627);
#6626 = CARTESIAN_POINT('',(-0.535,-3.87,0.1));
#6627 = VECTOR('',#6628,1.);
#6628 = DIRECTION('',(0.,1.,0.));
#6629 = PLANE('',#6630);
#6630 = AXIS2_PLACEMENT_3D('',#6631,#6632,#6633);
#6631 = CARTESIAN_POINT('',(27.17,-7.495,0.1));
#6632 = DIRECTION('',(0.,0.,1.));
#6633 = DIRECTION('',(1.,0.,-0.));
#6634 = ADVANCED_FACE('',(#6635),#6663,.T.);
#6635 = FACE_BOUND('',#6636,.T.);
#6636 = EDGE_LOOP('',(#6637,#6638,#6647,#6656,#6662));
#6637 = ORIENTED_EDGE('',*,*,#6375,.T.);
#6638 = ORIENTED_EDGE('',*,*,#6639,.F.);
#6639 = EDGE_CURVE('',#6640,#6376,#6642,.T.);
#6640 = VERTEX_POINT('',#6641);
#6641 = CARTESIAN_POINT('',(-0.585,-21.995,12.807660738695));
#6642 = CIRCLE('',#6643,7.25);
#6643 = AXIS2_PLACEMENT_3D('',#6644,#6645,#6646);
#6644 = CARTESIAN_POINT('',(-0.585,-16.705,7.85));
#6645 = DIRECTION('',(1.,0.,0.));
#6646 = DIRECTION('',(-0.,1.,0.));
#6647 = ORIENTED_EDGE('',*,*,#6648,.F.);
#6648 = EDGE_CURVE('',#6649,#6640,#6651,.T.);
#6649 = VERTEX_POINT('',#6650);
#6650 = CARTESIAN_POINT('',(-0.585,-16.705,15.1));
#6651 = CIRCLE('',#6652,7.25);
#6652 = AXIS2_PLACEMENT_3D('',#6653,#6654,#6655);
#6653 = CARTESIAN_POINT('',(-0.585,-16.705,7.85));
#6654 = DIRECTION('',(1.,0.,0.));
#6655 = DIRECTION('',(-0.,1.,0.));
#6656 = ORIENTED_EDGE('',*,*,#6657,.T.);
#6657 = EDGE_CURVE('',#6649,#6471,#6658,.T.);
#6658 = LINE('',#6659,#6660);
#6659 = CARTESIAN_POINT('',(-0.585,-16.705,15.1));
#6660 = VECTOR('',#6661,1.);
#6661 = DIRECTION('',(-1.,0.,0.));
#6662 = ORIENTED_EDGE('',*,*,#6470,.T.);
#6663 = CYLINDRICAL_SURFACE('',#6664,7.25);
#6664 = AXIS2_PLACEMENT_3D('',#6665,#6666,#6667);
#6665 = CARTESIAN_POINT('',(-2.585,-16.705,7.85));
#6666 = DIRECTION('',(-1.,-0.,-0.));
#6667 = DIRECTION('',(0.,1.,0.));
#6668 = ADVANCED_FACE('',(#6669),#6705,.T.);
#6669 = FACE_BOUND('',#6670,.T.);
#6670 = EDGE_LOOP('',(#6671,#6672,#6673,#6681,#6690,#6698));
#6671 = ORIENTED_EDGE('',*,*,#6431,.F.);
#6672 = ORIENTED_EDGE('',*,*,#6503,.T.);
#6673 = ORIENTED_EDGE('',*,*,#6674,.T.);
#6674 = EDGE_CURVE('',#6504,#6675,#6677,.T.);
#6675 = VERTEX_POINT('',#6676);
#6676 = CARTESIAN_POINT('',(56.925,8.965,7.85));
#6677 = LINE('',#6678,#6679);
#6678 = CARTESIAN_POINT('',(56.925,8.965,0.1));
#6679 = VECTOR('',#6680,1.);
#6680 = DIRECTION('',(0.,0.,1.));
#6681 = ORIENTED_EDGE('',*,*,#6682,.T.);
#6682 = EDGE_CURVE('',#6675,#6683,#6685,.T.);
#6683 = VERTEX_POINT('',#6684);
#6684 = CARTESIAN_POINT('',(56.925,1.715,15.1));
#6685 = CIRCLE('',#6686,7.25);
#6686 = AXIS2_PLACEMENT_3D('',#6687,#6688,#6689);
#6687 = CARTESIAN_POINT('',(56.925,1.715,7.85));
#6688 = DIRECTION('',(1.,0.,0.));
#6689 = DIRECTION('',(-0.,1.,0.));
#6690 = ORIENTED_EDGE('',*,*,#6691,.T.);
#6691 = EDGE_CURVE('',#6683,#6692,#6694,.T.);
#6692 = VERTEX_POINT('',#6693);
#6693 = CARTESIAN_POINT('',(56.925,-16.705,15.1));
#6694 = LINE('',#6695,#6696);
#6695 = CARTESIAN_POINT('',(56.925,1.715,15.1));
#6696 = VECTOR('',#6697,1.);
#6697 = DIRECTION('',(0.,-1.,0.));
#6698 = ORIENTED_EDGE('',*,*,#6699,.T.);
#6699 = EDGE_CURVE('',#6692,#6424,#6700,.T.);
#6700 = CIRCLE('',#6701,7.25);
#6701 = AXIS2_PLACEMENT_3D('',#6702,#6703,#6704);
#6702 = CARTESIAN_POINT('',(56.925,-16.705,7.85));
#6703 = DIRECTION('',(1.,0.,0.));
#6704 = DIRECTION('',(-0.,1.,0.));
#6705 = PLANE('',#6706);
#6706 = AXIS2_PLACEMENT_3D('',#6707,#6708,#6709);
#6707 = CARTESIAN_POINT('',(56.925,-7.495,6.953547375234));
#6708 = DIRECTION('',(1.,-1.499289659891E-32,-2.985279084426E-31));
#6709 = DIRECTION('',(2.985279084426E-31,0.,1.));
#6710 = ADVANCED_FACE('',(#6711),#6782,.T.);
#6711 = FACE_BOUND('',#6712,.T.);
#6712 = EDGE_LOOP('',(#6713,#6721,#6722,#6730,#6738,#6744,#6745,#6753,
    #6761,#6767,#6768,#6776));
#6713 = ORIENTED_EDGE('',*,*,#6714,.F.);
#6714 = EDGE_CURVE('',#6376,#6715,#6717,.T.);
#6715 = VERTEX_POINT('',#6716);
#6716 = CARTESIAN_POINT('',(-0.585,-21.98879044423,7.85));
#6717 = LINE('',#6718,#6719);
#6718 = CARTESIAN_POINT('',(-0.585,-2.89,7.85));
#6719 = VECTOR('',#6720,1.);
#6720 = DIRECTION('',(-4.002148072465E-32,1.,0.));
#6721 = ORIENTED_EDGE('',*,*,#6383,.T.);
#6722 = ORIENTED_EDGE('',*,*,#6723,.T.);
#6723 = EDGE_CURVE('',#6384,#6724,#6726,.T.);
#6724 = VERTEX_POINT('',#6725);
#6725 = CARTESIAN_POINT('',(5.366,-21.995,7.85));
#6726 = LINE('',#6727,#6728);
#6727 = CARTESIAN_POINT('',(5.366,-40.415,7.85));
#6728 = VECTOR('',#6729,1.);
#6729 = DIRECTION('',(0.,1.,0.));
#6730 = ORIENTED_EDGE('',*,*,#6731,.T.);
#6731 = EDGE_CURVE('',#6724,#6732,#6734,.T.);
#6732 = VERTEX_POINT('',#6733);
#6733 = CARTESIAN_POINT('',(12.2925,-21.995,7.85));
#6734 = LINE('',#6735,#6736);
#6735 = CARTESIAN_POINT('',(-0.585,-21.995,7.85));
#6736 = VECTOR('',#6737,1.);
#6737 = DIRECTION('',(1.,0.,0.));
#6738 = ORIENTED_EDGE('',*,*,#6739,.T.);
#6739 = EDGE_CURVE('',#6732,#6392,#6740,.T.);
#6740 = LINE('',#6741,#6742);
#6741 = CARTESIAN_POINT('',(12.2925,58.345,7.85));
#6742 = VECTOR('',#6743,1.);
#6743 = DIRECTION('',(0.,-1.,0.));
#6744 = ORIENTED_EDGE('',*,*,#6399,.T.);
#6745 = ORIENTED_EDGE('',*,*,#6746,.T.);
#6746 = EDGE_CURVE('',#6400,#6747,#6749,.T.);
#6747 = VERTEX_POINT('',#6748);
#6748 = CARTESIAN_POINT('',(42.0475,-21.995,7.85));
#6749 = LINE('',#6750,#6751);
#6750 = CARTESIAN_POINT('',(42.0475,-73.335,7.85));
#6751 = VECTOR('',#6752,1.);
#6752 = DIRECTION('',(0.,1.,0.));
#6753 = ORIENTED_EDGE('',*,*,#6754,.T.);
#6754 = EDGE_CURVE('',#6747,#6755,#6757,.T.);
#6755 = VERTEX_POINT('',#6756);
#6756 = CARTESIAN_POINT('',(48.974,-21.995,7.85));
#6757 = LINE('',#6758,#6759);
#6758 = CARTESIAN_POINT('',(-0.585,-21.995,7.85));
#6759 = VECTOR('',#6760,1.);
#6760 = DIRECTION('',(1.,0.,0.));
#6761 = ORIENTED_EDGE('',*,*,#6762,.T.);
#6762 = EDGE_CURVE('',#6755,#6408,#6763,.T.);
#6763 = LINE('',#6764,#6765);
#6764 = CARTESIAN_POINT('',(48.974,91.265,7.85));
#6765 = VECTOR('',#6766,1.);
#6766 = DIRECTION('',(0.,-1.,0.));
#6767 = ORIENTED_EDGE('',*,*,#6415,.T.);
#6768 = ORIENTED_EDGE('',*,*,#6769,.T.);
#6769 = EDGE_CURVE('',#6416,#6770,#6772,.T.);
#6770 = VERTEX_POINT('',#6771);
#6771 = CARTESIAN_POINT('',(54.925,-21.98879044423,7.85));
#6772 = LINE('',#6773,#6774);
#6773 = CARTESIAN_POINT('',(54.925,-12.1,7.85));
#6774 = VECTOR('',#6775,1.);
#6775 = DIRECTION('',(-2.001074036232E-31,1.,0.));
#6776 = ORIENTED_EDGE('',*,*,#6777,.T.);
#6777 = EDGE_CURVE('',#6770,#6715,#6778,.T.);
#6778 = LINE('',#6779,#6780);
#6779 = CARTESIAN_POINT('',(-0.585,-21.98879044423,7.85));
#6780 = VECTOR('',#6781,1.);
#6781 = DIRECTION('',(-1.,-0.,-0.));
#6782 = PLANE('',#6783);
#6783 = AXIS2_PLACEMENT_3D('',#6784,#6785,#6786);
#6784 = CARTESIAN_POINT('',(27.17,-22.75097328949,7.85));
#6785 = DIRECTION('',(0.,0.,1.));
#6786 = DIRECTION('',(1.,0.,-0.));
#6787 = ADVANCED_FACE('',(#6788),#6816,.T.);
#6788 = FACE_BOUND('',#6789,.T.);
#6789 = EDGE_LOOP('',(#6790,#6799,#6800,#6801,#6809));
#6790 = ORIENTED_EDGE('',*,*,#6791,.T.);
#6791 = EDGE_CURVE('',#6792,#6416,#6794,.T.);
#6792 = VERTEX_POINT('',#6793);
#6793 = CARTESIAN_POINT('',(54.925,-21.995,12.807660738695));
#6794 = CIRCLE('',#6795,7.25);
#6795 = AXIS2_PLACEMENT_3D('',#6796,#6797,#6798);
#6796 = CARTESIAN_POINT('',(54.925,-16.705,7.85));
#6797 = DIRECTION('',(1.,0.,0.));
#6798 = DIRECTION('',(-0.,1.,0.));
#6799 = ORIENTED_EDGE('',*,*,#6423,.T.);
#6800 = ORIENTED_EDGE('',*,*,#6699,.F.);
#6801 = ORIENTED_EDGE('',*,*,#6802,.T.);
#6802 = EDGE_CURVE('',#6692,#6803,#6805,.T.);
#6803 = VERTEX_POINT('',#6804);
#6804 = CARTESIAN_POINT('',(54.925,-16.705,15.1));
#6805 = LINE('',#6806,#6807);
#6806 = CARTESIAN_POINT('',(56.925,-16.705,15.1));
#6807 = VECTOR('',#6808,1.);
#6808 = DIRECTION('',(-1.,0.,0.));
#6809 = ORIENTED_EDGE('',*,*,#6810,.T.);
#6810 = EDGE_CURVE('',#6803,#6792,#6811,.T.);
#6811 = CIRCLE('',#6812,7.25);
#6812 = AXIS2_PLACEMENT_3D('',#6813,#6814,#6815);
#6813 = CARTESIAN_POINT('',(54.925,-16.705,7.85));
#6814 = DIRECTION('',(1.,0.,0.));
#6815 = DIRECTION('',(-0.,1.,0.));
#6816 = CYLINDRICAL_SURFACE('',#6817,7.25);
#6817 = AXIS2_PLACEMENT_3D('',#6818,#6819,#6820);
#6818 = CARTESIAN_POINT('',(54.925,-16.705,7.85));
#6819 = DIRECTION('',(-1.,-0.,-0.));
#6820 = DIRECTION('',(0.,1.,0.));
#6821 = ADVANCED_FACE('',(#6822),#6849,.T.);
#6822 = FACE_BOUND('',#6823,.T.);
#6823 = EDGE_LOOP('',(#6824,#6833,#6841,#6848));
#6824 = ORIENTED_EDGE('',*,*,#6825,.T.);
#6825 = EDGE_CURVE('',#6392,#6826,#6828,.T.);
#6826 = VERTEX_POINT('',#6827);
#6827 = CARTESIAN_POINT('',(12.2925,-21.995,12.807660738695));
#6828 = CIRCLE('',#6829,7.25);
#6829 = AXIS2_PLACEMENT_3D('',#6830,#6831,#6832);
#6830 = CARTESIAN_POINT('',(12.2925,-16.705,7.85));
#6831 = DIRECTION('',(-1.,0.,0.));
#6832 = DIRECTION('',(0.,1.,0.));
#6833 = ORIENTED_EDGE('',*,*,#6834,.T.);
#6834 = EDGE_CURVE('',#6826,#6835,#6837,.T.);
#6835 = VERTEX_POINT('',#6836);
#6836 = CARTESIAN_POINT('',(5.366,-21.995,12.807660738695));
#6837 = LINE('',#6838,#6839);
#6838 = CARTESIAN_POINT('',(1.92,-21.995,12.807660738695));
#6839 = VECTOR('',#6840,1.);
#6840 = DIRECTION('',(-1.,-0.,-0.));
#6841 = ORIENTED_EDGE('',*,*,#6842,.F.);
#6842 = EDGE_CURVE('',#6384,#6835,#6843,.T.);
#6843 = CIRCLE('',#6844,7.25);
#6844 = AXIS2_PLACEMENT_3D('',#6845,#6846,#6847);
#6845 = CARTESIAN_POINT('',(5.366,-16.705,7.85));
#6846 = DIRECTION('',(-1.,0.,0.));
#6847 = DIRECTION('',(0.,1.,0.));
#6848 = ORIENTED_EDGE('',*,*,#6391,.T.);
#6849 = CYLINDRICAL_SURFACE('',#6850,7.25);
#6850 = AXIS2_PLACEMENT_3D('',#6851,#6852,#6853);
#6851 = CARTESIAN_POINT('',(1.92,-16.705,7.85));
#6852 = DIRECTION('',(-1.,-0.,-0.));
#6853 = DIRECTION('',(0.,1.,0.));
#6854 = ADVANCED_FACE('',(#6855),#6882,.T.);
#6855 = FACE_BOUND('',#6856,.T.);
#6856 = EDGE_LOOP('',(#6857,#6866,#6874,#6881));
#6857 = ORIENTED_EDGE('',*,*,#6858,.T.);
#6858 = EDGE_CURVE('',#6408,#6859,#6861,.T.);
#6859 = VERTEX_POINT('',#6860);
#6860 = CARTESIAN_POINT('',(48.974,-21.995,12.807660738695));
#6861 = CIRCLE('',#6862,7.25);
#6862 = AXIS2_PLACEMENT_3D('',#6863,#6864,#6865);
#6863 = CARTESIAN_POINT('',(48.974,-16.705,7.85));
#6864 = DIRECTION('',(-1.,0.,0.));
#6865 = DIRECTION('',(0.,1.,0.));
#6866 = ORIENTED_EDGE('',*,*,#6867,.T.);
#6867 = EDGE_CURVE('',#6859,#6868,#6870,.T.);
#6868 = VERTEX_POINT('',#6869);
#6869 = CARTESIAN_POINT('',(42.0475,-21.995,12.807660738695));
#6870 = LINE('',#6871,#6872);
#6871 = CARTESIAN_POINT('',(1.92,-21.995,12.807660738695));
#6872 = VECTOR('',#6873,1.);
#6873 = DIRECTION('',(-1.,-0.,-0.));
#6874 = ORIENTED_EDGE('',*,*,#6875,.F.);
#6875 = EDGE_CURVE('',#6400,#6868,#6876,.T.);
#6876 = CIRCLE('',#6877,7.25);
#6877 = AXIS2_PLACEMENT_3D('',#6878,#6879,#6880);
#6878 = CARTESIAN_POINT('',(42.0475,-16.705,7.85));
#6879 = DIRECTION('',(-1.,0.,0.));
#6880 = DIRECTION('',(0.,1.,0.));
#6881 = ORIENTED_EDGE('',*,*,#6407,.T.);
#6882 = CYLINDRICAL_SURFACE('',#6883,7.25);
#6883 = AXIS2_PLACEMENT_3D('',#6884,#6885,#6886);
#6884 = CARTESIAN_POINT('',(1.92,-16.705,7.85));
#6885 = DIRECTION('',(-1.,-0.,-0.));
#6886 = DIRECTION('',(0.,1.,0.));
#6887 = ADVANCED_FACE('',(#6888),#6947,.F.);
#6888 = FACE_BOUND('',#6889,.F.);
#6889 = EDGE_LOOP('',(#6890,#6891,#6899,#6907,#6915,#6923,#6931,#6939,
    #6945,#6946));
#6890 = ORIENTED_EDGE('',*,*,#6674,.T.);
#6891 = ORIENTED_EDGE('',*,*,#6892,.F.);
#6892 = EDGE_CURVE('',#6893,#6675,#6895,.T.);
#6893 = VERTEX_POINT('',#6894);
#6894 = CARTESIAN_POINT('',(54.925,8.965,7.85));
#6895 = LINE('',#6896,#6897);
#6896 = CARTESIAN_POINT('',(54.925,8.965,7.85));
#6897 = VECTOR('',#6898,1.);
#6898 = DIRECTION('',(1.,0.,0.));
#6899 = ORIENTED_EDGE('',*,*,#6900,.F.);
#6900 = EDGE_CURVE('',#6901,#6893,#6903,.T.);
#6901 = VERTEX_POINT('',#6902);
#6902 = CARTESIAN_POINT('',(48.974,8.965,7.85));
#6903 = LINE('',#6904,#6905);
#6904 = CARTESIAN_POINT('',(1.92,8.965,7.85));
#6905 = VECTOR('',#6906,1.);
#6906 = DIRECTION('',(1.,0.,0.));
#6907 = ORIENTED_EDGE('',*,*,#6908,.F.);
#6908 = EDGE_CURVE('',#6909,#6901,#6911,.T.);
#6909 = VERTEX_POINT('',#6910);
#6910 = CARTESIAN_POINT('',(42.0475,8.965,7.85));
#6911 = LINE('',#6912,#6913);
#6912 = CARTESIAN_POINT('',(1.92,8.965,7.85));
#6913 = VECTOR('',#6914,1.);
#6914 = DIRECTION('',(1.,0.,0.));
#6915 = ORIENTED_EDGE('',*,*,#6916,.F.);
#6916 = EDGE_CURVE('',#6917,#6909,#6919,.T.);
#6917 = VERTEX_POINT('',#6918);
#6918 = CARTESIAN_POINT('',(12.2925,8.965,7.85));
#6919 = LINE('',#6920,#6921);
#6920 = CARTESIAN_POINT('',(1.92,8.965,7.85));
#6921 = VECTOR('',#6922,1.);
#6922 = DIRECTION('',(1.,0.,0.));
#6923 = ORIENTED_EDGE('',*,*,#6924,.F.);
#6924 = EDGE_CURVE('',#6925,#6917,#6927,.T.);
#6925 = VERTEX_POINT('',#6926);
#6926 = CARTESIAN_POINT('',(5.366,8.965,7.85));
#6927 = LINE('',#6928,#6929);
#6928 = CARTESIAN_POINT('',(1.92,8.965,7.85));
#6929 = VECTOR('',#6930,1.);
#6930 = DIRECTION('',(1.,0.,0.));
#6931 = ORIENTED_EDGE('',*,*,#6932,.T.);
#6932 = EDGE_CURVE('',#6925,#6933,#6935,.T.);
#6933 = VERTEX_POINT('',#6934);
#6934 = CARTESIAN_POINT('',(-0.585,8.965,7.85));
#6935 = LINE('',#6936,#6937);
#6936 = CARTESIAN_POINT('',(56.925,8.965,7.85));
#6937 = VECTOR('',#6938,1.);
#6938 = DIRECTION('',(-1.,0.,0.));
#6939 = ORIENTED_EDGE('',*,*,#6940,.F.);
#6940 = EDGE_CURVE('',#6456,#6933,#6941,.T.);
#6941 = LINE('',#6942,#6943);
#6942 = CARTESIAN_POINT('',(-2.585,8.965,7.85));
#6943 = VECTOR('',#6944,1.);
#6944 = DIRECTION('',(1.,0.,0.));
#6945 = ORIENTED_EDGE('',*,*,#6453,.F.);
#6946 = ORIENTED_EDGE('',*,*,#6511,.F.);
#6947 = PLANE('',#6948);
#6948 = AXIS2_PLACEMENT_3D('',#6949,#6950,#6951);
#6949 = CARTESIAN_POINT('',(56.925,8.965,0.1));
#6950 = DIRECTION('',(0.,-1.,0.));
#6951 = DIRECTION('',(-1.,0.,0.));
#6952 = ADVANCED_FACE('',(#6953),#6971,.F.);
#6953 = FACE_BOUND('',#6954,.F.);
#6954 = EDGE_LOOP('',(#6955,#6963,#6969,#6970));
#6955 = ORIENTED_EDGE('',*,*,#6956,.T.);
#6956 = EDGE_CURVE('',#6480,#6957,#6959,.T.);
#6957 = VERTEX_POINT('',#6958);
#6958 = CARTESIAN_POINT('',(-0.585,1.715,15.1));
#6959 = LINE('',#6960,#6961);
#6960 = CARTESIAN_POINT('',(-2.585,1.715,15.1));
#6961 = VECTOR('',#6962,1.);
#6962 = DIRECTION('',(1.,0.,0.));
#6963 = ORIENTED_EDGE('',*,*,#6964,.T.);
#6964 = EDGE_CURVE('',#6957,#6649,#6965,.T.);
#6965 = LINE('',#6966,#6967);
#6966 = CARTESIAN_POINT('',(-0.585,1.715,15.1));
#6967 = VECTOR('',#6968,1.);
#6968 = DIRECTION('',(0.,-1.,0.));
#6969 = ORIENTED_EDGE('',*,*,#6657,.T.);
#6970 = ORIENTED_EDGE('',*,*,#6479,.T.);
#6971 = PLANE('',#6972);
#6972 = AXIS2_PLACEMENT_3D('',#6973,#6974,#6975);
#6973 = CARTESIAN_POINT('',(-1.585,-7.495,15.1));
#6974 = DIRECTION('',(-3.202188072173E-30,-0.,-1.));
#6975 = DIRECTION('',(-1.,0.,3.202188072173E-30));
#6976 = ADVANCED_FACE('',(#6977),#6998,.T.);
#6977 = FACE_BOUND('',#6978,.T.);
#6978 = EDGE_LOOP('',(#6979,#6980,#6989,#6996,#6997));
#6979 = ORIENTED_EDGE('',*,*,#6956,.T.);
#6980 = ORIENTED_EDGE('',*,*,#6981,.F.);
#6981 = EDGE_CURVE('',#6982,#6957,#6984,.T.);
#6982 = VERTEX_POINT('',#6983);
#6983 = CARTESIAN_POINT('',(-0.585,7.005,12.807660738695));
#6984 = CIRCLE('',#6985,7.25);
#6985 = AXIS2_PLACEMENT_3D('',#6986,#6987,#6988);
#6986 = CARTESIAN_POINT('',(-0.585,1.715,7.85));
#6987 = DIRECTION('',(1.,0.,0.));
#6988 = DIRECTION('',(-0.,1.,0.));
#6989 = ORIENTED_EDGE('',*,*,#6990,.F.);
#6990 = EDGE_CURVE('',#6933,#6982,#6991,.T.);
#6991 = CIRCLE('',#6992,7.25);
#6992 = AXIS2_PLACEMENT_3D('',#6993,#6994,#6995);
#6993 = CARTESIAN_POINT('',(-0.585,1.715,7.85));
#6994 = DIRECTION('',(1.,0.,0.));
#6995 = DIRECTION('',(-0.,1.,0.));
#6996 = ORIENTED_EDGE('',*,*,#6940,.F.);
#6997 = ORIENTED_EDGE('',*,*,#6487,.T.);
#6998 = CYLINDRICAL_SURFACE('',#6999,7.25);
#6999 = AXIS2_PLACEMENT_3D('',#7000,#7001,#7002);
#7000 = CARTESIAN_POINT('',(-2.585,1.715,7.85));
#7001 = DIRECTION('',(-1.,-0.,-0.));
#7002 = DIRECTION('',(0.,1.,0.));
#7003 = ADVANCED_FACE('',(#7004),#7010,.F.);
#7004 = FACE_BOUND('',#7005,.F.);
#7005 = EDGE_LOOP('',(#7006,#7007,#7008,#7009));
#7006 = ORIENTED_EDGE('',*,*,#6546,.T.);
#7007 = ORIENTED_EDGE('',*,*,#6538,.T.);
#7008 = ORIENTED_EDGE('',*,*,#6530,.T.);
#7009 = ORIENTED_EDGE('',*,*,#6520,.T.);
#7010 = PLANE('',#7011);
#7011 = AXIS2_PLACEMENT_3D('',#7012,#7013,#7014);
#7012 = CARTESIAN_POINT('',(54.925,-14.745,0.1));
#7013 = DIRECTION('',(0.,0.,1.));
#7014 = DIRECTION('',(1.,0.,-0.));
#7015 = ADVANCED_FACE('',(#7016),#7035,.T.);
#7016 = FACE_BOUND('',#7017,.T.);
#7017 = EDGE_LOOP('',(#7018,#7027,#7033,#7034));
#7018 = ORIENTED_EDGE('',*,*,#7019,.T.);
#7019 = EDGE_CURVE('',#7020,#7020,#7022,.T.);
#7020 = VERTEX_POINT('',#7021);
#7021 = CARTESIAN_POINT('',(0.4,2.527066062506E-34,-4.536363636364));
#7022 = CIRCLE('',#7023,0.4);
#7023 = AXIS2_PLACEMENT_3D('',#7024,#7025,#7026);
#7024 = CARTESIAN_POINT('',(-7.120104642886E-33,-5.910269215789E-33,
    -4.536363636364));
#7025 = DIRECTION('',(1.604941620323E-33,6.949431671893E-34,1.));
#7026 = DIRECTION('',(1.,1.54074395551E-32,-1.604941620323E-33));
#7027 = ORIENTED_EDGE('',*,*,#7028,.F.);
#7028 = EDGE_CURVE('',#6555,#7020,#7029,.T.);
#7029 = LINE('',#7030,#7031);
#7030 = CARTESIAN_POINT('',(0.4,0.,0.1));
#7031 = VECTOR('',#7032,1.);
#7032 = DIRECTION('',(-0.,-0.,-1.));
#7033 = ORIENTED_EDGE('',*,*,#6554,.F.);
#7034 = ORIENTED_EDGE('',*,*,#7028,.T.);
#7035 = CYLINDRICAL_SURFACE('',#7036,0.4);
#7036 = AXIS2_PLACEMENT_3D('',#7037,#7038,#7039);
#7037 = CARTESIAN_POINT('',(0.,0.,0.1));
#7038 = DIRECTION('',(0.,0.,1.));
#7039 = DIRECTION('',(1.,0.,-0.));
#7040 = ADVANCED_FACE('',(#7041),#7060,.T.);
#7041 = FACE_BOUND('',#7042,.T.);
#7042 = EDGE_LOOP('',(#7043,#7052,#7058,#7059));
#7043 = ORIENTED_EDGE('',*,*,#7044,.T.);
#7044 = EDGE_CURVE('',#7045,#7045,#7047,.T.);
#7045 = VERTEX_POINT('',#7046);
#7046 = CARTESIAN_POINT('',(0.4,-14.99,-4.536363636364));
#7047 = CIRCLE('',#7048,0.4);
#7048 = AXIS2_PLACEMENT_3D('',#7049,#7050,#7051);
#7049 = CARTESIAN_POINT('',(-1.119645434919E-48,-14.99,-4.536363636364)
  );
#7050 = DIRECTION('',(-3.079024946026E-48,6.419766481291E-33,1.));
#7051 = DIRECTION('',(1.,5.836151346628E-33,3.079024946026E-48));
#7052 = ORIENTED_EDGE('',*,*,#7053,.F.);
#7053 = EDGE_CURVE('',#6566,#7045,#7054,.T.);
#7054 = LINE('',#7055,#7056);
#7055 = CARTESIAN_POINT('',(0.4,-14.99,0.1));
#7056 = VECTOR('',#7057,1.);
#7057 = DIRECTION('',(-0.,-0.,-1.));
#7058 = ORIENTED_EDGE('',*,*,#6565,.F.);
#7059 = ORIENTED_EDGE('',*,*,#7053,.T.);
#7060 = CYLINDRICAL_SURFACE('',#7061,0.4);
#7061 = AXIS2_PLACEMENT_3D('',#7062,#7063,#7064);
#7062 = CARTESIAN_POINT('',(0.,-14.99,0.1));
#7063 = DIRECTION('',(0.,0.,1.));
#7064 = DIRECTION('',(1.,0.,-0.));
#7065 = ADVANCED_FACE('',(#7066),#7203,.F.);
#7066 = FACE_BOUND('',#7067,.F.);
#7067 = EDGE_LOOP('',(#7068,#7076,#7201,#7202));
#7068 = ORIENTED_EDGE('',*,*,#7069,.T.);
#7069 = EDGE_CURVE('',#6577,#7070,#7072,.T.);
#7070 = VERTEX_POINT('',#7071);
#7071 = CARTESIAN_POINT('',(28.88,0.,0.304140837692));
#7072 = LINE('',#7073,#7074);
#7073 = CARTESIAN_POINT('',(28.88,0.,0.));
#7074 = VECTOR('',#7075,1.);
#7075 = DIRECTION('',(0.,0.,1.));
#7076 = ORIENTED_EDGE('',*,*,#7077,.F.);
#7077 = EDGE_CURVE('',#7070,#7070,#7078,.T.);
#7078 = B_SPLINE_CURVE_WITH_KNOTS('',6,(#7079,#7080,#7081,#7082,#7083,
    #7084,#7085,#7086,#7087,#7088,#7089,#7090,#7091,#7092,#7093,#7094,
    #7095,#7096,#7097,#7098,#7099,#7100,#7101,#7102,#7103,#7104,#7105,
    #7106,#7107,#7108,#7109,#7110,#7111,#7112,#7113,#7114,#7115,#7116,
    #7117,#7118,#7119,#7120,#7121,#7122,#7123,#7124,#7125,#7126,#7127,
    #7128,#7129,#7130,#7131,#7132,#7133,#7134,#7135,#7136,#7137,#7138,
    #7139,#7140,#7141,#7142,#7143,#7144,#7145,#7146,#7147,#7148,#7149,
    #7150,#7151,#7152,#7153,#7154,#7155,#7156,#7157,#7158,#7159,#7160,
    #7161,#7162,#7163,#7164,#7165,#7166,#7167,#7168,#7169,#7170,#7171,
    #7172,#7173,#7174,#7175,#7176,#7177,#7178,#7179,#7180,#7181,#7182,
    #7183,#7184,#7185,#7186,#7187,#7188,#7189,#7190,#7191,#7192,#7193,
    #7194,#7195,#7196,#7197,#7198,#7199,#7200),.UNSPECIFIED.,.T.,.F.,(1,
    6,5,5,5,5,5,5,5,5,5,5,5,5,5,5,5,5,5,5,5,5,5,5,5,6,1),(
    -4.7945401138E-02,0.,4.434593543972E-02,7.403707502301E-02,
    0.11430336956,0.146332020694,0.172856809081,0.250952140792,
    0.329047472502,0.355572260889,0.387600912023,0.42786720656,
    0.457558346144,0.503714204629,0.549854133797,0.580120973224,
    0.620646914233,0.653101257758,0.678429532448,0.750954366329,
    0.82347920021,0.848807474901,0.881261818426,0.921787759435,
    0.952054598862,1.,1.04434593544),.UNSPECIFIED.);
#7079 = CARTESIAN_POINT('',(28.88,-1.110223024625E-15,0.304140837692));
#7080 = CARTESIAN_POINT('',(28.879999989542,0.104935005361,
    0.307688944924));
#7081 = CARTESIAN_POINT('',(28.872294284373,0.207702842753,
    0.312989656483));
#7082 = CARTESIAN_POINT('',(28.85748629928,0.307325466935,0.31987122705)
  );
#7083 = CARTESIAN_POINT('',(28.836347860404,0.403005727797,
    0.328068004041));
#7084 = CARTESIAN_POINT('',(28.809845033104,0.493960926239,0.33724228611
    ));
#7085 = CARTESIAN_POINT('',(28.758475765622,0.637004797918,
    0.353618867101));
#7086 = CARTESIAN_POINT('',(28.735837394595,0.692352975693,
    0.360510916245));
#7087 = CARTESIAN_POINT('',(28.711358625619,0.745706328301,
    0.367658994159));
#7088 = CARTESIAN_POINT('',(28.685209191649,0.797098597323,
    0.375001415526));
#7089 = CARTESIAN_POINT('',(28.657532011356,0.846572906693,
    0.382483530701));
#7090 = CARTESIAN_POINT('',(28.588995561505,0.958741958608,
    0.400330137604));
#7091 = CARTESIAN_POINT('',(28.546947446429,1.019877325953,
    0.410773370336));
#7092 = CARTESIAN_POINT('',(28.502614494576,1.077665789287,
    0.421262330017));
#7093 = CARTESIAN_POINT('',(28.456254052087,1.132196872354,0.43169022854
    ));
#7094 = CARTESIAN_POINT('',(28.408068572384,1.183564136832,
    0.441966659071));
#7095 = CARTESIAN_POINT('',(28.318548318111,1.270275537797,
    0.460008484734));
#7096 = CARTESIAN_POINT('',(28.277836706849,1.30673997699,0.467855844529
    ));
#7097 = CARTESIAN_POINT('',(28.236167216154,1.341283704965,
    0.475515606984));
#7098 = CARTESIAN_POINT('',(28.193621888187,1.373935759052,
    0.482950535097));
#7099 = CARTESIAN_POINT('',(28.150271401132,1.404723356763,
    0.490127599773));
#7100 = CARTESIAN_POINT('',(28.069657043136,1.457645005282,
    0.502723414252));
#7101 = CARTESIAN_POINT('',(28.032631119964,1.480354597693,
    0.508231796171));
#7102 = CARTESIAN_POINT('',(27.995135436395,1.501811934714,
    0.513525452619));
#7103 = CARTESIAN_POINT('',(27.957206046091,1.52202705176,0.518588611326
    ));
#7104 = CARTESIAN_POINT('',(27.91887730831,1.541008288119,0.523406913915
    ));
#7105 = CARTESIAN_POINT('',(27.766253299745,1.611034312933,
    0.541394626326));
#7106 = CARTESIAN_POINT('',(27.649085694167,1.652696686239,
    0.552594221078));
#7107 = CARTESIAN_POINT('',(27.529599965569,1.683862205525,
    0.561220784891));
#7108 = CARTESIAN_POINT('',(27.408599057023,1.704615827171,
    0.567048242738));
#7109 = CARTESIAN_POINT('',(27.286822340985,1.715,0.569964183473));
#7110 = CARTESIAN_POINT('',(27.043177659015,1.715,0.569964183473));
#7111 = CARTESIAN_POINT('',(26.921400942977,1.704615827171,
    0.567048242738));
#7112 = CARTESIAN_POINT('',(26.800400034431,1.683862205525,
    0.561220784891));
#7113 = CARTESIAN_POINT('',(26.680914305833,1.652696686239,
    0.552594221078));
#7114 = CARTESIAN_POINT('',(26.563746700255,1.611034312933,
    0.541394626326));
#7115 = CARTESIAN_POINT('',(26.41112269169,1.541008288119,0.523406913915
    ));
#7116 = CARTESIAN_POINT('',(26.372793953909,1.52202705176,0.518588611326
    ));
#7117 = CARTESIAN_POINT('',(26.334864563605,1.501811934714,
    0.513525452619));
#7118 = CARTESIAN_POINT('',(26.297368880036,1.480354597693,
    0.508231796171));
#7119 = CARTESIAN_POINT('',(26.260342956864,1.457645005282,
    0.502723414252));
#7120 = CARTESIAN_POINT('',(26.179728598868,1.404723356763,
    0.490127599773));
#7121 = CARTESIAN_POINT('',(26.136378111813,1.373935759052,
    0.482950535097));
#7122 = CARTESIAN_POINT('',(26.093832783846,1.341283704965,
    0.475515606984));
#7123 = CARTESIAN_POINT('',(26.052163293151,1.30673997699,0.467855844529
    ));
#7124 = CARTESIAN_POINT('',(26.011451681889,1.270275537797,
    0.460008484734));
#7125 = CARTESIAN_POINT('',(25.921931427616,1.183564136832,
    0.441966659071));
#7126 = CARTESIAN_POINT('',(25.873745947913,1.132196872354,0.43169022854
    ));
#7127 = CARTESIAN_POINT('',(25.827385505424,1.077665789287,
    0.421262330017));
#7128 = CARTESIAN_POINT('',(25.783052553571,1.019877325953,
    0.410773370336));
#7129 = CARTESIAN_POINT('',(25.741004438495,0.958741958608,
    0.400330137604));
#7130 = CARTESIAN_POINT('',(25.672467988644,0.846572906693,
    0.382483530701));
#7131 = CARTESIAN_POINT('',(25.644790808351,0.797098597323,
    0.375001415526));
#7132 = CARTESIAN_POINT('',(25.618641374381,0.745706328301,
    0.367658994159));
#7133 = CARTESIAN_POINT('',(25.594162605405,0.692352975693,
    0.360510916245));
#7134 = CARTESIAN_POINT('',(25.571524234378,0.637004797918,
    0.353618867101));
#7135 = CARTESIAN_POINT('',(25.518899184964,0.490464051196,0.3368419414)
  );
#7136 = CARTESIAN_POINT('',(25.491434875838,0.39540010887,0.327300666201
    ));
#7137 = CARTESIAN_POINT('',(25.469859419375,0.295204033108,
    0.318837534268));
#7138 = CARTESIAN_POINT('',(25.455276467546,0.190811796563,
    0.311841719616));
#7139 = CARTESIAN_POINT('',(25.448530200416,8.330421325912E-02,
    0.30660938174));
#7140 = CARTESIAN_POINT('',(25.451867998448,-0.135567843723,
    0.299999473596));
#7141 = CARTESIAN_POINT('',(25.461875033775,-0.242261050574,
    0.298761633225));
#7142 = CARTESIAN_POINT('',(25.479460571619,-0.345315183556,
    0.299428799084));
#7143 = CARTESIAN_POINT('',(25.503731395458,-0.443934965618,
    0.30173733146));
#7144 = CARTESIAN_POINT('',(25.533657424487,-0.537464138673,
    0.305366056428));
#7145 = CARTESIAN_POINT('',(25.590696346955,-0.683104620187,
    0.313018452116));
#7146 = CARTESIAN_POINT('',(25.615352158099,-0.738693914503,
    0.316492488193));
#7147 = CARTESIAN_POINT('',(25.641867074526,-0.792201512844,
    0.320335703341));
#7148 = CARTESIAN_POINT('',(25.670066561935,-0.84366008306,
    0.324481277578));
#7149 = CARTESIAN_POINT('',(25.699802777336,-0.89311144647,
    0.328869334981));
#7150 = CARTESIAN_POINT('',(25.772663593249,-1.004195115192,
    0.339576701803));
#7151 = CARTESIAN_POINT('',(25.816913173745,-1.06427995195,
    0.346046971024));
#7152 = CARTESIAN_POINT('',(25.863388469677,-1.120938167038,
    0.352727821918));
#7153 = CARTESIAN_POINT('',(25.91183062655,-1.174257466544,
    0.359507780685));
#7154 = CARTESIAN_POINT('',(25.962033606136,-1.224329159336,
    0.366292019763));
#7155 = CARTESIAN_POINT('',(26.055331293753,-1.30881368679,
    0.378372512017));
#7156 = CARTESIAN_POINT('',(26.097842108171,-1.344351522648,
    0.383694920864));
#7157 = CARTESIAN_POINT('',(26.141277041784,-1.377888999538,
    0.388924089329));
#7158 = CARTESIAN_POINT('',(26.185550703281,-1.409456764746,
    0.394021747983));
#7159 = CARTESIAN_POINT('',(26.230589125676,-1.439083545457,
    0.398954279546));
#7160 = CARTESIAN_POINT('',(26.312026354313,-1.488422982308,
    0.407389783841));
#7161 = CARTESIAN_POINT('',(26.348147607439,-1.508882281165,
    0.410968504254));
#7162 = CARTESIAN_POINT('',(26.384660341012,-1.528184431682,
    0.414414086586));
#7163 = CARTESIAN_POINT('',(26.421533179586,-1.546338918591,
    0.417713569939));
#7164 = CARTESIAN_POINT('',(26.458736173077,-1.563353844867,
    0.420855295145));
#7165 = CARTESIAN_POINT('',(26.603631317269,-1.624712606554,
    0.432343521217));
#7166 = CARTESIAN_POINT('',(26.71352961085,-1.660916560994,
    0.439482349668));
#7167 = CARTESIAN_POINT('',(26.82521855694,-1.687977894286,
    0.444996630276));
#7168 = CARTESIAN_POINT('',(26.938074397974,-1.705989945226,
    0.448725830182));
#7169 = CARTESIAN_POINT('',(27.051523647786,-1.715,0.450591573941));
#7170 = CARTESIAN_POINT('',(27.278476352214,-1.715,0.450591573941));
#7171 = CARTESIAN_POINT('',(27.391925602026,-1.705989945226,
    0.448725830182));
#7172 = CARTESIAN_POINT('',(27.50478144306,-1.687977894286,
    0.444996630276));
#7173 = CARTESIAN_POINT('',(27.61647038915,-1.660916560994,
    0.439482349668));
#7174 = CARTESIAN_POINT('',(27.726368682731,-1.624712606554,
    0.432343521217));
#7175 = CARTESIAN_POINT('',(27.871263826923,-1.563353844867,
    0.420855295145));
#7176 = CARTESIAN_POINT('',(27.908466820414,-1.546338918591,
    0.417713569939));
#7177 = CARTESIAN_POINT('',(27.945339658988,-1.528184431682,
    0.414414086586));
#7178 = CARTESIAN_POINT('',(27.981852392561,-1.508882281165,
    0.410968504254));
#7179 = CARTESIAN_POINT('',(28.017973645687,-1.488422982308,
    0.407389783841));
#7180 = CARTESIAN_POINT('',(28.099410874324,-1.439083545457,
    0.398954279546));
#7181 = CARTESIAN_POINT('',(28.144449296719,-1.409456764746,
    0.394021747983));
#7182 = CARTESIAN_POINT('',(28.188722958216,-1.377888999538,
    0.388924089329));
#7183 = CARTESIAN_POINT('',(28.232157891829,-1.344351522648,
    0.383694920864));
#7184 = CARTESIAN_POINT('',(28.274668706247,-1.30881368679,
    0.378372512017));
#7185 = CARTESIAN_POINT('',(28.367966393863,-1.224329159336,
    0.366292019763));
#7186 = CARTESIAN_POINT('',(28.41816937345,-1.174257466544,
    0.359507780685));
#7187 = CARTESIAN_POINT('',(28.466611530323,-1.120938167038,
    0.352727821918));
#7188 = CARTESIAN_POINT('',(28.513086826255,-1.06427995195,
    0.346046971024));
#7189 = CARTESIAN_POINT('',(28.557336406751,-1.004195115192,
    0.339576701803));
#7190 = CARTESIAN_POINT('',(28.630197222664,-0.89311144647,
    0.328869334981));
#7191 = CARTESIAN_POINT('',(28.659933438065,-0.84366008306,
    0.324481277578));
#7192 = CARTESIAN_POINT('',(28.688132925474,-0.792201512844,
    0.320335703341));
#7193 = CARTESIAN_POINT('',(28.714647841901,-0.738693914503,
    0.316492488193));
#7194 = CARTESIAN_POINT('',(28.739303653045,-0.683104620187,
    0.313018452116));
#7195 = CARTESIAN_POINT('',(28.797690390342,-0.534022692163,
    0.305185232318));
#7196 = CARTESIAN_POINT('',(28.82866575462,-0.43644839134,0.301446563917
    ));
#7197 = CARTESIAN_POINT('',(28.853465517951,-0.333331658198,
    0.299152693885));
#7198 = CARTESIAN_POINT('',(28.870901702518,-0.225520301298,
    0.298671301889));
#7199 = CARTESIAN_POINT('',(28.879999988635,-0.114030384787,
    0.300285196299));
#7200 = CARTESIAN_POINT('',(28.88,-1.110223024625E-15,0.304140837692));
#7201 = ORIENTED_EDGE('',*,*,#7069,.F.);
#7202 = ORIENTED_EDGE('',*,*,#6576,.F.);
#7203 = CYLINDRICAL_SURFACE('',#7204,1.715);
#7204 = AXIS2_PLACEMENT_3D('',#7205,#7206,#7207);
#7205 = CARTESIAN_POINT('',(27.165,0.,0.));
#7206 = DIRECTION('',(-0.,-0.,-1.));
#7207 = DIRECTION('',(1.,0.,0.));
#7208 = ADVANCED_FACE('',(#7209),#7346,.F.);
#7209 = FACE_BOUND('',#7210,.F.);
#7210 = EDGE_LOOP('',(#7211,#7219,#7344,#7345));
#7211 = ORIENTED_EDGE('',*,*,#7212,.T.);
#7212 = EDGE_CURVE('',#6588,#7213,#7215,.T.);
#7213 = VERTEX_POINT('',#7214);
#7214 = CARTESIAN_POINT('',(28.88,-14.99,0.304140837692));
#7215 = LINE('',#7216,#7217);
#7216 = CARTESIAN_POINT('',(28.88,-14.99,0.));
#7217 = VECTOR('',#7218,1.);
#7218 = DIRECTION('',(0.,0.,1.));
#7219 = ORIENTED_EDGE('',*,*,#7220,.F.);
#7220 = EDGE_CURVE('',#7213,#7213,#7221,.T.);
#7221 = B_SPLINE_CURVE_WITH_KNOTS('',6,(#7222,#7223,#7224,#7225,#7226,
    #7227,#7228,#7229,#7230,#7231,#7232,#7233,#7234,#7235,#7236,#7237,
    #7238,#7239,#7240,#7241,#7242,#7243,#7244,#7245,#7246,#7247,#7248,
    #7249,#7250,#7251,#7252,#7253,#7254,#7255,#7256,#7257,#7258,#7259,
    #7260,#7261,#7262,#7263,#7264,#7265,#7266,#7267,#7268,#7269,#7270,
    #7271,#7272,#7273,#7274,#7275,#7276,#7277,#7278,#7279,#7280,#7281,
    #7282,#7283,#7284,#7285,#7286,#7287,#7288,#7289,#7290,#7291,#7292,
    #7293,#7294,#7295,#7296,#7297,#7298,#7299,#7300,#7301,#7302,#7303,
    #7304,#7305,#7306,#7307,#7308,#7309,#7310,#7311,#7312,#7313,#7314,
    #7315,#7316,#7317,#7318,#7319,#7320,#7321,#7322,#7323,#7324,#7325,
    #7326,#7327,#7328,#7329,#7330,#7331,#7332,#7333,#7334,#7335,#7336,
    #7337,#7338,#7339,#7340,#7341,#7342,#7343),.UNSPECIFIED.,.T.,.F.,(1,
    6,5,5,5,5,5,5,5,5,5,5,5,5,5,5,5,5,5,5,5,5,5,5,5,6,1),(
    -4.3325133498E-02,0.,4.832533735242E-02,7.870582517279E-02,
    0.119374984797,0.151706017666,0.177823436751,0.249925858122,
    0.322028279494,0.348145698579,0.380476728753,0.42114588143,
    0.451526364061,0.497823857059,0.528510834531,0.573732707538,
    0.613819214933,0.645963008185,0.671695315232,0.749981812107,
    0.828268308982,0.854000616029,0.886144409281,0.926230916677,
    0.956674866502,1.,1.048325337352),.UNSPECIFIED.);
#7222 = CARTESIAN_POINT('',(28.88,-14.99,0.304140837692));
#7223 = CARTESIAN_POINT('',(28.879999988586,-14.87547138627,
    0.300268349981));
#7224 = CARTESIAN_POINT('',(28.87082203113,-14.76351604132,
    0.298657599412));
#7225 = CARTESIAN_POINT('',(28.853239634233,-14.65527817042,
    0.299159139551));
#7226 = CARTESIAN_POINT('',(28.828239257305,-14.55177771598,
    0.301485987995));
#7227 = CARTESIAN_POINT('',(28.797020250845,-14.45386619512,
    0.305266140942));
#7228 = CARTESIAN_POINT('',(28.738287240449,-14.30456021377,
    0.313160665784));
#7229 = CARTESIAN_POINT('',(28.713559820725,-14.24903125183,
    0.316648831562));
#7230 = CARTESIAN_POINT('',(28.686977492825,-14.19558401392,0.3205044303
    ));
#7231 = CARTESIAN_POINT('',(28.65871435275,-14.14418564171,
    0.324660743982));
#7232 = CARTESIAN_POINT('',(28.628917838176,-14.09479419211,
    0.329058001131));
#7233 = CARTESIAN_POINT('',(28.555932163306,-13.9838638559,0.33978215805
    ));
#7234 = CARTESIAN_POINT('',(28.5116213473,-13.92387039826,0.346258748954
    ));
#7235 = CARTESIAN_POINT('',(28.465090212991,-13.8673013959,
    0.352943497232));
#7236 = CARTESIAN_POINT('',(28.416596982644,-13.81406944271,
    0.359725171138));
#7237 = CARTESIAN_POINT('',(28.366347361527,-13.76408361889,
    0.366509134358));
#7238 = CARTESIAN_POINT('',(28.273277074398,-13.68002597438,
    0.378546542674));
#7239 = CARTESIAN_POINT('',(28.231053260471,-13.64479963899,
    0.383827591339));
#7240 = CARTESIAN_POINT('',(28.187920364678,-13.61154390413,
    0.389016036744));
#7241 = CARTESIAN_POINT('',(28.143961800925,-13.58022883953,
    0.394074496519));
#7242 = CARTESIAN_POINT('',(28.099249903257,-13.55082637802,
    0.398970102478));
#7243 = CARTESIAN_POINT('',(28.017168680271,-13.50108333102,
    0.407473848905));
#7244 = CARTESIAN_POINT('',(27.980043002137,-13.48008910531,
    0.411148247812));
#7245 = CARTESIAN_POINT('',(27.942504865347,-13.46031633297,
    0.414681709854));
#7246 = CARTESIAN_POINT('',(27.904588264412,-13.44175476159,0.4180602105
    ));
#7247 = CARTESIAN_POINT('',(27.866325581849,-13.4243956566,
    0.421271176897));
#7248 = CARTESIAN_POINT('',(27.721245228735,-13.36360820734,
    0.432674796026));
#7249 = CARTESIAN_POINT('',(27.612305405379,-13.32807905564,
    0.439687033982));
#7250 = CARTESIAN_POINT('',(27.501624382766,-13.30152043437,
    0.445100488366));
#7251 = CARTESIAN_POINT('',(27.389809009484,-13.28384268637,
    0.448760494372));
#7252 = CARTESIAN_POINT('',(27.2774174639,-13.275,0.450591573941));
#7253 = CARTESIAN_POINT('',(27.0525825361,-13.275,0.450591573941));
#7254 = CARTESIAN_POINT('',(26.940190990516,-13.28384268637,
    0.448760494372));
#7255 = CARTESIAN_POINT('',(26.828375617234,-13.30152043437,
    0.445100488366));
#7256 = CARTESIAN_POINT('',(26.717694594621,-13.32807905564,
    0.439687033982));
#7257 = CARTESIAN_POINT('',(26.608754771265,-13.36360820734,
    0.432674796026));
#7258 = CARTESIAN_POINT('',(26.463674418151,-13.4243956566,
    0.421271176897));
#7259 = CARTESIAN_POINT('',(26.425411735588,-13.44175476159,0.4180602105
    ));
#7260 = CARTESIAN_POINT('',(26.387495134653,-13.46031633297,
    0.414681709854));
#7261 = CARTESIAN_POINT('',(26.349956997863,-13.48008910531,
    0.411148247812));
#7262 = CARTESIAN_POINT('',(26.312831319729,-13.50108333102,
    0.407473848905));
#7263 = CARTESIAN_POINT('',(26.230750100528,-13.55082637573,
    0.39897010287));
#7264 = CARTESIAN_POINT('',(26.186038197831,-13.58022883987,
    0.394074496424));
#7265 = CARTESIAN_POINT('',(26.142079631627,-13.6115439069,
    0.389016036315));
#7266 = CARTESIAN_POINT('',(26.098946738804,-13.64479964012,
    0.383827591204));
#7267 = CARTESIAN_POINT('',(26.056722929206,-13.68002597112,
    0.37854654314));
#7268 = CARTESIAN_POINT('',(25.963652638473,-13.76408361889,
    0.366509134358));
#7269 = CARTESIAN_POINT('',(25.913403017356,-13.81406944271,
    0.359725171138));
#7270 = CARTESIAN_POINT('',(25.864909787009,-13.8673013959,
    0.352943497232));
#7271 = CARTESIAN_POINT('',(25.8183786527,-13.92387039826,0.346258748954
    ));
#7272 = CARTESIAN_POINT('',(25.774067836694,-13.9838638559,0.33978215805
    ));
#7273 = CARTESIAN_POINT('',(25.701082161824,-14.09479419211,
    0.329058001131));
#7274 = CARTESIAN_POINT('',(25.67128564725,-14.14418564171,
    0.324660743982));
#7275 = CARTESIAN_POINT('',(25.643022507175,-14.19558401392,0.3205044303
    ));
#7276 = CARTESIAN_POINT('',(25.616440179275,-14.24903125183,
    0.316648831562));
#7277 = CARTESIAN_POINT('',(25.591712759551,-14.30456021377,
    0.313160665784));
#7278 = CARTESIAN_POINT('',(25.534492990886,-14.45001936282,
    0.305469541455));
#7279 = CARTESIAN_POINT('',(25.504451388155,-14.54341154746,
    0.301813373244));
#7280 = CARTESIAN_POINT('',(25.480040331679,-14.64191688365,
    0.29947085467));
#7281 = CARTESIAN_POINT('',(25.462298299869,-14.744837473,0.298763499201
    ));
#7282 = CARTESIAN_POINT('',(25.452111179692,-14.85144418125,
    0.299956027999));
#7283 = CARTESIAN_POINT('',(25.449014217111,-15.03327322177,
    0.305370508948));
#7284 = CARTESIAN_POINT('',(25.451462436257,-15.1054455027,
    0.308390329452));
#7285 = CARTESIAN_POINT('',(25.457532461358,-15.17670148594,
    0.312240716546));
#7286 = CARTESIAN_POINT('',(25.467021336269,-15.24645818713,
    0.316844299449));
#7287 = CARTESIAN_POINT('',(25.479584521101,-15.31413321355,
    0.322078246467));
#7288 = CARTESIAN_POINT('',(25.51708506363,-15.47506980176,
    0.336210343019));
#7289 = CARTESIAN_POINT('',(25.545286990596,-15.56621982858,
    0.345753911627));
#7290 = CARTESIAN_POINT('',(25.578473737395,-15.65260396112,
    0.356140005839));
#7291 = CARTESIAN_POINT('',(25.61593529457,-15.7342977926,0.367120658197
    ));
#7292 = CARTESIAN_POINT('',(25.657112999872,-15.81144759093,
    0.378485496181));
#7293 = CARTESIAN_POINT('',(25.741005523006,-15.94873914424,
    0.400330117715));
#7294 = CARTESIAN_POINT('',(25.783022445934,-16.00983035358,
    0.410765642483));
#7295 = CARTESIAN_POINT('',(25.827320932395,-16.06757948929,
    0.421246857445));
#7296 = CARTESIAN_POINT('',(25.873644210227,-16.12207592535,
    0.43166720948));
#7297 = CARTESIAN_POINT('',(25.92179025939,-16.17341305748,
    0.441936481548));
#7298 = CARTESIAN_POINT('',(26.011556996806,-16.26038900011,
    0.460031088616));
#7299 = CARTESIAN_POINT('',(26.052572368349,-16.29711488511,
    0.467935837225));
#7300 = CARTESIAN_POINT('',(26.094559364876,-16.33189182487,
    0.475650026396));
#7301 = CARTESIAN_POINT('',(26.137434150413,-16.36474946949,
    0.483135609722));
#7302 = CARTESIAN_POINT('',(26.181124571171,-16.39571559188,
    0.490358869981));
#7303 = CARTESIAN_POINT('',(26.261149780469,-16.44811124613,
    0.502838475181));
#7304 = CARTESIAN_POINT('',(26.297209851111,-16.47020868066,
    0.508199199684));
#7305 = CARTESIAN_POINT('',(26.333715203991,-16.49111874034,
    0.513356259431));
#7306 = CARTESIAN_POINT('',(26.370632569526,-16.51085070843,
    0.518295091547));
#7307 = CARTESIAN_POINT('',(26.407930169161,-16.52941231625,
    0.523002399235));
#7308 = CARTESIAN_POINT('',(26.56011445329,-16.59973867813,0.54104641679
    ));
#7309 = CARTESIAN_POINT('',(26.677950515648,-16.64192099055,
    0.552379537735));
#7310 = CARTESIAN_POINT('',(26.798147508802,-16.67347439957,
    0.561111901542));
#7311 = CARTESIAN_POINT('',(26.919888343019,-16.69448636392,
    0.567011882077));
#7312 = CARTESIAN_POINT('',(27.0424206166,-16.705,0.569964183473));
#7313 = CARTESIAN_POINT('',(27.2875793834,-16.705,0.569964183473));
#7314 = CARTESIAN_POINT('',(27.410111656981,-16.69448636392,
    0.567011882077));
#7315 = CARTESIAN_POINT('',(27.531852491198,-16.67347439957,
    0.561111901542));
#7316 = CARTESIAN_POINT('',(27.652049484352,-16.64192099055,
    0.552379537735));
#7317 = CARTESIAN_POINT('',(27.76988554671,-16.59973867813,0.54104641679
    ));
#7318 = CARTESIAN_POINT('',(27.922069830839,-16.52941231625,
    0.523002399235));
#7319 = CARTESIAN_POINT('',(27.959367430474,-16.51085070843,
    0.518295091547));
#7320 = CARTESIAN_POINT('',(27.996284796009,-16.49111874034,
    0.513356259431));
#7321 = CARTESIAN_POINT('',(28.032790148889,-16.47020868066,
    0.508199199684));
#7322 = CARTESIAN_POINT('',(28.068850219531,-16.44811124613,
    0.502838475181));
#7323 = CARTESIAN_POINT('',(28.148875428829,-16.39571559188,
    0.490358869981));
#7324 = CARTESIAN_POINT('',(28.192565849588,-16.36474946949,
    0.483135609722));
#7325 = CARTESIAN_POINT('',(28.235440635124,-16.33189182487,
    0.475650026396));
#7326 = CARTESIAN_POINT('',(28.277427631651,-16.29711488511,
    0.467935837225));
#7327 = CARTESIAN_POINT('',(28.318443003194,-16.26038900011,
    0.460031088616));
#7328 = CARTESIAN_POINT('',(28.40820974061,-16.17341305748,
    0.441936481548));
#7329 = CARTESIAN_POINT('',(28.456355789773,-16.12207592535,
    0.43166720948));
#7330 = CARTESIAN_POINT('',(28.502679067605,-16.06757948929,
    0.421246857445));
#7331 = CARTESIAN_POINT('',(28.546977554066,-16.00983035358,
    0.410765642483));
#7332 = CARTESIAN_POINT('',(28.588994476994,-15.94873914424,
    0.400330117715));
#7333 = CARTESIAN_POINT('',(28.658354345112,-15.83523053017,
    0.382269627792));
#7334 = CARTESIAN_POINT('',(28.686798470594,-15.78425716095,
    0.374571723895));
#7335 = CARTESIAN_POINT('',(28.713620815847,-15.73125067812,
    0.367023210996));
#7336 = CARTESIAN_POINT('',(28.738664828963,-15.67616416246,
    0.359683887207));
#7337 = CARTESIAN_POINT('',(28.761743757823,-15.61896141114,
    0.352621454982));
#7338 = CARTESIAN_POINT('',(28.812377123626,-15.4751697732,
    0.336361869421));
#7339 = CARTESIAN_POINT('',(28.83796004495,-15.3856329764,0.327440283209
    ));
#7340 = CARTESIAN_POINT('',(28.858339000334,-15.29155551173,
    0.319473841099));
#7341 = CARTESIAN_POINT('',(28.872594201607,-15.19370772405,
    0.312783504862));
#7342 = CARTESIAN_POINT('',(28.879999989747,-15.09287273172,
    0.307619214446));
#7343 = CARTESIAN_POINT('',(28.88,-14.99,0.304140837692));
#7344 = ORIENTED_EDGE('',*,*,#7212,.F.);
#7345 = ORIENTED_EDGE('',*,*,#6587,.F.);
#7346 = CYLINDRICAL_SURFACE('',#7347,1.715);
#7347 = AXIS2_PLACEMENT_3D('',#7348,#7349,#7350);
#7348 = CARTESIAN_POINT('',(27.165,-14.99,0.));
#7349 = DIRECTION('',(-0.,-0.,-1.));
#7350 = DIRECTION('',(1.,0.,0.));
#7351 = ADVANCED_FACE('',(#7352),#7358,.F.);
#7352 = FACE_BOUND('',#7353,.F.);
#7353 = EDGE_LOOP('',(#7354,#7355,#7356,#7357));
#7354 = ORIENTED_EDGE('',*,*,#6598,.T.);
#7355 = ORIENTED_EDGE('',*,*,#6624,.T.);
#7356 = ORIENTED_EDGE('',*,*,#6616,.T.);
#7357 = ORIENTED_EDGE('',*,*,#6608,.T.);
#7358 = PLANE('',#7359);
#7359 = AXIS2_PLACEMENT_3D('',#7360,#7361,#7362);
#7360 = CARTESIAN_POINT('',(-0.585,-0.245,0.1));
#7361 = DIRECTION('',(0.,0.,1.));
#7362 = DIRECTION('',(1.,0.,-0.));
#7363 = ADVANCED_FACE('',(#7364,#7438,#7449),#7477,.T.);
#7364 = FACE_BOUND('',#7365,.T.);
#7365 = EDGE_LOOP('',(#7366,#7367,#7368,#7377,#7386,#7394,#7402,#7410,
    #7419,#7428,#7434,#7435,#7436,#7437));
#7366 = ORIENTED_EDGE('',*,*,#6639,.T.);
#7367 = ORIENTED_EDGE('',*,*,#6714,.T.);
#7368 = ORIENTED_EDGE('',*,*,#7369,.T.);
#7369 = EDGE_CURVE('',#6715,#7370,#7372,.T.);
#7370 = VERTEX_POINT('',#7371);
#7371 = CARTESIAN_POINT('',(-0.585,-7.495,7.55));
#7372 = CIRCLE('',#7373,7.25);
#7373 = AXIS2_PLACEMENT_3D('',#7374,#7375,#7376);
#7374 = CARTESIAN_POINT('',(-0.585,-14.745,7.55));
#7375 = DIRECTION('',(1.,0.,0.));
#7376 = DIRECTION('',(-0.,1.,0.));
#7377 = ORIENTED_EDGE('',*,*,#7378,.T.);
#7378 = EDGE_CURVE('',#7370,#7379,#7381,.T.);
#7379 = VERTEX_POINT('',#7380);
#7380 = CARTESIAN_POINT('',(-0.585,-3.87,1.271315822563));
#7381 = CIRCLE('',#7382,7.25);
#7382 = AXIS2_PLACEMENT_3D('',#7383,#7384,#7385);
#7383 = CARTESIAN_POINT('',(-0.585,-0.245,7.55));
#7384 = DIRECTION('',(1.,0.,0.));
#7385 = DIRECTION('',(-0.,1.,0.));
#7386 = ORIENTED_EDGE('',*,*,#7387,.T.);
#7387 = EDGE_CURVE('',#7379,#7388,#7390,.T.);
#7388 = VERTEX_POINT('',#7389);
#7389 = CARTESIAN_POINT('',(-0.585,-3.87,12.1));
#7390 = LINE('',#7391,#7392);
#7391 = CARTESIAN_POINT('',(-0.585,-3.87,4.21558865037));
#7392 = VECTOR('',#7393,1.);
#7393 = DIRECTION('',(1.182409036304E-16,0.,1.));
#7394 = ORIENTED_EDGE('',*,*,#7395,.F.);
#7395 = EDGE_CURVE('',#7396,#7388,#7398,.T.);
#7396 = VERTEX_POINT('',#7397);
#7397 = CARTESIAN_POINT('',(-0.585,3.38,12.1));
#7398 = LINE('',#7399,#7400);
#7399 = CARTESIAN_POINT('',(-0.585,-3.866666870084,12.1));
#7400 = VECTOR('',#7401,1.);
#7401 = DIRECTION('',(1.832395847155E-20,-1.,0.));
#7402 = ORIENTED_EDGE('',*,*,#7403,.T.);
#7403 = EDGE_CURVE('',#7396,#7404,#7406,.T.);
#7404 = VERTEX_POINT('',#7405);
#7405 = CARTESIAN_POINT('',(-0.585,3.38,1.271315822563));
#7406 = LINE('',#7407,#7408);
#7407 = CARTESIAN_POINT('',(-0.585,3.38,4.21558865037));
#7408 = VECTOR('',#7409,1.);
#7409 = DIRECTION('',(-1.182409036304E-16,-0.,-1.));
#7410 = ORIENTED_EDGE('',*,*,#7411,.T.);
#7411 = EDGE_CURVE('',#7404,#7412,#7414,.T.);
#7412 = VERTEX_POINT('',#7413);
#7413 = CARTESIAN_POINT('',(-0.585,7.005,7.55));
#7414 = CIRCLE('',#7415,7.25);
#7415 = AXIS2_PLACEMENT_3D('',#7416,#7417,#7418);
#7416 = CARTESIAN_POINT('',(-0.585,-0.245,7.55));
#7417 = DIRECTION('',(1.,0.,0.));
#7418 = DIRECTION('',(-0.,1.,0.));
#7419 = ORIENTED_EDGE('',*,*,#7420,.T.);
#7420 = EDGE_CURVE('',#7412,#7421,#7423,.T.);
#7421 = VERTEX_POINT('',#7422);
#7422 = CARTESIAN_POINT('',(-0.585,6.998790444236,7.85));
#7423 = CIRCLE('',#7424,7.25);
#7424 = AXIS2_PLACEMENT_3D('',#7425,#7426,#7427);
#7425 = CARTESIAN_POINT('',(-0.585,-0.245,7.55));
#7426 = DIRECTION('',(1.,0.,0.));
#7427 = DIRECTION('',(-0.,1.,0.));
#7428 = ORIENTED_EDGE('',*,*,#7429,.T.);
#7429 = EDGE_CURVE('',#7421,#6933,#7430,.T.);
#7430 = LINE('',#7431,#7432);
#7431 = CARTESIAN_POINT('',(-0.585,-2.89,7.85));
#7432 = VECTOR('',#7433,1.);
#7433 = DIRECTION('',(-4.002148072465E-32,1.,0.));
#7434 = ORIENTED_EDGE('',*,*,#6990,.T.);
#7435 = ORIENTED_EDGE('',*,*,#6981,.T.);
#7436 = ORIENTED_EDGE('',*,*,#6964,.T.);
#7437 = ORIENTED_EDGE('',*,*,#6648,.T.);
#7438 = FACE_BOUND('',#7439,.T.);
#7439 = EDGE_LOOP('',(#7440));
#7440 = ORIENTED_EDGE('',*,*,#7441,.T.);
#7441 = EDGE_CURVE('',#7442,#7442,#7444,.T.);
#7442 = VERTEX_POINT('',#7443);
#7443 = CARTESIAN_POINT('',(-0.585,-14.745,13.15));
#7444 = CIRCLE('',#7445,5.8);
#7445 = AXIS2_PLACEMENT_3D('',#7446,#7447,#7448);
#7446 = CARTESIAN_POINT('',(-0.585,-14.745,7.35));
#7447 = DIRECTION('',(-1.,0.,0.));
#7448 = DIRECTION('',(0.,0.,1.));
#7449 = FACE_BOUND('',#7450,.T.);
#7450 = EDGE_LOOP('',(#7451,#7462,#7471));
#7451 = ORIENTED_EDGE('',*,*,#7452,.T.);
#7452 = EDGE_CURVE('',#7453,#7455,#7457,.T.);
#7453 = VERTEX_POINT('',#7454);
#7454 = CARTESIAN_POINT('',(-0.585,-7.488790444236,7.85));
#7455 = VERTEX_POINT('',#7456);
#7456 = CARTESIAN_POINT('',(-0.585,-7.495,7.55));
#7457 = CIRCLE('',#7458,7.25);
#7458 = AXIS2_PLACEMENT_3D('',#7459,#7460,#7461);
#7459 = CARTESIAN_POINT('',(-0.585,-0.245,7.55));
#7460 = DIRECTION('',(1.,0.,0.));
#7461 = DIRECTION('',(-0.,1.,0.));
#7462 = ORIENTED_EDGE('',*,*,#7463,.T.);
#7463 = EDGE_CURVE('',#7455,#7464,#7466,.T.);
#7464 = VERTEX_POINT('',#7465);
#7465 = CARTESIAN_POINT('',(-0.585,-7.501209555764,7.85));
#7466 = CIRCLE('',#7467,7.25);
#7467 = AXIS2_PLACEMENT_3D('',#7468,#7469,#7470);
#7468 = CARTESIAN_POINT('',(-0.585,-14.745,7.55));
#7469 = DIRECTION('',(1.,0.,0.));
#7470 = DIRECTION('',(-0.,1.,0.));
#7471 = ORIENTED_EDGE('',*,*,#7472,.T.);
#7472 = EDGE_CURVE('',#7464,#7453,#7473,.T.);
#7473 = LINE('',#7474,#7475);
#7474 = CARTESIAN_POINT('',(-0.585,-2.89,7.85));
#7475 = VECTOR('',#7476,1.);
#7476 = DIRECTION('',(-4.002148072465E-32,1.,0.));
#7477 = PLANE('',#7478);
#7478 = AXIS2_PLACEMENT_3D('',#7479,#7480,#7481);
#7479 = CARTESIAN_POINT('',(-0.585,-7.488333740168,8.33117730074));
#7480 = DIRECTION('',(1.,1.832395847155E-20,-1.182409036304E-16));
#7481 = DIRECTION('',(1.182409036304E-16,0.,1.));
#7482 = ADVANCED_FACE('',(#7483),#7511,.T.);
#7483 = FACE_BOUND('',#7484,.T.);
#7484 = EDGE_LOOP('',(#7485,#7496,#7502,#7503,#7504));
#7485 = ORIENTED_EDGE('',*,*,#7486,.T.);
#7486 = EDGE_CURVE('',#7487,#7489,#7491,.T.);
#7487 = VERTEX_POINT('',#7488);
#7488 = CARTESIAN_POINT('',(54.925,7.005,12.807660738695));
#7489 = VERTEX_POINT('',#7490);
#7490 = CARTESIAN_POINT('',(54.925,1.715,15.1));
#7491 = CIRCLE('',#7492,7.25);
#7492 = AXIS2_PLACEMENT_3D('',#7493,#7494,#7495);
#7493 = CARTESIAN_POINT('',(54.925,1.715,7.85));
#7494 = DIRECTION('',(1.,0.,0.));
#7495 = DIRECTION('',(-0.,1.,0.));
#7496 = ORIENTED_EDGE('',*,*,#7497,.T.);
#7497 = EDGE_CURVE('',#7489,#6683,#7498,.T.);
#7498 = LINE('',#7499,#7500);
#7499 = CARTESIAN_POINT('',(54.925,1.715,15.1));
#7500 = VECTOR('',#7501,1.);
#7501 = DIRECTION('',(1.,0.,0.));
#7502 = ORIENTED_EDGE('',*,*,#6682,.F.);
#7503 = ORIENTED_EDGE('',*,*,#6892,.F.);
#7504 = ORIENTED_EDGE('',*,*,#7505,.T.);
#7505 = EDGE_CURVE('',#6893,#7487,#7506,.T.);
#7506 = CIRCLE('',#7507,7.25);
#7507 = AXIS2_PLACEMENT_3D('',#7508,#7509,#7510);
#7508 = CARTESIAN_POINT('',(54.925,1.715,7.85));
#7509 = DIRECTION('',(1.,0.,0.));
#7510 = DIRECTION('',(-0.,1.,0.));
#7511 = CYLINDRICAL_SURFACE('',#7512,7.25);
#7512 = AXIS2_PLACEMENT_3D('',#7513,#7514,#7515);
#7513 = CARTESIAN_POINT('',(54.925,1.715,7.85));
#7514 = DIRECTION('',(-1.,-0.,-0.));
#7515 = DIRECTION('',(0.,1.,0.));
#7516 = ADVANCED_FACE('',(#7517),#7528,.F.);
#7517 = FACE_BOUND('',#7518,.F.);
#7518 = EDGE_LOOP('',(#7519,#7520,#7521,#7522));
#7519 = ORIENTED_EDGE('',*,*,#7497,.T.);
#7520 = ORIENTED_EDGE('',*,*,#6691,.T.);
#7521 = ORIENTED_EDGE('',*,*,#6802,.T.);
#7522 = ORIENTED_EDGE('',*,*,#7523,.T.);
#7523 = EDGE_CURVE('',#6803,#7489,#7524,.T.);
#7524 = LINE('',#7525,#7526);
#7525 = CARTESIAN_POINT('',(54.925,-16.705,15.1));
#7526 = VECTOR('',#7527,1.);
#7527 = DIRECTION('',(0.,1.,0.));
#7528 = PLANE('',#7529);
#7529 = AXIS2_PLACEMENT_3D('',#7530,#7531,#7532);
#7530 = CARTESIAN_POINT('',(55.925,-7.495,15.1));
#7531 = DIRECTION('',(3.202188072173E-30,0.,-1.));
#7532 = DIRECTION('',(-1.,0.,-3.202188072173E-30));
#7533 = ADVANCED_FACE('',(#7534),#7544,.T.);
#7534 = FACE_BOUND('',#7535,.T.);
#7535 = EDGE_LOOP('',(#7536,#7537,#7538));
#7536 = ORIENTED_EDGE('',*,*,#6723,.F.);
#7537 = ORIENTED_EDGE('',*,*,#6842,.T.);
#7538 = ORIENTED_EDGE('',*,*,#7539,.F.);
#7539 = EDGE_CURVE('',#6724,#6835,#7540,.T.);
#7540 = LINE('',#7541,#7542);
#7541 = CARTESIAN_POINT('',(5.366,-21.995,7.85));
#7542 = VECTOR('',#7543,1.);
#7543 = DIRECTION('',(0.,0.,1.));
#7544 = PLANE('',#7545);
#7545 = AXIS2_PLACEMENT_3D('',#7546,#7547,#7548);
#7546 = CARTESIAN_POINT('',(5.366,-40.415,7.85));
#7547 = DIRECTION('',(-1.,0.,0.));
#7548 = DIRECTION('',(0.,1.,0.));
#7549 = ADVANCED_FACE('',(#7550),#7561,.T.);
#7550 = FACE_BOUND('',#7551,.T.);
#7551 = EDGE_LOOP('',(#7552,#7553,#7554,#7555));
#7552 = ORIENTED_EDGE('',*,*,#6731,.F.);
#7553 = ORIENTED_EDGE('',*,*,#7539,.T.);
#7554 = ORIENTED_EDGE('',*,*,#6834,.F.);
#7555 = ORIENTED_EDGE('',*,*,#7556,.T.);
#7556 = EDGE_CURVE('',#6826,#6732,#7557,.T.);
#7557 = LINE('',#7558,#7559);
#7558 = CARTESIAN_POINT('',(12.2925,-21.995,7.85));
#7559 = VECTOR('',#7560,1.);
#7560 = DIRECTION('',(0.,0.,-1.));
#7561 = PLANE('',#7562);
#7562 = AXIS2_PLACEMENT_3D('',#7563,#7564,#7565);
#7563 = CARTESIAN_POINT('',(-0.585,-21.995,7.85));
#7564 = DIRECTION('',(0.,1.,0.));
#7565 = DIRECTION('',(1.,0.,0.));
#7566 = ADVANCED_FACE('',(#7567),#7572,.T.);
#7567 = FACE_BOUND('',#7568,.T.);
#7568 = EDGE_LOOP('',(#7569,#7570,#7571));
#7569 = ORIENTED_EDGE('',*,*,#6825,.F.);
#7570 = ORIENTED_EDGE('',*,*,#6739,.F.);
#7571 = ORIENTED_EDGE('',*,*,#7556,.F.);
#7572 = PLANE('',#7573);
#7573 = AXIS2_PLACEMENT_3D('',#7574,#7575,#7576);
#7574 = CARTESIAN_POINT('',(12.2925,58.345,7.85));
#7575 = DIRECTION('',(1.,0.,0.));
#7576 = DIRECTION('',(0.,-1.,0.));
#7577 = ADVANCED_FACE('',(#7578),#7588,.T.);
#7578 = FACE_BOUND('',#7579,.T.);
#7579 = EDGE_LOOP('',(#7580,#7581,#7582));
#7580 = ORIENTED_EDGE('',*,*,#6746,.F.);
#7581 = ORIENTED_EDGE('',*,*,#6875,.T.);
#7582 = ORIENTED_EDGE('',*,*,#7583,.F.);
#7583 = EDGE_CURVE('',#6747,#6868,#7584,.T.);
#7584 = LINE('',#7585,#7586);
#7585 = CARTESIAN_POINT('',(42.0475,-21.995,7.85));
#7586 = VECTOR('',#7587,1.);
#7587 = DIRECTION('',(0.,0.,1.));
#7588 = PLANE('',#7589);
#7589 = AXIS2_PLACEMENT_3D('',#7590,#7591,#7592);
#7590 = CARTESIAN_POINT('',(42.0475,-73.335,7.85));
#7591 = DIRECTION('',(-1.,0.,0.));
#7592 = DIRECTION('',(0.,1.,0.));
#7593 = ADVANCED_FACE('',(#7594),#7605,.T.);
#7594 = FACE_BOUND('',#7595,.T.);
#7595 = EDGE_LOOP('',(#7596,#7597,#7598,#7599));
#7596 = ORIENTED_EDGE('',*,*,#6754,.F.);
#7597 = ORIENTED_EDGE('',*,*,#7583,.T.);
#7598 = ORIENTED_EDGE('',*,*,#6867,.F.);
#7599 = ORIENTED_EDGE('',*,*,#7600,.T.);
#7600 = EDGE_CURVE('',#6859,#6755,#7601,.T.);
#7601 = LINE('',#7602,#7603);
#7602 = CARTESIAN_POINT('',(48.974,-21.995,7.85));
#7603 = VECTOR('',#7604,1.);
#7604 = DIRECTION('',(0.,0.,-1.));
#7605 = PLANE('',#7606);
#7606 = AXIS2_PLACEMENT_3D('',#7607,#7608,#7609);
#7607 = CARTESIAN_POINT('',(-0.585,-21.995,7.85));
#7608 = DIRECTION('',(0.,1.,0.));
#7609 = DIRECTION('',(1.,0.,0.));
#7610 = ADVANCED_FACE('',(#7611),#7616,.T.);
#7611 = FACE_BOUND('',#7612,.T.);
#7612 = EDGE_LOOP('',(#7613,#7614,#7615));
#7613 = ORIENTED_EDGE('',*,*,#6858,.F.);
#7614 = ORIENTED_EDGE('',*,*,#6762,.F.);
#7615 = ORIENTED_EDGE('',*,*,#7600,.F.);
#7616 = PLANE('',#7617);
#7617 = AXIS2_PLACEMENT_3D('',#7618,#7619,#7620);
#7618 = CARTESIAN_POINT('',(48.974,91.265,7.85));
#7619 = DIRECTION('',(1.,0.,0.));
#7620 = DIRECTION('',(0.,-1.,0.));
#7621 = ADVANCED_FACE('',(#7622,#7696,#7707),#7735,.T.);
#7622 = FACE_BOUND('',#7623,.T.);
#7623 = EDGE_LOOP('',(#7624,#7625,#7626,#7627,#7628,#7636,#7645,#7654,
    #7663,#7671,#7679,#7687,#7694,#7695));
#7624 = ORIENTED_EDGE('',*,*,#6810,.F.);
#7625 = ORIENTED_EDGE('',*,*,#7523,.T.);
#7626 = ORIENTED_EDGE('',*,*,#7486,.F.);
#7627 = ORIENTED_EDGE('',*,*,#7505,.F.);
#7628 = ORIENTED_EDGE('',*,*,#7629,.F.);
#7629 = EDGE_CURVE('',#7630,#6893,#7632,.T.);
#7630 = VERTEX_POINT('',#7631);
#7631 = CARTESIAN_POINT('',(54.925,6.998790444236,7.85));
#7632 = LINE('',#7633,#7634);
#7633 = CARTESIAN_POINT('',(54.925,-12.1,7.85));
#7634 = VECTOR('',#7635,1.);
#7635 = DIRECTION('',(-2.001074036232E-31,1.,0.));
#7636 = ORIENTED_EDGE('',*,*,#7637,.F.);
#7637 = EDGE_CURVE('',#7638,#7630,#7640,.T.);
#7638 = VERTEX_POINT('',#7639);
#7639 = CARTESIAN_POINT('',(54.925,7.005,7.55));
#7640 = CIRCLE('',#7641,7.25);
#7641 = AXIS2_PLACEMENT_3D('',#7642,#7643,#7644);
#7642 = CARTESIAN_POINT('',(54.925,-0.245,7.55));
#7643 = DIRECTION('',(1.,0.,0.));
#7644 = DIRECTION('',(-0.,1.,0.));
#7645 = ORIENTED_EDGE('',*,*,#7646,.F.);
#7646 = EDGE_CURVE('',#7647,#7638,#7649,.T.);
#7647 = VERTEX_POINT('',#7648);
#7648 = CARTESIAN_POINT('',(54.925,-7.495,7.55));
#7649 = CIRCLE('',#7650,7.25);
#7650 = AXIS2_PLACEMENT_3D('',#7651,#7652,#7653);
#7651 = CARTESIAN_POINT('',(54.925,-0.245,7.55));
#7652 = DIRECTION('',(1.,0.,0.));
#7653 = DIRECTION('',(-0.,1.,0.));
#7654 = ORIENTED_EDGE('',*,*,#7655,.F.);
#7655 = EDGE_CURVE('',#7656,#7647,#7658,.T.);
#7656 = VERTEX_POINT('',#7657);
#7657 = CARTESIAN_POINT('',(54.925,-11.12,1.271315822563));
#7658 = CIRCLE('',#7659,7.25);
#7659 = AXIS2_PLACEMENT_3D('',#7660,#7661,#7662);
#7660 = CARTESIAN_POINT('',(54.925,-14.745,7.55));
#7661 = DIRECTION('',(1.,0.,0.));
#7662 = DIRECTION('',(-0.,1.,0.));
#7663 = ORIENTED_EDGE('',*,*,#7664,.T.);
#7664 = EDGE_CURVE('',#7656,#7665,#7667,.T.);
#7665 = VERTEX_POINT('',#7666);
#7666 = CARTESIAN_POINT('',(54.925,-11.12,12.1));
#7667 = LINE('',#7668,#7669);
#7668 = CARTESIAN_POINT('',(54.925,-11.12,4.21558865037));
#7669 = VECTOR('',#7670,1.);
#7670 = DIRECTION('',(-2.39899916392E-18,0.,1.));
#7671 = ORIENTED_EDGE('',*,*,#7672,.F.);
#7672 = EDGE_CURVE('',#7673,#7665,#7675,.T.);
#7673 = VERTEX_POINT('',#7674);
#7674 = CARTESIAN_POINT('',(54.925,-18.37,12.1));
#7675 = LINE('',#7676,#7677);
#7676 = CARTESIAN_POINT('',(54.925,-11.11666687008,12.1));
#7677 = VECTOR('',#7678,1.);
#7678 = DIRECTION('',(-9.539655046488E-21,1.,0.));
#7679 = ORIENTED_EDGE('',*,*,#7680,.T.);
#7680 = EDGE_CURVE('',#7673,#7681,#7683,.T.);
#7681 = VERTEX_POINT('',#7682);
#7682 = CARTESIAN_POINT('',(54.925,-18.37,1.271315822563));
#7683 = LINE('',#7684,#7685);
#7684 = CARTESIAN_POINT('',(54.925,-18.37,4.21558865037));
#7685 = VECTOR('',#7686,1.);
#7686 = DIRECTION('',(2.39899916392E-18,0.,-1.));
#7687 = ORIENTED_EDGE('',*,*,#7688,.F.);
#7688 = EDGE_CURVE('',#6770,#7681,#7689,.T.);
#7689 = CIRCLE('',#7690,7.25);
#7690 = AXIS2_PLACEMENT_3D('',#7691,#7692,#7693);
#7691 = CARTESIAN_POINT('',(54.925,-14.745,7.55));
#7692 = DIRECTION('',(1.,0.,0.));
#7693 = DIRECTION('',(-0.,1.,0.));
#7694 = ORIENTED_EDGE('',*,*,#6769,.F.);
#7695 = ORIENTED_EDGE('',*,*,#6791,.F.);
#7696 = FACE_BOUND('',#7697,.T.);
#7697 = EDGE_LOOP('',(#7698));
#7698 = ORIENTED_EDGE('',*,*,#7699,.F.);
#7699 = EDGE_CURVE('',#7700,#7700,#7702,.T.);
#7700 = VERTEX_POINT('',#7701);
#7701 = CARTESIAN_POINT('',(54.925,-0.245,13.15));
#7702 = CIRCLE('',#7703,5.8);
#7703 = AXIS2_PLACEMENT_3D('',#7704,#7705,#7706);
#7704 = CARTESIAN_POINT('',(54.925,-0.245,7.35));
#7705 = DIRECTION('',(-1.,0.,0.));
#7706 = DIRECTION('',(0.,0.,1.));
#7707 = FACE_BOUND('',#7708,.T.);
#7708 = EDGE_LOOP('',(#7709,#7720,#7729));
#7709 = ORIENTED_EDGE('',*,*,#7710,.F.);
#7710 = EDGE_CURVE('',#7711,#7713,#7715,.T.);
#7711 = VERTEX_POINT('',#7712);
#7712 = CARTESIAN_POINT('',(54.925,-7.495,7.55));
#7713 = VERTEX_POINT('',#7714);
#7714 = CARTESIAN_POINT('',(54.925,-7.501209555764,7.85));
#7715 = CIRCLE('',#7716,7.25);
#7716 = AXIS2_PLACEMENT_3D('',#7717,#7718,#7719);
#7717 = CARTESIAN_POINT('',(54.925,-14.745,7.55));
#7718 = DIRECTION('',(1.,0.,0.));
#7719 = DIRECTION('',(-0.,1.,0.));
#7720 = ORIENTED_EDGE('',*,*,#7721,.F.);
#7721 = EDGE_CURVE('',#7722,#7711,#7724,.T.);
#7722 = VERTEX_POINT('',#7723);
#7723 = CARTESIAN_POINT('',(54.925,-7.488790444236,7.85));
#7724 = CIRCLE('',#7725,7.25);
#7725 = AXIS2_PLACEMENT_3D('',#7726,#7727,#7728);
#7726 = CARTESIAN_POINT('',(54.925,-0.245,7.55));
#7727 = DIRECTION('',(1.,0.,0.));
#7728 = DIRECTION('',(-0.,1.,0.));
#7729 = ORIENTED_EDGE('',*,*,#7730,.F.);
#7730 = EDGE_CURVE('',#7713,#7722,#7731,.T.);
#7731 = LINE('',#7732,#7733);
#7732 = CARTESIAN_POINT('',(54.925,-12.1,7.85));
#7733 = VECTOR('',#7734,1.);
#7734 = DIRECTION('',(-2.001074036232E-31,1.,0.));
#7735 = PLANE('',#7736);
#7736 = AXIS2_PLACEMENT_3D('',#7737,#7738,#7739);
#7737 = CARTESIAN_POINT('',(54.925,-7.488333740168,8.33117730074));
#7738 = DIRECTION('',(-1.,-9.539655046488E-21,-2.39899916392E-18));
#7739 = DIRECTION('',(2.39899916392E-18,0.,-1.));
#7740 = ADVANCED_FACE('',(#7741,#7778),#7781,.F.);
#7741 = FACE_BOUND('',#7742,.F.);
#7742 = EDGE_LOOP('',(#7743,#7751,#7760,#7766,#7767,#7768,#7769,#7770,
    #7776,#7777));
#7743 = ORIENTED_EDGE('',*,*,#7744,.T.);
#7744 = EDGE_CURVE('',#7656,#7745,#7747,.T.);
#7745 = VERTEX_POINT('',#7746);
#7746 = CARTESIAN_POINT('',(54.875,-11.12,1.271315822563));
#7747 = LINE('',#7748,#7749);
#7748 = CARTESIAN_POINT('',(-0.585,-11.12,1.271315822563));
#7749 = VECTOR('',#7750,1.);
#7750 = DIRECTION('',(-1.,-0.,-0.));
#7751 = ORIENTED_EDGE('',*,*,#7752,.T.);
#7752 = EDGE_CURVE('',#7745,#7753,#7755,.T.);
#7753 = VERTEX_POINT('',#7754);
#7754 = CARTESIAN_POINT('',(54.875,-18.37,1.271315822563));
#7755 = CIRCLE('',#7756,7.25);
#7756 = AXIS2_PLACEMENT_3D('',#7757,#7758,#7759);
#7757 = CARTESIAN_POINT('',(54.875,-14.745,7.55));
#7758 = DIRECTION('',(-1.,0.,0.));
#7759 = DIRECTION('',(0.,1.,0.));
#7760 = ORIENTED_EDGE('',*,*,#7761,.F.);
#7761 = EDGE_CURVE('',#7681,#7753,#7762,.T.);
#7762 = LINE('',#7763,#7764);
#7763 = CARTESIAN_POINT('',(-0.585,-18.37,1.271315822563));
#7764 = VECTOR('',#7765,1.);
#7765 = DIRECTION('',(-1.,-0.,-0.));
#7766 = ORIENTED_EDGE('',*,*,#7688,.F.);
#7767 = ORIENTED_EDGE('',*,*,#6777,.T.);
#7768 = ORIENTED_EDGE('',*,*,#7369,.T.);
#7769 = ORIENTED_EDGE('',*,*,#7463,.T.);
#7770 = ORIENTED_EDGE('',*,*,#7771,.F.);
#7771 = EDGE_CURVE('',#7713,#7464,#7772,.T.);
#7772 = LINE('',#7773,#7774);
#7773 = CARTESIAN_POINT('',(-0.585,-7.501209555764,7.85));
#7774 = VECTOR('',#7775,1.);
#7775 = DIRECTION('',(-1.,-0.,-0.));
#7776 = ORIENTED_EDGE('',*,*,#7710,.F.);
#7777 = ORIENTED_EDGE('',*,*,#7655,.F.);
#7778 = FACE_BOUND('',#7779,.F.);
#7779 = EDGE_LOOP('',(#7780));
#7780 = ORIENTED_EDGE('',*,*,#7220,.T.);
#7781 = CYLINDRICAL_SURFACE('',#7782,7.25);
#7782 = AXIS2_PLACEMENT_3D('',#7783,#7784,#7785);
#7783 = CARTESIAN_POINT('',(-0.585,-14.745,7.55));
#7784 = DIRECTION('',(-1.,-0.,-0.));
#7785 = DIRECTION('',(0.,1.,0.));
#7786 = ADVANCED_FACE('',(#7787),#7844,.T.);
#7787 = FACE_BOUND('',#7788,.T.);
#7788 = EDGE_LOOP('',(#7789,#7790,#7798,#7806,#7812,#7813,#7821,#7829,
    #7835,#7836,#7837,#7843));
#7789 = ORIENTED_EDGE('',*,*,#6900,.F.);
#7790 = ORIENTED_EDGE('',*,*,#7791,.T.);
#7791 = EDGE_CURVE('',#6901,#7792,#7794,.T.);
#7792 = VERTEX_POINT('',#7793);
#7793 = CARTESIAN_POINT('',(48.974,7.005,7.85));
#7794 = LINE('',#7795,#7796);
#7795 = CARTESIAN_POINT('',(48.974,91.265,7.85));
#7796 = VECTOR('',#7797,1.);
#7797 = DIRECTION('',(0.,-1.,0.));
#7798 = ORIENTED_EDGE('',*,*,#7799,.T.);
#7799 = EDGE_CURVE('',#7792,#7800,#7802,.T.);
#7800 = VERTEX_POINT('',#7801);
#7801 = CARTESIAN_POINT('',(42.0475,7.005,7.85));
#7802 = LINE('',#7803,#7804);
#7803 = CARTESIAN_POINT('',(54.925,7.005,7.85));
#7804 = VECTOR('',#7805,1.);
#7805 = DIRECTION('',(-1.,0.,0.));
#7806 = ORIENTED_EDGE('',*,*,#7807,.T.);
#7807 = EDGE_CURVE('',#7800,#6909,#7808,.T.);
#7808 = LINE('',#7809,#7810);
#7809 = CARTESIAN_POINT('',(42.0475,-73.335,7.85));
#7810 = VECTOR('',#7811,1.);
#7811 = DIRECTION('',(0.,1.,0.));
#7812 = ORIENTED_EDGE('',*,*,#6916,.F.);
#7813 = ORIENTED_EDGE('',*,*,#7814,.T.);
#7814 = EDGE_CURVE('',#6917,#7815,#7817,.T.);
#7815 = VERTEX_POINT('',#7816);
#7816 = CARTESIAN_POINT('',(12.2925,7.005,7.85));
#7817 = LINE('',#7818,#7819);
#7818 = CARTESIAN_POINT('',(12.2925,58.345,7.85));
#7819 = VECTOR('',#7820,1.);
#7820 = DIRECTION('',(0.,-1.,0.));
#7821 = ORIENTED_EDGE('',*,*,#7822,.T.);
#7822 = EDGE_CURVE('',#7815,#7823,#7825,.T.);
#7823 = VERTEX_POINT('',#7824);
#7824 = CARTESIAN_POINT('',(5.366,7.005,7.85));
#7825 = LINE('',#7826,#7827);
#7826 = CARTESIAN_POINT('',(54.925,7.005,7.85));
#7827 = VECTOR('',#7828,1.);
#7828 = DIRECTION('',(-1.,0.,0.));
#7829 = ORIENTED_EDGE('',*,*,#7830,.T.);
#7830 = EDGE_CURVE('',#7823,#6925,#7831,.T.);
#7831 = LINE('',#7832,#7833);
#7832 = CARTESIAN_POINT('',(5.366,-40.415,7.85));
#7833 = VECTOR('',#7834,1.);
#7834 = DIRECTION('',(0.,1.,0.));
#7835 = ORIENTED_EDGE('',*,*,#6932,.T.);
#7836 = ORIENTED_EDGE('',*,*,#7429,.F.);
#7837 = ORIENTED_EDGE('',*,*,#7838,.F.);
#7838 = EDGE_CURVE('',#7630,#7421,#7839,.T.);
#7839 = LINE('',#7840,#7841);
#7840 = CARTESIAN_POINT('',(-0.585,6.998790444236,7.85));
#7841 = VECTOR('',#7842,1.);
#7842 = DIRECTION('',(-1.,-0.,-0.));
#7843 = ORIENTED_EDGE('',*,*,#7629,.T.);
#7844 = PLANE('',#7845);
#7845 = AXIS2_PLACEMENT_3D('',#7846,#7847,#7848);
#7846 = CARTESIAN_POINT('',(27.17,7.760973289496,7.85));
#7847 = DIRECTION('',(1.587344760251E-33,-1.002350229834E-15,1.));
#7848 = DIRECTION('',(0.,1.,1.002350229834E-15));
#7849 = ADVANCED_FACE('',(#7850),#7877,.T.);
#7850 = FACE_BOUND('',#7851,.T.);
#7851 = EDGE_LOOP('',(#7852,#7853,#7862,#7870));
#7852 = ORIENTED_EDGE('',*,*,#6908,.F.);
#7853 = ORIENTED_EDGE('',*,*,#7854,.F.);
#7854 = EDGE_CURVE('',#7855,#6909,#7857,.T.);
#7855 = VERTEX_POINT('',#7856);
#7856 = CARTESIAN_POINT('',(42.0475,7.005,12.807660738695));
#7857 = CIRCLE('',#7858,7.25);
#7858 = AXIS2_PLACEMENT_3D('',#7859,#7860,#7861);
#7859 = CARTESIAN_POINT('',(42.0475,1.715,7.85));
#7860 = DIRECTION('',(-1.,0.,0.));
#7861 = DIRECTION('',(0.,1.,0.));
#7862 = ORIENTED_EDGE('',*,*,#7863,.F.);
#7863 = EDGE_CURVE('',#7864,#7855,#7866,.T.);
#7864 = VERTEX_POINT('',#7865);
#7865 = CARTESIAN_POINT('',(48.974,7.005,12.807660738695));
#7866 = LINE('',#7867,#7868);
#7867 = CARTESIAN_POINT('',(1.92,7.005,12.807660738695));
#7868 = VECTOR('',#7869,1.);
#7869 = DIRECTION('',(-1.,-0.,-0.));
#7870 = ORIENTED_EDGE('',*,*,#7871,.T.);
#7871 = EDGE_CURVE('',#7864,#6901,#7872,.T.);
#7872 = CIRCLE('',#7873,7.25);
#7873 = AXIS2_PLACEMENT_3D('',#7874,#7875,#7876);
#7874 = CARTESIAN_POINT('',(48.974,1.715,7.85));
#7875 = DIRECTION('',(-1.,0.,0.));
#7876 = DIRECTION('',(0.,1.,0.));
#7877 = CYLINDRICAL_SURFACE('',#7878,7.25);
#7878 = AXIS2_PLACEMENT_3D('',#7879,#7880,#7881);
#7879 = CARTESIAN_POINT('',(1.92,1.715,7.85));
#7880 = DIRECTION('',(-1.,-0.,-0.));
#7881 = DIRECTION('',(0.,1.,0.));
#7882 = ADVANCED_FACE('',(#7883),#7910,.T.);
#7883 = FACE_BOUND('',#7884,.T.);
#7884 = EDGE_LOOP('',(#7885,#7895,#7902,#7903));
#7885 = ORIENTED_EDGE('',*,*,#7886,.F.);
#7886 = EDGE_CURVE('',#7887,#7889,#7891,.T.);
#7887 = VERTEX_POINT('',#7888);
#7888 = CARTESIAN_POINT('',(12.2925,7.005,12.807660738695));
#7889 = VERTEX_POINT('',#7890);
#7890 = CARTESIAN_POINT('',(5.366,7.005,12.807660738695));
#7891 = LINE('',#7892,#7893);
#7892 = CARTESIAN_POINT('',(1.92,7.005,12.807660738695));
#7893 = VECTOR('',#7894,1.);
#7894 = DIRECTION('',(-1.,-0.,-0.));
#7895 = ORIENTED_EDGE('',*,*,#7896,.T.);
#7896 = EDGE_CURVE('',#7887,#6917,#7897,.T.);
#7897 = CIRCLE('',#7898,7.25);
#7898 = AXIS2_PLACEMENT_3D('',#7899,#7900,#7901);
#7899 = CARTESIAN_POINT('',(12.2925,1.715,7.85));
#7900 = DIRECTION('',(-1.,0.,0.));
#7901 = DIRECTION('',(0.,1.,0.));
#7902 = ORIENTED_EDGE('',*,*,#6924,.F.);
#7903 = ORIENTED_EDGE('',*,*,#7904,.F.);
#7904 = EDGE_CURVE('',#7889,#6925,#7905,.T.);
#7905 = CIRCLE('',#7906,7.25);
#7906 = AXIS2_PLACEMENT_3D('',#7907,#7908,#7909);
#7907 = CARTESIAN_POINT('',(5.366,1.715,7.85));
#7908 = DIRECTION('',(-1.,0.,0.));
#7909 = DIRECTION('',(0.,1.,0.));
#7910 = CYLINDRICAL_SURFACE('',#7911,7.25);
#7911 = AXIS2_PLACEMENT_3D('',#7912,#7913,#7914);
#7912 = CARTESIAN_POINT('',(1.92,1.715,7.85));
#7913 = DIRECTION('',(-1.,-0.,-0.));
#7914 = DIRECTION('',(0.,1.,0.));
#7915 = ADVANCED_FACE('',(#7916),#7936,.T.);
#7916 = FACE_BOUND('',#7917,.T.);
#7917 = EDGE_LOOP('',(#7918,#7927,#7934,#7935));
#7918 = ORIENTED_EDGE('',*,*,#7919,.T.);
#7919 = EDGE_CURVE('',#7920,#7920,#7922,.T.);
#7920 = VERTEX_POINT('',#7921);
#7921 = CARTESIAN_POINT('',(3.636363636364E-02,-5.602705292763E-33,-4.9)
  );
#7922 = CIRCLE('',#7923,3.636363636364E-02);
#7923 = AXIS2_PLACEMENT_3D('',#7924,#7925,#7926);
#7924 = CARTESIAN_POINT('',(-7.703719777549E-33,-6.162975822039E-33,-4.9
    ));
#7925 = DIRECTION('',(1.604941620323E-33,6.949431671893E-34,1.));
#7926 = DIRECTION('',(1.,1.54074395551E-32,-1.604941620323E-33));
#7927 = ORIENTED_EDGE('',*,*,#7928,.F.);
#7928 = EDGE_CURVE('',#7020,#7920,#7929,.T.);
#7929 = CIRCLE('',#7930,0.363636363636);
#7930 = AXIS2_PLACEMENT_3D('',#7931,#7932,#7933);
#7931 = CARTESIAN_POINT('',(3.636363636364E-02,-5.372972014353E-33,
    -4.536363636364));
#7932 = DIRECTION('',(-1.477567303947E-32,1.,-6.949431671893E-34));
#7933 = DIRECTION('',(1.,1.477567303947E-32,-1.604941620323E-33));
#7934 = ORIENTED_EDGE('',*,*,#7019,.F.);
#7935 = ORIENTED_EDGE('',*,*,#7928,.T.);
#7936 = SURFACE_OF_REVOLUTION('',#7937,#7945);
#7937 = B_SPLINE_CURVE_WITH_KNOTS('',6,(#7938,#7939,#7940,#7941,#7942,
    #7943,#7944),.UNSPECIFIED.,.F.,.F.,(7,7),(0.,1.570796326795),
  .PIECEWISE_BEZIER_KNOTS.);
#7938 = CARTESIAN_POINT('',(0.4,2.527066062506E-34,-4.536363636364));
#7939 = CARTESIAN_POINT('',(0.4,1.865481714414E-34,-4.631563413745));
#7940 = CARTESIAN_POINT('',(0.370099023265,-3.403021260326E-34,
    -4.726755091165));
#7941 = CARTESIAN_POINT('',(0.310250963506,-1.320432375243E-33,
    -4.810250963506));
#7942 = CARTESIAN_POINT('',(0.226755091166,-2.648480981622E-33,
    -4.870099023265));
#7943 = CARTESIAN_POINT('',(0.131563413745,-4.135920477099E-33,-4.9));
#7944 = CARTESIAN_POINT('',(3.636363636364E-02,-5.602705292763E-33,-4.9)
  );
#7945 = AXIS1_PLACEMENT('',#7946,#7947);
#7946 = CARTESIAN_POINT('',(-7.120104642886E-33,-5.910269215789E-33,
    -4.536363636364));
#7947 = DIRECTION('',(-1.604941620323E-33,-6.949431671893E-34,-1.));
#7948 = ADVANCED_FACE('',(#7949),#7969,.T.);
#7949 = FACE_BOUND('',#7950,.T.);
#7950 = EDGE_LOOP('',(#7951,#7960,#7967,#7968));
#7951 = ORIENTED_EDGE('',*,*,#7952,.T.);
#7952 = EDGE_CURVE('',#7953,#7953,#7955,.T.);
#7953 = VERTEX_POINT('',#7954);
#7954 = CARTESIAN_POINT('',(3.636363636364E-02,-14.99,-4.9));
#7955 = CIRCLE('',#7956,3.636363636364E-02);
#7956 = AXIS2_PLACEMENT_3D('',#7957,#7958,#7959);
#7957 = CARTESIAN_POINT('',(0.,-14.99,-4.9));
#7958 = DIRECTION('',(-3.079024946026E-48,6.419766481291E-33,1.));
#7959 = DIRECTION('',(1.,5.836151346628E-33,3.079024946026E-48));
#7960 = ORIENTED_EDGE('',*,*,#7961,.F.);
#7961 = EDGE_CURVE('',#7045,#7953,#7962,.T.);
#7962 = CIRCLE('',#7963,0.363636363636);
#7963 = AXIS2_PLACEMENT_3D('',#7964,#7965,#7966);
#7964 = CARTESIAN_POINT('',(3.636363636364E-02,-14.99,-4.536363636364));
#7965 = DIRECTION('',(-5.836151346628E-33,1.,-6.419766481291E-33));
#7966 = DIRECTION('',(1.,5.836151346628E-33,3.079024946026E-48));
#7967 = ORIENTED_EDGE('',*,*,#7044,.F.);
#7968 = ORIENTED_EDGE('',*,*,#7961,.T.);
#7969 = SURFACE_OF_REVOLUTION('',#7970,#7978);
#7970 = B_SPLINE_CURVE_WITH_KNOTS('',6,(#7971,#7972,#7973,#7974,#7975,
    #7976,#7977),.UNSPECIFIED.,.F.,.F.,(7,7),(0.,1.570796326795),
  .PIECEWISE_BEZIER_KNOTS.);
#7971 = CARTESIAN_POINT('',(0.4,-14.99,-4.536363636364));
#7972 = CARTESIAN_POINT('',(0.4,-14.99,-4.631563413745));
#7973 = CARTESIAN_POINT('',(0.370099023265,-14.99,-4.726755091165));
#7974 = CARTESIAN_POINT('',(0.310250963506,-14.99,-4.810250963506));
#7975 = CARTESIAN_POINT('',(0.226755091166,-14.99,-4.870099023265));
#7976 = CARTESIAN_POINT('',(0.131563413745,-14.99,-4.9));
#7977 = CARTESIAN_POINT('',(3.636363636364E-02,-14.99,-4.9));
#7978 = AXIS1_PLACEMENT('',#7979,#7980);
#7979 = CARTESIAN_POINT('',(-1.119645434919E-48,-14.99,-4.536363636364)
  );
#7980 = DIRECTION('',(3.079024946026E-48,-6.419766481291E-33,-1.));
#7981 = ADVANCED_FACE('',(#7982,#8021),#8024,.F.);
#7982 = FACE_BOUND('',#7983,.F.);
#7983 = EDGE_LOOP('',(#7984,#7985,#7993,#8002,#8008,#8009,#8010,#8011,
    #8012,#8013,#8014,#8020));
#7984 = ORIENTED_EDGE('',*,*,#7378,.T.);
#7985 = ORIENTED_EDGE('',*,*,#7986,.F.);
#7986 = EDGE_CURVE('',#7987,#7379,#7989,.T.);
#7987 = VERTEX_POINT('',#7988);
#7988 = CARTESIAN_POINT('',(-0.535,-3.87,1.271315822563));
#7989 = LINE('',#7990,#7991);
#7990 = CARTESIAN_POINT('',(-0.585,-3.87,1.271315822563));
#7991 = VECTOR('',#7992,1.);
#7992 = DIRECTION('',(-1.,-0.,-0.));
#7993 = ORIENTED_EDGE('',*,*,#7994,.F.);
#7994 = EDGE_CURVE('',#7995,#7987,#7997,.T.);
#7995 = VERTEX_POINT('',#7996);
#7996 = CARTESIAN_POINT('',(-0.535,3.38,1.271315822563));
#7997 = CIRCLE('',#7998,7.25);
#7998 = AXIS2_PLACEMENT_3D('',#7999,#8000,#8001);
#7999 = CARTESIAN_POINT('',(-0.535,-0.245,7.55));
#8000 = DIRECTION('',(-1.,0.,0.));
#8001 = DIRECTION('',(0.,1.,0.));
#8002 = ORIENTED_EDGE('',*,*,#8003,.T.);
#8003 = EDGE_CURVE('',#7995,#7404,#8004,.T.);
#8004 = LINE('',#8005,#8006);
#8005 = CARTESIAN_POINT('',(-0.585,3.38,1.271315822563));
#8006 = VECTOR('',#8007,1.);
#8007 = DIRECTION('',(-1.,-0.,-0.));
#8008 = ORIENTED_EDGE('',*,*,#7411,.T.);
#8009 = ORIENTED_EDGE('',*,*,#7420,.T.);
#8010 = ORIENTED_EDGE('',*,*,#7838,.F.);
#8011 = ORIENTED_EDGE('',*,*,#7637,.F.);
#8012 = ORIENTED_EDGE('',*,*,#7646,.F.);
#8013 = ORIENTED_EDGE('',*,*,#7721,.F.);
#8014 = ORIENTED_EDGE('',*,*,#8015,.T.);
#8015 = EDGE_CURVE('',#7722,#7453,#8016,.T.);
#8016 = LINE('',#8017,#8018);
#8017 = CARTESIAN_POINT('',(-0.585,-7.488790444236,7.85));
#8018 = VECTOR('',#8019,1.);
#8019 = DIRECTION('',(-1.,-0.,-0.));
#8020 = ORIENTED_EDGE('',*,*,#7452,.T.);
#8021 = FACE_BOUND('',#8022,.F.);
#8022 = EDGE_LOOP('',(#8023));
#8023 = ORIENTED_EDGE('',*,*,#7077,.T.);
#8024 = CYLINDRICAL_SURFACE('',#8025,7.25);
#8025 = AXIS2_PLACEMENT_3D('',#8026,#8027,#8028);
#8026 = CARTESIAN_POINT('',(-0.585,-0.245,7.55));
#8027 = DIRECTION('',(-1.,-0.,-0.));
#8028 = DIRECTION('',(0.,1.,0.));
#8029 = ADVANCED_FACE('',(#8030),#8048,.F.);
#8030 = FACE_BOUND('',#8031,.F.);
#8031 = EDGE_LOOP('',(#8032,#8033,#8041,#8047));
#8032 = ORIENTED_EDGE('',*,*,#8003,.F.);
#8033 = ORIENTED_EDGE('',*,*,#8034,.T.);
#8034 = EDGE_CURVE('',#7995,#8035,#8037,.T.);
#8035 = VERTEX_POINT('',#8036);
#8036 = CARTESIAN_POINT('',(-0.535,3.38,12.1));
#8037 = LINE('',#8038,#8039);
#8038 = CARTESIAN_POINT('',(-0.535,3.38,0.1));
#8039 = VECTOR('',#8040,1.);
#8040 = DIRECTION('',(0.,0.,1.));
#8041 = ORIENTED_EDGE('',*,*,#8042,.T.);
#8042 = EDGE_CURVE('',#8035,#7396,#8043,.T.);
#8043 = LINE('',#8044,#8045);
#8044 = CARTESIAN_POINT('',(-0.535,3.38,12.1));
#8045 = VECTOR('',#8046,1.);
#8046 = DIRECTION('',(-1.,0.,0.));
#8047 = ORIENTED_EDGE('',*,*,#7403,.T.);
#8048 = PLANE('',#8049);
#8049 = AXIS2_PLACEMENT_3D('',#8050,#8051,#8052);
#8050 = CARTESIAN_POINT('',(-0.535,3.38,0.1));
#8051 = DIRECTION('',(0.,-1.,0.));
#8052 = DIRECTION('',(-1.,0.,0.));
#8053 = ADVANCED_FACE('',(#8054),#8072,.T.);
#8054 = FACE_BOUND('',#8055,.T.);
#8055 = EDGE_LOOP('',(#8056,#8057,#8065,#8071));
#8056 = ORIENTED_EDGE('',*,*,#7395,.T.);
#8057 = ORIENTED_EDGE('',*,*,#8058,.T.);
#8058 = EDGE_CURVE('',#7388,#8059,#8061,.T.);
#8059 = VERTEX_POINT('',#8060);
#8060 = CARTESIAN_POINT('',(-0.535,-3.87,12.1));
#8061 = LINE('',#8062,#8063);
#8062 = CARTESIAN_POINT('',(-0.635,-3.87,12.1));
#8063 = VECTOR('',#8064,1.);
#8064 = DIRECTION('',(1.,0.,0.));
#8065 = ORIENTED_EDGE('',*,*,#8066,.T.);
#8066 = EDGE_CURVE('',#8059,#8035,#8067,.T.);
#8067 = LINE('',#8068,#8069);
#8068 = CARTESIAN_POINT('',(-0.535,-3.87,12.1));
#8069 = VECTOR('',#8070,1.);
#8070 = DIRECTION('',(0.,1.,0.));
#8071 = ORIENTED_EDGE('',*,*,#8042,.T.);
#8072 = PLANE('',#8073);
#8073 = AXIS2_PLACEMENT_3D('',#8074,#8075,#8076);
#8074 = CARTESIAN_POINT('',(-0.585,-0.245,12.1));
#8075 = DIRECTION('',(0.,0.,1.));
#8076 = DIRECTION('',(1.,0.,-0.));
#8077 = ADVANCED_FACE('',(#8078),#8089,.F.);
#8078 = FACE_BOUND('',#8079,.F.);
#8079 = EDGE_LOOP('',(#8080,#8081,#8082,#8088));
#8080 = ORIENTED_EDGE('',*,*,#7387,.T.);
#8081 = ORIENTED_EDGE('',*,*,#8058,.T.);
#8082 = ORIENTED_EDGE('',*,*,#8083,.F.);
#8083 = EDGE_CURVE('',#7987,#8059,#8084,.T.);
#8084 = LINE('',#8085,#8086);
#8085 = CARTESIAN_POINT('',(-0.535,-3.87,0.1));
#8086 = VECTOR('',#8087,1.);
#8087 = DIRECTION('',(0.,0.,1.));
#8088 = ORIENTED_EDGE('',*,*,#7986,.T.);
#8089 = PLANE('',#8090);
#8090 = AXIS2_PLACEMENT_3D('',#8091,#8092,#8093);
#8091 = CARTESIAN_POINT('',(-0.635,-3.87,0.1));
#8092 = DIRECTION('',(0.,1.,0.));
#8093 = DIRECTION('',(1.,0.,0.));
#8094 = ADVANCED_FACE('',(#8095,#8098),#8109,.F.);
#8095 = FACE_BOUND('',#8096,.F.);
#8096 = EDGE_LOOP('',(#8097));
#8097 = ORIENTED_EDGE('',*,*,#7441,.T.);
#8098 = FACE_BOUND('',#8099,.F.);
#8099 = EDGE_LOOP('',(#8100));
#8100 = ORIENTED_EDGE('',*,*,#8101,.T.);
#8101 = EDGE_CURVE('',#8102,#8102,#8104,.T.);
#8102 = VERTEX_POINT('',#8103);
#8103 = CARTESIAN_POINT('',(-0.585,-14.745,12.183333333333));
#8104 = CIRCLE('',#8105,4.833333333333);
#8105 = AXIS2_PLACEMENT_3D('',#8106,#8107,#8108);
#8106 = CARTESIAN_POINT('',(-0.585,-14.745,7.35));
#8107 = DIRECTION('',(1.,0.,-0.));
#8108 = DIRECTION('',(0.,0.,1.));
#8109 = PLANE('',#8110);
#8110 = AXIS2_PLACEMENT_3D('',#8111,#8112,#8113);
#8111 = CARTESIAN_POINT('',(-0.585,-14.745,7.35));
#8112 = DIRECTION('',(-1.,-0.,-0.));
#8113 = DIRECTION('',(0.,0.,-1.));
#8114 = ADVANCED_FACE('',(#8115),#8121,.T.);
#8115 = FACE_BOUND('',#8116,.T.);
#8116 = EDGE_LOOP('',(#8117,#8118,#8119,#8120));
#8117 = ORIENTED_EDGE('',*,*,#7771,.F.);
#8118 = ORIENTED_EDGE('',*,*,#7730,.T.);
#8119 = ORIENTED_EDGE('',*,*,#8015,.T.);
#8120 = ORIENTED_EDGE('',*,*,#7472,.F.);
#8121 = PLANE('',#8122);
#8122 = AXIS2_PLACEMENT_3D('',#8123,#8124,#8125);
#8123 = CARTESIAN_POINT('',(27.17,0.254809436313,7.85));
#8124 = DIRECTION('',(2.367483571237E-33,9.544747174636E-32,1.));
#8125 = DIRECTION('',(0.,1.,-9.544747174636E-32));
#8126 = ADVANCED_FACE('',(#8127),#8145,.F.);
#8127 = FACE_BOUND('',#8128,.F.);
#8128 = EDGE_LOOP('',(#8129,#8130,#8138,#8144));
#8129 = ORIENTED_EDGE('',*,*,#7761,.T.);
#8130 = ORIENTED_EDGE('',*,*,#8131,.T.);
#8131 = EDGE_CURVE('',#7753,#8132,#8134,.T.);
#8132 = VERTEX_POINT('',#8133);
#8133 = CARTESIAN_POINT('',(54.875,-18.37,12.1));
#8134 = LINE('',#8135,#8136);
#8135 = CARTESIAN_POINT('',(54.875,-18.37,0.1));
#8136 = VECTOR('',#8137,1.);
#8137 = DIRECTION('',(0.,0.,1.));
#8138 = ORIENTED_EDGE('',*,*,#8139,.T.);
#8139 = EDGE_CURVE('',#8132,#7673,#8140,.T.);
#8140 = LINE('',#8141,#8142);
#8141 = CARTESIAN_POINT('',(54.875,-18.37,12.1));
#8142 = VECTOR('',#8143,1.);
#8143 = DIRECTION('',(1.,0.,0.));
#8144 = ORIENTED_EDGE('',*,*,#7680,.T.);
#8145 = PLANE('',#8146);
#8146 = AXIS2_PLACEMENT_3D('',#8147,#8148,#8149);
#8147 = CARTESIAN_POINT('',(54.875,-18.37,0.1));
#8148 = DIRECTION('',(0.,1.,0.));
#8149 = DIRECTION('',(1.,0.,0.));
#8150 = ADVANCED_FACE('',(#8151),#8169,.T.);
#8151 = FACE_BOUND('',#8152,.T.);
#8152 = EDGE_LOOP('',(#8153,#8161,#8162,#8163));
#8153 = ORIENTED_EDGE('',*,*,#8154,.T.);
#8154 = EDGE_CURVE('',#8155,#8132,#8157,.T.);
#8155 = VERTEX_POINT('',#8156);
#8156 = CARTESIAN_POINT('',(54.875,-11.12,12.1));
#8157 = LINE('',#8158,#8159);
#8158 = CARTESIAN_POINT('',(54.875,-11.12,12.1));
#8159 = VECTOR('',#8160,1.);
#8160 = DIRECTION('',(0.,-1.,0.));
#8161 = ORIENTED_EDGE('',*,*,#8139,.T.);
#8162 = ORIENTED_EDGE('',*,*,#7672,.T.);
#8163 = ORIENTED_EDGE('',*,*,#8164,.T.);
#8164 = EDGE_CURVE('',#7665,#8155,#8165,.T.);
#8165 = LINE('',#8166,#8167);
#8166 = CARTESIAN_POINT('',(54.975,-11.12,12.1));
#8167 = VECTOR('',#8168,1.);
#8168 = DIRECTION('',(-1.,0.,0.));
#8169 = PLANE('',#8170);
#8170 = AXIS2_PLACEMENT_3D('',#8171,#8172,#8173);
#8171 = CARTESIAN_POINT('',(54.925,-14.745,12.1));
#8172 = DIRECTION('',(0.,0.,1.));
#8173 = DIRECTION('',(1.,0.,-0.));
#8174 = ADVANCED_FACE('',(#8175),#8186,.F.);
#8175 = FACE_BOUND('',#8176,.F.);
#8176 = EDGE_LOOP('',(#8177,#8178,#8179,#8185));
#8177 = ORIENTED_EDGE('',*,*,#7664,.T.);
#8178 = ORIENTED_EDGE('',*,*,#8164,.T.);
#8179 = ORIENTED_EDGE('',*,*,#8180,.F.);
#8180 = EDGE_CURVE('',#7745,#8155,#8181,.T.);
#8181 = LINE('',#8182,#8183);
#8182 = CARTESIAN_POINT('',(54.875,-11.12,0.1));
#8183 = VECTOR('',#8184,1.);
#8184 = DIRECTION('',(0.,0.,1.));
#8185 = ORIENTED_EDGE('',*,*,#7744,.F.);
#8186 = PLANE('',#8187);
#8187 = AXIS2_PLACEMENT_3D('',#8188,#8189,#8190);
#8188 = CARTESIAN_POINT('',(54.975,-11.12,0.1));
#8189 = DIRECTION('',(0.,-1.,0.));
#8190 = DIRECTION('',(-1.,0.,0.));
#8191 = ADVANCED_FACE('',(#8192,#8195),#8206,.T.);
#8192 = FACE_BOUND('',#8193,.T.);
#8193 = EDGE_LOOP('',(#8194));
#8194 = ORIENTED_EDGE('',*,*,#7699,.T.);
#8195 = FACE_BOUND('',#8196,.T.);
#8196 = EDGE_LOOP('',(#8197));
#8197 = ORIENTED_EDGE('',*,*,#8198,.F.);
#8198 = EDGE_CURVE('',#8199,#8199,#8201,.T.);
#8199 = VERTEX_POINT('',#8200);
#8200 = CARTESIAN_POINT('',(54.925,-0.245,12.183333333333));
#8201 = CIRCLE('',#8202,4.833333333333);
#8202 = AXIS2_PLACEMENT_3D('',#8203,#8204,#8205);
#8203 = CARTESIAN_POINT('',(54.925,-0.245,7.35));
#8204 = DIRECTION('',(-1.,0.,0.));
#8205 = DIRECTION('',(0.,0.,1.));
#8206 = PLANE('',#8207);
#8207 = AXIS2_PLACEMENT_3D('',#8208,#8209,#8210);
#8208 = CARTESIAN_POINT('',(54.925,-0.245,7.35));
#8209 = DIRECTION('',(-1.,-0.,-0.));
#8210 = DIRECTION('',(0.,0.,-1.));
#8211 = ADVANCED_FACE('',(#8212),#8218,.F.);
#8212 = FACE_BOUND('',#8213,.F.);
#8213 = EDGE_LOOP('',(#8214,#8215,#8216,#8217));
#8214 = ORIENTED_EDGE('',*,*,#7752,.F.);
#8215 = ORIENTED_EDGE('',*,*,#8180,.T.);
#8216 = ORIENTED_EDGE('',*,*,#8154,.T.);
#8217 = ORIENTED_EDGE('',*,*,#8131,.F.);
#8218 = PLANE('',#8219);
#8219 = AXIS2_PLACEMENT_3D('',#8220,#8221,#8222);
#8220 = CARTESIAN_POINT('',(54.875,-11.12,0.1));
#8221 = DIRECTION('',(1.,0.,0.));
#8222 = DIRECTION('',(0.,-1.,0.));
#8223 = ADVANCED_FACE('',(#8224),#8234,.T.);
#8224 = FACE_BOUND('',#8225,.T.);
#8225 = EDGE_LOOP('',(#8226,#8227,#8228));
#8226 = ORIENTED_EDGE('',*,*,#7791,.F.);
#8227 = ORIENTED_EDGE('',*,*,#7871,.F.);
#8228 = ORIENTED_EDGE('',*,*,#8229,.F.);
#8229 = EDGE_CURVE('',#7792,#7864,#8230,.T.);
#8230 = LINE('',#8231,#8232);
#8231 = CARTESIAN_POINT('',(48.974,7.005,7.85));
#8232 = VECTOR('',#8233,1.);
#8233 = DIRECTION('',(0.,0.,1.));
#8234 = PLANE('',#8235);
#8235 = AXIS2_PLACEMENT_3D('',#8236,#8237,#8238);
#8236 = CARTESIAN_POINT('',(48.974,91.265,7.85));
#8237 = DIRECTION('',(1.,0.,0.));
#8238 = DIRECTION('',(0.,-1.,0.));
#8239 = ADVANCED_FACE('',(#8240),#8251,.T.);
#8240 = FACE_BOUND('',#8241,.T.);
#8241 = EDGE_LOOP('',(#8242,#8243,#8244,#8245));
#8242 = ORIENTED_EDGE('',*,*,#7799,.F.);
#8243 = ORIENTED_EDGE('',*,*,#8229,.T.);
#8244 = ORIENTED_EDGE('',*,*,#7863,.T.);
#8245 = ORIENTED_EDGE('',*,*,#8246,.T.);
#8246 = EDGE_CURVE('',#7855,#7800,#8247,.T.);
#8247 = LINE('',#8248,#8249);
#8248 = CARTESIAN_POINT('',(42.0475,7.005,7.85));
#8249 = VECTOR('',#8250,1.);
#8250 = DIRECTION('',(-0.,-0.,-1.));
#8251 = PLANE('',#8252);
#8252 = AXIS2_PLACEMENT_3D('',#8253,#8254,#8255);
#8253 = CARTESIAN_POINT('',(54.925,7.005,7.85));
#8254 = DIRECTION('',(0.,-1.,0.));
#8255 = DIRECTION('',(-1.,0.,0.));
#8256 = ADVANCED_FACE('',(#8257),#8262,.T.);
#8257 = FACE_BOUND('',#8258,.T.);
#8258 = EDGE_LOOP('',(#8259,#8260,#8261));
#8259 = ORIENTED_EDGE('',*,*,#7854,.T.);
#8260 = ORIENTED_EDGE('',*,*,#7807,.F.);
#8261 = ORIENTED_EDGE('',*,*,#8246,.F.);
#8262 = PLANE('',#8263);
#8263 = AXIS2_PLACEMENT_3D('',#8264,#8265,#8266);
#8264 = CARTESIAN_POINT('',(42.0475,-73.335,7.85));
#8265 = DIRECTION('',(-1.,0.,0.));
#8266 = DIRECTION('',(0.,1.,0.));
#8267 = ADVANCED_FACE('',(#8268),#8278,.T.);
#8268 = FACE_BOUND('',#8269,.T.);
#8269 = EDGE_LOOP('',(#8270,#8271,#8272));
#8270 = ORIENTED_EDGE('',*,*,#7814,.F.);
#8271 = ORIENTED_EDGE('',*,*,#7896,.F.);
#8272 = ORIENTED_EDGE('',*,*,#8273,.F.);
#8273 = EDGE_CURVE('',#7815,#7887,#8274,.T.);
#8274 = LINE('',#8275,#8276);
#8275 = CARTESIAN_POINT('',(12.2925,7.005,7.85));
#8276 = VECTOR('',#8277,1.);
#8277 = DIRECTION('',(0.,0.,1.));
#8278 = PLANE('',#8279);
#8279 = AXIS2_PLACEMENT_3D('',#8280,#8281,#8282);
#8280 = CARTESIAN_POINT('',(12.2925,58.345,7.85));
#8281 = DIRECTION('',(1.,0.,0.));
#8282 = DIRECTION('',(0.,-1.,0.));
#8283 = ADVANCED_FACE('',(#8284),#8295,.T.);
#8284 = FACE_BOUND('',#8285,.T.);
#8285 = EDGE_LOOP('',(#8286,#8287,#8288,#8289));
#8286 = ORIENTED_EDGE('',*,*,#7822,.F.);
#8287 = ORIENTED_EDGE('',*,*,#8273,.T.);
#8288 = ORIENTED_EDGE('',*,*,#7886,.T.);
#8289 = ORIENTED_EDGE('',*,*,#8290,.T.);
#8290 = EDGE_CURVE('',#7889,#7823,#8291,.T.);
#8291 = LINE('',#8292,#8293);
#8292 = CARTESIAN_POINT('',(5.366,7.005,7.85));
#8293 = VECTOR('',#8294,1.);
#8294 = DIRECTION('',(-0.,-0.,-1.));
#8295 = PLANE('',#8296);
#8296 = AXIS2_PLACEMENT_3D('',#8297,#8298,#8299);
#8297 = CARTESIAN_POINT('',(54.925,7.005,7.85));
#8298 = DIRECTION('',(0.,-1.,0.));
#8299 = DIRECTION('',(-1.,0.,0.));
#8300 = ADVANCED_FACE('',(#8301),#8306,.T.);
#8301 = FACE_BOUND('',#8302,.T.);
#8302 = EDGE_LOOP('',(#8303,#8304,#8305));
#8303 = ORIENTED_EDGE('',*,*,#7904,.T.);
#8304 = ORIENTED_EDGE('',*,*,#7830,.F.);
#8305 = ORIENTED_EDGE('',*,*,#8290,.F.);
#8306 = PLANE('',#8307);
#8307 = AXIS2_PLACEMENT_3D('',#8308,#8309,#8310);
#8308 = CARTESIAN_POINT('',(5.366,-40.415,7.85));
#8309 = DIRECTION('',(-1.,0.,0.));
#8310 = DIRECTION('',(0.,1.,0.));
#8311 = ADVANCED_FACE('',(#8312),#8315,.F.);
#8312 = FACE_BOUND('',#8313,.F.);
#8313 = EDGE_LOOP('',(#8314));
#8314 = ORIENTED_EDGE('',*,*,#7919,.T.);
#8315 = PLANE('',#8316);
#8316 = AXIS2_PLACEMENT_3D('',#8317,#8318,#8319);
#8317 = CARTESIAN_POINT('',(-1.335390754433E-17,3.708700618869E-17,-4.9)
  );
#8318 = DIRECTION('',(1.604941620323E-33,6.949431671893E-34,1.));
#8319 = DIRECTION('',(1.,0.,-1.604941620323E-33));
#8320 = ADVANCED_FACE('',(#8321),#8324,.F.);
#8321 = FACE_BOUND('',#8322,.F.);
#8322 = EDGE_LOOP('',(#8323));
#8323 = ORIENTED_EDGE('',*,*,#7952,.T.);
#8324 = PLANE('',#8325);
#8325 = AXIS2_PLACEMENT_3D('',#8326,#8327,#8328);
#8326 = CARTESIAN_POINT('',(-1.335390754433E-17,-14.99,-4.9));
#8327 = DIRECTION('',(-3.079024946026E-48,6.419766481291E-33,1.));
#8328 = DIRECTION('',(0.,1.,-6.419766481291E-33));
#8329 = ADVANCED_FACE('',(#8330),#8336,.F.);
#8330 = FACE_BOUND('',#8331,.F.);
#8331 = EDGE_LOOP('',(#8332,#8333,#8334,#8335));
#8332 = ORIENTED_EDGE('',*,*,#7994,.T.);
#8333 = ORIENTED_EDGE('',*,*,#8083,.T.);
#8334 = ORIENTED_EDGE('',*,*,#8066,.T.);
#8335 = ORIENTED_EDGE('',*,*,#8034,.F.);
#8336 = PLANE('',#8337);
#8337 = AXIS2_PLACEMENT_3D('',#8338,#8339,#8340);
#8338 = CARTESIAN_POINT('',(-0.535,-3.87,0.1));
#8339 = DIRECTION('',(-1.,0.,0.));
#8340 = DIRECTION('',(0.,1.,0.));
#8341 = ADVANCED_FACE('',(#8342),#8345,.T.);
#8342 = FACE_BOUND('',#8343,.T.);
#8343 = EDGE_LOOP('',(#8344));
#8344 = ORIENTED_EDGE('',*,*,#8101,.T.);
#8345 = PLANE('',#8346);
#8346 = AXIS2_PLACEMENT_3D('',#8347,#8348,#8349);
#8347 = CARTESIAN_POINT('',(-0.585,-7.488333740168,8.33117730074));
#8348 = DIRECTION('',(1.,1.832395847155E-20,-1.182409036304E-16));
#8349 = DIRECTION('',(1.182409036304E-16,0.,1.));
#8350 = ADVANCED_FACE('',(#8351),#8354,.T.);
#8351 = FACE_BOUND('',#8352,.T.);
#8352 = EDGE_LOOP('',(#8353));
#8353 = ORIENTED_EDGE('',*,*,#8198,.T.);
#8354 = PLANE('',#8355);
#8355 = AXIS2_PLACEMENT_3D('',#8356,#8357,#8358);
#8356 = CARTESIAN_POINT('',(54.925,-7.488333740168,8.33117730074));
#8357 = DIRECTION('',(-1.,-9.539655046488E-21,-2.39899916392E-18));
#8358 = DIRECTION('',(2.39899916392E-18,0.,-1.));
#8359 = MANIFOLD_SOLID_BREP('',#8360);
#8360 = CLOSED_SHELL('',(#8361,#8394,#8403));
#8361 = ADVANCED_FACE('',(#8362),#8389,.T.);
#8362 = FACE_BOUND('',#8363,.T.);
#8363 = EDGE_LOOP('',(#8364,#8374,#8381,#8382));
#8364 = ORIENTED_EDGE('',*,*,#8365,.T.);
#8365 = EDGE_CURVE('',#8366,#8368,#8370,.T.);
#8366 = VERTEX_POINT('',#8367);
#8367 = CARTESIAN_POINT('',(27.05,-7.495,1.E-02));
#8368 = VERTEX_POINT('',#8369);
#8369 = CARTESIAN_POINT('',(27.04,-7.495,1.E-02));
#8370 = LINE('',#8371,#8372);
#8371 = CARTESIAN_POINT('',(27.05,-7.495,1.E-02));
#8372 = VECTOR('',#8373,1.);
#8373 = DIRECTION('',(-1.,0.,0.));
#8374 = ORIENTED_EDGE('',*,*,#8375,.F.);
#8375 = EDGE_CURVE('',#8368,#8368,#8376,.T.);
#8376 = CIRCLE('',#8377,1.E-02);
#8377 = AXIS2_PLACEMENT_3D('',#8378,#8379,#8380);
#8378 = CARTESIAN_POINT('',(27.04,-7.495,0.));
#8379 = DIRECTION('',(-1.,0.,0.));
#8380 = DIRECTION('',(0.,0.,1.));
#8381 = ORIENTED_EDGE('',*,*,#8365,.F.);
#8382 = ORIENTED_EDGE('',*,*,#8383,.T.);
#8383 = EDGE_CURVE('',#8366,#8366,#8384,.T.);
#8384 = CIRCLE('',#8385,1.E-02);
#8385 = AXIS2_PLACEMENT_3D('',#8386,#8387,#8388);
#8386 = CARTESIAN_POINT('',(27.05,-7.495,0.));
#8387 = DIRECTION('',(-1.,0.,0.));
#8388 = DIRECTION('',(0.,0.,1.));
#8389 = CYLINDRICAL_SURFACE('',#8390,1.E-02);
#8390 = AXIS2_PLACEMENT_3D('',#8391,#8392,#8393);
#8391 = CARTESIAN_POINT('',(27.05,-7.495,0.));
#8392 = DIRECTION('',(1.,0.,0.));
#8393 = DIRECTION('',(0.,0.,1.));
#8394 = ADVANCED_FACE('',(#8395),#8398,.F.);
#8395 = FACE_BOUND('',#8396,.F.);
#8396 = EDGE_LOOP('',(#8397));
#8397 = ORIENTED_EDGE('',*,*,#8383,.T.);
#8398 = PLANE('',#8399);
#8399 = AXIS2_PLACEMENT_3D('',#8400,#8401,#8402);
#8400 = CARTESIAN_POINT('',(27.05,-7.495,-7.824555201756E-19));
#8401 = DIRECTION('',(-1.,1.781421891824E-32,-4.105366594702E-48));
#8402 = DIRECTION('',(-1.781421891824E-32,-1.,0.));
#8403 = ADVANCED_FACE('',(#8404),#8407,.T.);
#8404 = FACE_BOUND('',#8405,.T.);
#8405 = EDGE_LOOP('',(#8406));
#8406 = ORIENTED_EDGE('',*,*,#8375,.T.);
#8407 = PLANE('',#8408);
#8408 = AXIS2_PLACEMENT_3D('',#8409,#8410,#8411);
#8409 = CARTESIAN_POINT('',(27.04,-7.495,-7.824555201756E-19));
#8410 = DIRECTION('',(-1.,1.781421891824E-32,-4.105366594702E-48));
#8411 = DIRECTION('',(-1.781421891824E-32,-1.,0.));
#8412 = MANIFOLD_SOLID_BREP('',#8413);
#8413 = CLOSED_SHELL('',(#8414,#8447,#8467,#8487));
#8414 = ADVANCED_FACE('',(#8415),#8442,.T.);
#8415 = FACE_BOUND('',#8416,.T.);
#8416 = EDGE_LOOP('',(#8417,#8426,#8434,#8441));
#8417 = ORIENTED_EDGE('',*,*,#8418,.T.);
#8418 = EDGE_CURVE('',#8419,#8419,#8421,.T.);
#8419 = VERTEX_POINT('',#8420);
#8420 = CARTESIAN_POINT('',(1.415,-14.745,9.283333333333));
#8421 = CIRCLE('',#8422,1.933333333333);
#8422 = AXIS2_PLACEMENT_3D('',#8423,#8424,#8425);
#8423 = CARTESIAN_POINT('',(1.415,-14.745,7.35));
#8424 = DIRECTION('',(-1.,0.,0.));
#8425 = DIRECTION('',(0.,0.,1.));
#8426 = ORIENTED_EDGE('',*,*,#8427,.T.);
#8427 = EDGE_CURVE('',#8419,#8428,#8430,.T.);
#8428 = VERTEX_POINT('',#8429);
#8429 = CARTESIAN_POINT('',(1.165,-14.745,9.283333333333));
#8430 = LINE('',#8431,#8432);
#8431 = CARTESIAN_POINT('',(1.415,-14.745,9.283333333333));
#8432 = VECTOR('',#8433,1.);
#8433 = DIRECTION('',(-1.,0.,0.));
#8434 = ORIENTED_EDGE('',*,*,#8435,.F.);
#8435 = EDGE_CURVE('',#8428,#8428,#8436,.T.);
#8436 = CIRCLE('',#8437,1.933333333333);
#8437 = AXIS2_PLACEMENT_3D('',#8438,#8439,#8440);
#8438 = CARTESIAN_POINT('',(1.165,-14.745,7.35));
#8439 = DIRECTION('',(-1.,0.,0.));
#8440 = DIRECTION('',(0.,0.,1.));
#8441 = ORIENTED_EDGE('',*,*,#8427,.F.);
#8442 = CYLINDRICAL_SURFACE('',#8443,1.933333333333);
#8443 = AXIS2_PLACEMENT_3D('',#8444,#8445,#8446);
#8444 = CARTESIAN_POINT('',(1.415,-14.745,7.35));
#8445 = DIRECTION('',(1.,0.,0.));
#8446 = DIRECTION('',(0.,0.,1.));
#8447 = ADVANCED_FACE('',(#8448,#8451),#8462,.F.);
#8448 = FACE_BOUND('',#8449,.F.);
#8449 = EDGE_LOOP('',(#8450));
#8450 = ORIENTED_EDGE('',*,*,#8418,.T.);
#8451 = FACE_BOUND('',#8452,.F.);
#8452 = EDGE_LOOP('',(#8453));
#8453 = ORIENTED_EDGE('',*,*,#8454,.T.);
#8454 = EDGE_CURVE('',#8455,#8455,#8457,.T.);
#8455 = VERTEX_POINT('',#8456);
#8456 = CARTESIAN_POINT('',(1.415,-14.745,8.316666666667));
#8457 = CIRCLE('',#8458,0.966666666667);
#8458 = AXIS2_PLACEMENT_3D('',#8459,#8460,#8461);
#8459 = CARTESIAN_POINT('',(1.415,-14.745,7.35));
#8460 = DIRECTION('',(1.,0.,-0.));
#8461 = DIRECTION('',(0.,0.,1.));
#8462 = PLANE('',#8463);
#8463 = AXIS2_PLACEMENT_3D('',#8464,#8465,#8466);
#8464 = CARTESIAN_POINT('',(1.415,-14.745,7.35));
#8465 = DIRECTION('',(-1.,-0.,-0.));
#8466 = DIRECTION('',(0.,0.,-1.));
#8467 = ADVANCED_FACE('',(#8468,#8471),#8482,.T.);
#8468 = FACE_BOUND('',#8469,.T.);
#8469 = EDGE_LOOP('',(#8470));
#8470 = ORIENTED_EDGE('',*,*,#8435,.T.);
#8471 = FACE_BOUND('',#8472,.T.);
#8472 = EDGE_LOOP('',(#8473));
#8473 = ORIENTED_EDGE('',*,*,#8474,.F.);
#8474 = EDGE_CURVE('',#8475,#8475,#8477,.T.);
#8475 = VERTEX_POINT('',#8476);
#8476 = CARTESIAN_POINT('',(1.165,-14.745,8.316666666667));
#8477 = CIRCLE('',#8478,0.966666666667);
#8478 = AXIS2_PLACEMENT_3D('',#8479,#8480,#8481);
#8479 = CARTESIAN_POINT('',(1.165,-14.745,7.35));
#8480 = DIRECTION('',(-1.,0.,0.));
#8481 = DIRECTION('',(0.,0.,1.));
#8482 = PLANE('',#8483);
#8483 = AXIS2_PLACEMENT_3D('',#8484,#8485,#8486);
#8484 = CARTESIAN_POINT('',(1.165,-14.745,7.35));
#8485 = DIRECTION('',(-1.,-0.,-0.));
#8486 = DIRECTION('',(0.,0.,-1.));
#8487 = ADVANCED_FACE('',(#8488),#8499,.F.);
#8488 = FACE_BOUND('',#8489,.F.);
#8489 = EDGE_LOOP('',(#8490,#8496,#8497,#8498));
#8490 = ORIENTED_EDGE('',*,*,#8491,.T.);
#8491 = EDGE_CURVE('',#8455,#8475,#8492,.T.);
#8492 = LINE('',#8493,#8494);
#8493 = CARTESIAN_POINT('',(1.615,-14.745,8.316666666667));
#8494 = VECTOR('',#8495,1.);
#8495 = DIRECTION('',(-1.,0.,0.));
#8496 = ORIENTED_EDGE('',*,*,#8474,.F.);
#8497 = ORIENTED_EDGE('',*,*,#8491,.F.);
#8498 = ORIENTED_EDGE('',*,*,#8454,.F.);
#8499 = CYLINDRICAL_SURFACE('',#8500,0.966666666667);
#8500 = AXIS2_PLACEMENT_3D('',#8501,#8502,#8503);
#8501 = CARTESIAN_POINT('',(1.615,-14.745,7.35));
#8502 = DIRECTION('',(1.,0.,0.));
#8503 = DIRECTION('',(0.,0.,1.));
#8504 = MANIFOLD_SOLID_BREP('',#8505);
#8505 = CLOSED_SHELL('',(#8506,#8539,#8559,#8579));
#8506 = ADVANCED_FACE('',(#8507),#8534,.T.);
#8507 = FACE_BOUND('',#8508,.T.);
#8508 = EDGE_LOOP('',(#8509,#8518,#8526,#8533));
#8509 = ORIENTED_EDGE('',*,*,#8510,.T.);
#8510 = EDGE_CURVE('',#8511,#8511,#8513,.T.);
#8511 = VERTEX_POINT('',#8512);
#8512 = CARTESIAN_POINT('',(0.915,-14.745,10.25));
#8513 = CIRCLE('',#8514,2.9);
#8514 = AXIS2_PLACEMENT_3D('',#8515,#8516,#8517);
#8515 = CARTESIAN_POINT('',(0.915,-14.745,7.35));
#8516 = DIRECTION('',(-1.,0.,0.));
#8517 = DIRECTION('',(0.,0.,1.));
#8518 = ORIENTED_EDGE('',*,*,#8519,.T.);
#8519 = EDGE_CURVE('',#8511,#8520,#8522,.T.);
#8520 = VERTEX_POINT('',#8521);
#8521 = CARTESIAN_POINT('',(0.665,-14.745,10.25));
#8522 = LINE('',#8523,#8524);
#8523 = CARTESIAN_POINT('',(0.915,-14.745,10.25));
#8524 = VECTOR('',#8525,1.);
#8525 = DIRECTION('',(-1.,0.,0.));
#8526 = ORIENTED_EDGE('',*,*,#8527,.F.);
#8527 = EDGE_CURVE('',#8520,#8520,#8528,.T.);
#8528 = CIRCLE('',#8529,2.9);
#8529 = AXIS2_PLACEMENT_3D('',#8530,#8531,#8532);
#8530 = CARTESIAN_POINT('',(0.665,-14.745,7.35));
#8531 = DIRECTION('',(-1.,0.,0.));
#8532 = DIRECTION('',(0.,0.,1.));
#8533 = ORIENTED_EDGE('',*,*,#8519,.F.);
#8534 = CYLINDRICAL_SURFACE('',#8535,2.9);
#8535 = AXIS2_PLACEMENT_3D('',#8536,#8537,#8538);
#8536 = CARTESIAN_POINT('',(0.915,-14.745,7.35));
#8537 = DIRECTION('',(1.,0.,0.));
#8538 = DIRECTION('',(0.,0.,1.));
#8539 = ADVANCED_FACE('',(#8540,#8543),#8554,.F.);
#8540 = FACE_BOUND('',#8541,.F.);
#8541 = EDGE_LOOP('',(#8542));
#8542 = ORIENTED_EDGE('',*,*,#8510,.T.);
#8543 = FACE_BOUND('',#8544,.F.);
#8544 = EDGE_LOOP('',(#8545));
#8545 = ORIENTED_EDGE('',*,*,#8546,.T.);
#8546 = EDGE_CURVE('',#8547,#8547,#8549,.T.);
#8547 = VERTEX_POINT('',#8548);
#8548 = CARTESIAN_POINT('',(0.915,-14.745,9.283333333333));
#8549 = CIRCLE('',#8550,1.933333333333);
#8550 = AXIS2_PLACEMENT_3D('',#8551,#8552,#8553);
#8551 = CARTESIAN_POINT('',(0.915,-14.745,7.35));
#8552 = DIRECTION('',(1.,0.,-0.));
#8553 = DIRECTION('',(0.,0.,1.));
#8554 = PLANE('',#8555);
#8555 = AXIS2_PLACEMENT_3D('',#8556,#8557,#8558);
#8556 = CARTESIAN_POINT('',(0.915,-14.745,7.35));
#8557 = DIRECTION('',(-1.,-2.501342545291E-31,-1.625872654439E-30));
#8558 = DIRECTION('',(1.625872654439E-30,0.,-1.));
#8559 = ADVANCED_FACE('',(#8560,#8563),#8574,.T.);
#8560 = FACE_BOUND('',#8561,.T.);
#8561 = EDGE_LOOP('',(#8562));
#8562 = ORIENTED_EDGE('',*,*,#8527,.T.);
#8563 = FACE_BOUND('',#8564,.T.);
#8564 = EDGE_LOOP('',(#8565));
#8565 = ORIENTED_EDGE('',*,*,#8566,.F.);
#8566 = EDGE_CURVE('',#8567,#8567,#8569,.T.);
#8567 = VERTEX_POINT('',#8568);
#8568 = CARTESIAN_POINT('',(0.665,-14.745,9.283333333333));
#8569 = CIRCLE('',#8570,1.933333333333);
#8570 = AXIS2_PLACEMENT_3D('',#8571,#8572,#8573);
#8571 = CARTESIAN_POINT('',(0.665,-14.745,7.35));
#8572 = DIRECTION('',(-1.,0.,0.));
#8573 = DIRECTION('',(0.,0.,1.));
#8574 = PLANE('',#8575);
#8575 = AXIS2_PLACEMENT_3D('',#8576,#8577,#8578);
#8576 = CARTESIAN_POINT('',(0.665,-14.745,7.35));
#8577 = DIRECTION('',(-1.,-2.501342545291E-31,-1.625872654439E-30));
#8578 = DIRECTION('',(1.625872654439E-30,0.,-1.));
#8579 = ADVANCED_FACE('',(#8580),#8591,.F.);
#8580 = FACE_BOUND('',#8581,.F.);
#8581 = EDGE_LOOP('',(#8582,#8588,#8589,#8590));
#8582 = ORIENTED_EDGE('',*,*,#8583,.T.);
#8583 = EDGE_CURVE('',#8547,#8567,#8584,.T.);
#8584 = LINE('',#8585,#8586);
#8585 = CARTESIAN_POINT('',(1.115,-14.745,9.283333333333));
#8586 = VECTOR('',#8587,1.);
#8587 = DIRECTION('',(-1.,0.,0.));
#8588 = ORIENTED_EDGE('',*,*,#8566,.F.);
#8589 = ORIENTED_EDGE('',*,*,#8583,.F.);
#8590 = ORIENTED_EDGE('',*,*,#8546,.F.);
#8591 = CYLINDRICAL_SURFACE('',#8592,1.933333333333);
#8592 = AXIS2_PLACEMENT_3D('',#8593,#8594,#8595);
#8593 = CARTESIAN_POINT('',(1.115,-14.745,7.35));
#8594 = DIRECTION('',(1.,0.,0.));
#8595 = DIRECTION('',(0.,0.,1.));
#8596 = MANIFOLD_SOLID_BREP('',#8597);
#8597 = CLOSED_SHELL('',(#8598,#8631,#8651,#8671));
#8598 = ADVANCED_FACE('',(#8599),#8626,.T.);
#8599 = FACE_BOUND('',#8600,.T.);
#8600 = EDGE_LOOP('',(#8601,#8610,#8618,#8625));
#8601 = ORIENTED_EDGE('',*,*,#8602,.T.);
#8602 = EDGE_CURVE('',#8603,#8603,#8605,.T.);
#8603 = VERTEX_POINT('',#8604);
#8604 = CARTESIAN_POINT('',(0.415,-14.745,11.216666666667));
#8605 = CIRCLE('',#8606,3.866666666667);
#8606 = AXIS2_PLACEMENT_3D('',#8607,#8608,#8609);
#8607 = CARTESIAN_POINT('',(0.415,-14.745,7.35));
#8608 = DIRECTION('',(-1.,0.,0.));
#8609 = DIRECTION('',(0.,0.,1.));
#8610 = ORIENTED_EDGE('',*,*,#8611,.T.);
#8611 = EDGE_CURVE('',#8603,#8612,#8614,.T.);
#8612 = VERTEX_POINT('',#8613);
#8613 = CARTESIAN_POINT('',(0.165,-14.745,11.216666666667));
#8614 = LINE('',#8615,#8616);
#8615 = CARTESIAN_POINT('',(0.415,-14.745,11.216666666667));
#8616 = VECTOR('',#8617,1.);
#8617 = DIRECTION('',(-1.,0.,0.));
#8618 = ORIENTED_EDGE('',*,*,#8619,.F.);
#8619 = EDGE_CURVE('',#8612,#8612,#8620,.T.);
#8620 = CIRCLE('',#8621,3.866666666667);
#8621 = AXIS2_PLACEMENT_3D('',#8622,#8623,#8624);
#8622 = CARTESIAN_POINT('',(0.165,-14.745,7.35));
#8623 = DIRECTION('',(-1.,0.,0.));
#8624 = DIRECTION('',(0.,0.,1.));
#8625 = ORIENTED_EDGE('',*,*,#8611,.F.);
#8626 = CYLINDRICAL_SURFACE('',#8627,3.866666666667);
#8627 = AXIS2_PLACEMENT_3D('',#8628,#8629,#8630);
#8628 = CARTESIAN_POINT('',(0.415,-14.745,7.35));
#8629 = DIRECTION('',(1.,0.,0.));
#8630 = DIRECTION('',(0.,0.,1.));
#8631 = ADVANCED_FACE('',(#8632,#8635),#8646,.F.);
#8632 = FACE_BOUND('',#8633,.F.);
#8633 = EDGE_LOOP('',(#8634));
#8634 = ORIENTED_EDGE('',*,*,#8602,.T.);
#8635 = FACE_BOUND('',#8636,.F.);
#8636 = EDGE_LOOP('',(#8637));
#8637 = ORIENTED_EDGE('',*,*,#8638,.T.);
#8638 = EDGE_CURVE('',#8639,#8639,#8641,.T.);
#8639 = VERTEX_POINT('',#8640);
#8640 = CARTESIAN_POINT('',(0.415,-14.745,10.25));
#8641 = CIRCLE('',#8642,2.9);
#8642 = AXIS2_PLACEMENT_3D('',#8643,#8644,#8645);
#8643 = CARTESIAN_POINT('',(0.415,-14.745,7.35));
#8644 = DIRECTION('',(1.,0.,-0.));
#8645 = DIRECTION('',(0.,0.,1.));
#8646 = PLANE('',#8647);
#8647 = AXIS2_PLACEMENT_3D('',#8648,#8649,#8650);
#8648 = CARTESIAN_POINT('',(0.415,-14.745,7.35));
#8649 = DIRECTION('',(-1.,7.738528499493E-31,-2.46225906802E-31));
#8650 = DIRECTION('',(-7.738528499493E-31,-1.,0.));
#8651 = ADVANCED_FACE('',(#8652,#8655),#8666,.T.);
#8652 = FACE_BOUND('',#8653,.T.);
#8653 = EDGE_LOOP('',(#8654));
#8654 = ORIENTED_EDGE('',*,*,#8619,.T.);
#8655 = FACE_BOUND('',#8656,.T.);
#8656 = EDGE_LOOP('',(#8657));
#8657 = ORIENTED_EDGE('',*,*,#8658,.F.);
#8658 = EDGE_CURVE('',#8659,#8659,#8661,.T.);
#8659 = VERTEX_POINT('',#8660);
#8660 = CARTESIAN_POINT('',(0.165,-14.745,10.25));
#8661 = CIRCLE('',#8662,2.9);
#8662 = AXIS2_PLACEMENT_3D('',#8663,#8664,#8665);
#8663 = CARTESIAN_POINT('',(0.165,-14.745,7.35));
#8664 = DIRECTION('',(-1.,0.,0.));
#8665 = DIRECTION('',(0.,0.,1.));
#8666 = PLANE('',#8667);
#8667 = AXIS2_PLACEMENT_3D('',#8668,#8669,#8670);
#8668 = CARTESIAN_POINT('',(0.165,-14.745,7.35));
#8669 = DIRECTION('',(-1.,7.738528499493E-31,-2.46225906802E-31));
#8670 = DIRECTION('',(-7.738528499493E-31,-1.,0.));
#8671 = ADVANCED_FACE('',(#8672),#8683,.F.);
#8672 = FACE_BOUND('',#8673,.F.);
#8673 = EDGE_LOOP('',(#8674,#8680,#8681,#8682));
#8674 = ORIENTED_EDGE('',*,*,#8675,.T.);
#8675 = EDGE_CURVE('',#8639,#8659,#8676,.T.);
#8676 = LINE('',#8677,#8678);
#8677 = CARTESIAN_POINT('',(0.615,-14.745,10.25));
#8678 = VECTOR('',#8679,1.);
#8679 = DIRECTION('',(-1.,0.,0.));
#8680 = ORIENTED_EDGE('',*,*,#8658,.F.);
#8681 = ORIENTED_EDGE('',*,*,#8675,.F.);
#8682 = ORIENTED_EDGE('',*,*,#8638,.F.);
#8683 = CYLINDRICAL_SURFACE('',#8684,2.9);
#8684 = AXIS2_PLACEMENT_3D('',#8685,#8686,#8687);
#8685 = CARTESIAN_POINT('',(0.615,-14.745,7.35));
#8686 = DIRECTION('',(1.,0.,0.));
#8687 = DIRECTION('',(0.,0.,1.));
#8688 = MANIFOLD_SOLID_BREP('',#8689);
#8689 = CLOSED_SHELL('',(#8690,#8723,#8743,#8763));
#8690 = ADVANCED_FACE('',(#8691),#8718,.T.);
#8691 = FACE_BOUND('',#8692,.T.);
#8692 = EDGE_LOOP('',(#8693,#8702,#8710,#8717));
#8693 = ORIENTED_EDGE('',*,*,#8694,.T.);
#8694 = EDGE_CURVE('',#8695,#8695,#8697,.T.);
#8695 = VERTEX_POINT('',#8696);
#8696 = CARTESIAN_POINT('',(-8.5E-02,-14.745,12.183333333333));
#8697 = CIRCLE('',#8698,4.833333333333);
#8698 = AXIS2_PLACEMENT_3D('',#8699,#8700,#8701);
#8699 = CARTESIAN_POINT('',(-8.5E-02,-14.745,7.35));
#8700 = DIRECTION('',(-1.,0.,0.));
#8701 = DIRECTION('',(0.,0.,1.));
#8702 = ORIENTED_EDGE('',*,*,#8703,.T.);
#8703 = EDGE_CURVE('',#8695,#8704,#8706,.T.);
#8704 = VERTEX_POINT('',#8705);
#8705 = CARTESIAN_POINT('',(-0.335,-14.745,12.183333333333));
#8706 = LINE('',#8707,#8708);
#8707 = CARTESIAN_POINT('',(-8.5E-02,-14.745,12.183333333333));
#8708 = VECTOR('',#8709,1.);
#8709 = DIRECTION('',(-1.,0.,0.));
#8710 = ORIENTED_EDGE('',*,*,#8711,.F.);
#8711 = EDGE_CURVE('',#8704,#8704,#8712,.T.);
#8712 = CIRCLE('',#8713,4.833333333333);
#8713 = AXIS2_PLACEMENT_3D('',#8714,#8715,#8716);
#8714 = CARTESIAN_POINT('',(-0.335,-14.745,7.35));
#8715 = DIRECTION('',(-1.,0.,0.));
#8716 = DIRECTION('',(0.,0.,1.));
#8717 = ORIENTED_EDGE('',*,*,#8703,.F.);
#8718 = CYLINDRICAL_SURFACE('',#8719,4.833333333333);
#8719 = AXIS2_PLACEMENT_3D('',#8720,#8721,#8722);
#8720 = CARTESIAN_POINT('',(-8.5E-02,-14.745,7.35));
#8721 = DIRECTION('',(1.,0.,0.));
#8722 = DIRECTION('',(0.,0.,1.));
#8723 = ADVANCED_FACE('',(#8724,#8727),#8738,.F.);
#8724 = FACE_BOUND('',#8725,.F.);
#8725 = EDGE_LOOP('',(#8726));
#8726 = ORIENTED_EDGE('',*,*,#8694,.T.);
#8727 = FACE_BOUND('',#8728,.F.);
#8728 = EDGE_LOOP('',(#8729));
#8729 = ORIENTED_EDGE('',*,*,#8730,.T.);
#8730 = EDGE_CURVE('',#8731,#8731,#8733,.T.);
#8731 = VERTEX_POINT('',#8732);
#8732 = CARTESIAN_POINT('',(-8.5E-02,-14.745,11.216666666667));
#8733 = CIRCLE('',#8734,3.866666666667);
#8734 = AXIS2_PLACEMENT_3D('',#8735,#8736,#8737);
#8735 = CARTESIAN_POINT('',(-8.5E-02,-14.745,7.35));
#8736 = DIRECTION('',(1.,0.,-0.));
#8737 = DIRECTION('',(0.,0.,1.));
#8738 = PLANE('',#8739);
#8739 = AXIS2_PLACEMENT_3D('',#8740,#8741,#8742);
#8740 = CARTESIAN_POINT('',(-8.5E-02,-14.745,7.35));
#8741 = DIRECTION('',(-1.,-0.,-0.));
#8742 = DIRECTION('',(0.,0.,-1.));
#8743 = ADVANCED_FACE('',(#8744,#8747),#8758,.T.);
#8744 = FACE_BOUND('',#8745,.T.);
#8745 = EDGE_LOOP('',(#8746));
#8746 = ORIENTED_EDGE('',*,*,#8711,.T.);
#8747 = FACE_BOUND('',#8748,.T.);
#8748 = EDGE_LOOP('',(#8749));
#8749 = ORIENTED_EDGE('',*,*,#8750,.F.);
#8750 = EDGE_CURVE('',#8751,#8751,#8753,.T.);
#8751 = VERTEX_POINT('',#8752);
#8752 = CARTESIAN_POINT('',(-0.335,-14.745,11.216666666667));
#8753 = CIRCLE('',#8754,3.866666666667);
#8754 = AXIS2_PLACEMENT_3D('',#8755,#8756,#8757);
#8755 = CARTESIAN_POINT('',(-0.335,-14.745,7.35));
#8756 = DIRECTION('',(-1.,0.,0.));
#8757 = DIRECTION('',(0.,0.,1.));
#8758 = PLANE('',#8759);
#8759 = AXIS2_PLACEMENT_3D('',#8760,#8761,#8762);
#8760 = CARTESIAN_POINT('',(-0.335,-14.745,7.35));
#8761 = DIRECTION('',(-1.,-0.,-0.));
#8762 = DIRECTION('',(0.,0.,-1.));
#8763 = ADVANCED_FACE('',(#8764),#8775,.F.);
#8764 = FACE_BOUND('',#8765,.F.);
#8765 = EDGE_LOOP('',(#8766,#8772,#8773,#8774));
#8766 = ORIENTED_EDGE('',*,*,#8767,.T.);
#8767 = EDGE_CURVE('',#8731,#8751,#8768,.T.);
#8768 = LINE('',#8769,#8770);
#8769 = CARTESIAN_POINT('',(0.115,-14.745,11.216666666667));
#8770 = VECTOR('',#8771,1.);
#8771 = DIRECTION('',(-1.,0.,0.));
#8772 = ORIENTED_EDGE('',*,*,#8750,.F.);
#8773 = ORIENTED_EDGE('',*,*,#8767,.F.);
#8774 = ORIENTED_EDGE('',*,*,#8730,.F.);
#8775 = CYLINDRICAL_SURFACE('',#8776,3.866666666667);
#8776 = AXIS2_PLACEMENT_3D('',#8777,#8778,#8779);
#8777 = CARTESIAN_POINT('',(0.115,-14.745,7.35));
#8778 = DIRECTION('',(1.,0.,0.));
#8779 = DIRECTION('',(0.,0.,1.));
#8780 = MANIFOLD_SOLID_BREP('',#8781);
#8781 = CLOSED_SHELL('',(#8782,#8815,#8835,#8855));
#8782 = ADVANCED_FACE('',(#8783),#8810,.T.);
#8783 = FACE_BOUND('',#8784,.T.);
#8784 = EDGE_LOOP('',(#8785,#8795,#8802,#8803));
#8785 = ORIENTED_EDGE('',*,*,#8786,.T.);
#8786 = EDGE_CURVE('',#8787,#8789,#8791,.T.);
#8787 = VERTEX_POINT('',#8788);
#8788 = CARTESIAN_POINT('',(52.925,-0.245,9.283333333333));
#8789 = VERTEX_POINT('',#8790);
#8790 = CARTESIAN_POINT('',(53.175,-0.245,9.283333333333));
#8791 = LINE('',#8792,#8793);
#8792 = CARTESIAN_POINT('',(52.925,-0.245,9.283333333333));
#8793 = VECTOR('',#8794,1.);
#8794 = DIRECTION('',(1.,0.,0.));
#8795 = ORIENTED_EDGE('',*,*,#8796,.T.);
#8796 = EDGE_CURVE('',#8789,#8789,#8797,.T.);
#8797 = CIRCLE('',#8798,1.933333333333);
#8798 = AXIS2_PLACEMENT_3D('',#8799,#8800,#8801);
#8799 = CARTESIAN_POINT('',(53.175,-0.245,7.35));
#8800 = DIRECTION('',(-1.,0.,0.));
#8801 = DIRECTION('',(0.,0.,1.));
#8802 = ORIENTED_EDGE('',*,*,#8786,.F.);
#8803 = ORIENTED_EDGE('',*,*,#8804,.F.);
#8804 = EDGE_CURVE('',#8787,#8787,#8805,.T.);
#8805 = CIRCLE('',#8806,1.933333333333);
#8806 = AXIS2_PLACEMENT_3D('',#8807,#8808,#8809);
#8807 = CARTESIAN_POINT('',(52.925,-0.245,7.35));
#8808 = DIRECTION('',(-1.,0.,0.));
#8809 = DIRECTION('',(0.,0.,1.));
#8810 = CYLINDRICAL_SURFACE('',#8811,1.933333333333);
#8811 = AXIS2_PLACEMENT_3D('',#8812,#8813,#8814);
#8812 = CARTESIAN_POINT('',(52.925,-0.245,7.35));
#8813 = DIRECTION('',(-1.,0.,0.));
#8814 = DIRECTION('',(0.,0.,1.));
#8815 = ADVANCED_FACE('',(#8816,#8819),#8830,.T.);
#8816 = FACE_BOUND('',#8817,.T.);
#8817 = EDGE_LOOP('',(#8818));
#8818 = ORIENTED_EDGE('',*,*,#8804,.T.);
#8819 = FACE_BOUND('',#8820,.T.);
#8820 = EDGE_LOOP('',(#8821));
#8821 = ORIENTED_EDGE('',*,*,#8822,.F.);
#8822 = EDGE_CURVE('',#8823,#8823,#8825,.T.);
#8823 = VERTEX_POINT('',#8824);
#8824 = CARTESIAN_POINT('',(52.925,-0.245,8.316666666667));
#8825 = CIRCLE('',#8826,0.966666666667);
#8826 = AXIS2_PLACEMENT_3D('',#8827,#8828,#8829);
#8827 = CARTESIAN_POINT('',(52.925,-0.245,7.35));
#8828 = DIRECTION('',(-1.,0.,0.));
#8829 = DIRECTION('',(0.,0.,1.));
#8830 = PLANE('',#8831);
#8831 = AXIS2_PLACEMENT_3D('',#8832,#8833,#8834);
#8832 = CARTESIAN_POINT('',(52.925,-0.245,7.35));
#8833 = DIRECTION('',(-1.,2.814010363452E-31,9.849036272082E-31));
#8834 = DIRECTION('',(-9.849036272082E-31,0.,-1.));
#8835 = ADVANCED_FACE('',(#8836,#8839),#8850,.F.);
#8836 = FACE_BOUND('',#8837,.F.);
#8837 = EDGE_LOOP('',(#8838));
#8838 = ORIENTED_EDGE('',*,*,#8796,.T.);
#8839 = FACE_BOUND('',#8840,.F.);
#8840 = EDGE_LOOP('',(#8841));
#8841 = ORIENTED_EDGE('',*,*,#8842,.F.);
#8842 = EDGE_CURVE('',#8843,#8843,#8845,.T.);
#8843 = VERTEX_POINT('',#8844);
#8844 = CARTESIAN_POINT('',(53.175,-0.245,8.316666666667));
#8845 = CIRCLE('',#8846,0.966666666667);
#8846 = AXIS2_PLACEMENT_3D('',#8847,#8848,#8849);
#8847 = CARTESIAN_POINT('',(53.175,-0.245,7.35));
#8848 = DIRECTION('',(-1.,0.,0.));
#8849 = DIRECTION('',(0.,0.,1.));
#8850 = PLANE('',#8851);
#8851 = AXIS2_PLACEMENT_3D('',#8852,#8853,#8854);
#8852 = CARTESIAN_POINT('',(53.175,-0.245,7.35));
#8853 = DIRECTION('',(-1.,2.814010363452E-31,9.849036272082E-31));
#8854 = DIRECTION('',(-9.849036272082E-31,0.,-1.));
#8855 = ADVANCED_FACE('',(#8856),#8867,.F.);
#8856 = FACE_BOUND('',#8857,.F.);
#8857 = EDGE_LOOP('',(#8858,#8859,#8865,#8866));
#8858 = ORIENTED_EDGE('',*,*,#8822,.F.);
#8859 = ORIENTED_EDGE('',*,*,#8860,.T.);
#8860 = EDGE_CURVE('',#8823,#8843,#8861,.T.);
#8861 = LINE('',#8862,#8863);
#8862 = CARTESIAN_POINT('',(52.725,-0.245,8.316666666667));
#8863 = VECTOR('',#8864,1.);
#8864 = DIRECTION('',(1.,0.,0.));
#8865 = ORIENTED_EDGE('',*,*,#8842,.T.);
#8866 = ORIENTED_EDGE('',*,*,#8860,.F.);
#8867 = CYLINDRICAL_SURFACE('',#8868,0.966666666667);
#8868 = AXIS2_PLACEMENT_3D('',#8869,#8870,#8871);
#8869 = CARTESIAN_POINT('',(52.725,-0.245,7.35));
#8870 = DIRECTION('',(-1.,0.,0.));
#8871 = DIRECTION('',(0.,0.,1.));
#8872 = MANIFOLD_SOLID_BREP('',#8873);
#8873 = CLOSED_SHELL('',(#8874,#8907,#8927,#8947));
#8874 = ADVANCED_FACE('',(#8875),#8902,.T.);
#8875 = FACE_BOUND('',#8876,.T.);
#8876 = EDGE_LOOP('',(#8877,#8887,#8894,#8895));
#8877 = ORIENTED_EDGE('',*,*,#8878,.T.);
#8878 = EDGE_CURVE('',#8879,#8881,#8883,.T.);
#8879 = VERTEX_POINT('',#8880);
#8880 = CARTESIAN_POINT('',(53.425,-0.245,10.25));
#8881 = VERTEX_POINT('',#8882);
#8882 = CARTESIAN_POINT('',(53.675,-0.245,10.25));
#8883 = LINE('',#8884,#8885);
#8884 = CARTESIAN_POINT('',(53.425,-0.245,10.25));
#8885 = VECTOR('',#8886,1.);
#8886 = DIRECTION('',(1.,0.,0.));
#8887 = ORIENTED_EDGE('',*,*,#8888,.T.);
#8888 = EDGE_CURVE('',#8881,#8881,#8889,.T.);
#8889 = CIRCLE('',#8890,2.9);
#8890 = AXIS2_PLACEMENT_3D('',#8891,#8892,#8893);
#8891 = CARTESIAN_POINT('',(53.675,-0.245,7.35));
#8892 = DIRECTION('',(-1.,0.,0.));
#8893 = DIRECTION('',(0.,0.,1.));
#8894 = ORIENTED_EDGE('',*,*,#8878,.F.);
#8895 = ORIENTED_EDGE('',*,*,#8896,.F.);
#8896 = EDGE_CURVE('',#8879,#8879,#8897,.T.);
#8897 = CIRCLE('',#8898,2.9);
#8898 = AXIS2_PLACEMENT_3D('',#8899,#8900,#8901);
#8899 = CARTESIAN_POINT('',(53.425,-0.245,7.35));
#8900 = DIRECTION('',(-1.,0.,0.));
#8901 = DIRECTION('',(0.,0.,1.));
#8902 = CYLINDRICAL_SURFACE('',#8903,2.9);
#8903 = AXIS2_PLACEMENT_3D('',#8904,#8905,#8906);
#8904 = CARTESIAN_POINT('',(53.425,-0.245,7.35));
#8905 = DIRECTION('',(-1.,0.,0.));
#8906 = DIRECTION('',(0.,0.,1.));
#8907 = ADVANCED_FACE('',(#8908,#8911),#8922,.T.);
#8908 = FACE_BOUND('',#8909,.T.);
#8909 = EDGE_LOOP('',(#8910));
#8910 = ORIENTED_EDGE('',*,*,#8896,.T.);
#8911 = FACE_BOUND('',#8912,.T.);
#8912 = EDGE_LOOP('',(#8913));
#8913 = ORIENTED_EDGE('',*,*,#8914,.F.);
#8914 = EDGE_CURVE('',#8915,#8915,#8917,.T.);
#8915 = VERTEX_POINT('',#8916);
#8916 = CARTESIAN_POINT('',(53.425,-0.245,9.283333333333));
#8917 = CIRCLE('',#8918,1.933333333333);
#8918 = AXIS2_PLACEMENT_3D('',#8919,#8920,#8921);
#8919 = CARTESIAN_POINT('',(53.425,-0.245,7.35));
#8920 = DIRECTION('',(-1.,0.,0.));
#8921 = DIRECTION('',(0.,0.,1.));
#8922 = PLANE('',#8923);
#8923 = AXIS2_PLACEMENT_3D('',#8924,#8925,#8926);
#8924 = CARTESIAN_POINT('',(53.425,-0.245,7.35));
#8925 = DIRECTION('',(-1.,-7.504027635872E-31,1.625872654439E-30));
#8926 = DIRECTION('',(-1.625872654439E-30,0.,-1.));
#8927 = ADVANCED_FACE('',(#8928,#8931),#8942,.F.);
#8928 = FACE_BOUND('',#8929,.F.);
#8929 = EDGE_LOOP('',(#8930));
#8930 = ORIENTED_EDGE('',*,*,#8888,.T.);
#8931 = FACE_BOUND('',#8932,.F.);
#8932 = EDGE_LOOP('',(#8933));
#8933 = ORIENTED_EDGE('',*,*,#8934,.F.);
#8934 = EDGE_CURVE('',#8935,#8935,#8937,.T.);
#8935 = VERTEX_POINT('',#8936);
#8936 = CARTESIAN_POINT('',(53.675,-0.245,9.283333333333));
#8937 = CIRCLE('',#8938,1.933333333333);
#8938 = AXIS2_PLACEMENT_3D('',#8939,#8940,#8941);
#8939 = CARTESIAN_POINT('',(53.675,-0.245,7.35));
#8940 = DIRECTION('',(-1.,0.,0.));
#8941 = DIRECTION('',(0.,0.,1.));
#8942 = PLANE('',#8943);
#8943 = AXIS2_PLACEMENT_3D('',#8944,#8945,#8946);
#8944 = CARTESIAN_POINT('',(53.675,-0.245,7.35));
#8945 = DIRECTION('',(-1.,-7.504027635872E-31,1.625872654439E-30));
#8946 = DIRECTION('',(-1.625872654439E-30,0.,-1.));
#8947 = ADVANCED_FACE('',(#8948),#8959,.F.);
#8948 = FACE_BOUND('',#8949,.F.);
#8949 = EDGE_LOOP('',(#8950,#8951,#8957,#8958));
#8950 = ORIENTED_EDGE('',*,*,#8914,.F.);
#8951 = ORIENTED_EDGE('',*,*,#8952,.T.);
#8952 = EDGE_CURVE('',#8915,#8935,#8953,.T.);
#8953 = LINE('',#8954,#8955);
#8954 = CARTESIAN_POINT('',(53.225,-0.245,9.283333333333));
#8955 = VECTOR('',#8956,1.);
#8956 = DIRECTION('',(1.,0.,0.));
#8957 = ORIENTED_EDGE('',*,*,#8934,.T.);
#8958 = ORIENTED_EDGE('',*,*,#8952,.F.);
#8959 = CYLINDRICAL_SURFACE('',#8960,1.933333333333);
#8960 = AXIS2_PLACEMENT_3D('',#8961,#8962,#8963);
#8961 = CARTESIAN_POINT('',(53.225,-0.245,7.35));
#8962 = DIRECTION('',(-1.,0.,0.));
#8963 = DIRECTION('',(0.,0.,1.));
#8964 = MANIFOLD_SOLID_BREP('',#8965);
#8965 = CLOSED_SHELL('',(#8966,#8999,#9019,#9039));
#8966 = ADVANCED_FACE('',(#8967),#8994,.T.);
#8967 = FACE_BOUND('',#8968,.T.);
#8968 = EDGE_LOOP('',(#8969,#8979,#8986,#8987));
#8969 = ORIENTED_EDGE('',*,*,#8970,.T.);
#8970 = EDGE_CURVE('',#8971,#8973,#8975,.T.);
#8971 = VERTEX_POINT('',#8972);
#8972 = CARTESIAN_POINT('',(53.925,-0.245,11.216666666667));
#8973 = VERTEX_POINT('',#8974);
#8974 = CARTESIAN_POINT('',(54.175,-0.245,11.216666666667));
#8975 = LINE('',#8976,#8977);
#8976 = CARTESIAN_POINT('',(53.925,-0.245,11.216666666667));
#8977 = VECTOR('',#8978,1.);
#8978 = DIRECTION('',(1.,0.,0.));
#8979 = ORIENTED_EDGE('',*,*,#8980,.T.);
#8980 = EDGE_CURVE('',#8973,#8973,#8981,.T.);
#8981 = CIRCLE('',#8982,3.866666666667);
#8982 = AXIS2_PLACEMENT_3D('',#8983,#8984,#8985);
#8983 = CARTESIAN_POINT('',(54.175,-0.245,7.35));
#8984 = DIRECTION('',(-1.,0.,0.));
#8985 = DIRECTION('',(0.,0.,1.));
#8986 = ORIENTED_EDGE('',*,*,#8970,.F.);
#8987 = ORIENTED_EDGE('',*,*,#8988,.F.);
#8988 = EDGE_CURVE('',#8971,#8971,#8989,.T.);
#8989 = CIRCLE('',#8990,3.866666666667);
#8990 = AXIS2_PLACEMENT_3D('',#8991,#8992,#8993);
#8991 = CARTESIAN_POINT('',(53.925,-0.245,7.35));
#8992 = DIRECTION('',(-1.,0.,0.));
#8993 = DIRECTION('',(0.,0.,1.));
#8994 = CYLINDRICAL_SURFACE('',#8995,3.866666666667);
#8995 = AXIS2_PLACEMENT_3D('',#8996,#8997,#8998);
#8996 = CARTESIAN_POINT('',(53.925,-0.245,7.35));
#8997 = DIRECTION('',(-1.,0.,0.));
#8998 = DIRECTION('',(0.,0.,1.));
#8999 = ADVANCED_FACE('',(#9000,#9003),#9014,.T.);
#9000 = FACE_BOUND('',#9001,.T.);
#9001 = EDGE_LOOP('',(#9002));
#9002 = ORIENTED_EDGE('',*,*,#8988,.T.);
#9003 = FACE_BOUND('',#9004,.T.);
#9004 = EDGE_LOOP('',(#9005));
#9005 = ORIENTED_EDGE('',*,*,#9006,.F.);
#9006 = EDGE_CURVE('',#9007,#9007,#9009,.T.);
#9007 = VERTEX_POINT('',#9008);
#9008 = CARTESIAN_POINT('',(53.925,-0.245,10.25));
#9009 = CIRCLE('',#9010,2.9);
#9010 = AXIS2_PLACEMENT_3D('',#9011,#9012,#9013);
#9011 = CARTESIAN_POINT('',(53.925,-0.245,7.35));
#9012 = DIRECTION('',(-1.,0.,0.));
#9013 = DIRECTION('',(0.,0.,1.));
#9014 = PLANE('',#9015);
#9015 = AXIS2_PLACEMENT_3D('',#9016,#9017,#9018);
#9016 = CARTESIAN_POINT('',(53.925,-0.245,7.35));
#9017 = DIRECTION('',(-1.,7.03502590863E-32,2.814010363452E-31));
#9018 = DIRECTION('',(-2.814010363452E-31,0.,-1.));
#9019 = ADVANCED_FACE('',(#9020,#9023),#9034,.F.);
#9020 = FACE_BOUND('',#9021,.F.);
#9021 = EDGE_LOOP('',(#9022));
#9022 = ORIENTED_EDGE('',*,*,#8980,.T.);
#9023 = FACE_BOUND('',#9024,.F.);
#9024 = EDGE_LOOP('',(#9025));
#9025 = ORIENTED_EDGE('',*,*,#9026,.F.);
#9026 = EDGE_CURVE('',#9027,#9027,#9029,.T.);
#9027 = VERTEX_POINT('',#9028);
#9028 = CARTESIAN_POINT('',(54.175,-0.245,10.25));
#9029 = CIRCLE('',#9030,2.9);
#9030 = AXIS2_PLACEMENT_3D('',#9031,#9032,#9033);
#9031 = CARTESIAN_POINT('',(54.175,-0.245,7.35));
#9032 = DIRECTION('',(-1.,0.,0.));
#9033 = DIRECTION('',(0.,0.,1.));
#9034 = PLANE('',#9035);
#9035 = AXIS2_PLACEMENT_3D('',#9036,#9037,#9038);
#9036 = CARTESIAN_POINT('',(54.175,-0.245,7.35));
#9037 = DIRECTION('',(-1.,7.03502590863E-32,2.814010363452E-31));
#9038 = DIRECTION('',(-2.814010363452E-31,0.,-1.));
#9039 = ADVANCED_FACE('',(#9040),#9051,.F.);
#9040 = FACE_BOUND('',#9041,.F.);
#9041 = EDGE_LOOP('',(#9042,#9043,#9049,#9050));
#9042 = ORIENTED_EDGE('',*,*,#9006,.F.);
#9043 = ORIENTED_EDGE('',*,*,#9044,.T.);
#9044 = EDGE_CURVE('',#9007,#9027,#9045,.T.);
#9045 = LINE('',#9046,#9047);
#9046 = CARTESIAN_POINT('',(53.725,-0.245,10.25));
#9047 = VECTOR('',#9048,1.);
#9048 = DIRECTION('',(1.,0.,0.));
#9049 = ORIENTED_EDGE('',*,*,#9026,.T.);
#9050 = ORIENTED_EDGE('',*,*,#9044,.F.);
#9051 = CYLINDRICAL_SURFACE('',#9052,2.9);
#9052 = AXIS2_PLACEMENT_3D('',#9053,#9054,#9055);
#9053 = CARTESIAN_POINT('',(53.725,-0.245,7.35));
#9054 = DIRECTION('',(-1.,0.,0.));
#9055 = DIRECTION('',(0.,0.,1.));
#9056 = MANIFOLD_SOLID_BREP('',#9057);
#9057 = CLOSED_SHELL('',(#9058,#9091,#9111,#9131));
#9058 = ADVANCED_FACE('',(#9059),#9086,.T.);
#9059 = FACE_BOUND('',#9060,.T.);
#9060 = EDGE_LOOP('',(#9061,#9071,#9078,#9079));
#9061 = ORIENTED_EDGE('',*,*,#9062,.T.);
#9062 = EDGE_CURVE('',#9063,#9065,#9067,.T.);
#9063 = VERTEX_POINT('',#9064);
#9064 = CARTESIAN_POINT('',(54.425,-0.245,12.183333333333));
#9065 = VERTEX_POINT('',#9066);
#9066 = CARTESIAN_POINT('',(54.675,-0.245,12.183333333333));
#9067 = LINE('',#9068,#9069);
#9068 = CARTESIAN_POINT('',(54.425,-0.245,12.183333333333));
#9069 = VECTOR('',#9070,1.);
#9070 = DIRECTION('',(1.,0.,0.));
#9071 = ORIENTED_EDGE('',*,*,#9072,.T.);
#9072 = EDGE_CURVE('',#9065,#9065,#9073,.T.);
#9073 = CIRCLE('',#9074,4.833333333333);
#9074 = AXIS2_PLACEMENT_3D('',#9075,#9076,#9077);
#9075 = CARTESIAN_POINT('',(54.675,-0.245,7.35));
#9076 = DIRECTION('',(-1.,0.,0.));
#9077 = DIRECTION('',(0.,0.,1.));
#9078 = ORIENTED_EDGE('',*,*,#9062,.F.);
#9079 = ORIENTED_EDGE('',*,*,#9080,.F.);
#9080 = EDGE_CURVE('',#9063,#9063,#9081,.T.);
#9081 = CIRCLE('',#9082,4.833333333333);
#9082 = AXIS2_PLACEMENT_3D('',#9083,#9084,#9085);
#9083 = CARTESIAN_POINT('',(54.425,-0.245,7.35));
#9084 = DIRECTION('',(-1.,0.,0.));
#9085 = DIRECTION('',(0.,0.,1.));
#9086 = CYLINDRICAL_SURFACE('',#9087,4.833333333333);
#9087 = AXIS2_PLACEMENT_3D('',#9088,#9089,#9090);
#9088 = CARTESIAN_POINT('',(54.425,-0.245,7.35));
#9089 = DIRECTION('',(-1.,0.,0.));
#9090 = DIRECTION('',(0.,0.,1.));
#9091 = ADVANCED_FACE('',(#9092,#9095),#9106,.T.);
#9092 = FACE_BOUND('',#9093,.T.);
#9093 = EDGE_LOOP('',(#9094));
#9094 = ORIENTED_EDGE('',*,*,#9080,.T.);
#9095 = FACE_BOUND('',#9096,.T.);
#9096 = EDGE_LOOP('',(#9097));
#9097 = ORIENTED_EDGE('',*,*,#9098,.F.);
#9098 = EDGE_CURVE('',#9099,#9099,#9101,.T.);
#9099 = VERTEX_POINT('',#9100);
#9100 = CARTESIAN_POINT('',(54.425,-0.245,11.216666666667));
#9101 = CIRCLE('',#9102,3.866666666667);
#9102 = AXIS2_PLACEMENT_3D('',#9103,#9104,#9105);
#9103 = CARTESIAN_POINT('',(54.425,-0.245,7.35));
#9104 = DIRECTION('',(-1.,0.,0.));
#9105 = DIRECTION('',(0.,0.,1.));
#9106 = PLANE('',#9107);
#9107 = AXIS2_PLACEMENT_3D('',#9108,#9109,#9110);
#9108 = CARTESIAN_POINT('',(54.425,-0.245,7.35));
#9109 = DIRECTION('',(-1.,-0.,-0.));
#9110 = DIRECTION('',(0.,0.,-1.));
#9111 = ADVANCED_FACE('',(#9112,#9115),#9126,.F.);
#9112 = FACE_BOUND('',#9113,.F.);
#9113 = EDGE_LOOP('',(#9114));
#9114 = ORIENTED_EDGE('',*,*,#9072,.T.);
#9115 = FACE_BOUND('',#9116,.F.);
#9116 = EDGE_LOOP('',(#9117));
#9117 = ORIENTED_EDGE('',*,*,#9118,.F.);
#9118 = EDGE_CURVE('',#9119,#9119,#9121,.T.);
#9119 = VERTEX_POINT('',#9120);
#9120 = CARTESIAN_POINT('',(54.675,-0.245,11.216666666667));
#9121 = CIRCLE('',#9122,3.866666666667);
#9122 = AXIS2_PLACEMENT_3D('',#9123,#9124,#9125);
#9123 = CARTESIAN_POINT('',(54.675,-0.245,7.35));
#9124 = DIRECTION('',(-1.,0.,0.));
#9125 = DIRECTION('',(0.,0.,1.));
#9126 = PLANE('',#9127);
#9127 = AXIS2_PLACEMENT_3D('',#9128,#9129,#9130);
#9128 = CARTESIAN_POINT('',(54.675,-0.245,7.35));
#9129 = DIRECTION('',(-1.,-0.,-0.));
#9130 = DIRECTION('',(0.,0.,-1.));
#9131 = ADVANCED_FACE('',(#9132),#9143,.F.);
#9132 = FACE_BOUND('',#9133,.F.);
#9133 = EDGE_LOOP('',(#9134,#9135,#9141,#9142));
#9134 = ORIENTED_EDGE('',*,*,#9098,.F.);
#9135 = ORIENTED_EDGE('',*,*,#9136,.T.);
#9136 = EDGE_CURVE('',#9099,#9119,#9137,.T.);
#9137 = LINE('',#9138,#9139);
#9138 = CARTESIAN_POINT('',(54.225,-0.245,11.216666666667));
#9139 = VECTOR('',#9140,1.);
#9140 = DIRECTION('',(1.,0.,0.));
#9141 = ORIENTED_EDGE('',*,*,#9118,.T.);
#9142 = ORIENTED_EDGE('',*,*,#9136,.F.);
#9143 = CYLINDRICAL_SURFACE('',#9144,3.866666666667);
#9144 = AXIS2_PLACEMENT_3D('',#9145,#9146,#9147);
#9145 = CARTESIAN_POINT('',(54.225,-0.245,7.35));
#9146 = DIRECTION('',(-1.,0.,0.));
#9147 = DIRECTION('',(0.,0.,1.));
#9148 = ( GEOMETRIC_REPRESENTATION_CONTEXT(3) 
GLOBAL_UNCERTAINTY_ASSIGNED_CONTEXT((#9152)) 
GLOBAL_UNIT_ASSIGNED_CONTEXT((#9149,#9150,#9151)) REPRESENTATION_CONTEXT
('Context #1','3D Context with UNIT and UNCERTAINTY') );
#9149 = ( LENGTH_UNIT() NAMED_UNIT(*) SI_UNIT(.MILLI.,.METRE.) );
#9150 = ( NAMED_UNIT(*) PLANE_ANGLE_UNIT() SI_UNIT($,.RADIAN.) );
#9151 = ( NAMED_UNIT(*) SI_UNIT($,.STERADIAN.) SOLID_ANGLE_UNIT() );
#9152 = UNCERTAINTY_MEASURE_WITH_UNIT(LENGTH_MEASURE(1.E-07),#9149,
  'distance_accuracy_value','confusion accuracy');
#9153 = CONTEXT_DEPENDENT_SHAPE_REPRESENTATION(#9154,#9156);
#9154 = ( REPRESENTATION_RELATIONSHIP('','',#6358,#10) 
REPRESENTATION_RELATIONSHIP_WITH_TRANSFORMATION(#9155) 
SHAPE_REPRESENTATION_RELATIONSHIP() );
#9155 = ITEM_DEFINED_TRANSFORMATION('','',#11,#23);
#9156 = PRODUCT_DEFINITION_SHAPE('Placement','Placement of an item',
  #9157);
#9157 = NEXT_ASSEMBLY_USAGE_OCCURRENCE('3','BT1','',#5,#6353,$);
#9158 = PRODUCT_RELATED_PRODUCT_CATEGORY('part',$,(#6355));
#9159 = SHAPE_DEFINITION_REPRESENTATION(#9160,#9166);
#9160 = PRODUCT_DEFINITION_SHAPE('','',#9161);
#9161 = PRODUCT_DEFINITION('design','',#9162,#9165);
#9162 = PRODUCT_DEFINITION_FORMATION('','',#9163);
#9163 = PRODUCT('C_Radial_D5.0mm_H11.0mm_P2.00mm',
  'C_Radial_D5.0mm_H11.0mm_P2.00mm','',(#9164));
#9164 = PRODUCT_CONTEXT('',#2,'mechanical');
#9165 = PRODUCT_DEFINITION_CONTEXT('part definition',#2,'design');
#9166 = ADVANCED_BREP_SHAPE_REPRESENTATION('',(#11,#9167),#10154);
#9167 = BREP_WITH_VOIDS('',#9168,(#10091));
#9168 = CLOSED_SHELL('',(#9169,#9186,#9211,#9242,#9267,#9292,#9312,#9321
    ,#9351,#9386,#9459,#9499,#9572,#9597,#9623,#9643,#9813,#9883,#9907,
    #9923,#9935,#9959,#9975,#9987,#10011,#10027,#10039,#10063,#10079));
#9169 = ADVANCED_FACE('',(#9170),#9181,.F.);
#9170 = FACE_BOUND('',#9171,.F.);
#9171 = EDGE_LOOP('',(#9172));
#9172 = ORIENTED_EDGE('',*,*,#9173,.T.);
#9173 = EDGE_CURVE('',#9174,#9174,#9176,.T.);
#9174 = VERTEX_POINT('',#9175);
#9175 = CARTESIAN_POINT('',(1.8,-9.797174393179E-17,-1.9));
#9176 = CIRCLE('',#9177,0.2);
#9177 = AXIS2_PLACEMENT_3D('',#9178,#9179,#9180);
#9178 = CARTESIAN_POINT('',(2.,-1.224646799147E-16,-1.9));
#9179 = DIRECTION('',(0.,0.,1.));
#9180 = DIRECTION('',(-1.,1.224646799147E-16,0.));
#9181 = PLANE('',#9182);
#9182 = AXIS2_PLACEMENT_3D('',#9183,#9184,#9185);
#9183 = CARTESIAN_POINT('',(2.,-1.276542754647E-16,-1.9));
#9184 = DIRECTION('',(-1.283953296258E-32,1.314847188225E-32,1.));
#9185 = DIRECTION('',(-1.224646799147E-16,-1.,1.314847188225E-32));
#9186 = ADVANCED_FACE('',(#9187),#9206,.T.);
#9187 = FACE_BOUND('',#9188,.T.);
#9188 = EDGE_LOOP('',(#9189,#9198,#9204,#9205));
#9189 = ORIENTED_EDGE('',*,*,#9190,.F.);
#9190 = EDGE_CURVE('',#9191,#9191,#9193,.T.);
#9191 = VERTEX_POINT('',#9192);
#9192 = CARTESIAN_POINT('',(1.8,-9.797174393179E-17,0.2));
#9193 = CIRCLE('',#9194,0.2);
#9194 = AXIS2_PLACEMENT_3D('',#9195,#9196,#9197);
#9195 = CARTESIAN_POINT('',(2.,-1.224646799147E-16,0.2));
#9196 = DIRECTION('',(0.,0.,1.));
#9197 = DIRECTION('',(-1.,1.224646799147E-16,0.));
#9198 = ORIENTED_EDGE('',*,*,#9199,.T.);
#9199 = EDGE_CURVE('',#9191,#9174,#9200,.T.);
#9200 = LINE('',#9201,#9202);
#9201 = CARTESIAN_POINT('',(1.8,-9.797174393179E-17,0.3));
#9202 = VECTOR('',#9203,1.);
#9203 = DIRECTION('',(0.,0.,-1.));
#9204 = ORIENTED_EDGE('',*,*,#9173,.T.);
#9205 = ORIENTED_EDGE('',*,*,#9199,.F.);
#9206 = CYLINDRICAL_SURFACE('',#9207,0.2);
#9207 = AXIS2_PLACEMENT_3D('',#9208,#9209,#9210);
#9208 = CARTESIAN_POINT('',(2.,-1.224646799147E-16,0.3));
#9209 = DIRECTION('',(0.,0.,1.));
#9210 = DIRECTION('',(-1.,1.224646799147E-16,0.));
#9211 = ADVANCED_FACE('',(#9212,#9223,#9226),#9237,.F.);
#9212 = FACE_BOUND('',#9213,.F.);
#9213 = EDGE_LOOP('',(#9214));
#9214 = ORIENTED_EDGE('',*,*,#9215,.T.);
#9215 = EDGE_CURVE('',#9216,#9216,#9218,.T.);
#9216 = VERTEX_POINT('',#9217);
#9217 = CARTESIAN_POINT('',(2.75,-4.286263797016E-16,0.2));
#9218 = CIRCLE('',#9219,1.75);
#9219 = AXIS2_PLACEMENT_3D('',#9220,#9221,#9222);
#9220 = CARTESIAN_POINT('',(1.,0.,0.2));
#9221 = DIRECTION('',(-0.,0.,1.));
#9222 = DIRECTION('',(1.,-2.449293598295E-16,0.));
#9223 = FACE_BOUND('',#9224,.F.);
#9224 = EDGE_LOOP('',(#9225));
#9225 = ORIENTED_EDGE('',*,*,#9190,.F.);
#9226 = FACE_BOUND('',#9227,.F.);
#9227 = EDGE_LOOP('',(#9228));
#9228 = ORIENTED_EDGE('',*,*,#9229,.F.);
#9229 = EDGE_CURVE('',#9230,#9230,#9232,.T.);
#9230 = VERTEX_POINT('',#9231);
#9231 = CARTESIAN_POINT('',(-0.2,1.469576158977E-16,0.2));
#9232 = CIRCLE('',#9233,0.2);
#9233 = AXIS2_PLACEMENT_3D('',#9234,#9235,#9236);
#9234 = CARTESIAN_POINT('',(0.,1.224646799147E-16,0.2));
#9235 = DIRECTION('',(0.,0.,1.));
#9236 = DIRECTION('',(-1.,1.224646799147E-16,0.));
#9237 = PLANE('',#9238);
#9238 = AXIS2_PLACEMENT_3D('',#9239,#9240,#9241);
#9239 = CARTESIAN_POINT('',(1.,1.239108604125E-16,0.2));
#9240 = DIRECTION('',(0.,0.,1.));
#9241 = DIRECTION('',(1.,-2.449293598295E-16,0.));
#9242 = ADVANCED_FACE('',(#9243),#9262,.F.);
#9243 = FACE_BOUND('',#9244,.F.);
#9244 = EDGE_LOOP('',(#9245,#9246,#9254,#9261));
#9245 = ORIENTED_EDGE('',*,*,#9215,.F.);
#9246 = ORIENTED_EDGE('',*,*,#9247,.T.);
#9247 = EDGE_CURVE('',#9216,#9248,#9250,.T.);
#9248 = VERTEX_POINT('',#9249);
#9249 = CARTESIAN_POINT('',(2.75,-4.286263797016E-16,0.));
#9250 = LINE('',#9251,#9252);
#9251 = CARTESIAN_POINT('',(2.75,-4.286263797016E-16,0.3));
#9252 = VECTOR('',#9253,1.);
#9253 = DIRECTION('',(0.,0.,-1.));
#9254 = ORIENTED_EDGE('',*,*,#9255,.F.);
#9255 = EDGE_CURVE('',#9248,#9248,#9256,.T.);
#9256 = CIRCLE('',#9257,1.75);
#9257 = AXIS2_PLACEMENT_3D('',#9258,#9259,#9260);
#9258 = CARTESIAN_POINT('',(1.,0.,0.));
#9259 = DIRECTION('',(0.,-0.,-1.));
#9260 = DIRECTION('',(1.,-2.449293598295E-16,0.));
#9261 = ORIENTED_EDGE('',*,*,#9247,.F.);
#9262 = CYLINDRICAL_SURFACE('',#9263,1.75);
#9263 = AXIS2_PLACEMENT_3D('',#9264,#9265,#9266);
#9264 = CARTESIAN_POINT('',(1.,0.,0.3));
#9265 = DIRECTION('',(0.,0.,-1.));
#9266 = DIRECTION('',(1.,-2.449293598295E-16,0.));
#9267 = ADVANCED_FACE('',(#9268),#9287,.T.);
#9268 = FACE_BOUND('',#9269,.T.);
#9269 = EDGE_LOOP('',(#9270,#9271,#9279,#9286));
#9270 = ORIENTED_EDGE('',*,*,#9229,.F.);
#9271 = ORIENTED_EDGE('',*,*,#9272,.T.);
#9272 = EDGE_CURVE('',#9230,#9273,#9275,.T.);
#9273 = VERTEX_POINT('',#9274);
#9274 = CARTESIAN_POINT('',(-0.2,1.469576158977E-16,-2.));
#9275 = LINE('',#9276,#9277);
#9276 = CARTESIAN_POINT('',(-0.2,1.469576158977E-16,0.3));
#9277 = VECTOR('',#9278,1.);
#9278 = DIRECTION('',(0.,0.,-1.));
#9279 = ORIENTED_EDGE('',*,*,#9280,.T.);
#9280 = EDGE_CURVE('',#9273,#9273,#9281,.T.);
#9281 = CIRCLE('',#9282,0.2);
#9282 = AXIS2_PLACEMENT_3D('',#9283,#9284,#9285);
#9283 = CARTESIAN_POINT('',(0.,1.224646799147E-16,-2.));
#9284 = DIRECTION('',(0.,0.,1.));
#9285 = DIRECTION('',(-1.,1.224646799147E-16,0.));
#9286 = ORIENTED_EDGE('',*,*,#9272,.F.);
#9287 = CYLINDRICAL_SURFACE('',#9288,0.2);
#9288 = AXIS2_PLACEMENT_3D('',#9289,#9290,#9291);
#9289 = CARTESIAN_POINT('',(0.,1.224646799147E-16,0.3));
#9290 = DIRECTION('',(0.,0.,1.));
#9291 = DIRECTION('',(-1.,1.224646799147E-16,0.));
#9292 = ADVANCED_FACE('',(#9293,#9296),#9307,.T.);
#9293 = FACE_BOUND('',#9294,.F.);
#9294 = EDGE_LOOP('',(#9295));
#9295 = ORIENTED_EDGE('',*,*,#9255,.T.);
#9296 = FACE_BOUND('',#9297,.F.);
#9297 = EDGE_LOOP('',(#9298));
#9298 = ORIENTED_EDGE('',*,*,#9299,.F.);
#9299 = EDGE_CURVE('',#9300,#9300,#9302,.T.);
#9300 = VERTEX_POINT('',#9301);
#9301 = CARTESIAN_POINT('',(3.3,-5.633375276078E-16,1.387778780781E-17)
  );
#9302 = CIRCLE('',#9303,2.3);
#9303 = AXIS2_PLACEMENT_3D('',#9304,#9305,#9306);
#9304 = CARTESIAN_POINT('',(1.,0.,1.387778780781E-17));
#9305 = DIRECTION('',(0.,-0.,-1.));
#9306 = DIRECTION('',(1.,-2.449293598295E-16,0.));
#9307 = PLANE('',#9308);
#9308 = AXIS2_PLACEMENT_3D('',#9309,#9310,#9311);
#9309 = CARTESIAN_POINT('',(1.,0.,0.));
#9310 = DIRECTION('',(0.,0.,-1.));
#9311 = DIRECTION('',(1.,-2.449293598295E-16,0.));
#9312 = ADVANCED_FACE('',(#9313),#9316,.F.);
#9313 = FACE_BOUND('',#9314,.F.);
#9314 = EDGE_LOOP('',(#9315));
#9315 = ORIENTED_EDGE('',*,*,#9280,.T.);
#9316 = PLANE('',#9317);
#9317 = AXIS2_PLACEMENT_3D('',#9318,#9319,#9320);
#9318 = CARTESIAN_POINT('',(0.,1.039211768204E-16,-2.));
#9319 = DIRECTION('',(0.,0.,1.));
#9320 = DIRECTION('',(-1.,1.224646799147E-16,0.));
#9321 = ADVANCED_FACE('',(#9322),#9342,.F.);
#9322 = FACE_BOUND('',#9323,.F.);
#9323 = EDGE_LOOP('',(#9324,#9325,#9334,#9341));
#9324 = ORIENTED_EDGE('',*,*,#9299,.T.);
#9325 = ORIENTED_EDGE('',*,*,#9326,.T.);
#9326 = EDGE_CURVE('',#9300,#9327,#9329,.T.);
#9327 = VERTEX_POINT('',#9328);
#9328 = CARTESIAN_POINT('',(3.5,-6.123233995737E-16,0.2));
#9329 = CIRCLE('',#9330,0.2);
#9330 = AXIS2_PLACEMENT_3D('',#9331,#9332,#9333);
#9331 = CARTESIAN_POINT('',(3.3,-5.633375276078E-16,0.2));
#9332 = DIRECTION('',(-2.449293598295E-16,-1.,-0.));
#9333 = DIRECTION('',(0.,0.,-1.));
#9334 = ORIENTED_EDGE('',*,*,#9335,.F.);
#9335 = EDGE_CURVE('',#9327,#9327,#9336,.T.);
#9336 = CIRCLE('',#9337,2.5);
#9337 = AXIS2_PLACEMENT_3D('',#9338,#9339,#9340);
#9338 = CARTESIAN_POINT('',(1.,0.,0.2));
#9339 = DIRECTION('',(0.,-0.,-1.));
#9340 = DIRECTION('',(1.,-2.449293598295E-16,0.));
#9341 = ORIENTED_EDGE('',*,*,#9326,.F.);
#9342 = SURFACE_OF_REVOLUTION('',#9343,#9348);
#9343 = CIRCLE('',#9344,0.2);
#9344 = AXIS2_PLACEMENT_3D('',#9345,#9346,#9347);
#9345 = CARTESIAN_POINT('',(3.3,-5.633375276078E-16,0.2));
#9346 = DIRECTION('',(-2.449293598295E-16,-1.,-0.));
#9347 = DIRECTION('',(0.,0.,-1.));
#9348 = AXIS1_PLACEMENT('',#9349,#9350);
#9349 = CARTESIAN_POINT('',(1.,0.,0.));
#9350 = DIRECTION('',(0.,0.,-1.));
#9351 = ADVANCED_FACE('',(#9352),#9381,.T.);
#9352 = FACE_BOUND('',#9353,.T.);
#9353 = EDGE_LOOP('',(#9354,#9373,#9379,#9380));
#9354 = ORIENTED_EDGE('',*,*,#9355,.T.);
#9355 = EDGE_CURVE('',#9356,#9356,#9358,.T.);
#9356 = VERTEX_POINT('',#9357);
#9357 = CARTESIAN_POINT('',(3.5,-6.123233995737E-16,1.064979142851));
#9358 = ( BOUNDED_CURVE() B_SPLINE_CURVE(13,(#9359,#9360,#9361,#9362,
    #9363,#9364,#9365,#9366,#9367,#9368,#9369,#9370,#9371,#9372),
.UNSPECIFIED.,.T.,.F.) B_SPLINE_CURVE_WITH_KNOTS((1,13,13,1),(
    -15.70796326794,3.106555508923E-16,15.707963267949,31.415926535898),
.UNSPECIFIED.) CURVE() GEOMETRIC_REPRESENTATION_ITEM() 
RATIONAL_B_SPLINE_CURVE((1.,1.,1.000000000001,0.999999999997,
    1.000000000006,0.99999999999,1.000000000011,0.99999999999,
    1.000000000008,0.999999999995,1.000000000002,0.999999999999,1.,1.)) 
REPRESENTATION_ITEM('') );
#9359 = CARTESIAN_POINT('',(3.5,-6.123233995737E-16,1.064979142851));
#9360 = CARTESIAN_POINT('',(3.500000000001,-1.190825886764,
    1.064979142851));
#9361 = CARTESIAN_POINT('',(2.884541892296,-2.409113115869,
    1.064979142851));
#9362 = CARTESIAN_POINT('',(1.618015285825,-3.280240320887,
    1.064979142851));
#9363 = CARTESIAN_POINT('',(-0.124886085402,-3.414028857855,
    1.064979142851));
#9364 = CARTESIAN_POINT('',(-1.630545419375,-2.485545151045,
    1.064979142852));
#9365 = CARTESIAN_POINT('',(-2.734788378755,-1.130166370699,
    1.06497914285));
#9366 = CARTESIAN_POINT('',(-2.734788378774,1.130166370723,
    1.064979142852));
#9367 = CARTESIAN_POINT('',(-1.630545419379,2.485545151003,
    1.064979142851));
#9368 = CARTESIAN_POINT('',(-0.124886085383,3.414028857892,
    1.064979142852));
#9369 = CARTESIAN_POINT('',(1.618015285806,3.28024032087,1.064979142851)
  );
#9370 = CARTESIAN_POINT('',(2.884541892305,2.409113115874,1.064979142851
    ));
#9371 = CARTESIAN_POINT('',(3.499999999999,1.190825886764,1.064979142851
    ));
#9372 = CARTESIAN_POINT('',(3.5,-6.123233995737E-16,1.064979142851));
#9373 = ORIENTED_EDGE('',*,*,#9374,.F.);
#9374 = EDGE_CURVE('',#9327,#9356,#9375,.T.);
#9375 = LINE('',#9376,#9377);
#9376 = CARTESIAN_POINT('',(3.5,-6.123233995737E-16,0.2));
#9377 = VECTOR('',#9378,1.);
#9378 = DIRECTION('',(0.,0.,1.));
#9379 = ORIENTED_EDGE('',*,*,#9335,.F.);
#9380 = ORIENTED_EDGE('',*,*,#9374,.T.);
#9381 = CYLINDRICAL_SURFACE('',#9382,2.5);
#9382 = AXIS2_PLACEMENT_3D('',#9383,#9384,#9385);
#9383 = CARTESIAN_POINT('',(1.,0.,0.2));
#9384 = DIRECTION('',(0.,0.,1.));
#9385 = DIRECTION('',(1.,-2.449293598295E-16,0.));
#9386 = ADVANCED_FACE('',(#9387),#9416,.T.);
#9387 = FACE_BOUND('',#9388,.T.);
#9388 = EDGE_LOOP('',(#9389,#9397,#9414,#9415));
#9389 = ORIENTED_EDGE('',*,*,#9390,.T.);
#9390 = EDGE_CURVE('',#9356,#9391,#9393,.T.);
#9391 = VERTEX_POINT('',#9392);
#9392 = CARTESIAN_POINT('',(3.419629897377,-5.926384017887E-16,
    1.269338405373));
#9393 = ( BOUNDED_CURVE() B_SPLINE_CURVE(2,(#9394,#9395,#9396),
.UNSPECIFIED.,.F.,.F.) B_SPLINE_CURVE_WITH_KNOTS((3,3),(0.,
15.707963267949),.PIECEWISE_BEZIER_KNOTS.) CURVE() 
GEOMETRIC_REPRESENTATION_ITEM() RATIONAL_B_SPLINE_CURVE((1.,
0.93061798229,1.)) REPRESENTATION_ITEM('') );
#9394 = CARTESIAN_POINT('',(3.5,-6.123233995737E-16,1.064979142851));
#9395 = CARTESIAN_POINT('',(3.5,2.861894041939E-15,1.182962690499));
#9396 = CARTESIAN_POINT('',(3.419629897377,-5.926384017887E-16,
    1.269338405373));
#9397 = ORIENTED_EDGE('',*,*,#9398,.T.);
#9398 = EDGE_CURVE('',#9391,#9391,#9399,.T.);
#9399 = ( BOUNDED_CURVE() B_SPLINE_CURVE(13,(#9400,#9401,#9402,#9403,
    #9404,#9405,#9406,#9407,#9408,#9409,#9410,#9411,#9412,#9413),
.UNSPECIFIED.,.T.,.F.) B_SPLINE_CURVE_WITH_KNOTS((1,13,13,1),(
    -15.70796326794,3.106555508923E-16,15.707963267949,31.415926535898),
.UNSPECIFIED.) CURVE() GEOMETRIC_REPRESENTATION_ITEM() 
RATIONAL_B_SPLINE_CURVE((1.,1.,1.000000000001,0.999999999997,
    1.000000000006,0.99999999999,1.000000000011,0.99999999999,
    1.000000000008,0.999999999995,1.000000000002,0.999999999999,1.,1.)) 
REPRESENTATION_ITEM('') );
#9400 = CARTESIAN_POINT('',(3.419629897377,-5.926384017887E-16,
    1.269338405373));
#9401 = CARTESIAN_POINT('',(3.419629897378,-1.152543167274,
    1.269338405373));
#9402 = CARTESIAN_POINT('',(2.823957562183,-2.331664848528,
    1.269338405373));
#9403 = CARTESIAN_POINT('',(1.598147305047,-3.174787020397,
    1.269338405373));
#9404 = CARTESIAN_POINT('',(-8.872320135259E-02,-3.304274517993,
    1.269338405373));
#9405 = CARTESIAN_POINT('',(-1.545978537251,-2.405639743493,
    1.269338405373));
#9406 = CARTESIAN_POINT('',(-2.614722248644,-1.093833735828,
    1.269338405373));
#9407 = CARTESIAN_POINT('',(-2.614722248662,1.093833735852,
    1.269338405373));
#9408 = CARTESIAN_POINT('',(-1.545978537255,2.405639743452,
    1.269338405373));
#9409 = CARTESIAN_POINT('',(-8.872320133354E-02,3.304274518029,
    1.269338405373));
#9410 = CARTESIAN_POINT('',(1.598147305028,3.17478702038,1.269338405373)
  );
#9411 = CARTESIAN_POINT('',(2.823957562192,2.331664848533,1.269338405373
    ));
#9412 = CARTESIAN_POINT('',(3.419629897376,1.152543167273,1.269338405373
    ));
#9413 = CARTESIAN_POINT('',(3.419629897377,-5.926384017887E-16,
    1.269338405373));
#9414 = ORIENTED_EDGE('',*,*,#9390,.F.);
#9415 = ORIENTED_EDGE('',*,*,#9355,.F.);
#9416 = ( BOUNDED_SURFACE() B_SPLINE_SURFACE(2,13,(
    (#9417,#9418,#9419,#9420,#9421,#9422,#9423,#9424,#9425,#9426,#9427
      ,#9428,#9429,#9430)
    ,(#9431,#9432,#9433,#9434,#9435,#9436,#9437,#9438,#9439,#9440,#9441
      ,#9442,#9443,#9444)
    ,(#9445,#9446,#9447,#9448,#9449,#9450,#9451,#9452,#9453,#9454,#9455
      ,#9456,#9457,#9458
)),.UNSPECIFIED.,.F.,.T.,.F.) B_SPLINE_SURFACE_WITH_KNOTS((3,3),(1,13,13
    ,1),(0.,15.707963267949),(-15.70796326794,3.106555508923E-16,
    15.707963267949,31.415926535898),.UNSPECIFIED.) 
GEOMETRIC_REPRESENTATION_ITEM() RATIONAL_B_SPLINE_SURFACE((
    (1.,1.,1.000000000001,0.999999999997,1.000000000006,0.99999999999
      ,1.000000000011,0.99999999999,1.000000000008,0.999999999995
      ,1.000000000002,0.999999999999,1.,1.)
    ,(0.93061798229,0.930617982289,0.930617982291,0.930617982287
      ,0.930617982296,0.930617982281,0.9306179823,0.93061798228
      ,0.930617982297,0.930617982285,0.930617982292,0.930617982289
      ,0.93061798229,0.93061798229)
    ,(1.,1.,1.000000000001,0.999999999997,1.000000000006,0.99999999999
      ,1.000000000011,0.99999999999,1.000000000008,0.999999999995
,1.000000000002,0.999999999999,1.,1.
  ))) REPRESENTATION_ITEM('') SURFACE() );
#9417 = CARTESIAN_POINT('',(3.5,-6.123233995737E-16,1.064979142851));
#9418 = CARTESIAN_POINT('',(3.500000000001,-1.190825886764,
    1.064979142851));
#9419 = CARTESIAN_POINT('',(2.884541892296,-2.409113115869,
    1.064979142851));
#9420 = CARTESIAN_POINT('',(1.618015285825,-3.280240320887,
    1.064979142851));
#9421 = CARTESIAN_POINT('',(-0.124886085402,-3.414028857855,
    1.064979142851));
#9422 = CARTESIAN_POINT('',(-1.630545419375,-2.485545151045,
    1.064979142852));
#9423 = CARTESIAN_POINT('',(-2.734788378755,-1.130166370699,
    1.06497914285));
#9424 = CARTESIAN_POINT('',(-2.734788378774,1.130166370723,
    1.064979142852));
#9425 = CARTESIAN_POINT('',(-1.630545419379,2.485545151003,
    1.064979142851));
#9426 = CARTESIAN_POINT('',(-0.124886085383,3.414028857892,
    1.064979142852));
#9427 = CARTESIAN_POINT('',(1.618015285806,3.28024032087,1.064979142851)
  );
#9428 = CARTESIAN_POINT('',(2.884541892305,2.409113115874,1.064979142851
    ));
#9429 = CARTESIAN_POINT('',(3.499999999999,1.190825886764,1.064979142851
    ));
#9430 = CARTESIAN_POINT('',(3.5,-6.123233995737E-16,1.064979142851));
#9431 = CARTESIAN_POINT('',(3.5,2.861894041939E-15,1.182962690499));
#9432 = CARTESIAN_POINT('',(3.500000000001,-1.190825886764,
    1.182962690499));
#9433 = CARTESIAN_POINT('',(2.884541892297,-2.40911311587,1.182962690499
    ));
#9434 = CARTESIAN_POINT('',(1.618015285824,-3.280240320884,
    1.182962690499));
#9435 = CARTESIAN_POINT('',(-0.1248860854,-3.414028857861,1.182962690499
    ));
#9436 = CARTESIAN_POINT('',(-1.630545419378,-2.485545151035,
    1.182962690499));
#9437 = CARTESIAN_POINT('',(-2.73478837875,-1.13016637071,1.182962690499
    ));
#9438 = CARTESIAN_POINT('',(-2.73478837878,1.130166370735,1.182962690499
    ));
#9439 = CARTESIAN_POINT('',(-1.630545419374,2.485545150991,
    1.182962690499));
#9440 = CARTESIAN_POINT('',(-0.124886085386,3.414028857901,
    1.182962690499));
#9441 = CARTESIAN_POINT('',(1.618015285807,3.280240320865,1.182962690499
    ));
#9442 = CARTESIAN_POINT('',(2.884541892305,2.409113115875,1.182962690499
    ));
#9443 = CARTESIAN_POINT('',(3.499999999999,1.190825886764,1.182962690499
    ));
#9444 = CARTESIAN_POINT('',(3.5,2.861894041939E-15,1.182962690499));
#9445 = CARTESIAN_POINT('',(3.419629897377,-5.926384017887E-16,
    1.269338405373));
#9446 = CARTESIAN_POINT('',(3.419629897378,-1.152543167274,
    1.269338405373));
#9447 = CARTESIAN_POINT('',(2.823957562183,-2.331664848528,
    1.269338405373));
#9448 = CARTESIAN_POINT('',(1.598147305047,-3.174787020397,
    1.269338405373));
#9449 = CARTESIAN_POINT('',(-8.872320135259E-02,-3.304274517993,
    1.269338405373));
#9450 = CARTESIAN_POINT('',(-1.545978537251,-2.405639743493,
    1.269338405373));
#9451 = CARTESIAN_POINT('',(-2.614722248644,-1.093833735828,
    1.269338405373));
#9452 = CARTESIAN_POINT('',(-2.614722248662,1.093833735852,
    1.269338405373));
#9453 = CARTESIAN_POINT('',(-1.545978537255,2.405639743452,
    1.269338405373));
#9454 = CARTESIAN_POINT('',(-8.872320133354E-02,3.304274518029,
    1.269338405373));
#9455 = CARTESIAN_POINT('',(1.598147305028,3.17478702038,1.269338405373)
  );
#9456 = CARTESIAN_POINT('',(2.823957562192,2.331664848533,1.269338405373
    ));
#9457 = CARTESIAN_POINT('',(3.419629897376,1.152543167273,1.269338405373
    ));
#9458 = CARTESIAN_POINT('',(3.419629897377,-5.926384017887E-16,
    1.269338405373));
#9459 = ADVANCED_FACE('',(#9460),#9490,.F.);
#9460 = FACE_BOUND('',#9461,.F.);
#9461 = EDGE_LOOP('',(#9462,#9471,#9472,#9473));
#9462 = ORIENTED_EDGE('',*,*,#9463,.F.);
#9463 = EDGE_CURVE('',#9391,#9464,#9466,.T.);
#9464 = VERTEX_POINT('',#9465);
#9465 = CARTESIAN_POINT('',(3.419629897377,-5.926384017887E-16,
    1.930661594627));
#9466 = CIRCLE('',#9467,0.485412195974);
#9467 = AXIS2_PLACEMENT_3D('',#9468,#9469,#9470);
#9468 = CARTESIAN_POINT('',(3.775,-6.796789735268E-16,1.6));
#9469 = DIRECTION('',(2.449293598295E-16,1.,0.));
#9470 = DIRECTION('',(-0.566528822887,1.387595419147E-16,-0.824041924199
    ));
#9471 = ORIENTED_EDGE('',*,*,#9398,.T.);
#9472 = ORIENTED_EDGE('',*,*,#9463,.T.);
#9473 = ORIENTED_EDGE('',*,*,#9474,.F.);
#9474 = EDGE_CURVE('',#9464,#9464,#9475,.T.);
#9475 = ( BOUNDED_CURVE() B_SPLINE_CURVE(13,(#9476,#9477,#9478,#9479,
    #9480,#9481,#9482,#9483,#9484,#9485,#9486,#9487,#9488,#9489),
.UNSPECIFIED.,.T.,.F.) B_SPLINE_CURVE_WITH_KNOTS((1,13,13,1),(
    -15.70796326794,3.106555508923E-16,15.707963267949,31.415926535898),
.UNSPECIFIED.) CURVE() GEOMETRIC_REPRESENTATION_ITEM() 
RATIONAL_B_SPLINE_CURVE((1.,1.,1.000000000001,0.999999999997,
    1.000000000006,0.99999999999,1.000000000011,0.99999999999,
    1.000000000008,0.999999999995,1.000000000002,0.999999999999,1.,1.)) 
REPRESENTATION_ITEM('') );
#9476 = CARTESIAN_POINT('',(3.419629897377,-5.926384017887E-16,
    1.930661594627));
#9477 = CARTESIAN_POINT('',(3.419629897378,-1.152543167274,
    1.930661594627));
#9478 = CARTESIAN_POINT('',(2.823957562183,-2.331664848528,
    1.930661594627));
#9479 = CARTESIAN_POINT('',(1.598147305047,-3.174787020397,
    1.930661594627));
#9480 = CARTESIAN_POINT('',(-8.872320135263E-02,-3.304274517993,
    1.930661594627));
#9481 = CARTESIAN_POINT('',(-1.545978537251,-2.405639743492,
    1.930661594627));
#9482 = CARTESIAN_POINT('',(-2.614722248643,-1.093833735829,
    1.930661594627));
#9483 = CARTESIAN_POINT('',(-2.614722248663,1.093833735853,
    1.930661594627));
#9484 = CARTESIAN_POINT('',(-1.545978537254,2.405639743451,
    1.930661594627));
#9485 = CARTESIAN_POINT('',(-8.87232013347E-02,3.30427451803,
    1.930661594627));
#9486 = CARTESIAN_POINT('',(1.598147305029,3.17478702038,1.930661594627)
  );
#9487 = CARTESIAN_POINT('',(2.823957562192,2.331664848533,1.930661594627
    ));
#9488 = CARTESIAN_POINT('',(3.419629897376,1.152543167273,1.930661594627
    ));
#9489 = CARTESIAN_POINT('',(3.419629897377,-5.926384017887E-16,
    1.930661594627));
#9490 = SURFACE_OF_REVOLUTION('',#9491,#9496);
#9491 = CIRCLE('',#9492,0.485412195974);
#9492 = AXIS2_PLACEMENT_3D('',#9493,#9494,#9495);
#9493 = CARTESIAN_POINT('',(3.775,-6.796789735268E-16,1.6));
#9494 = DIRECTION('',(2.449293598295E-16,1.,0.));
#9495 = DIRECTION('',(-0.566528822887,1.387595419147E-16,-0.824041924199
    ));
#9496 = AXIS1_PLACEMENT('',#9497,#9498);
#9497 = CARTESIAN_POINT('',(1.,0.,0.));
#9498 = DIRECTION('',(0.,0.,-1.));
#9499 = ADVANCED_FACE('',(#9500),#9529,.T.);
#9500 = FACE_BOUND('',#9501,.T.);
#9501 = EDGE_LOOP('',(#9502,#9510,#9527,#9528));
#9502 = ORIENTED_EDGE('',*,*,#9503,.T.);
#9503 = EDGE_CURVE('',#9464,#9504,#9506,.T.);
#9504 = VERTEX_POINT('',#9505);
#9505 = CARTESIAN_POINT('',(3.5,-6.123233995737E-16,2.135020857149));
#9506 = ( BOUNDED_CURVE() B_SPLINE_CURVE(2,(#9507,#9508,#9509),
.UNSPECIFIED.,.F.,.F.) B_SPLINE_CURVE_WITH_KNOTS((3,3),(0.,
15.707963267949),.PIECEWISE_BEZIER_KNOTS.) CURVE() 
GEOMETRIC_REPRESENTATION_ITEM() RATIONAL_B_SPLINE_CURVE((1.,
0.93061798229,1.)) REPRESENTATION_ITEM('') );
#9507 = CARTESIAN_POINT('',(3.419629897377,-5.926384017887E-16,
    1.930661594627));
#9508 = CARTESIAN_POINT('',(3.5,-1.908595516997E-15,2.017037309501));
#9509 = CARTESIAN_POINT('',(3.5,-6.123233995737E-16,2.135020857149));
#9510 = ORIENTED_EDGE('',*,*,#9511,.T.);
#9511 = EDGE_CURVE('',#9504,#9504,#9512,.T.);
#9512 = ( BOUNDED_CURVE() B_SPLINE_CURVE(13,(#9513,#9514,#9515,#9516,
    #9517,#9518,#9519,#9520,#9521,#9522,#9523,#9524,#9525,#9526),
.UNSPECIFIED.,.T.,.F.) B_SPLINE_CURVE_WITH_KNOTS((1,13,13,1),(
    -15.70796326794,3.106555508923E-16,15.707963267949,31.415926535898),
.UNSPECIFIED.) CURVE() GEOMETRIC_REPRESENTATION_ITEM() 
RATIONAL_B_SPLINE_CURVE((1.,1.,1.000000000001,0.999999999997,
    1.000000000006,0.99999999999,1.000000000011,0.99999999999,
    1.000000000008,0.999999999995,1.000000000002,0.999999999999,1.,1.)) 
REPRESENTATION_ITEM('') );
#9513 = CARTESIAN_POINT('',(3.5,-6.123233995737E-16,2.135020857149));
#9514 = CARTESIAN_POINT('',(3.500000000002,-1.190825886764,
    2.135020857149));
#9515 = CARTESIAN_POINT('',(2.884541892295,-2.409113115869,
    2.135020857149));
#9516 = CARTESIAN_POINT('',(1.618015285826,-3.280240320886,
    2.135020857149));
#9517 = CARTESIAN_POINT('',(-0.124886085405,-3.414028857857,
    2.135020857149));
#9518 = CARTESIAN_POINT('',(-1.630545419372,-2.485545151043,
    2.135020857149));
#9519 = CARTESIAN_POINT('',(-2.734788378759,-1.130166370701,
    2.135020857149));
#9520 = CARTESIAN_POINT('',(-2.73478837877,1.130166370726,2.135020857149
    ));
#9521 = CARTESIAN_POINT('',(-1.630545419382,2.485545151,2.135020857149)
  );
#9522 = CARTESIAN_POINT('',(-0.124886085381,3.414028857894,
    2.135020857149));
#9523 = CARTESIAN_POINT('',(1.618015285805,3.280240320869,2.135020857149
    ));
#9524 = CARTESIAN_POINT('',(2.884541892306,2.409113115874,2.135020857149
    ));
#9525 = CARTESIAN_POINT('',(3.499999999999,1.190825886764,2.135020857149
    ));
#9526 = CARTESIAN_POINT('',(3.5,-6.123233995737E-16,2.135020857149));
#9527 = ORIENTED_EDGE('',*,*,#9503,.F.);
#9528 = ORIENTED_EDGE('',*,*,#9474,.F.);
#9529 = ( BOUNDED_SURFACE() B_SPLINE_SURFACE(2,13,(
    (#9530,#9531,#9532,#9533,#9534,#9535,#9536,#9537,#9538,#9539,#9540
      ,#9541,#9542,#9543)
    ,(#9544,#9545,#9546,#9547,#9548,#9549,#9550,#9551,#9552,#9553,#9554
      ,#9555,#9556,#9557)
    ,(#9558,#9559,#9560,#9561,#9562,#9563,#9564,#9565,#9566,#9567,#9568
      ,#9569,#9570,#9571
)),.UNSPECIFIED.,.F.,.T.,.F.) B_SPLINE_SURFACE_WITH_KNOTS((3,3),(1,13,13
    ,1),(0.,15.707963267949),(-15.70796326794,3.106555508923E-16,
    15.707963267949,31.415926535898),.UNSPECIFIED.) 
GEOMETRIC_REPRESENTATION_ITEM() RATIONAL_B_SPLINE_SURFACE((
    (1.,1.,1.000000000001,0.999999999997,1.000000000006,0.99999999999
      ,1.000000000011,0.99999999999,1.000000000008,0.999999999995
      ,1.000000000002,0.999999999999,1.,1.)
    ,(0.93061798229,0.930617982289,0.930617982291,0.930617982286
      ,0.930617982297,0.930617982278,0.930617982304,0.930617982276
      ,0.9306179823,0.930617982283,0.930617982293,0.930617982288
      ,0.93061798229,0.93061798229)
    ,(1.,1.,1.000000000001,0.999999999997,1.000000000006,0.99999999999
      ,1.000000000011,0.99999999999,1.000000000008,0.999999999995
,1.000000000002,0.999999999999,1.,1.
  ))) REPRESENTATION_ITEM('') SURFACE() );
#9530 = CARTESIAN_POINT('',(3.419629897377,-5.926384017887E-16,
    1.930661594627));
#9531 = CARTESIAN_POINT('',(3.419629897378,-1.152543167274,
    1.930661594627));
#9532 = CARTESIAN_POINT('',(2.823957562183,-2.331664848528,
    1.930661594627));
#9533 = CARTESIAN_POINT('',(1.598147305047,-3.174787020397,
    1.930661594627));
#9534 = CARTESIAN_POINT('',(-8.872320135263E-02,-3.304274517993,
    1.930661594627));
#9535 = CARTESIAN_POINT('',(-1.545978537251,-2.405639743492,
    1.930661594627));
#9536 = CARTESIAN_POINT('',(-2.614722248643,-1.093833735829,
    1.930661594627));
#9537 = CARTESIAN_POINT('',(-2.614722248663,1.093833735853,
    1.930661594627));
#9538 = CARTESIAN_POINT('',(-1.545978537254,2.405639743451,
    1.930661594627));
#9539 = CARTESIAN_POINT('',(-8.87232013347E-02,3.30427451803,
    1.930661594627));
#9540 = CARTESIAN_POINT('',(1.598147305029,3.17478702038,1.930661594627)
  );
#9541 = CARTESIAN_POINT('',(2.823957562192,2.331664848533,1.930661594627
    ));
#9542 = CARTESIAN_POINT('',(3.419629897376,1.152543167273,1.930661594627
    ));
#9543 = CARTESIAN_POINT('',(3.419629897377,-5.926384017887E-16,
    1.930661594627));
#9544 = CARTESIAN_POINT('',(3.5,-1.908595516997E-15,2.017037309501));
#9545 = CARTESIAN_POINT('',(3.500000000001,-1.190825886764,
    2.017037309501));
#9546 = CARTESIAN_POINT('',(2.884541892296,-2.40911311587,2.017037309501
    ));
#9547 = CARTESIAN_POINT('',(1.618015285824,-3.280240320885,
    2.017037309501));
#9548 = CARTESIAN_POINT('',(-0.124886085397,-3.414028857858,
    2.017037309501));
#9549 = CARTESIAN_POINT('',(-1.630545419388,-2.485545151038,2.0170373095
    ));
#9550 = CARTESIAN_POINT('',(-2.734788378733,-1.130166370711,
    2.017037309501));
#9551 = CARTESIAN_POINT('',(-2.734788378798,1.130166370745,2.0170373095)
  );
#9552 = CARTESIAN_POINT('',(-1.630545419362,2.485545150978,
    2.017037309501));
#9553 = CARTESIAN_POINT('',(-0.124886085391,3.414028857911,
    2.017037309501));
#9554 = CARTESIAN_POINT('',(1.618015285808,3.28024032086,2.017037309501)
  );
#9555 = CARTESIAN_POINT('',(2.884541892305,2.409113115877,2.017037309501
    ));
#9556 = CARTESIAN_POINT('',(3.499999999999,1.190825886763,2.017037309501
    ));
#9557 = CARTESIAN_POINT('',(3.5,-1.908595516997E-15,2.017037309501));
#9558 = CARTESIAN_POINT('',(3.5,-6.123233995737E-16,2.135020857149));
#9559 = CARTESIAN_POINT('',(3.500000000002,-1.190825886764,
    2.135020857149));
#9560 = CARTESIAN_POINT('',(2.884541892295,-2.409113115869,
    2.135020857149));
#9561 = CARTESIAN_POINT('',(1.618015285826,-3.280240320886,
    2.135020857149));
#9562 = CARTESIAN_POINT('',(-0.124886085405,-3.414028857857,
    2.135020857149));
#9563 = CARTESIAN_POINT('',(-1.630545419372,-2.485545151043,
    2.135020857149));
#9564 = CARTESIAN_POINT('',(-2.734788378759,-1.130166370701,
    2.135020857149));
#9565 = CARTESIAN_POINT('',(-2.73478837877,1.130166370726,2.135020857149
    ));
#9566 = CARTESIAN_POINT('',(-1.630545419382,2.485545151,2.135020857149)
  );
#9567 = CARTESIAN_POINT('',(-0.124886085381,3.414028857894,
    2.135020857149));
#9568 = CARTESIAN_POINT('',(1.618015285805,3.280240320869,2.135020857149
    ));
#9569 = CARTESIAN_POINT('',(2.884541892306,2.409113115874,2.135020857149
    ));
#9570 = CARTESIAN_POINT('',(3.499999999999,1.190825886764,2.135020857149
    ));
#9571 = CARTESIAN_POINT('',(3.5,-6.123233995737E-16,2.135020857149));
#9572 = ADVANCED_FACE('',(#9573),#9592,.T.);
#9573 = FACE_BOUND('',#9574,.T.);
#9574 = EDGE_LOOP('',(#9575,#9584,#9590,#9591));
#9575 = ORIENTED_EDGE('',*,*,#9576,.T.);
#9576 = EDGE_CURVE('',#9577,#9577,#9579,.T.);
#9577 = VERTEX_POINT('',#9578);
#9578 = CARTESIAN_POINT('',(3.5,-6.123233995737E-16,10.8));
#9579 = CIRCLE('',#9580,2.5);
#9580 = AXIS2_PLACEMENT_3D('',#9581,#9582,#9583);
#9581 = CARTESIAN_POINT('',(1.,0.,10.8));
#9582 = DIRECTION('',(0.,-0.,-1.));
#9583 = DIRECTION('',(1.,-2.449293598295E-16,0.));
#9584 = ORIENTED_EDGE('',*,*,#9585,.F.);
#9585 = EDGE_CURVE('',#9504,#9577,#9586,.T.);
#9586 = LINE('',#9587,#9588);
#9587 = CARTESIAN_POINT('',(3.5,-6.123233995737E-16,2.));
#9588 = VECTOR('',#9589,1.);
#9589 = DIRECTION('',(0.,0.,1.));
#9590 = ORIENTED_EDGE('',*,*,#9511,.F.);
#9591 = ORIENTED_EDGE('',*,*,#9585,.T.);
#9592 = CYLINDRICAL_SURFACE('',#9593,2.5);
#9593 = AXIS2_PLACEMENT_3D('',#9594,#9595,#9596);
#9594 = CARTESIAN_POINT('',(1.,0.,2.));
#9595 = DIRECTION('',(0.,0.,1.));
#9596 = DIRECTION('',(1.,-2.449293598295E-16,0.));
#9597 = ADVANCED_FACE('',(#9598),#9618,.T.);
#9598 = FACE_BOUND('',#9599,.T.);
#9599 = EDGE_LOOP('',(#9600,#9609,#9616,#9617));
#9600 = ORIENTED_EDGE('',*,*,#9601,.T.);
#9601 = EDGE_CURVE('',#9577,#9602,#9604,.T.);
#9602 = VERTEX_POINT('',#9603);
#9603 = CARTESIAN_POINT('',(3.3,-5.633375276078E-16,11.));
#9604 = CIRCLE('',#9605,0.2);
#9605 = AXIS2_PLACEMENT_3D('',#9606,#9607,#9608);
#9606 = CARTESIAN_POINT('',(3.3,-5.633375276078E-16,10.8));
#9607 = DIRECTION('',(-2.449293598295E-16,-1.,0.));
#9608 = DIRECTION('',(1.,-2.449293598295E-16,0.));
#9609 = ORIENTED_EDGE('',*,*,#9610,.T.);
#9610 = EDGE_CURVE('',#9602,#9602,#9611,.T.);
#9611 = CIRCLE('',#9612,2.3);
#9612 = AXIS2_PLACEMENT_3D('',#9613,#9614,#9615);
#9613 = CARTESIAN_POINT('',(1.,0.,11.));
#9614 = DIRECTION('',(0.,-0.,-1.));
#9615 = DIRECTION('',(1.,-2.449293598295E-16,0.));
#9616 = ORIENTED_EDGE('',*,*,#9601,.F.);
#9617 = ORIENTED_EDGE('',*,*,#9576,.F.);
#9618 = TOROIDAL_SURFACE('',#9619,2.3,0.2);
#9619 = AXIS2_PLACEMENT_3D('',#9620,#9621,#9622);
#9620 = CARTESIAN_POINT('',(1.,0.,10.8));
#9621 = DIRECTION('',(0.,0.,1.));
#9622 = DIRECTION('',(1.,-2.449293598295E-16,0.));
#9623 = ADVANCED_FACE('',(#9624,#9627),#9638,.F.);
#9624 = FACE_BOUND('',#9625,.F.);
#9625 = EDGE_LOOP('',(#9626));
#9626 = ORIENTED_EDGE('',*,*,#9610,.T.);
#9627 = FACE_BOUND('',#9628,.F.);
#9628 = EDGE_LOOP('',(#9629));
#9629 = ORIENTED_EDGE('',*,*,#9630,.F.);
#9630 = EDGE_CURVE('',#9631,#9631,#9633,.T.);
#9631 = VERTEX_POINT('',#9632);
#9632 = CARTESIAN_POINT('',(2.75,-4.286263797016E-16,11.));
#9633 = CIRCLE('',#9634,1.75);
#9634 = AXIS2_PLACEMENT_3D('',#9635,#9636,#9637);
#9635 = CARTESIAN_POINT('',(1.,0.,11.));
#9636 = DIRECTION('',(0.,-0.,-1.));
#9637 = DIRECTION('',(1.,-2.449293598295E-16,0.));
#9638 = PLANE('',#9639);
#9639 = AXIS2_PLACEMENT_3D('',#9640,#9641,#9642);
#9640 = CARTESIAN_POINT('',(1.,0.,11.));
#9641 = DIRECTION('',(0.,0.,-1.));
#9642 = DIRECTION('',(1.,-2.449293598295E-16,0.));
#9643 = ADVANCED_FACE('',(#9644),#9808,.F.);
#9644 = FACE_BOUND('',#9645,.F.);
#9645 = EDGE_LOOP('',(#9646,#9654,#9655,#9656,#9665,#9673,#9682,#9690,
    #9699,#9707,#9716,#9724,#9733,#9742,#9750,#9759,#9767,#9776,#9784,
    #9793,#9801));
#9646 = ORIENTED_EDGE('',*,*,#9647,.F.);
#9647 = EDGE_CURVE('',#9631,#9648,#9650,.T.);
#9648 = VERTEX_POINT('',#9649);
#9649 = CARTESIAN_POINT('',(2.75,-4.101500934483E-14,10.8));
#9650 = LINE('',#9651,#9652);
#9651 = CARTESIAN_POINT('',(2.75,-4.286263797016E-16,11.));
#9652 = VECTOR('',#9653,1.);
#9653 = DIRECTION('',(0.,0.,-1.));
#9654 = ORIENTED_EDGE('',*,*,#9630,.T.);
#9655 = ORIENTED_EDGE('',*,*,#9647,.T.);
#9656 = ORIENTED_EDGE('',*,*,#9657,.F.);
#9657 = EDGE_CURVE('',#9658,#9648,#9660,.T.);
#9658 = VERTEX_POINT('',#9659);
#9659 = CARTESIAN_POINT('',(2.749285568454,5.E-02,10.8));
#9660 = CIRCLE('',#9661,1.75);
#9661 = AXIS2_PLACEMENT_3D('',#9662,#9663,#9664);
#9662 = CARTESIAN_POINT('',(1.,0.,10.8));
#9663 = DIRECTION('',(0.,0.,-1.));
#9664 = DIRECTION('',(-1.,1.224646799147E-16,0.));
#9665 = ORIENTED_EDGE('',*,*,#9666,.F.);
#9666 = EDGE_CURVE('',#9667,#9658,#9669,.T.);
#9667 = VERTEX_POINT('',#9668);
#9668 = CARTESIAN_POINT('',(2.749285568454,4.999999999996E-02,10.9));
#9669 = LINE('',#9670,#9671);
#9670 = CARTESIAN_POINT('',(2.749285568454,5.E-02,10.7));
#9671 = VECTOR('',#9672,1.);
#9672 = DIRECTION('',(0.,0.,-1.));
#9673 = ORIENTED_EDGE('',*,*,#9674,.T.);
#9674 = EDGE_CURVE('',#9667,#9675,#9677,.T.);
#9675 = VERTEX_POINT('',#9676);
#9676 = CARTESIAN_POINT('',(1.05,1.749285568454,10.9));
#9677 = CIRCLE('',#9678,1.75);
#9678 = AXIS2_PLACEMENT_3D('',#9679,#9680,#9681);
#9679 = CARTESIAN_POINT('',(1.,0.,10.9));
#9680 = DIRECTION('',(0.,0.,1.));
#9681 = DIRECTION('',(-1.,1.224646799147E-16,0.));
#9682 = ORIENTED_EDGE('',*,*,#9683,.T.);
#9683 = EDGE_CURVE('',#9675,#9684,#9686,.T.);
#9684 = VERTEX_POINT('',#9685);
#9685 = CARTESIAN_POINT('',(1.05,1.749285568454,10.8));
#9686 = LINE('',#9687,#9688);
#9687 = CARTESIAN_POINT('',(1.05,1.749285568454,10.7));
#9688 = VECTOR('',#9689,1.);
#9689 = DIRECTION('',(0.,0.,-1.));
#9690 = ORIENTED_EDGE('',*,*,#9691,.F.);
#9691 = EDGE_CURVE('',#9692,#9684,#9694,.T.);
#9692 = VERTEX_POINT('',#9693);
#9693 = CARTESIAN_POINT('',(0.95,1.749285568454,10.8));
#9694 = CIRCLE('',#9695,1.75);
#9695 = AXIS2_PLACEMENT_3D('',#9696,#9697,#9698);
#9696 = CARTESIAN_POINT('',(1.,0.,10.8));
#9697 = DIRECTION('',(0.,0.,-1.));
#9698 = DIRECTION('',(-1.,1.224646799147E-16,0.));
#9699 = ORIENTED_EDGE('',*,*,#9700,.F.);
#9700 = EDGE_CURVE('',#9701,#9692,#9703,.T.);
#9701 = VERTEX_POINT('',#9702);
#9702 = CARTESIAN_POINT('',(0.95,1.749285568454,10.9));
#9703 = LINE('',#9704,#9705);
#9704 = CARTESIAN_POINT('',(0.95,1.749285568454,10.7));
#9705 = VECTOR('',#9706,1.);
#9706 = DIRECTION('',(0.,0.,-1.));
#9707 = ORIENTED_EDGE('',*,*,#9708,.T.);
#9708 = EDGE_CURVE('',#9701,#9709,#9711,.T.);
#9709 = VERTEX_POINT('',#9710);
#9710 = CARTESIAN_POINT('',(-0.749285568454,5.000000000002E-02,10.9));
#9711 = CIRCLE('',#9712,1.75);
#9712 = AXIS2_PLACEMENT_3D('',#9713,#9714,#9715);
#9713 = CARTESIAN_POINT('',(1.,0.,10.9));
#9714 = DIRECTION('',(0.,0.,1.));
#9715 = DIRECTION('',(-1.,1.224646799147E-16,0.));
#9716 = ORIENTED_EDGE('',*,*,#9717,.T.);
#9717 = EDGE_CURVE('',#9709,#9718,#9720,.T.);
#9718 = VERTEX_POINT('',#9719);
#9719 = CARTESIAN_POINT('',(-0.749285568454,5.E-02,10.8));
#9720 = LINE('',#9721,#9722);
#9721 = CARTESIAN_POINT('',(-0.749285568454,5.E-02,10.7));
#9722 = VECTOR('',#9723,1.);
#9723 = DIRECTION('',(0.,0.,-1.));
#9724 = ORIENTED_EDGE('',*,*,#9725,.F.);
#9725 = EDGE_CURVE('',#9726,#9718,#9728,.T.);
#9726 = VERTEX_POINT('',#9727);
#9727 = CARTESIAN_POINT('',(-0.75,2.143131898508E-16,10.8));
#9728 = CIRCLE('',#9729,1.75);
#9729 = AXIS2_PLACEMENT_3D('',#9730,#9731,#9732);
#9730 = CARTESIAN_POINT('',(1.,0.,10.8));
#9731 = DIRECTION('',(0.,0.,-1.));
#9732 = DIRECTION('',(-1.,1.224646799147E-16,0.));
#9733 = ORIENTED_EDGE('',*,*,#9734,.F.);
#9734 = EDGE_CURVE('',#9735,#9726,#9737,.T.);
#9735 = VERTEX_POINT('',#9736);
#9736 = CARTESIAN_POINT('',(-0.749285568454,-5.E-02,10.8));
#9737 = CIRCLE('',#9738,1.75);
#9738 = AXIS2_PLACEMENT_3D('',#9739,#9740,#9741);
#9739 = CARTESIAN_POINT('',(1.,0.,10.8));
#9740 = DIRECTION('',(0.,0.,-1.));
#9741 = DIRECTION('',(-1.,1.224646799147E-16,0.));
#9742 = ORIENTED_EDGE('',*,*,#9743,.F.);
#9743 = EDGE_CURVE('',#9744,#9735,#9746,.T.);
#9744 = VERTEX_POINT('',#9745);
#9745 = CARTESIAN_POINT('',(-0.749285568454,-5.000000000002E-02,10.9));
#9746 = LINE('',#9747,#9748);
#9747 = CARTESIAN_POINT('',(-0.749285568454,-5.E-02,10.7));
#9748 = VECTOR('',#9749,1.);
#9749 = DIRECTION('',(0.,0.,-1.));
#9750 = ORIENTED_EDGE('',*,*,#9751,.T.);
#9751 = EDGE_CURVE('',#9744,#9752,#9754,.T.);
#9752 = VERTEX_POINT('',#9753);
#9753 = CARTESIAN_POINT('',(0.95,-1.749285568454,10.9));
#9754 = CIRCLE('',#9755,1.75);
#9755 = AXIS2_PLACEMENT_3D('',#9756,#9757,#9758);
#9756 = CARTESIAN_POINT('',(1.,0.,10.9));
#9757 = DIRECTION('',(0.,0.,1.));
#9758 = DIRECTION('',(-1.,1.224646799147E-16,0.));
#9759 = ORIENTED_EDGE('',*,*,#9760,.T.);
#9760 = EDGE_CURVE('',#9752,#9761,#9763,.T.);
#9761 = VERTEX_POINT('',#9762);
#9762 = CARTESIAN_POINT('',(0.95,-1.749285568454,10.8));
#9763 = LINE('',#9764,#9765);
#9764 = CARTESIAN_POINT('',(0.95,-1.749285568454,10.7));
#9765 = VECTOR('',#9766,1.);
#9766 = DIRECTION('',(0.,0.,-1.));
#9767 = ORIENTED_EDGE('',*,*,#9768,.F.);
#9768 = EDGE_CURVE('',#9769,#9761,#9771,.T.);
#9769 = VERTEX_POINT('',#9770);
#9770 = CARTESIAN_POINT('',(1.05,-1.749285568454,10.8));
#9771 = CIRCLE('',#9772,1.75);
#9772 = AXIS2_PLACEMENT_3D('',#9773,#9774,#9775);
#9773 = CARTESIAN_POINT('',(1.,0.,10.8));
#9774 = DIRECTION('',(0.,0.,-1.));
#9775 = DIRECTION('',(-1.,1.224646799147E-16,0.));
#9776 = ORIENTED_EDGE('',*,*,#9777,.F.);
#9777 = EDGE_CURVE('',#9778,#9769,#9780,.T.);
#9778 = VERTEX_POINT('',#9779);
#9779 = CARTESIAN_POINT('',(1.05,-1.749285568454,10.9));
#9780 = LINE('',#9781,#9782);
#9781 = CARTESIAN_POINT('',(1.05,-1.749285568454,10.7));
#9782 = VECTOR('',#9783,1.);
#9783 = DIRECTION('',(0.,0.,-1.));
#9784 = ORIENTED_EDGE('',*,*,#9785,.T.);
#9785 = EDGE_CURVE('',#9778,#9786,#9788,.T.);
#9786 = VERTEX_POINT('',#9787);
#9787 = CARTESIAN_POINT('',(2.749285568454,-4.999999999996E-02,10.9));
#9788 = CIRCLE('',#9789,1.75);
#9789 = AXIS2_PLACEMENT_3D('',#9790,#9791,#9792);
#9790 = CARTESIAN_POINT('',(1.,0.,10.9));
#9791 = DIRECTION('',(0.,0.,1.));
#9792 = DIRECTION('',(-1.,1.224646799147E-16,0.));
#9793 = ORIENTED_EDGE('',*,*,#9794,.T.);
#9794 = EDGE_CURVE('',#9786,#9795,#9797,.T.);
#9795 = VERTEX_POINT('',#9796);
#9796 = CARTESIAN_POINT('',(2.749285568454,-5.E-02,10.8));
#9797 = LINE('',#9798,#9799);
#9798 = CARTESIAN_POINT('',(2.749285568454,-5.E-02,10.7));
#9799 = VECTOR('',#9800,1.);
#9800 = DIRECTION('',(0.,0.,-1.));
#9801 = ORIENTED_EDGE('',*,*,#9802,.F.);
#9802 = EDGE_CURVE('',#9648,#9795,#9803,.T.);
#9803 = CIRCLE('',#9804,1.75);
#9804 = AXIS2_PLACEMENT_3D('',#9805,#9806,#9807);
#9805 = CARTESIAN_POINT('',(1.,0.,10.8));
#9806 = DIRECTION('',(0.,0.,-1.));
#9807 = DIRECTION('',(-1.,1.224646799147E-16,0.));
#9808 = CYLINDRICAL_SURFACE('',#9809,1.75);
#9809 = AXIS2_PLACEMENT_3D('',#9810,#9811,#9812);
#9810 = CARTESIAN_POINT('',(1.,0.,11.));
#9811 = DIRECTION('',(0.,0.,-1.));
#9812 = DIRECTION('',(1.,-2.449293598295E-16,0.));
#9813 = ADVANCED_FACE('',(#9814),#9878,.T.);
#9814 = FACE_BOUND('',#9815,.T.);
#9815 = EDGE_LOOP('',(#9816,#9824,#9830,#9831,#9839,#9845,#9846,#9847,
    #9855,#9861,#9862,#9870,#9876,#9877));
#9816 = ORIENTED_EDGE('',*,*,#9817,.T.);
#9817 = EDGE_CURVE('',#9735,#9818,#9820,.T.);
#9818 = VERTEX_POINT('',#9819);
#9819 = CARTESIAN_POINT('',(0.95,-5.E-02,10.8));
#9820 = LINE('',#9821,#9822);
#9821 = CARTESIAN_POINT('',(-4.05,-5.E-02,10.8));
#9822 = VECTOR('',#9823,1.);
#9823 = DIRECTION('',(1.,-8.221909527207E-17,0.));
#9824 = ORIENTED_EDGE('',*,*,#9825,.T.);
#9825 = EDGE_CURVE('',#9818,#9761,#9826,.T.);
#9826 = LINE('',#9827,#9828);
#9827 = CARTESIAN_POINT('',(0.95,-5.E-02,10.8));
#9828 = VECTOR('',#9829,1.);
#9829 = DIRECTION('',(-1.224646799147E-16,-1.,3.552713678801E-16));
#9830 = ORIENTED_EDGE('',*,*,#9768,.F.);
#9831 = ORIENTED_EDGE('',*,*,#9832,.T.);
#9832 = EDGE_CURVE('',#9769,#9833,#9835,.T.);
#9833 = VERTEX_POINT('',#9834);
#9834 = CARTESIAN_POINT('',(1.05,-5.E-02,10.8));
#9835 = LINE('',#9836,#9837);
#9836 = CARTESIAN_POINT('',(1.05,-5.05,10.8));
#9837 = VECTOR('',#9838,1.);
#9838 = DIRECTION('',(1.224646799147E-16,1.,0.));
#9839 = ORIENTED_EDGE('',*,*,#9840,.T.);
#9840 = EDGE_CURVE('',#9833,#9795,#9841,.T.);
#9841 = LINE('',#9842,#9843);
#9842 = CARTESIAN_POINT('',(1.05,-5.E-02,10.8));
#9843 = VECTOR('',#9844,1.);
#9844 = DIRECTION('',(1.,-1.224646799147E-16,0.));
#9845 = ORIENTED_EDGE('',*,*,#9802,.F.);
#9846 = ORIENTED_EDGE('',*,*,#9657,.F.);
#9847 = ORIENTED_EDGE('',*,*,#9848,.T.);
#9848 = EDGE_CURVE('',#9658,#9849,#9851,.T.);
#9849 = VERTEX_POINT('',#9850);
#9850 = CARTESIAN_POINT('',(1.05,5.E-02,10.8));
#9851 = LINE('',#9852,#9853);
#9852 = CARTESIAN_POINT('',(6.05,5.E-02,10.8));
#9853 = VECTOR('',#9854,1.);
#9854 = DIRECTION('',(-1.,1.224646799147E-16,0.));
#9855 = ORIENTED_EDGE('',*,*,#9856,.T.);
#9856 = EDGE_CURVE('',#9849,#9684,#9857,.T.);
#9857 = LINE('',#9858,#9859);
#9858 = CARTESIAN_POINT('',(1.05,5.E-02,10.8));
#9859 = VECTOR('',#9860,1.);
#9860 = DIRECTION('',(1.224646799147E-16,1.,0.));
#9861 = ORIENTED_EDGE('',*,*,#9691,.F.);
#9862 = ORIENTED_EDGE('',*,*,#9863,.T.);
#9863 = EDGE_CURVE('',#9692,#9864,#9866,.T.);
#9864 = VERTEX_POINT('',#9865);
#9865 = CARTESIAN_POINT('',(0.95,5.E-02,10.8));
#9866 = LINE('',#9867,#9868);
#9867 = CARTESIAN_POINT('',(0.95,5.05,10.8));
#9868 = VECTOR('',#9869,1.);
#9869 = DIRECTION('',(-1.224646799147E-16,-1.,0.));
#9870 = ORIENTED_EDGE('',*,*,#9871,.T.);
#9871 = EDGE_CURVE('',#9864,#9718,#9872,.T.);
#9872 = LINE('',#9873,#9874);
#9873 = CARTESIAN_POINT('',(0.95,5.E-02,10.8));
#9874 = VECTOR('',#9875,1.);
#9875 = DIRECTION('',(-1.,1.224646799147E-16,0.));
#9876 = ORIENTED_EDGE('',*,*,#9725,.F.);
#9877 = ORIENTED_EDGE('',*,*,#9734,.F.);
#9878 = PLANE('',#9879);
#9879 = AXIS2_PLACEMENT_3D('',#9880,#9881,#9882);
#9880 = CARTESIAN_POINT('',(1.,-4.259519030121E-17,10.8));
#9881 = DIRECTION('',(-8.533579998733E-19,-8.533579998732E-19,1.));
#9882 = DIRECTION('',(-1.,1.224646799147E-16,-8.533579998733E-19));
#9883 = ADVANCED_FACE('',(#9884),#9902,.F.);
#9884 = FACE_BOUND('',#9885,.F.);
#9885 = EDGE_LOOP('',(#9886,#9894,#9900,#9901));
#9886 = ORIENTED_EDGE('',*,*,#9887,.F.);
#9887 = EDGE_CURVE('',#9888,#9786,#9890,.T.);
#9888 = VERTEX_POINT('',#9889);
#9889 = CARTESIAN_POINT('',(1.05,-5.E-02,10.9));
#9890 = LINE('',#9891,#9892);
#9891 = CARTESIAN_POINT('',(1.05,-5.E-02,10.9));
#9892 = VECTOR('',#9893,1.);
#9893 = DIRECTION('',(1.,-1.224646799147E-16,0.));
#9894 = ORIENTED_EDGE('',*,*,#9895,.T.);
#9895 = EDGE_CURVE('',#9888,#9833,#9896,.T.);
#9896 = LINE('',#9897,#9898);
#9897 = CARTESIAN_POINT('',(1.05,-5.E-02,10.9));
#9898 = VECTOR('',#9899,1.);
#9899 = DIRECTION('',(4.293120572631E-32,1.068302917551E-31,-1.));
#9900 = ORIENTED_EDGE('',*,*,#9840,.T.);
#9901 = ORIENTED_EDGE('',*,*,#9794,.F.);
#9902 = PLANE('',#9903);
#9903 = AXIS2_PLACEMENT_3D('',#9904,#9905,#9906);
#9904 = CARTESIAN_POINT('',(1.05,-5.E-02,10.9));
#9905 = DIRECTION('',(-1.224646799147E-16,-1.,-1.068302917551E-31));
#9906 = DIRECTION('',(1.,-1.224646799147E-16,0.));
#9907 = ADVANCED_FACE('',(#9908),#9918,.T.);
#9908 = FACE_BOUND('',#9909,.T.);
#9909 = EDGE_LOOP('',(#9910,#9916,#9917));
#9910 = ORIENTED_EDGE('',*,*,#9911,.F.);
#9911 = EDGE_CURVE('',#9778,#9888,#9912,.T.);
#9912 = LINE('',#9913,#9914);
#9913 = CARTESIAN_POINT('',(1.05,-5.05,10.9));
#9914 = VECTOR('',#9915,1.);
#9915 = DIRECTION('',(1.224646799147E-16,1.,0.));
#9916 = ORIENTED_EDGE('',*,*,#9785,.T.);
#9917 = ORIENTED_EDGE('',*,*,#9887,.F.);
#9918 = PLANE('',#9919);
#9919 = AXIS2_PLACEMENT_3D('',#9920,#9921,#9922);
#9920 = CARTESIAN_POINT('',(1.,-1.239108604125E-16,10.9));
#9921 = DIRECTION('',(-4.293120572631E-32,-1.068302917551E-31,1.));
#9922 = DIRECTION('',(-1.224646799147E-16,-1.,-1.068302917551E-31));
#9923 = ADVANCED_FACE('',(#9924),#9930,.F.);
#9924 = FACE_BOUND('',#9925,.F.);
#9925 = EDGE_LOOP('',(#9926,#9927,#9928,#9929));
#9926 = ORIENTED_EDGE('',*,*,#9911,.F.);
#9927 = ORIENTED_EDGE('',*,*,#9777,.T.);
#9928 = ORIENTED_EDGE('',*,*,#9832,.T.);
#9929 = ORIENTED_EDGE('',*,*,#9895,.F.);
#9930 = PLANE('',#9931);
#9931 = AXIS2_PLACEMENT_3D('',#9932,#9933,#9934);
#9932 = CARTESIAN_POINT('',(1.05,-5.05,10.9));
#9933 = DIRECTION('',(1.,-1.224646799147E-16,4.293120572631E-32));
#9934 = DIRECTION('',(1.224646799147E-16,1.,0.));
#9935 = ADVANCED_FACE('',(#9936),#9954,.F.);
#9936 = FACE_BOUND('',#9937,.F.);
#9937 = EDGE_LOOP('',(#9938,#9946,#9952,#9953));
#9938 = ORIENTED_EDGE('',*,*,#9939,.F.);
#9939 = EDGE_CURVE('',#9940,#9752,#9942,.T.);
#9940 = VERTEX_POINT('',#9941);
#9941 = CARTESIAN_POINT('',(0.95,-5.E-02,10.9));
#9942 = LINE('',#9943,#9944);
#9943 = CARTESIAN_POINT('',(0.95,-5.E-02,10.9));
#9944 = VECTOR('',#9945,1.);
#9945 = DIRECTION('',(-1.224646799147E-16,-1.,3.552713678801E-16));
#9946 = ORIENTED_EDGE('',*,*,#9947,.T.);
#9947 = EDGE_CURVE('',#9940,#9818,#9948,.T.);
#9948 = LINE('',#9949,#9950);
#9949 = CARTESIAN_POINT('',(0.95,-5.E-02,10.9));
#9950 = VECTOR('',#9951,1.);
#9951 = DIRECTION('',(4.293120572631E-32,1.068302917551E-31,-1.));
#9952 = ORIENTED_EDGE('',*,*,#9825,.T.);
#9953 = ORIENTED_EDGE('',*,*,#9760,.F.);
#9954 = PLANE('',#9955);
#9955 = AXIS2_PLACEMENT_3D('',#9956,#9957,#9958);
#9956 = CARTESIAN_POINT('',(0.95,-5.E-02,10.9));
#9957 = DIRECTION('',(-1.,1.224646799147E-16,-4.293120572631E-32));
#9958 = DIRECTION('',(-1.224646799147E-16,-1.,3.552713678801E-16));
#9959 = ADVANCED_FACE('',(#9960),#9970,.T.);
#9960 = FACE_BOUND('',#9961,.T.);
#9961 = EDGE_LOOP('',(#9962,#9968,#9969));
#9962 = ORIENTED_EDGE('',*,*,#9963,.F.);
#9963 = EDGE_CURVE('',#9744,#9940,#9964,.T.);
#9964 = LINE('',#9965,#9966);
#9965 = CARTESIAN_POINT('',(-4.05,-5.E-02,10.9));
#9966 = VECTOR('',#9967,1.);
#9967 = DIRECTION('',(1.,-8.221909527207E-17,0.));
#9968 = ORIENTED_EDGE('',*,*,#9751,.T.);
#9969 = ORIENTED_EDGE('',*,*,#9939,.F.);
#9970 = PLANE('',#9971);
#9971 = AXIS2_PLACEMENT_3D('',#9972,#9973,#9974);
#9972 = CARTESIAN_POINT('',(1.,-1.239108604125E-16,10.9));
#9973 = DIRECTION('',(-4.293120572631E-32,-1.068302917551E-31,1.));
#9974 = DIRECTION('',(-1.224646799147E-16,-1.,-1.068302917551E-31));
#9975 = ADVANCED_FACE('',(#9976),#9982,.F.);
#9976 = FACE_BOUND('',#9977,.F.);
#9977 = EDGE_LOOP('',(#9978,#9979,#9980,#9981));
#9978 = ORIENTED_EDGE('',*,*,#9963,.F.);
#9979 = ORIENTED_EDGE('',*,*,#9743,.T.);
#9980 = ORIENTED_EDGE('',*,*,#9817,.T.);
#9981 = ORIENTED_EDGE('',*,*,#9947,.F.);
#9982 = PLANE('',#9983);
#9983 = AXIS2_PLACEMENT_3D('',#9984,#9985,#9986);
#9984 = CARTESIAN_POINT('',(-4.05,-5.E-02,10.9));
#9985 = DIRECTION('',(-8.221909527207E-17,-1.,-1.068302917551E-31));
#9986 = DIRECTION('',(1.,-8.221909527207E-17,0.));
#9987 = ADVANCED_FACE('',(#9988),#10006,.F.);
#9988 = FACE_BOUND('',#9989,.F.);
#9989 = EDGE_LOOP('',(#9990,#9998,#10004,#10005));
#9990 = ORIENTED_EDGE('',*,*,#9991,.F.);
#9991 = EDGE_CURVE('',#9992,#9709,#9994,.T.);
#9992 = VERTEX_POINT('',#9993);
#9993 = CARTESIAN_POINT('',(0.95,5.E-02,10.9));
#9994 = LINE('',#9995,#9996);
#9995 = CARTESIAN_POINT('',(0.95,5.E-02,10.9));
#9996 = VECTOR('',#9997,1.);
#9997 = DIRECTION('',(-1.,1.224646799147E-16,0.));
#9998 = ORIENTED_EDGE('',*,*,#9999,.T.);
#9999 = EDGE_CURVE('',#9992,#9864,#10000,.T.);
#10000 = LINE('',#10001,#10002);
#10001 = CARTESIAN_POINT('',(0.95,5.E-02,10.9));
#10002 = VECTOR('',#10003,1.);
#10003 = DIRECTION('',(4.293120572631E-32,1.068302917551E-31,-1.));
#10004 = ORIENTED_EDGE('',*,*,#9871,.T.);
#10005 = ORIENTED_EDGE('',*,*,#9717,.F.);
#10006 = PLANE('',#10007);
#10007 = AXIS2_PLACEMENT_3D('',#10008,#10009,#10010);
#10008 = CARTESIAN_POINT('',(0.95,5.E-02,10.9));
#10009 = DIRECTION('',(1.224646799147E-16,1.,1.068302917551E-31));
#10010 = DIRECTION('',(-1.,1.224646799147E-16,0.));
#10011 = ADVANCED_FACE('',(#10012),#10022,.T.);
#10012 = FACE_BOUND('',#10013,.T.);
#10013 = EDGE_LOOP('',(#10014,#10015,#10016));
#10014 = ORIENTED_EDGE('',*,*,#9708,.T.);
#10015 = ORIENTED_EDGE('',*,*,#9991,.F.);
#10016 = ORIENTED_EDGE('',*,*,#10017,.F.);
#10017 = EDGE_CURVE('',#9701,#9992,#10018,.T.);
#10018 = LINE('',#10019,#10020);
#10019 = CARTESIAN_POINT('',(0.95,5.05,10.9));
#10020 = VECTOR('',#10021,1.);
#10021 = DIRECTION('',(-1.224646799147E-16,-1.,0.));
#10022 = PLANE('',#10023);
#10023 = AXIS2_PLACEMENT_3D('',#10024,#10025,#10026);
#10024 = CARTESIAN_POINT('',(1.,-1.239108604125E-16,10.9));
#10025 = DIRECTION('',(-4.293120572631E-32,-1.068302917551E-31,1.));
#10026 = DIRECTION('',(-1.224646799147E-16,-1.,-1.068302917551E-31));
#10027 = ADVANCED_FACE('',(#10028),#10034,.F.);
#10028 = FACE_BOUND('',#10029,.F.);
#10029 = EDGE_LOOP('',(#10030,#10031,#10032,#10033));
#10030 = ORIENTED_EDGE('',*,*,#10017,.F.);
#10031 = ORIENTED_EDGE('',*,*,#9700,.T.);
#10032 = ORIENTED_EDGE('',*,*,#9863,.T.);
#10033 = ORIENTED_EDGE('',*,*,#9999,.F.);
#10034 = PLANE('',#10035);
#10035 = AXIS2_PLACEMENT_3D('',#10036,#10037,#10038);
#10036 = CARTESIAN_POINT('',(0.95,5.05,10.9));
#10037 = DIRECTION('',(-1.,1.224646799147E-16,-4.293120572631E-32));
#10038 = DIRECTION('',(-1.224646799147E-16,-1.,0.));
#10039 = ADVANCED_FACE('',(#10040),#10058,.F.);
#10040 = FACE_BOUND('',#10041,.F.);
#10041 = EDGE_LOOP('',(#10042,#10050,#10056,#10057));
#10042 = ORIENTED_EDGE('',*,*,#10043,.F.);
#10043 = EDGE_CURVE('',#10044,#9675,#10046,.T.);
#10044 = VERTEX_POINT('',#10045);
#10045 = CARTESIAN_POINT('',(1.05,5.E-02,10.9));
#10046 = LINE('',#10047,#10048);
#10047 = CARTESIAN_POINT('',(1.05,5.E-02,10.9));
#10048 = VECTOR('',#10049,1.);
#10049 = DIRECTION('',(1.224646799147E-16,1.,0.));
#10050 = ORIENTED_EDGE('',*,*,#10051,.T.);
#10051 = EDGE_CURVE('',#10044,#9849,#10052,.T.);
#10052 = LINE('',#10053,#10054);
#10053 = CARTESIAN_POINT('',(1.05,5.E-02,10.9));
#10054 = VECTOR('',#10055,1.);
#10055 = DIRECTION('',(4.293120572631E-32,1.068302917551E-31,-1.));
#10056 = ORIENTED_EDGE('',*,*,#9856,.T.);
#10057 = ORIENTED_EDGE('',*,*,#9683,.F.);
#10058 = PLANE('',#10059);
#10059 = AXIS2_PLACEMENT_3D('',#10060,#10061,#10062);
#10060 = CARTESIAN_POINT('',(1.05,5.E-02,10.9));
#10061 = DIRECTION('',(1.,-1.224646799147E-16,4.293120572631E-32));
#10062 = DIRECTION('',(1.224646799147E-16,1.,0.));
#10063 = ADVANCED_FACE('',(#10064),#10074,.T.);
#10064 = FACE_BOUND('',#10065,.T.);
#10065 = EDGE_LOOP('',(#10066,#10067,#10068));
#10066 = ORIENTED_EDGE('',*,*,#9674,.T.);
#10067 = ORIENTED_EDGE('',*,*,#10043,.F.);
#10068 = ORIENTED_EDGE('',*,*,#10069,.F.);
#10069 = EDGE_CURVE('',#9667,#10044,#10070,.T.);
#10070 = LINE('',#10071,#10072);
#10071 = CARTESIAN_POINT('',(6.05,5.E-02,10.9));
#10072 = VECTOR('',#10073,1.);
#10073 = DIRECTION('',(-1.,1.224646799147E-16,0.));
#10074 = PLANE('',#10075);
#10075 = AXIS2_PLACEMENT_3D('',#10076,#10077,#10078);
#10076 = CARTESIAN_POINT('',(1.,-1.239108604125E-16,10.9));
#10077 = DIRECTION('',(-4.293120572631E-32,-1.068302917551E-31,1.));
#10078 = DIRECTION('',(-1.224646799147E-16,-1.,-1.068302917551E-31));
#10079 = ADVANCED_FACE('',(#10080),#10086,.F.);
#10080 = FACE_BOUND('',#10081,.F.);
#10081 = EDGE_LOOP('',(#10082,#10083,#10084,#10085));
#10082 = ORIENTED_EDGE('',*,*,#10069,.F.);
#10083 = ORIENTED_EDGE('',*,*,#9666,.T.);
#10084 = ORIENTED_EDGE('',*,*,#9848,.T.);
#10085 = ORIENTED_EDGE('',*,*,#10051,.F.);
#10086 = PLANE('',#10087);
#10087 = AXIS2_PLACEMENT_3D('',#10088,#10089,#10090);
#10088 = CARTESIAN_POINT('',(6.05,5.E-02,10.9));
#10089 = DIRECTION('',(1.224646799147E-16,1.,1.068302917551E-31));
#10090 = DIRECTION('',(-1.,1.224646799147E-16,0.));
#10091 = ORIENTED_CLOSED_SHELL('',*,#10092,.F.);
#10092 = CLOSED_SHELL('',(#10093,#10110,#10144));
#10093 = ADVANCED_FACE('',(#10094),#10105,.T.);
#10094 = FACE_BOUND('',#10095,.T.);
#10095 = EDGE_LOOP('',(#10096));
#10096 = ORIENTED_EDGE('',*,*,#10097,.T.);
#10097 = EDGE_CURVE('',#10098,#10098,#10100,.T.);
#10098 = VERTEX_POINT('',#10099);
#10099 = CARTESIAN_POINT('',(2.75,-4.286263797016E-16,10.6));
#10100 = CIRCLE('',#10101,1.75);
#10101 = AXIS2_PLACEMENT_3D('',#10102,#10103,#10104);
#10102 = CARTESIAN_POINT('',(1.,0.,10.6));
#10103 = DIRECTION('',(0.,-0.,-1.));
#10104 = DIRECTION('',(1.,-2.449293598295E-16,0.));
#10105 = PLANE('',#10106);
#10106 = AXIS2_PLACEMENT_3D('',#10107,#10108,#10109);
#10107 = CARTESIAN_POINT('',(1.,0.,10.6));
#10108 = DIRECTION('',(0.,0.,-1.));
#10109 = DIRECTION('',(1.,-2.449293598295E-16,0.));
#10110 = ADVANCED_FACE('',(#10111),#10139,.T.);
#10111 = FACE_BOUND('',#10112,.T.);
#10112 = EDGE_LOOP('',(#10113,#10124,#10130,#10131,#10132));
#10113 = ORIENTED_EDGE('',*,*,#10114,.F.);
#10114 = EDGE_CURVE('',#10115,#10117,#10119,.T.);
#10115 = VERTEX_POINT('',#10116);
#10116 = CARTESIAN_POINT('',(2.75,-4.084074447606E-14,10.7));
#10117 = VERTEX_POINT('',#10118);
#10118 = CARTESIAN_POINT('',(-0.75,2.143131898508E-16,10.7));
#10119 = CIRCLE('',#10120,1.75);
#10120 = AXIS2_PLACEMENT_3D('',#10121,#10122,#10123);
#10121 = CARTESIAN_POINT('',(1.,0.,10.7));
#10122 = DIRECTION('',(0.,0.,1.));
#10123 = DIRECTION('',(-1.,1.224646799147E-16,0.));
#10124 = ORIENTED_EDGE('',*,*,#10125,.T.);
#10125 = EDGE_CURVE('',#10115,#10098,#10126,.T.);
#10126 = LINE('',#10127,#10128);
#10127 = CARTESIAN_POINT('',(2.75,-4.286263797016E-16,11.));
#10128 = VECTOR('',#10129,1.);
#10129 = DIRECTION('',(0.,0.,-1.));
#10130 = ORIENTED_EDGE('',*,*,#10097,.F.);
#10131 = ORIENTED_EDGE('',*,*,#10125,.F.);
#10132 = ORIENTED_EDGE('',*,*,#10133,.F.);
#10133 = EDGE_CURVE('',#10117,#10115,#10134,.T.);
#10134 = CIRCLE('',#10135,1.75);
#10135 = AXIS2_PLACEMENT_3D('',#10136,#10137,#10138);
#10136 = CARTESIAN_POINT('',(1.,0.,10.7));
#10137 = DIRECTION('',(0.,0.,1.));
#10138 = DIRECTION('',(-1.,1.224646799147E-16,0.));
#10139 = CYLINDRICAL_SURFACE('',#10140,1.75);
#10140 = AXIS2_PLACEMENT_3D('',#10141,#10142,#10143);
#10141 = CARTESIAN_POINT('',(1.,0.,11.));
#10142 = DIRECTION('',(0.,0.,-1.));
#10143 = DIRECTION('',(1.,-2.449293598295E-16,0.));
#10144 = ADVANCED_FACE('',(#10145),#10149,.T.);
#10145 = FACE_BOUND('',#10146,.T.);
#10146 = EDGE_LOOP('',(#10147,#10148));
#10147 = ORIENTED_EDGE('',*,*,#10133,.T.);
#10148 = ORIENTED_EDGE('',*,*,#10114,.T.);
#10149 = PLANE('',#10150);
#10150 = AXIS2_PLACEMENT_3D('',#10151,#10152,#10153);
#10151 = CARTESIAN_POINT('',(1.,-1.239108604125E-16,10.7));
#10152 = DIRECTION('',(-4.293120572631E-32,-1.068302917551E-31,1.));
#10153 = DIRECTION('',(-1.224646799147E-16,-1.,-1.068302917551E-31));
#10154 = ( GEOMETRIC_REPRESENTATION_CONTEXT(3) 
GLOBAL_UNCERTAINTY_ASSIGNED_CONTEXT((#10158)) 
GLOBAL_UNIT_ASSIGNED_CONTEXT((#10155,#10156,#10157)) 
REPRESENTATION_CONTEXT('Context #1',
  '3D Context with UNIT and UNCERTAINTY') );
#10155 = ( LENGTH_UNIT() NAMED_UNIT(*) SI_UNIT(.MILLI.,.METRE.) );
#10156 = ( NAMED_UNIT(*) PLANE_ANGLE_UNIT() SI_UNIT($,.RADIAN.) );
#10157 = ( NAMED_UNIT(*) SI_UNIT($,.STERADIAN.) SOLID_ANGLE_UNIT() );
#10158 = UNCERTAINTY_MEASURE_WITH_UNIT(LENGTH_MEASURE(1.E-06),#10155,
  'distance_accuracy_value','confusion accuracy');
#10159 = CONTEXT_DEPENDENT_SHAPE_REPRESENTATION(#10160,#10162);
#10160 = ( REPRESENTATION_RELATIONSHIP('','',#9166,#10) 
REPRESENTATION_RELATIONSHIP_WITH_TRANSFORMATION(#10161) 
SHAPE_REPRESENTATION_RELATIONSHIP() );
#10161 = ITEM_DEFINED_TRANSFORMATION('','',#11,#27);
#10162 = PRODUCT_DEFINITION_SHAPE('Placement','Placement of an item',
  #10163);
#10163 = NEXT_ASSEMBLY_USAGE_OCCURRENCE('4','C2','',#5,#9161,$);
#10164 = PRODUCT_RELATED_PRODUCT_CATEGORY('part',$,(#9163));
#10165 = SHAPE_DEFINITION_REPRESENTATION(#10166,#10172);
#10166 = PRODUCT_DEFINITION_SHAPE('','',#10167);
#10167 = PRODUCT_DEFINITION('design','',#10168,#10171);
#10168 = PRODUCT_DEFINITION_FORMATION('','',#10169);
#10169 = PRODUCT('schematic_PCB_1','schematic_PCB_1','',(#10170));
#10170 = PRODUCT_CONTEXT('',#2,'mechanical');
#10171 = PRODUCT_DEFINITION_CONTEXT('part definition',#2,'design');
#10172 = ADVANCED_BREP_SHAPE_REPRESENTATION('',(#11,#10173),#10226);
#10173 = MANIFOLD_SOLID_BREP('',#10174);
#10174 = CLOSED_SHELL('',(#10175,#10208,#10217));
#10175 = ADVANCED_FACE('',(#10176),#10203,.T.);
#10176 = FACE_BOUND('',#10177,.F.);
#10177 = EDGE_LOOP('',(#10178,#10188,#10195,#10196));
#10178 = ORIENTED_EDGE('',*,*,#10179,.T.);
#10179 = EDGE_CURVE('',#10180,#10182,#10184,.T.);
#10180 = VERTEX_POINT('',#10181);
#10181 = CARTESIAN_POINT('',(201.421,-141.351,0.));
#10182 = VERTEX_POINT('',#10183);
#10183 = CARTESIAN_POINT('',(201.421,-141.351,1.51));
#10184 = LINE('',#10185,#10186);
#10185 = CARTESIAN_POINT('',(201.421,-141.351,0.));
#10186 = VECTOR('',#10187,1.);
#10187 = DIRECTION('',(0.,0.,1.));
#10188 = ORIENTED_EDGE('',*,*,#10189,.T.);
#10189 = EDGE_CURVE('',#10182,#10182,#10190,.T.);
#10190 = CIRCLE('',#10191,1.E-02);
#10191 = AXIS2_PLACEMENT_3D('',#10192,#10193,#10194);
#10192 = CARTESIAN_POINT('',(201.411,-141.351,1.51));
#10193 = DIRECTION('',(0.,0.,1.));
#10194 = DIRECTION('',(1.,0.,-0.));
#10195 = ORIENTED_EDGE('',*,*,#10179,.F.);
#10196 = ORIENTED_EDGE('',*,*,#10197,.F.);
#10197 = EDGE_CURVE('',#10180,#10180,#10198,.T.);
#10198 = CIRCLE('',#10199,1.E-02);
#10199 = AXIS2_PLACEMENT_3D('',#10200,#10201,#10202);
#10200 = CARTESIAN_POINT('',(201.411,-141.351,0.));
#10201 = DIRECTION('',(0.,0.,1.));
#10202 = DIRECTION('',(1.,0.,-0.));
#10203 = CYLINDRICAL_SURFACE('',#10204,1.E-02);
#10204 = AXIS2_PLACEMENT_3D('',#10205,#10206,#10207);
#10205 = CARTESIAN_POINT('',(201.411,-141.351,0.));
#10206 = DIRECTION('',(-0.,-0.,-1.));
#10207 = DIRECTION('',(1.,0.,-0.));
#10208 = ADVANCED_FACE('',(#10209),#10212,.F.);
#10209 = FACE_BOUND('',#10210,.F.);
#10210 = EDGE_LOOP('',(#10211));
#10211 = ORIENTED_EDGE('',*,*,#10197,.T.);
#10212 = PLANE('',#10213);
#10213 = AXIS2_PLACEMENT_3D('',#10214,#10215,#10216);
#10214 = CARTESIAN_POINT('',(0.,0.,0.));
#10215 = DIRECTION('',(0.,0.,1.));
#10216 = DIRECTION('',(1.,0.,-0.));
#10217 = ADVANCED_FACE('',(#10218),#10221,.T.);
#10218 = FACE_BOUND('',#10219,.T.);
#10219 = EDGE_LOOP('',(#10220));
#10220 = ORIENTED_EDGE('',*,*,#10189,.T.);
#10221 = PLANE('',#10222);
#10222 = AXIS2_PLACEMENT_3D('',#10223,#10224,#10225);
#10223 = CARTESIAN_POINT('',(0.,0.,1.51));
#10224 = DIRECTION('',(0.,0.,1.));
#10225 = DIRECTION('',(1.,0.,-0.));
#10226 = ( GEOMETRIC_REPRESENTATION_CONTEXT(3) 
GLOBAL_UNCERTAINTY_ASSIGNED_CONTEXT((#10230)) 
GLOBAL_UNIT_ASSIGNED_CONTEXT((#10227,#10228,#10229)) 
REPRESENTATION_CONTEXT('Context #1',
  '3D Context with UNIT and UNCERTAINTY') );
#10227 = ( LENGTH_UNIT() NAMED_UNIT(*) SI_UNIT(.MILLI.,.METRE.) );
#10228 = ( NAMED_UNIT(*) PLANE_ANGLE_UNIT() SI_UNIT($,.RADIAN.) );
#10229 = ( NAMED_UNIT(*) SI_UNIT($,.STERADIAN.) SOLID_ANGLE_UNIT() );
#10230 = UNCERTAINTY_MEASURE_WITH_UNIT(LENGTH_MEASURE(1.E-07),#10227,
  'distance_accuracy_value','confusion accuracy');
#10231 = CONTEXT_DEPENDENT_SHAPE_REPRESENTATION(#10232,#10234);
#10232 = ( REPRESENTATION_RELATIONSHIP('','',#10172,#10) 
REPRESENTATION_RELATIONSHIP_WITH_TRANSFORMATION(#10233) 
SHAPE_REPRESENTATION_RELATIONSHIP() );
#10233 = ITEM_DEFINED_TRANSFORMATION('','',#11,#31);
#10234 = PRODUCT_DEFINITION_SHAPE('Placement','Placement of an item',
  #10235);
#10235 = NEXT_ASSEMBLY_USAGE_OCCURRENCE('5','=>[0:1:1:6]','',#5,#10167,$
  );
#10236 = PRODUCT_RELATED_PRODUCT_CATEGORY('part',$,(#10169));
#10237 = SHAPE_DEFINITION_REPRESENTATION(#10238,#10244);
#10238 = PRODUCT_DEFINITION_SHAPE('','',#10239);
#10239 = PRODUCT_DEFINITION('design','',#10240,#10243);
#10240 = PRODUCT_DEFINITION_FORMATION('','',#10241);
#10241 = PRODUCT('schematic_PCB_2','schematic_PCB_2','',(#10242));
#10242 = PRODUCT_CONTEXT('',#2,'mechanical');
#10243 = PRODUCT_DEFINITION_CONTEXT('part definition',#2,'design');
#10244 = ADVANCED_BREP_SHAPE_REPRESENTATION('',(#11,#10245),#13110);
#10245 = MANIFOLD_SOLID_BREP('',#10246);
#10246 = CLOSED_SHELL('',(#10247,#10287,#10318,#10349,#11120,#11891,
    #11908,#11925,#11942,#11959,#11976,#11993,#12010,#12027,#12044,
    #12056,#12073,#12090,#12107,#12124,#12141,#12158,#12175,#12192,
    #12209,#12226,#12243,#12260,#12277,#12294,#12311,#12328,#12345,
    #12362,#12379,#12396,#12413,#12430,#12447,#12464,#12481,#12498,
    #12515,#12532,#12549,#12566,#12583,#12600,#12617,#12634,#12651,
    #12668,#12685,#12702,#12719,#12736,#12753,#12770,#12787,#12804,
    #12821,#12838,#12855,#12872,#12889,#12906,#12923,#12940,#12957,
    #12974,#12991,#13008,#13025,#13042,#13059,#13076,#13093));
#10247 = ADVANCED_FACE('',(#10248),#10282,.T.);
#10248 = FACE_BOUND('',#10249,.T.);
#10249 = EDGE_LOOP('',(#10250,#10260,#10268,#10276));
#10250 = ORIENTED_EDGE('',*,*,#10251,.T.);
#10251 = EDGE_CURVE('',#10252,#10254,#10256,.T.);
#10252 = VERTEX_POINT('',#10253);
#10253 = CARTESIAN_POINT('',(240.411,-34.351,0.));
#10254 = VERTEX_POINT('',#10255);
#10255 = CARTESIAN_POINT('',(240.411,-34.351,1.51));
#10256 = LINE('',#10257,#10258);
#10257 = CARTESIAN_POINT('',(240.411,-34.351,0.));
#10258 = VECTOR('',#10259,1.);
#10259 = DIRECTION('',(0.,0.,1.));
#10260 = ORIENTED_EDGE('',*,*,#10261,.T.);
#10261 = EDGE_CURVE('',#10254,#10262,#10264,.T.);
#10262 = VERTEX_POINT('',#10263);
#10263 = CARTESIAN_POINT('',(245.411,-34.351,1.51));
#10264 = LINE('',#10265,#10266);
#10265 = CARTESIAN_POINT('',(240.411,-34.351,1.51));
#10266 = VECTOR('',#10267,1.);
#10267 = DIRECTION('',(1.,0.,0.));
#10268 = ORIENTED_EDGE('',*,*,#10269,.F.);
#10269 = EDGE_CURVE('',#10270,#10262,#10272,.T.);
#10270 = VERTEX_POINT('',#10271);
#10271 = CARTESIAN_POINT('',(245.411,-34.351,0.));
#10272 = LINE('',#10273,#10274);
#10273 = CARTESIAN_POINT('',(245.411,-34.351,0.));
#10274 = VECTOR('',#10275,1.);
#10275 = DIRECTION('',(0.,0.,1.));
#10276 = ORIENTED_EDGE('',*,*,#10277,.F.);
#10277 = EDGE_CURVE('',#10252,#10270,#10278,.T.);
#10278 = LINE('',#10279,#10280);
#10279 = CARTESIAN_POINT('',(240.411,-34.351,0.));
#10280 = VECTOR('',#10281,1.);
#10281 = DIRECTION('',(1.,0.,0.));
#10282 = PLANE('',#10283);
#10283 = AXIS2_PLACEMENT_3D('',#10284,#10285,#10286);
#10284 = CARTESIAN_POINT('',(240.411,-34.351,0.));
#10285 = DIRECTION('',(0.,1.,0.));
#10286 = DIRECTION('',(1.,0.,0.));
#10287 = ADVANCED_FACE('',(#10288),#10313,.T.);
#10288 = FACE_BOUND('',#10289,.T.);
#10289 = EDGE_LOOP('',(#10290,#10300,#10306,#10307));
#10290 = ORIENTED_EDGE('',*,*,#10291,.T.);
#10291 = EDGE_CURVE('',#10292,#10294,#10296,.T.);
#10292 = VERTEX_POINT('',#10293);
#10293 = CARTESIAN_POINT('',(240.411,-29.351,0.));
#10294 = VERTEX_POINT('',#10295);
#10295 = CARTESIAN_POINT('',(240.411,-29.351,1.51));
#10296 = LINE('',#10297,#10298);
#10297 = CARTESIAN_POINT('',(240.411,-29.351,0.));
#10298 = VECTOR('',#10299,1.);
#10299 = DIRECTION('',(0.,0.,1.));
#10300 = ORIENTED_EDGE('',*,*,#10301,.T.);
#10301 = EDGE_CURVE('',#10294,#10254,#10302,.T.);
#10302 = LINE('',#10303,#10304);
#10303 = CARTESIAN_POINT('',(240.411,-29.351,1.51));
#10304 = VECTOR('',#10305,1.);
#10305 = DIRECTION('',(0.,-1.,0.));
#10306 = ORIENTED_EDGE('',*,*,#10251,.F.);
#10307 = ORIENTED_EDGE('',*,*,#10308,.F.);
#10308 = EDGE_CURVE('',#10292,#10252,#10309,.T.);
#10309 = LINE('',#10310,#10311);
#10310 = CARTESIAN_POINT('',(240.411,-29.351,0.));
#10311 = VECTOR('',#10312,1.);
#10312 = DIRECTION('',(0.,-1.,0.));
#10313 = PLANE('',#10314);
#10314 = AXIS2_PLACEMENT_3D('',#10315,#10316,#10317);
#10315 = CARTESIAN_POINT('',(240.411,-29.351,0.));
#10316 = DIRECTION('',(1.,0.,-0.));
#10317 = DIRECTION('',(0.,-1.,0.));
#10318 = ADVANCED_FACE('',(#10319),#10344,.T.);
#10319 = FACE_BOUND('',#10320,.T.);
#10320 = EDGE_LOOP('',(#10321,#10322,#10330,#10338));
#10321 = ORIENTED_EDGE('',*,*,#10269,.T.);
#10322 = ORIENTED_EDGE('',*,*,#10323,.T.);
#10323 = EDGE_CURVE('',#10262,#10324,#10326,.T.);
#10324 = VERTEX_POINT('',#10325);
#10325 = CARTESIAN_POINT('',(245.411,-136.351,1.51));
#10326 = LINE('',#10327,#10328);
#10327 = CARTESIAN_POINT('',(245.411,-34.351,1.51));
#10328 = VECTOR('',#10329,1.);
#10329 = DIRECTION('',(0.,-1.,0.));
#10330 = ORIENTED_EDGE('',*,*,#10331,.F.);
#10331 = EDGE_CURVE('',#10332,#10324,#10334,.T.);
#10332 = VERTEX_POINT('',#10333);
#10333 = CARTESIAN_POINT('',(245.411,-136.351,0.));
#10334 = LINE('',#10335,#10336);
#10335 = CARTESIAN_POINT('',(245.411,-136.351,0.));
#10336 = VECTOR('',#10337,1.);
#10337 = DIRECTION('',(0.,0.,1.));
#10338 = ORIENTED_EDGE('',*,*,#10339,.F.);
#10339 = EDGE_CURVE('',#10270,#10332,#10340,.T.);
#10340 = LINE('',#10341,#10342);
#10341 = CARTESIAN_POINT('',(245.411,-34.351,0.));
#10342 = VECTOR('',#10343,1.);
#10343 = DIRECTION('',(0.,-1.,0.));
#10344 = PLANE('',#10345);
#10345 = AXIS2_PLACEMENT_3D('',#10346,#10347,#10348);
#10346 = CARTESIAN_POINT('',(245.411,-34.351,0.));
#10347 = DIRECTION('',(1.,0.,-0.));
#10348 = DIRECTION('',(0.,-1.,0.));
#10349 = ADVANCED_FACE('',(#10350,#10433,#10444,#10455,#10466,#10477,
    #10488,#10499,#10510,#10521,#10532,#10543,#10554,#10565,#10576,
    #10587,#10598,#10609,#10620,#10631,#10642,#10653,#10664,#10675,
    #10686,#10697,#10708,#10719,#10730,#10741,#10752,#10763,#10774,
    #10785,#10796,#10807,#10818,#10829,#10840,#10851,#10862,#10873,
    #10884,#10895,#10906,#10917,#10928,#10939,#10950,#10961,#10972,
    #10983,#10994,#11005,#11016,#11027,#11038,#11049,#11060,#11071,
    #11082,#11093,#11104),#11115,.F.);
#10350 = FACE_BOUND('',#10351,.F.);
#10351 = EDGE_LOOP('',(#10352,#10353,#10354,#10362,#10370,#10378,#10386,
    #10394,#10402,#10410,#10418,#10426,#10432));
#10352 = ORIENTED_EDGE('',*,*,#10277,.F.);
#10353 = ORIENTED_EDGE('',*,*,#10308,.F.);
#10354 = ORIENTED_EDGE('',*,*,#10355,.F.);
#10355 = EDGE_CURVE('',#10356,#10292,#10358,.T.);
#10356 = VERTEX_POINT('',#10357);
#10357 = CARTESIAN_POINT('',(220.411,-29.351,0.));
#10358 = LINE('',#10359,#10360);
#10359 = CARTESIAN_POINT('',(220.411,-29.351,0.));
#10360 = VECTOR('',#10361,1.);
#10361 = DIRECTION('',(1.,0.,0.));
#10362 = ORIENTED_EDGE('',*,*,#10363,.F.);
#10363 = EDGE_CURVE('',#10364,#10356,#10366,.T.);
#10364 = VERTEX_POINT('',#10365);
#10365 = CARTESIAN_POINT('',(206.411,-43.351,0.));
#10366 = LINE('',#10367,#10368);
#10367 = CARTESIAN_POINT('',(206.411,-43.351,0.));
#10368 = VECTOR('',#10369,1.);
#10369 = DIRECTION('',(0.707106781187,0.707106781187,0.));
#10370 = ORIENTED_EDGE('',*,*,#10371,.F.);
#10371 = EDGE_CURVE('',#10372,#10364,#10374,.T.);
#10372 = VERTEX_POINT('',#10373);
#10373 = CARTESIAN_POINT('',(206.411,-52.351,0.));
#10374 = LINE('',#10375,#10376);
#10375 = CARTESIAN_POINT('',(206.411,-52.351,0.));
#10376 = VECTOR('',#10377,1.);
#10377 = DIRECTION('',(0.,1.,0.));
#10378 = ORIENTED_EDGE('',*,*,#10379,.F.);
#10379 = EDGE_CURVE('',#10380,#10372,#10382,.T.);
#10380 = VERTEX_POINT('',#10381);
#10381 = CARTESIAN_POINT('',(201.411,-52.351,0.));
#10382 = LINE('',#10383,#10384);
#10383 = CARTESIAN_POINT('',(201.411,-52.351,0.));
#10384 = VECTOR('',#10385,1.);
#10385 = DIRECTION('',(1.,0.,0.));
#10386 = ORIENTED_EDGE('',*,*,#10387,.F.);
#10387 = EDGE_CURVE('',#10388,#10380,#10390,.T.);
#10388 = VERTEX_POINT('',#10389);
#10389 = CARTESIAN_POINT('',(201.411,-136.351,0.));
#10390 = LINE('',#10391,#10392);
#10391 = CARTESIAN_POINT('',(201.411,-136.351,0.));
#10392 = VECTOR('',#10393,1.);
#10393 = DIRECTION('',(0.,1.,0.));
#10394 = ORIENTED_EDGE('',*,*,#10395,.F.);
#10395 = EDGE_CURVE('',#10396,#10388,#10398,.T.);
#10396 = VERTEX_POINT('',#10397);
#10397 = CARTESIAN_POINT('',(206.411,-136.351,0.));
#10398 = LINE('',#10399,#10400);
#10399 = CARTESIAN_POINT('',(206.411,-136.351,0.));
#10400 = VECTOR('',#10401,1.);
#10401 = DIRECTION('',(-1.,0.,0.));
#10402 = ORIENTED_EDGE('',*,*,#10403,.F.);
#10403 = EDGE_CURVE('',#10404,#10396,#10406,.T.);
#10404 = VERTEX_POINT('',#10405);
#10405 = CARTESIAN_POINT('',(206.411,-141.351,0.));
#10406 = LINE('',#10407,#10408);
#10407 = CARTESIAN_POINT('',(206.411,-141.351,0.));
#10408 = VECTOR('',#10409,1.);
#10409 = DIRECTION('',(0.,1.,0.));
#10410 = ORIENTED_EDGE('',*,*,#10411,.F.);
#10411 = EDGE_CURVE('',#10412,#10404,#10414,.T.);
#10412 = VERTEX_POINT('',#10413);
#10413 = CARTESIAN_POINT('',(240.411,-141.351,0.));
#10414 = LINE('',#10415,#10416);
#10415 = CARTESIAN_POINT('',(240.411,-141.351,0.));
#10416 = VECTOR('',#10417,1.);
#10417 = DIRECTION('',(-1.,0.,0.));
#10418 = ORIENTED_EDGE('',*,*,#10419,.F.);
#10419 = EDGE_CURVE('',#10420,#10412,#10422,.T.);
#10420 = VERTEX_POINT('',#10421);
#10421 = CARTESIAN_POINT('',(240.411,-136.351,0.));
#10422 = LINE('',#10423,#10424);
#10423 = CARTESIAN_POINT('',(240.411,-136.351,0.));
#10424 = VECTOR('',#10425,1.);
#10425 = DIRECTION('',(0.,-1.,0.));
#10426 = ORIENTED_EDGE('',*,*,#10427,.F.);
#10427 = EDGE_CURVE('',#10332,#10420,#10428,.T.);
#10428 = LINE('',#10429,#10430);
#10429 = CARTESIAN_POINT('',(245.411,-136.351,0.));
#10430 = VECTOR('',#10431,1.);
#10431 = DIRECTION('',(-1.,0.,0.));
#10432 = ORIENTED_EDGE('',*,*,#10339,.F.);
#10433 = FACE_BOUND('',#10434,.F.);
#10434 = EDGE_LOOP('',(#10435));
#10435 = ORIENTED_EDGE('',*,*,#10436,.T.);
#10436 = EDGE_CURVE('',#10437,#10437,#10439,.T.);
#10437 = VERTEX_POINT('',#10438);
#10438 = CARTESIAN_POINT('',(204.851,-133.977,0.));
#10439 = CIRCLE('',#10440,0.5);
#10440 = AXIS2_PLACEMENT_3D('',#10441,#10442,#10443);
#10441 = CARTESIAN_POINT('',(204.851,-133.477,0.));
#10442 = DIRECTION('',(-0.,0.,-1.));
#10443 = DIRECTION('',(-0.,-1.,0.));
#10444 = FACE_BOUND('',#10445,.F.);
#10445 = EDGE_LOOP('',(#10446));
#10446 = ORIENTED_EDGE('',*,*,#10447,.T.);
#10447 = EDGE_CURVE('',#10448,#10448,#10450,.T.);
#10448 = VERTEX_POINT('',#10449);
#10449 = CARTESIAN_POINT('',(207.391,-133.977,0.));
#10450 = CIRCLE('',#10451,0.5);
#10451 = AXIS2_PLACEMENT_3D('',#10452,#10453,#10454);
#10452 = CARTESIAN_POINT('',(207.391,-133.477,0.));
#10453 = DIRECTION('',(-0.,0.,-1.));
#10454 = DIRECTION('',(-0.,-1.,0.));
#10455 = FACE_BOUND('',#10456,.F.);
#10456 = EDGE_LOOP('',(#10457));
#10457 = ORIENTED_EDGE('',*,*,#10458,.T.);
#10458 = EDGE_CURVE('',#10459,#10459,#10461,.T.);
#10459 = VERTEX_POINT('',#10460);
#10460 = CARTESIAN_POINT('',(209.931,-133.977,0.));
#10461 = CIRCLE('',#10462,0.5);
#10462 = AXIS2_PLACEMENT_3D('',#10463,#10464,#10465);
#10463 = CARTESIAN_POINT('',(209.931,-133.477,0.));
#10464 = DIRECTION('',(-0.,0.,-1.));
#10465 = DIRECTION('',(-0.,-1.,0.));
#10466 = FACE_BOUND('',#10467,.F.);
#10467 = EDGE_LOOP('',(#10468));
#10468 = ORIENTED_EDGE('',*,*,#10469,.T.);
#10469 = EDGE_CURVE('',#10470,#10470,#10472,.T.);
#10470 = VERTEX_POINT('',#10471);
#10471 = CARTESIAN_POINT('',(212.471,-133.977,0.));
#10472 = CIRCLE('',#10473,0.5);
#10473 = AXIS2_PLACEMENT_3D('',#10474,#10475,#10476);
#10474 = CARTESIAN_POINT('',(212.471,-133.477,0.));
#10475 = DIRECTION('',(-0.,0.,-1.));
#10476 = DIRECTION('',(-0.,-1.,0.));
#10477 = FACE_BOUND('',#10478,.F.);
#10478 = EDGE_LOOP('',(#10479));
#10479 = ORIENTED_EDGE('',*,*,#10480,.T.);
#10480 = EDGE_CURVE('',#10481,#10481,#10483,.T.);
#10481 = VERTEX_POINT('',#10482);
#10482 = CARTESIAN_POINT('',(204.851,-118.737,0.));
#10483 = CIRCLE('',#10484,0.5);
#10484 = AXIS2_PLACEMENT_3D('',#10485,#10486,#10487);
#10485 = CARTESIAN_POINT('',(204.851,-118.237,0.));
#10486 = DIRECTION('',(-0.,0.,-1.));
#10487 = DIRECTION('',(-0.,-1.,0.));
#10488 = FACE_BOUND('',#10489,.F.);
#10489 = EDGE_LOOP('',(#10490));
#10490 = ORIENTED_EDGE('',*,*,#10491,.T.);
#10491 = EDGE_CURVE('',#10492,#10492,#10494,.T.);
#10492 = VERTEX_POINT('',#10493);
#10493 = CARTESIAN_POINT('',(207.391,-118.737,0.));
#10494 = CIRCLE('',#10495,0.5);
#10495 = AXIS2_PLACEMENT_3D('',#10496,#10497,#10498);
#10496 = CARTESIAN_POINT('',(207.391,-118.237,0.));
#10497 = DIRECTION('',(-0.,0.,-1.));
#10498 = DIRECTION('',(-0.,-1.,0.));
#10499 = FACE_BOUND('',#10500,.F.);
#10500 = EDGE_LOOP('',(#10501));
#10501 = ORIENTED_EDGE('',*,*,#10502,.T.);
#10502 = EDGE_CURVE('',#10503,#10503,#10505,.T.);
#10503 = VERTEX_POINT('',#10504);
#10504 = CARTESIAN_POINT('',(209.931,-118.737,0.));
#10505 = CIRCLE('',#10506,0.5);
#10506 = AXIS2_PLACEMENT_3D('',#10507,#10508,#10509);
#10507 = CARTESIAN_POINT('',(209.931,-118.237,0.));
#10508 = DIRECTION('',(-0.,0.,-1.));
#10509 = DIRECTION('',(-0.,-1.,0.));
#10510 = FACE_BOUND('',#10511,.F.);
#10511 = EDGE_LOOP('',(#10512));
#10512 = ORIENTED_EDGE('',*,*,#10513,.T.);
#10513 = EDGE_CURVE('',#10514,#10514,#10516,.T.);
#10514 = VERTEX_POINT('',#10515);
#10515 = CARTESIAN_POINT('',(212.471,-118.737,0.));
#10516 = CIRCLE('',#10517,0.5);
#10517 = AXIS2_PLACEMENT_3D('',#10518,#10519,#10520);
#10518 = CARTESIAN_POINT('',(212.471,-118.237,0.));
#10519 = DIRECTION('',(-0.,0.,-1.));
#10520 = DIRECTION('',(-0.,-1.,0.));
#10521 = FACE_BOUND('',#10522,.F.);
#10522 = EDGE_LOOP('',(#10523));
#10523 = ORIENTED_EDGE('',*,*,#10524,.T.);
#10524 = EDGE_CURVE('',#10525,#10525,#10527,.T.);
#10525 = VERTEX_POINT('',#10526);
#10526 = CARTESIAN_POINT('',(215.011,-133.977,0.));
#10527 = CIRCLE('',#10528,0.5);
#10528 = AXIS2_PLACEMENT_3D('',#10529,#10530,#10531);
#10529 = CARTESIAN_POINT('',(215.011,-133.477,0.));
#10530 = DIRECTION('',(-0.,0.,-1.));
#10531 = DIRECTION('',(-0.,-1.,0.));
#10532 = FACE_BOUND('',#10533,.F.);
#10533 = EDGE_LOOP('',(#10534));
#10534 = ORIENTED_EDGE('',*,*,#10535,.T.);
#10535 = EDGE_CURVE('',#10536,#10536,#10538,.T.);
#10536 = VERTEX_POINT('',#10537);
#10537 = CARTESIAN_POINT('',(217.551,-133.977,0.));
#10538 = CIRCLE('',#10539,0.5);
#10539 = AXIS2_PLACEMENT_3D('',#10540,#10541,#10542);
#10540 = CARTESIAN_POINT('',(217.551,-133.477,0.));
#10541 = DIRECTION('',(-0.,0.,-1.));
#10542 = DIRECTION('',(-0.,-1.,0.));
#10543 = FACE_BOUND('',#10544,.F.);
#10544 = EDGE_LOOP('',(#10545));
#10545 = ORIENTED_EDGE('',*,*,#10546,.T.);
#10546 = EDGE_CURVE('',#10547,#10547,#10549,.T.);
#10547 = VERTEX_POINT('',#10548);
#10548 = CARTESIAN_POINT('',(220.091,-133.977,0.));
#10549 = CIRCLE('',#10550,0.5);
#10550 = AXIS2_PLACEMENT_3D('',#10551,#10552,#10553);
#10551 = CARTESIAN_POINT('',(220.091,-133.477,0.));
#10552 = DIRECTION('',(-0.,0.,-1.));
#10553 = DIRECTION('',(-0.,-1.,0.));
#10554 = FACE_BOUND('',#10555,.F.);
#10555 = EDGE_LOOP('',(#10556));
#10556 = ORIENTED_EDGE('',*,*,#10557,.T.);
#10557 = EDGE_CURVE('',#10558,#10558,#10560,.T.);
#10558 = VERTEX_POINT('',#10559);
#10559 = CARTESIAN_POINT('',(222.631,-133.977,0.));
#10560 = CIRCLE('',#10561,0.5);
#10561 = AXIS2_PLACEMENT_3D('',#10562,#10563,#10564);
#10562 = CARTESIAN_POINT('',(222.631,-133.477,0.));
#10563 = DIRECTION('',(-0.,0.,-1.));
#10564 = DIRECTION('',(-0.,-1.,0.));
#10565 = FACE_BOUND('',#10566,.F.);
#10566 = EDGE_LOOP('',(#10567));
#10567 = ORIENTED_EDGE('',*,*,#10568,.T.);
#10568 = EDGE_CURVE('',#10569,#10569,#10571,.T.);
#10569 = VERTEX_POINT('',#10570);
#10570 = CARTESIAN_POINT('',(215.011,-118.737,0.));
#10571 = CIRCLE('',#10572,0.5);
#10572 = AXIS2_PLACEMENT_3D('',#10573,#10574,#10575);
#10573 = CARTESIAN_POINT('',(215.011,-118.237,0.));
#10574 = DIRECTION('',(-0.,0.,-1.));
#10575 = DIRECTION('',(-0.,-1.,0.));
#10576 = FACE_BOUND('',#10577,.F.);
#10577 = EDGE_LOOP('',(#10578));
#10578 = ORIENTED_EDGE('',*,*,#10579,.T.);
#10579 = EDGE_CURVE('',#10580,#10580,#10582,.T.);
#10580 = VERTEX_POINT('',#10581);
#10581 = CARTESIAN_POINT('',(217.551,-118.737,0.));
#10582 = CIRCLE('',#10583,0.5);
#10583 = AXIS2_PLACEMENT_3D('',#10584,#10585,#10586);
#10584 = CARTESIAN_POINT('',(217.551,-118.237,0.));
#10585 = DIRECTION('',(-0.,0.,-1.));
#10586 = DIRECTION('',(-0.,-1.,0.));
#10587 = FACE_BOUND('',#10588,.F.);
#10588 = EDGE_LOOP('',(#10589));
#10589 = ORIENTED_EDGE('',*,*,#10590,.T.);
#10590 = EDGE_CURVE('',#10591,#10591,#10593,.T.);
#10591 = VERTEX_POINT('',#10592);
#10592 = CARTESIAN_POINT('',(220.091,-118.737,0.));
#10593 = CIRCLE('',#10594,0.5);
#10594 = AXIS2_PLACEMENT_3D('',#10595,#10596,#10597);
#10595 = CARTESIAN_POINT('',(220.091,-118.237,0.));
#10596 = DIRECTION('',(-0.,0.,-1.));
#10597 = DIRECTION('',(-0.,-1.,0.));
#10598 = FACE_BOUND('',#10599,.F.);
#10599 = EDGE_LOOP('',(#10600));
#10600 = ORIENTED_EDGE('',*,*,#10601,.T.);
#10601 = EDGE_CURVE('',#10602,#10602,#10604,.T.);
#10602 = VERTEX_POINT('',#10603);
#10603 = CARTESIAN_POINT('',(222.631,-118.737,0.));
#10604 = CIRCLE('',#10605,0.5);
#10605 = AXIS2_PLACEMENT_3D('',#10606,#10607,#10608);
#10606 = CARTESIAN_POINT('',(222.631,-118.237,0.));
#10607 = DIRECTION('',(-0.,0.,-1.));
#10608 = DIRECTION('',(-0.,-1.,0.));
#10609 = FACE_BOUND('',#10610,.F.);
#10610 = EDGE_LOOP('',(#10611));
#10611 = ORIENTED_EDGE('',*,*,#10612,.T.);
#10612 = EDGE_CURVE('',#10613,#10613,#10615,.T.);
#10613 = VERTEX_POINT('',#10614);
#10614 = CARTESIAN_POINT('',(207.391,-106.953,0.));
#10615 = CIRCLE('',#10616,0.4);
#10616 = AXIS2_PLACEMENT_3D('',#10617,#10618,#10619);
#10617 = CARTESIAN_POINT('',(207.391,-106.553,0.));
#10618 = DIRECTION('',(-0.,0.,-1.));
#10619 = DIRECTION('',(-7.105427357601E-14,-1.,0.));
#10620 = FACE_BOUND('',#10621,.F.);
#10621 = EDGE_LOOP('',(#10622));
#10622 = ORIENTED_EDGE('',*,*,#10623,.T.);
#10623 = EDGE_CURVE('',#10624,#10624,#10626,.T.);
#10624 = VERTEX_POINT('',#10625);
#10625 = CARTESIAN_POINT('',(207.391,-104.313,0.));
#10626 = CIRCLE('',#10627,0.4);
#10627 = AXIS2_PLACEMENT_3D('',#10628,#10629,#10630);
#10628 = CARTESIAN_POINT('',(207.391,-103.913,0.));
#10629 = DIRECTION('',(-0.,0.,-1.));
#10630 = DIRECTION('',(-7.105427357601E-14,-1.,0.));
#10631 = FACE_BOUND('',#10632,.F.);
#10632 = EDGE_LOOP('',(#10633));
#10633 = ORIENTED_EDGE('',*,*,#10634,.T.);
#10634 = EDGE_CURVE('',#10635,#10635,#10637,.T.);
#10635 = VERTEX_POINT('',#10636);
#10636 = CARTESIAN_POINT('',(207.391,-101.773,0.));
#10637 = CIRCLE('',#10638,0.4);
#10638 = AXIS2_PLACEMENT_3D('',#10639,#10640,#10641);
#10639 = CARTESIAN_POINT('',(207.391,-101.373,0.));
#10640 = DIRECTION('',(-0.,0.,-1.));
#10641 = DIRECTION('',(-7.105427357601E-14,-1.,0.));
#10642 = FACE_BOUND('',#10643,.F.);
#10643 = EDGE_LOOP('',(#10644));
#10644 = ORIENTED_EDGE('',*,*,#10645,.T.);
#10645 = EDGE_CURVE('',#10646,#10646,#10648,.T.);
#10646 = VERTEX_POINT('',#10647);
#10647 = CARTESIAN_POINT('',(207.391,-99.233,0.));
#10648 = CIRCLE('',#10649,0.4);
#10649 = AXIS2_PLACEMENT_3D('',#10650,#10651,#10652);
#10650 = CARTESIAN_POINT('',(207.391,-98.833,0.));
#10651 = DIRECTION('',(-0.,0.,-1.));
#10652 = DIRECTION('',(-7.105427357601E-14,-1.,0.));
#10653 = FACE_BOUND('',#10654,.F.);
#10654 = EDGE_LOOP('',(#10655));
#10655 = ORIENTED_EDGE('',*,*,#10656,.T.);
#10656 = EDGE_CURVE('',#10657,#10657,#10659,.T.);
#10657 = VERTEX_POINT('',#10658);
#10658 = CARTESIAN_POINT('',(207.391,-96.693,0.));
#10659 = CIRCLE('',#10660,0.4);
#10660 = AXIS2_PLACEMENT_3D('',#10661,#10662,#10663);
#10661 = CARTESIAN_POINT('',(207.391,-96.293,0.));
#10662 = DIRECTION('',(-0.,0.,-1.));
#10663 = DIRECTION('',(-7.105427357601E-14,-1.,0.));
#10664 = FACE_BOUND('',#10665,.F.);
#10665 = EDGE_LOOP('',(#10666));
#10666 = ORIENTED_EDGE('',*,*,#10667,.T.);
#10667 = EDGE_CURVE('',#10668,#10668,#10670,.T.);
#10668 = VERTEX_POINT('',#10669);
#10669 = CARTESIAN_POINT('',(207.391,-94.153,0.));
#10670 = CIRCLE('',#10671,0.4);
#10671 = AXIS2_PLACEMENT_3D('',#10672,#10673,#10674);
#10672 = CARTESIAN_POINT('',(207.391,-93.753,0.));
#10673 = DIRECTION('',(-0.,0.,-1.));
#10674 = DIRECTION('',(-7.105427357601E-14,-1.,0.));
#10675 = FACE_BOUND('',#10676,.F.);
#10676 = EDGE_LOOP('',(#10677));
#10677 = ORIENTED_EDGE('',*,*,#10678,.T.);
#10678 = EDGE_CURVE('',#10679,#10679,#10681,.T.);
#10679 = VERTEX_POINT('',#10680);
#10680 = CARTESIAN_POINT('',(207.391,-91.613,0.));
#10681 = CIRCLE('',#10682,0.4);
#10682 = AXIS2_PLACEMENT_3D('',#10683,#10684,#10685);
#10683 = CARTESIAN_POINT('',(207.391,-91.213,0.));
#10684 = DIRECTION('',(-0.,0.,-1.));
#10685 = DIRECTION('',(-7.105427357601E-14,-1.,0.));
#10686 = FACE_BOUND('',#10687,.F.);
#10687 = EDGE_LOOP('',(#10688));
#10688 = ORIENTED_EDGE('',*,*,#10689,.T.);
#10689 = EDGE_CURVE('',#10690,#10690,#10692,.T.);
#10690 = VERTEX_POINT('',#10691);
#10691 = CARTESIAN_POINT('',(207.391,-89.073,0.));
#10692 = CIRCLE('',#10693,0.4);
#10693 = AXIS2_PLACEMENT_3D('',#10694,#10695,#10696);
#10694 = CARTESIAN_POINT('',(207.391,-88.673,0.));
#10695 = DIRECTION('',(-0.,0.,-1.));
#10696 = DIRECTION('',(-7.105427357601E-14,-1.,0.));
#10697 = FACE_BOUND('',#10698,.F.);
#10698 = EDGE_LOOP('',(#10699));
#10699 = ORIENTED_EDGE('',*,*,#10700,.T.);
#10700 = EDGE_CURVE('',#10701,#10701,#10703,.T.);
#10701 = VERTEX_POINT('',#10702);
#10702 = CARTESIAN_POINT('',(207.391,-86.533,0.));
#10703 = CIRCLE('',#10704,0.4);
#10704 = AXIS2_PLACEMENT_3D('',#10705,#10706,#10707);
#10705 = CARTESIAN_POINT('',(207.391,-86.133,0.));
#10706 = DIRECTION('',(-0.,0.,-1.));
#10707 = DIRECTION('',(-7.105427357601E-14,-1.,0.));
#10708 = FACE_BOUND('',#10709,.F.);
#10709 = EDGE_LOOP('',(#10710));
#10710 = ORIENTED_EDGE('',*,*,#10711,.T.);
#10711 = EDGE_CURVE('',#10712,#10712,#10714,.T.);
#10712 = VERTEX_POINT('',#10713);
#10713 = CARTESIAN_POINT('',(225.171,-133.977,0.));
#10714 = CIRCLE('',#10715,0.5);
#10715 = AXIS2_PLACEMENT_3D('',#10716,#10717,#10718);
#10716 = CARTESIAN_POINT('',(225.171,-133.477,0.));
#10717 = DIRECTION('',(-0.,0.,-1.));
#10718 = DIRECTION('',(-0.,-1.,0.));
#10719 = FACE_BOUND('',#10720,.F.);
#10720 = EDGE_LOOP('',(#10721));
#10721 = ORIENTED_EDGE('',*,*,#10722,.T.);
#10722 = EDGE_CURVE('',#10723,#10723,#10725,.T.);
#10723 = VERTEX_POINT('',#10724);
#10724 = CARTESIAN_POINT('',(227.711,-133.977,0.));
#10725 = CIRCLE('',#10726,0.5);
#10726 = AXIS2_PLACEMENT_3D('',#10727,#10728,#10729);
#10727 = CARTESIAN_POINT('',(227.711,-133.477,0.));
#10728 = DIRECTION('',(-0.,0.,-1.));
#10729 = DIRECTION('',(-0.,-1.,0.));
#10730 = FACE_BOUND('',#10731,.F.);
#10731 = EDGE_LOOP('',(#10732));
#10732 = ORIENTED_EDGE('',*,*,#10733,.T.);
#10733 = EDGE_CURVE('',#10734,#10734,#10736,.T.);
#10734 = VERTEX_POINT('',#10735);
#10735 = CARTESIAN_POINT('',(230.251,-133.977,0.));
#10736 = CIRCLE('',#10737,0.5);
#10737 = AXIS2_PLACEMENT_3D('',#10738,#10739,#10740);
#10738 = CARTESIAN_POINT('',(230.251,-133.477,0.));
#10739 = DIRECTION('',(-0.,0.,-1.));
#10740 = DIRECTION('',(-0.,-1.,0.));
#10741 = FACE_BOUND('',#10742,.F.);
#10742 = EDGE_LOOP('',(#10743));
#10743 = ORIENTED_EDGE('',*,*,#10744,.T.);
#10744 = EDGE_CURVE('',#10745,#10745,#10747,.T.);
#10745 = VERTEX_POINT('',#10746);
#10746 = CARTESIAN_POINT('',(232.791,-133.977,0.));
#10747 = CIRCLE('',#10748,0.5);
#10748 = AXIS2_PLACEMENT_3D('',#10749,#10750,#10751);
#10749 = CARTESIAN_POINT('',(232.791,-133.477,0.));
#10750 = DIRECTION('',(-0.,0.,-1.));
#10751 = DIRECTION('',(-0.,-1.,0.));
#10752 = FACE_BOUND('',#10753,.F.);
#10753 = EDGE_LOOP('',(#10754));
#10754 = ORIENTED_EDGE('',*,*,#10755,.T.);
#10755 = EDGE_CURVE('',#10756,#10756,#10758,.T.);
#10756 = VERTEX_POINT('',#10757);
#10757 = CARTESIAN_POINT('',(225.171,-118.737,0.));
#10758 = CIRCLE('',#10759,0.5);
#10759 = AXIS2_PLACEMENT_3D('',#10760,#10761,#10762);
#10760 = CARTESIAN_POINT('',(225.171,-118.237,0.));
#10761 = DIRECTION('',(-0.,0.,-1.));
#10762 = DIRECTION('',(-0.,-1.,0.));
#10763 = FACE_BOUND('',#10764,.F.);
#10764 = EDGE_LOOP('',(#10765));
#10765 = ORIENTED_EDGE('',*,*,#10766,.T.);
#10766 = EDGE_CURVE('',#10767,#10767,#10769,.T.);
#10767 = VERTEX_POINT('',#10768);
#10768 = CARTESIAN_POINT('',(227.711,-118.737,0.));
#10769 = CIRCLE('',#10770,0.5);
#10770 = AXIS2_PLACEMENT_3D('',#10771,#10772,#10773);
#10771 = CARTESIAN_POINT('',(227.711,-118.237,0.));
#10772 = DIRECTION('',(-0.,0.,-1.));
#10773 = DIRECTION('',(-0.,-1.,0.));
#10774 = FACE_BOUND('',#10775,.F.);
#10775 = EDGE_LOOP('',(#10776));
#10776 = ORIENTED_EDGE('',*,*,#10777,.T.);
#10777 = EDGE_CURVE('',#10778,#10778,#10780,.T.);
#10778 = VERTEX_POINT('',#10779);
#10779 = CARTESIAN_POINT('',(230.251,-118.737,0.));
#10780 = CIRCLE('',#10781,0.5);
#10781 = AXIS2_PLACEMENT_3D('',#10782,#10783,#10784);
#10782 = CARTESIAN_POINT('',(230.251,-118.237,0.));
#10783 = DIRECTION('',(-0.,0.,-1.));
#10784 = DIRECTION('',(-0.,-1.,0.));
#10785 = FACE_BOUND('',#10786,.F.);
#10786 = EDGE_LOOP('',(#10787));
#10787 = ORIENTED_EDGE('',*,*,#10788,.T.);
#10788 = EDGE_CURVE('',#10789,#10789,#10791,.T.);
#10789 = VERTEX_POINT('',#10790);
#10790 = CARTESIAN_POINT('',(232.791,-118.737,0.));
#10791 = CIRCLE('',#10792,0.5);
#10792 = AXIS2_PLACEMENT_3D('',#10793,#10794,#10795);
#10793 = CARTESIAN_POINT('',(232.791,-118.237,0.));
#10794 = DIRECTION('',(-0.,0.,-1.));
#10795 = DIRECTION('',(-0.,-1.,0.));
#10796 = FACE_BOUND('',#10797,.F.);
#10797 = EDGE_LOOP('',(#10798));
#10798 = ORIENTED_EDGE('',*,*,#10799,.T.);
#10799 = EDGE_CURVE('',#10800,#10800,#10802,.T.);
#10800 = VERTEX_POINT('',#10801);
#10801 = CARTESIAN_POINT('',(235.331,-133.977,0.));
#10802 = CIRCLE('',#10803,0.5);
#10803 = AXIS2_PLACEMENT_3D('',#10804,#10805,#10806);
#10804 = CARTESIAN_POINT('',(235.331,-133.477,0.));
#10805 = DIRECTION('',(-0.,0.,-1.));
#10806 = DIRECTION('',(-0.,-1.,0.));
#10807 = FACE_BOUND('',#10808,.F.);
#10808 = EDGE_LOOP('',(#10809));
#10809 = ORIENTED_EDGE('',*,*,#10810,.T.);
#10810 = EDGE_CURVE('',#10811,#10811,#10813,.T.);
#10811 = VERTEX_POINT('',#10812);
#10812 = CARTESIAN_POINT('',(237.871,-133.977,0.));
#10813 = CIRCLE('',#10814,0.5);
#10814 = AXIS2_PLACEMENT_3D('',#10815,#10816,#10817);
#10815 = CARTESIAN_POINT('',(237.871,-133.477,0.));
#10816 = DIRECTION('',(-0.,0.,-1.));
#10817 = DIRECTION('',(-0.,-1.,0.));
#10818 = FACE_BOUND('',#10819,.F.);
#10819 = EDGE_LOOP('',(#10820));
#10820 = ORIENTED_EDGE('',*,*,#10821,.T.);
#10821 = EDGE_CURVE('',#10822,#10822,#10824,.T.);
#10822 = VERTEX_POINT('',#10823);
#10823 = CARTESIAN_POINT('',(240.411,-133.977,0.));
#10824 = CIRCLE('',#10825,0.5);
#10825 = AXIS2_PLACEMENT_3D('',#10826,#10827,#10828);
#10826 = CARTESIAN_POINT('',(240.411,-133.477,0.));
#10827 = DIRECTION('',(-0.,0.,-1.));
#10828 = DIRECTION('',(-0.,-1.,0.));
#10829 = FACE_BOUND('',#10830,.F.);
#10830 = EDGE_LOOP('',(#10831));
#10831 = ORIENTED_EDGE('',*,*,#10832,.T.);
#10832 = EDGE_CURVE('',#10833,#10833,#10835,.T.);
#10833 = VERTEX_POINT('',#10834);
#10834 = CARTESIAN_POINT('',(235.331,-118.737,0.));
#10835 = CIRCLE('',#10836,0.5);
#10836 = AXIS2_PLACEMENT_3D('',#10837,#10838,#10839);
#10837 = CARTESIAN_POINT('',(235.331,-118.237,0.));
#10838 = DIRECTION('',(-0.,0.,-1.));
#10839 = DIRECTION('',(-0.,-1.,0.));
#10840 = FACE_BOUND('',#10841,.F.);
#10841 = EDGE_LOOP('',(#10842));
#10842 = ORIENTED_EDGE('',*,*,#10843,.T.);
#10843 = EDGE_CURVE('',#10844,#10844,#10846,.T.);
#10844 = VERTEX_POINT('',#10845);
#10845 = CARTESIAN_POINT('',(237.871,-118.737,0.));
#10846 = CIRCLE('',#10847,0.5);
#10847 = AXIS2_PLACEMENT_3D('',#10848,#10849,#10850);
#10848 = CARTESIAN_POINT('',(237.871,-118.237,0.));
#10849 = DIRECTION('',(-0.,0.,-1.));
#10850 = DIRECTION('',(-0.,-1.,0.));
#10851 = FACE_BOUND('',#10852,.F.);
#10852 = EDGE_LOOP('',(#10853));
#10853 = ORIENTED_EDGE('',*,*,#10854,.T.);
#10854 = EDGE_CURVE('',#10855,#10855,#10857,.T.);
#10855 = VERTEX_POINT('',#10856);
#10856 = CARTESIAN_POINT('',(240.411,-118.737,0.));
#10857 = CIRCLE('',#10858,0.5);
#10858 = AXIS2_PLACEMENT_3D('',#10859,#10860,#10861);
#10859 = CARTESIAN_POINT('',(240.411,-118.237,0.));
#10860 = DIRECTION('',(-0.,0.,-1.));
#10861 = DIRECTION('',(-0.,-1.,0.));
#10862 = FACE_BOUND('',#10863,.F.);
#10863 = EDGE_LOOP('',(#10864));
#10864 = ORIENTED_EDGE('',*,*,#10865,.T.);
#10865 = EDGE_CURVE('',#10866,#10866,#10868,.T.);
#10866 = VERTEX_POINT('',#10867);
#10867 = CARTESIAN_POINT('',(207.391,-83.993,0.));
#10868 = CIRCLE('',#10869,0.4);
#10869 = AXIS2_PLACEMENT_3D('',#10870,#10871,#10872);
#10870 = CARTESIAN_POINT('',(207.391,-83.593,0.));
#10871 = DIRECTION('',(-0.,0.,-1.));
#10872 = DIRECTION('',(-7.105427357601E-14,-1.,0.));
#10873 = FACE_BOUND('',#10874,.F.);
#10874 = EDGE_LOOP('',(#10875));
#10875 = ORIENTED_EDGE('',*,*,#10876,.T.);
#10876 = EDGE_CURVE('',#10877,#10877,#10879,.T.);
#10877 = VERTEX_POINT('',#10878);
#10878 = CARTESIAN_POINT('',(207.391,-81.453,0.));
#10879 = CIRCLE('',#10880,0.4);
#10880 = AXIS2_PLACEMENT_3D('',#10881,#10882,#10883);
#10881 = CARTESIAN_POINT('',(207.391,-81.053,0.));
#10882 = DIRECTION('',(-0.,0.,-1.));
#10883 = DIRECTION('',(-7.105427357601E-14,-1.,0.));
#10884 = FACE_BOUND('',#10885,.F.);
#10885 = EDGE_LOOP('',(#10886));
#10886 = ORIENTED_EDGE('',*,*,#10887,.T.);
#10887 = EDGE_CURVE('',#10888,#10888,#10890,.T.);
#10888 = VERTEX_POINT('',#10889);
#10889 = CARTESIAN_POINT('',(207.391,-78.913,0.));
#10890 = CIRCLE('',#10891,0.4);
#10891 = AXIS2_PLACEMENT_3D('',#10892,#10893,#10894);
#10892 = CARTESIAN_POINT('',(207.391,-78.513,0.));
#10893 = DIRECTION('',(-0.,0.,-1.));
#10894 = DIRECTION('',(-7.105427357601E-14,-1.,0.));
#10895 = FACE_BOUND('',#10896,.F.);
#10896 = EDGE_LOOP('',(#10897));
#10897 = ORIENTED_EDGE('',*,*,#10898,.T.);
#10898 = EDGE_CURVE('',#10899,#10899,#10901,.T.);
#10899 = VERTEX_POINT('',#10900);
#10900 = CARTESIAN_POINT('',(207.391,-76.373,0.));
#10901 = CIRCLE('',#10902,0.4);
#10902 = AXIS2_PLACEMENT_3D('',#10903,#10904,#10905);
#10903 = CARTESIAN_POINT('',(207.391,-75.973,0.));
#10904 = DIRECTION('',(-0.,0.,-1.));
#10905 = DIRECTION('',(-7.105427357601E-14,-1.,0.));
#10906 = FACE_BOUND('',#10907,.F.);
#10907 = EDGE_LOOP('',(#10908));
#10908 = ORIENTED_EDGE('',*,*,#10909,.T.);
#10909 = EDGE_CURVE('',#10910,#10910,#10912,.T.);
#10910 = VERTEX_POINT('',#10911);
#10911 = CARTESIAN_POINT('',(207.391,-73.833,0.));
#10912 = CIRCLE('',#10913,0.4);
#10913 = AXIS2_PLACEMENT_3D('',#10914,#10915,#10916);
#10914 = CARTESIAN_POINT('',(207.391,-73.433,0.));
#10915 = DIRECTION('',(-0.,0.,-1.));
#10916 = DIRECTION('',(-7.105427357601E-14,-1.,0.));
#10917 = FACE_BOUND('',#10918,.F.);
#10918 = EDGE_LOOP('',(#10919));
#10919 = ORIENTED_EDGE('',*,*,#10920,.T.);
#10920 = EDGE_CURVE('',#10921,#10921,#10923,.T.);
#10921 = VERTEX_POINT('',#10922);
#10922 = CARTESIAN_POINT('',(207.391,-71.293,0.));
#10923 = CIRCLE('',#10924,0.4);
#10924 = AXIS2_PLACEMENT_3D('',#10925,#10926,#10927);
#10925 = CARTESIAN_POINT('',(207.391,-70.893,0.));
#10926 = DIRECTION('',(-0.,0.,-1.));
#10927 = DIRECTION('',(-7.105427357601E-14,-1.,0.));
#10928 = FACE_BOUND('',#10929,.F.);
#10929 = EDGE_LOOP('',(#10930));
#10930 = ORIENTED_EDGE('',*,*,#10931,.T.);
#10931 = EDGE_CURVE('',#10932,#10932,#10934,.T.);
#10932 = VERTEX_POINT('',#10933);
#10933 = CARTESIAN_POINT('',(207.391,-68.753,0.));
#10934 = CIRCLE('',#10935,0.4);
#10935 = AXIS2_PLACEMENT_3D('',#10936,#10937,#10938);
#10936 = CARTESIAN_POINT('',(207.391,-68.353,0.));
#10937 = DIRECTION('',(-0.,0.,-1.));
#10938 = DIRECTION('',(-7.105427357601E-14,-1.,0.));
#10939 = FACE_BOUND('',#10940,.F.);
#10940 = EDGE_LOOP('',(#10941));
#10941 = ORIENTED_EDGE('',*,*,#10942,.T.);
#10942 = EDGE_CURVE('',#10943,#10943,#10945,.T.);
#10943 = VERTEX_POINT('',#10944);
#10944 = CARTESIAN_POINT('',(207.391,-66.213,0.));
#10945 = CIRCLE('',#10946,0.4);
#10946 = AXIS2_PLACEMENT_3D('',#10947,#10948,#10949);
#10947 = CARTESIAN_POINT('',(207.391,-65.813,0.));
#10948 = DIRECTION('',(-0.,0.,-1.));
#10949 = DIRECTION('',(-7.105427357601E-14,-1.,0.));
#10950 = FACE_BOUND('',#10951,.F.);
#10951 = EDGE_LOOP('',(#10952));
#10952 = ORIENTED_EDGE('',*,*,#10953,.T.);
#10953 = EDGE_CURVE('',#10954,#10954,#10956,.T.);
#10954 = VERTEX_POINT('',#10955);
#10955 = CARTESIAN_POINT('',(207.391,-63.673,0.));
#10956 = CIRCLE('',#10957,0.4);
#10957 = AXIS2_PLACEMENT_3D('',#10958,#10959,#10960);
#10958 = CARTESIAN_POINT('',(207.391,-63.273,0.));
#10959 = DIRECTION('',(-0.,0.,-1.));
#10960 = DIRECTION('',(-7.105427357601E-14,-1.,0.));
#10961 = FACE_BOUND('',#10962,.F.);
#10962 = EDGE_LOOP('',(#10963));
#10963 = ORIENTED_EDGE('',*,*,#10964,.T.);
#10964 = EDGE_CURVE('',#10965,#10965,#10967,.T.);
#10965 = VERTEX_POINT('',#10966);
#10966 = CARTESIAN_POINT('',(221.103,-80.504,0.));
#10967 = CIRCLE('',#10968,1.65);
#10968 = AXIS2_PLACEMENT_3D('',#10969,#10970,#10971);
#10969 = CARTESIAN_POINT('',(221.103,-78.854,0.));
#10970 = DIRECTION('',(-0.,0.,-1.));
#10971 = DIRECTION('',(-0.,-1.,0.));
#10972 = FACE_BOUND('',#10973,.F.);
#10973 = EDGE_LOOP('',(#10974));
#10974 = ORIENTED_EDGE('',*,*,#10975,.T.);
#10975 = EDGE_CURVE('',#10976,#10976,#10978,.T.);
#10976 = VERTEX_POINT('',#10977);
#10977 = CARTESIAN_POINT('',(207.391,-61.133,0.));
#10978 = CIRCLE('',#10979,0.4);
#10979 = AXIS2_PLACEMENT_3D('',#10980,#10981,#10982);
#10980 = CARTESIAN_POINT('',(207.391,-60.733,0.));
#10981 = DIRECTION('',(-0.,0.,-1.));
#10982 = DIRECTION('',(-7.105427357601E-14,-1.,0.));
#10983 = FACE_BOUND('',#10984,.F.);
#10984 = EDGE_LOOP('',(#10985));
#10985 = ORIENTED_EDGE('',*,*,#10986,.T.);
#10986 = EDGE_CURVE('',#10987,#10987,#10989,.T.);
#10987 = VERTEX_POINT('',#10988);
#10988 = CARTESIAN_POINT('',(207.391,-58.593,0.));
#10989 = CIRCLE('',#10990,0.4);
#10990 = AXIS2_PLACEMENT_3D('',#10991,#10992,#10993);
#10991 = CARTESIAN_POINT('',(207.391,-58.193,0.));
#10992 = DIRECTION('',(-0.,0.,-1.));
#10993 = DIRECTION('',(-7.105427357601E-14,-1.,0.));
#10994 = FACE_BOUND('',#10995,.F.);
#10995 = EDGE_LOOP('',(#10996));
#10996 = ORIENTED_EDGE('',*,*,#10997,.T.);
#10997 = EDGE_CURVE('',#10998,#10998,#11000,.T.);
#10998 = VERTEX_POINT('',#10999);
#10999 = CARTESIAN_POINT('',(221.103,-52.199,0.));
#11000 = CIRCLE('',#11001,0.51);
#11001 = AXIS2_PLACEMENT_3D('',#11002,#11003,#11004);
#11002 = CARTESIAN_POINT('',(221.103,-51.689,0.));
#11003 = DIRECTION('',(-0.,0.,-1.));
#11004 = DIRECTION('',(-0.,-1.,0.));
#11005 = FACE_BOUND('',#11006,.F.);
#11006 = EDGE_LOOP('',(#11007));
#11007 = ORIENTED_EDGE('',*,*,#11008,.T.);
#11008 = EDGE_CURVE('',#11009,#11009,#11011,.T.);
#11009 = VERTEX_POINT('',#11010);
#11010 = CARTESIAN_POINT('',(215.011,-42.537,0.));
#11011 = CIRCLE('',#11012,0.5);
#11012 = AXIS2_PLACEMENT_3D('',#11013,#11014,#11015);
#11013 = CARTESIAN_POINT('',(215.011,-42.037,0.));
#11014 = DIRECTION('',(-0.,0.,-1.));
#11015 = DIRECTION('',(-0.,-1.,0.));
#11016 = FACE_BOUND('',#11017,.F.);
#11017 = EDGE_LOOP('',(#11018));
#11018 = ORIENTED_EDGE('',*,*,#11019,.T.);
#11019 = EDGE_CURVE('',#11020,#11020,#11022,.T.);
#11020 = VERTEX_POINT('',#11021);
#11021 = CARTESIAN_POINT('',(220.011,-42.537,0.));
#11022 = CIRCLE('',#11023,0.5);
#11023 = AXIS2_PLACEMENT_3D('',#11024,#11025,#11026);
#11024 = CARTESIAN_POINT('',(220.011,-42.037,0.));
#11025 = DIRECTION('',(-0.,0.,-1.));
#11026 = DIRECTION('',(-0.,-1.,0.));
#11027 = FACE_BOUND('',#11028,.F.);
#11028 = EDGE_LOOP('',(#11029));
#11029 = ORIENTED_EDGE('',*,*,#11030,.T.);
#11030 = EDGE_CURVE('',#11031,#11031,#11033,.T.);
#11031 = VERTEX_POINT('',#11032);
#11032 = CARTESIAN_POINT('',(236.093,-80.504,0.));
#11033 = CIRCLE('',#11034,1.65);
#11034 = AXIS2_PLACEMENT_3D('',#11035,#11036,#11037);
#11035 = CARTESIAN_POINT('',(236.093,-78.854,0.));
#11036 = DIRECTION('',(-0.,0.,-1.));
#11037 = DIRECTION('',(-1.722527844267E-14,-1.,0.));
#11038 = FACE_BOUND('',#11039,.F.);
#11039 = EDGE_LOOP('',(#11040));
#11040 = ORIENTED_EDGE('',*,*,#11041,.T.);
#11041 = EDGE_CURVE('',#11042,#11042,#11044,.T.);
#11042 = VERTEX_POINT('',#11043);
#11043 = CARTESIAN_POINT('',(225.906,-43.028,0.));
#11044 = CIRCLE('',#11045,0.65);
#11045 = AXIS2_PLACEMENT_3D('',#11046,#11047,#11048);
#11046 = CARTESIAN_POINT('',(225.906,-42.378,0.));
#11047 = DIRECTION('',(-0.,0.,-1.));
#11048 = DIRECTION('',(-0.,-1.,0.));
#11049 = FACE_BOUND('',#11050,.F.);
#11050 = EDGE_LOOP('',(#11051));
#11051 = ORIENTED_EDGE('',*,*,#11052,.T.);
#11052 = EDGE_CURVE('',#11053,#11053,#11055,.T.);
#11053 = VERTEX_POINT('',#11054);
#11054 = CARTESIAN_POINT('',(225.906,-38.028,0.));
#11055 = CIRCLE('',#11056,0.65);
#11056 = AXIS2_PLACEMENT_3D('',#11057,#11058,#11059);
#11057 = CARTESIAN_POINT('',(225.906,-37.378,0.));
#11058 = DIRECTION('',(-0.,0.,-1.));
#11059 = DIRECTION('',(-0.,-1.,0.));
#11060 = FACE_BOUND('',#11061,.F.);
#11061 = EDGE_LOOP('',(#11062));
#11062 = ORIENTED_EDGE('',*,*,#11063,.T.);
#11063 = EDGE_CURVE('',#11064,#11064,#11066,.T.);
#11064 = VERTEX_POINT('',#11065);
#11065 = CARTESIAN_POINT('',(236.093,-52.199,0.));
#11066 = CIRCLE('',#11067,0.51);
#11067 = AXIS2_PLACEMENT_3D('',#11068,#11069,#11070);
#11068 = CARTESIAN_POINT('',(236.093,-51.689,0.));
#11069 = DIRECTION('',(-0.,0.,-1.));
#11070 = DIRECTION('',(-5.57288420204E-14,-1.,0.));
#11071 = FACE_BOUND('',#11072,.F.);
#11072 = EDGE_LOOP('',(#11073));
#11073 = ORIENTED_EDGE('',*,*,#11074,.T.);
#11074 = EDGE_CURVE('',#11075,#11075,#11077,.T.);
#11075 = VERTEX_POINT('',#11076);
#11076 = CARTESIAN_POINT('',(238.406,-43.028,0.));
#11077 = CIRCLE('',#11078,0.65);
#11078 = AXIS2_PLACEMENT_3D('',#11079,#11080,#11081);
#11079 = CARTESIAN_POINT('',(238.406,-42.378,0.));
#11080 = DIRECTION('',(-0.,0.,-1.));
#11081 = DIRECTION('',(-0.,-1.,0.));
#11082 = FACE_BOUND('',#11083,.F.);
#11083 = EDGE_LOOP('',(#11084));
#11084 = ORIENTED_EDGE('',*,*,#11085,.T.);
#11085 = EDGE_CURVE('',#11086,#11086,#11088,.T.);
#11086 = VERTEX_POINT('',#11087);
#11087 = CARTESIAN_POINT('',(238.406,-38.028,0.));
#11088 = CIRCLE('',#11089,0.65);
#11089 = AXIS2_PLACEMENT_3D('',#11090,#11091,#11092);
#11090 = CARTESIAN_POINT('',(238.406,-37.378,0.));
#11091 = DIRECTION('',(-0.,0.,-1.));
#11092 = DIRECTION('',(-0.,-1.,0.));
#11093 = FACE_BOUND('',#11094,.F.);
#11094 = EDGE_LOOP('',(#11095));
#11095 = ORIENTED_EDGE('',*,*,#11096,.T.);
#11096 = EDGE_CURVE('',#11097,#11097,#11099,.T.);
#11097 = VERTEX_POINT('',#11098);
#11098 = CARTESIAN_POINT('',(242.189,-41.294,0.));
#11099 = CIRCLE('',#11100,0.4);
#11100 = AXIS2_PLACEMENT_3D('',#11101,#11102,#11103);
#11101 = CARTESIAN_POINT('',(242.189,-40.894,0.));
#11102 = DIRECTION('',(-0.,0.,-1.));
#11103 = DIRECTION('',(-0.,-1.,0.));
#11104 = FACE_BOUND('',#11105,.F.);
#11105 = EDGE_LOOP('',(#11106));
#11106 = ORIENTED_EDGE('',*,*,#11107,.T.);
#11107 = EDGE_CURVE('',#11108,#11108,#11110,.T.);
#11108 = VERTEX_POINT('',#11109);
#11109 = CARTESIAN_POINT('',(242.189,-39.294,0.));
#11110 = CIRCLE('',#11111,0.4);
#11111 = AXIS2_PLACEMENT_3D('',#11112,#11113,#11114);
#11112 = CARTESIAN_POINT('',(242.189,-38.894,0.));
#11113 = DIRECTION('',(-0.,0.,-1.));
#11114 = DIRECTION('',(-0.,-1.,0.));
#11115 = PLANE('',#11116);
#11116 = AXIS2_PLACEMENT_3D('',#11117,#11118,#11119);
#11117 = CARTESIAN_POINT('',(0.,0.,0.));
#11118 = DIRECTION('',(0.,0.,1.));
#11119 = DIRECTION('',(1.,0.,-0.));
#11120 = ADVANCED_FACE('',(#11121,#11204,#11215,#11226,#11237,#11248,
    #11259,#11270,#11281,#11292,#11303,#11314,#11325,#11336,#11347,
    #11358,#11369,#11380,#11391,#11402,#11413,#11424,#11435,#11446,
    #11457,#11468,#11479,#11490,#11501,#11512,#11523,#11534,#11545,
    #11556,#11567,#11578,#11589,#11600,#11611,#11622,#11633,#11644,
    #11655,#11666,#11677,#11688,#11699,#11710,#11721,#11732,#11743,
    #11754,#11765,#11776,#11787,#11798,#11809,#11820,#11831,#11842,
    #11853,#11864,#11875),#11886,.T.);
#11121 = FACE_BOUND('',#11122,.T.);
#11122 = EDGE_LOOP('',(#11123,#11124,#11125,#11133,#11141,#11149,#11157,
    #11165,#11173,#11181,#11189,#11197,#11203));
#11123 = ORIENTED_EDGE('',*,*,#10261,.F.);
#11124 = ORIENTED_EDGE('',*,*,#10301,.F.);
#11125 = ORIENTED_EDGE('',*,*,#11126,.F.);
#11126 = EDGE_CURVE('',#11127,#10294,#11129,.T.);
#11127 = VERTEX_POINT('',#11128);
#11128 = CARTESIAN_POINT('',(220.411,-29.351,1.51));
#11129 = LINE('',#11130,#11131);
#11130 = CARTESIAN_POINT('',(220.411,-29.351,1.51));
#11131 = VECTOR('',#11132,1.);
#11132 = DIRECTION('',(1.,0.,0.));
#11133 = ORIENTED_EDGE('',*,*,#11134,.F.);
#11134 = EDGE_CURVE('',#11135,#11127,#11137,.T.);
#11135 = VERTEX_POINT('',#11136);
#11136 = CARTESIAN_POINT('',(206.411,-43.351,1.51));
#11137 = LINE('',#11138,#11139);
#11138 = CARTESIAN_POINT('',(206.411,-43.351,1.51));
#11139 = VECTOR('',#11140,1.);
#11140 = DIRECTION('',(0.707106781187,0.707106781187,0.));
#11141 = ORIENTED_EDGE('',*,*,#11142,.F.);
#11142 = EDGE_CURVE('',#11143,#11135,#11145,.T.);
#11143 = VERTEX_POINT('',#11144);
#11144 = CARTESIAN_POINT('',(206.411,-52.351,1.51));
#11145 = LINE('',#11146,#11147);
#11146 = CARTESIAN_POINT('',(206.411,-52.351,1.51));
#11147 = VECTOR('',#11148,1.);
#11148 = DIRECTION('',(0.,1.,0.));
#11149 = ORIENTED_EDGE('',*,*,#11150,.F.);
#11150 = EDGE_CURVE('',#11151,#11143,#11153,.T.);
#11151 = VERTEX_POINT('',#11152);
#11152 = CARTESIAN_POINT('',(201.411,-52.351,1.51));
#11153 = LINE('',#11154,#11155);
#11154 = CARTESIAN_POINT('',(201.411,-52.351,1.51));
#11155 = VECTOR('',#11156,1.);
#11156 = DIRECTION('',(1.,0.,0.));
#11157 = ORIENTED_EDGE('',*,*,#11158,.F.);
#11158 = EDGE_CURVE('',#11159,#11151,#11161,.T.);
#11159 = VERTEX_POINT('',#11160);
#11160 = CARTESIAN_POINT('',(201.411,-136.351,1.51));
#11161 = LINE('',#11162,#11163);
#11162 = CARTESIAN_POINT('',(201.411,-136.351,1.51));
#11163 = VECTOR('',#11164,1.);
#11164 = DIRECTION('',(0.,1.,0.));
#11165 = ORIENTED_EDGE('',*,*,#11166,.F.);
#11166 = EDGE_CURVE('',#11167,#11159,#11169,.T.);
#11167 = VERTEX_POINT('',#11168);
#11168 = CARTESIAN_POINT('',(206.411,-136.351,1.51));
#11169 = LINE('',#11170,#11171);
#11170 = CARTESIAN_POINT('',(206.411,-136.351,1.51));
#11171 = VECTOR('',#11172,1.);
#11172 = DIRECTION('',(-1.,0.,0.));
#11173 = ORIENTED_EDGE('',*,*,#11174,.F.);
#11174 = EDGE_CURVE('',#11175,#11167,#11177,.T.);
#11175 = VERTEX_POINT('',#11176);
#11176 = CARTESIAN_POINT('',(206.411,-141.351,1.51));
#11177 = LINE('',#11178,#11179);
#11178 = CARTESIAN_POINT('',(206.411,-141.351,1.51));
#11179 = VECTOR('',#11180,1.);
#11180 = DIRECTION('',(0.,1.,0.));
#11181 = ORIENTED_EDGE('',*,*,#11182,.F.);
#11182 = EDGE_CURVE('',#11183,#11175,#11185,.T.);
#11183 = VERTEX_POINT('',#11184);
#11184 = CARTESIAN_POINT('',(240.411,-141.351,1.51));
#11185 = LINE('',#11186,#11187);
#11186 = CARTESIAN_POINT('',(240.411,-141.351,1.51));
#11187 = VECTOR('',#11188,1.);
#11188 = DIRECTION('',(-1.,0.,0.));
#11189 = ORIENTED_EDGE('',*,*,#11190,.F.);
#11190 = EDGE_CURVE('',#11191,#11183,#11193,.T.);
#11191 = VERTEX_POINT('',#11192);
#11192 = CARTESIAN_POINT('',(240.411,-136.351,1.51));
#11193 = LINE('',#11194,#11195);
#11194 = CARTESIAN_POINT('',(240.411,-136.351,1.51));
#11195 = VECTOR('',#11196,1.);
#11196 = DIRECTION('',(0.,-1.,0.));
#11197 = ORIENTED_EDGE('',*,*,#11198,.F.);
#11198 = EDGE_CURVE('',#10324,#11191,#11199,.T.);
#11199 = LINE('',#11200,#11201);
#11200 = CARTESIAN_POINT('',(245.411,-136.351,1.51));
#11201 = VECTOR('',#11202,1.);
#11202 = DIRECTION('',(-1.,0.,0.));
#11203 = ORIENTED_EDGE('',*,*,#10323,.F.);
#11204 = FACE_BOUND('',#11205,.T.);
#11205 = EDGE_LOOP('',(#11206));
#11206 = ORIENTED_EDGE('',*,*,#11207,.T.);
#11207 = EDGE_CURVE('',#11208,#11208,#11210,.T.);
#11208 = VERTEX_POINT('',#11209);
#11209 = CARTESIAN_POINT('',(204.851,-133.977,1.51));
#11210 = CIRCLE('',#11211,0.5);
#11211 = AXIS2_PLACEMENT_3D('',#11212,#11213,#11214);
#11212 = CARTESIAN_POINT('',(204.851,-133.477,1.51));
#11213 = DIRECTION('',(-0.,0.,-1.));
#11214 = DIRECTION('',(-0.,-1.,0.));
#11215 = FACE_BOUND('',#11216,.T.);
#11216 = EDGE_LOOP('',(#11217));
#11217 = ORIENTED_EDGE('',*,*,#11218,.T.);
#11218 = EDGE_CURVE('',#11219,#11219,#11221,.T.);
#11219 = VERTEX_POINT('',#11220);
#11220 = CARTESIAN_POINT('',(207.391,-133.977,1.51));
#11221 = CIRCLE('',#11222,0.5);
#11222 = AXIS2_PLACEMENT_3D('',#11223,#11224,#11225);
#11223 = CARTESIAN_POINT('',(207.391,-133.477,1.51));
#11224 = DIRECTION('',(-0.,0.,-1.));
#11225 = DIRECTION('',(-0.,-1.,0.));
#11226 = FACE_BOUND('',#11227,.T.);
#11227 = EDGE_LOOP('',(#11228));
#11228 = ORIENTED_EDGE('',*,*,#11229,.T.);
#11229 = EDGE_CURVE('',#11230,#11230,#11232,.T.);
#11230 = VERTEX_POINT('',#11231);
#11231 = CARTESIAN_POINT('',(209.931,-133.977,1.51));
#11232 = CIRCLE('',#11233,0.5);
#11233 = AXIS2_PLACEMENT_3D('',#11234,#11235,#11236);
#11234 = CARTESIAN_POINT('',(209.931,-133.477,1.51));
#11235 = DIRECTION('',(-0.,0.,-1.));
#11236 = DIRECTION('',(-0.,-1.,0.));
#11237 = FACE_BOUND('',#11238,.T.);
#11238 = EDGE_LOOP('',(#11239));
#11239 = ORIENTED_EDGE('',*,*,#11240,.T.);
#11240 = EDGE_CURVE('',#11241,#11241,#11243,.T.);
#11241 = VERTEX_POINT('',#11242);
#11242 = CARTESIAN_POINT('',(212.471,-133.977,1.51));
#11243 = CIRCLE('',#11244,0.5);
#11244 = AXIS2_PLACEMENT_3D('',#11245,#11246,#11247);
#11245 = CARTESIAN_POINT('',(212.471,-133.477,1.51));
#11246 = DIRECTION('',(-0.,0.,-1.));
#11247 = DIRECTION('',(-0.,-1.,0.));
#11248 = FACE_BOUND('',#11249,.T.);
#11249 = EDGE_LOOP('',(#11250));
#11250 = ORIENTED_EDGE('',*,*,#11251,.T.);
#11251 = EDGE_CURVE('',#11252,#11252,#11254,.T.);
#11252 = VERTEX_POINT('',#11253);
#11253 = CARTESIAN_POINT('',(204.851,-118.737,1.51));
#11254 = CIRCLE('',#11255,0.5);
#11255 = AXIS2_PLACEMENT_3D('',#11256,#11257,#11258);
#11256 = CARTESIAN_POINT('',(204.851,-118.237,1.51));
#11257 = DIRECTION('',(-0.,0.,-1.));
#11258 = DIRECTION('',(-0.,-1.,0.));
#11259 = FACE_BOUND('',#11260,.T.);
#11260 = EDGE_LOOP('',(#11261));
#11261 = ORIENTED_EDGE('',*,*,#11262,.T.);
#11262 = EDGE_CURVE('',#11263,#11263,#11265,.T.);
#11263 = VERTEX_POINT('',#11264);
#11264 = CARTESIAN_POINT('',(207.391,-118.737,1.51));
#11265 = CIRCLE('',#11266,0.5);
#11266 = AXIS2_PLACEMENT_3D('',#11267,#11268,#11269);
#11267 = CARTESIAN_POINT('',(207.391,-118.237,1.51));
#11268 = DIRECTION('',(-0.,0.,-1.));
#11269 = DIRECTION('',(-0.,-1.,0.));
#11270 = FACE_BOUND('',#11271,.T.);
#11271 = EDGE_LOOP('',(#11272));
#11272 = ORIENTED_EDGE('',*,*,#11273,.T.);
#11273 = EDGE_CURVE('',#11274,#11274,#11276,.T.);
#11274 = VERTEX_POINT('',#11275);
#11275 = CARTESIAN_POINT('',(209.931,-118.737,1.51));
#11276 = CIRCLE('',#11277,0.5);
#11277 = AXIS2_PLACEMENT_3D('',#11278,#11279,#11280);
#11278 = CARTESIAN_POINT('',(209.931,-118.237,1.51));
#11279 = DIRECTION('',(-0.,0.,-1.));
#11280 = DIRECTION('',(-0.,-1.,0.));
#11281 = FACE_BOUND('',#11282,.T.);
#11282 = EDGE_LOOP('',(#11283));
#11283 = ORIENTED_EDGE('',*,*,#11284,.T.);
#11284 = EDGE_CURVE('',#11285,#11285,#11287,.T.);
#11285 = VERTEX_POINT('',#11286);
#11286 = CARTESIAN_POINT('',(212.471,-118.737,1.51));
#11287 = CIRCLE('',#11288,0.5);
#11288 = AXIS2_PLACEMENT_3D('',#11289,#11290,#11291);
#11289 = CARTESIAN_POINT('',(212.471,-118.237,1.51));
#11290 = DIRECTION('',(-0.,0.,-1.));
#11291 = DIRECTION('',(-0.,-1.,0.));
#11292 = FACE_BOUND('',#11293,.T.);
#11293 = EDGE_LOOP('',(#11294));
#11294 = ORIENTED_EDGE('',*,*,#11295,.T.);
#11295 = EDGE_CURVE('',#11296,#11296,#11298,.T.);
#11296 = VERTEX_POINT('',#11297);
#11297 = CARTESIAN_POINT('',(215.011,-133.977,1.51));
#11298 = CIRCLE('',#11299,0.5);
#11299 = AXIS2_PLACEMENT_3D('',#11300,#11301,#11302);
#11300 = CARTESIAN_POINT('',(215.011,-133.477,1.51));
#11301 = DIRECTION('',(-0.,0.,-1.));
#11302 = DIRECTION('',(-0.,-1.,0.));
#11303 = FACE_BOUND('',#11304,.T.);
#11304 = EDGE_LOOP('',(#11305));
#11305 = ORIENTED_EDGE('',*,*,#11306,.T.);
#11306 = EDGE_CURVE('',#11307,#11307,#11309,.T.);
#11307 = VERTEX_POINT('',#11308);
#11308 = CARTESIAN_POINT('',(217.551,-133.977,1.51));
#11309 = CIRCLE('',#11310,0.5);
#11310 = AXIS2_PLACEMENT_3D('',#11311,#11312,#11313);
#11311 = CARTESIAN_POINT('',(217.551,-133.477,1.51));
#11312 = DIRECTION('',(-0.,0.,-1.));
#11313 = DIRECTION('',(-0.,-1.,0.));
#11314 = FACE_BOUND('',#11315,.T.);
#11315 = EDGE_LOOP('',(#11316));
#11316 = ORIENTED_EDGE('',*,*,#11317,.T.);
#11317 = EDGE_CURVE('',#11318,#11318,#11320,.T.);
#11318 = VERTEX_POINT('',#11319);
#11319 = CARTESIAN_POINT('',(220.091,-133.977,1.51));
#11320 = CIRCLE('',#11321,0.5);
#11321 = AXIS2_PLACEMENT_3D('',#11322,#11323,#11324);
#11322 = CARTESIAN_POINT('',(220.091,-133.477,1.51));
#11323 = DIRECTION('',(-0.,0.,-1.));
#11324 = DIRECTION('',(-0.,-1.,0.));
#11325 = FACE_BOUND('',#11326,.T.);
#11326 = EDGE_LOOP('',(#11327));
#11327 = ORIENTED_EDGE('',*,*,#11328,.T.);
#11328 = EDGE_CURVE('',#11329,#11329,#11331,.T.);
#11329 = VERTEX_POINT('',#11330);
#11330 = CARTESIAN_POINT('',(222.631,-133.977,1.51));
#11331 = CIRCLE('',#11332,0.5);
#11332 = AXIS2_PLACEMENT_3D('',#11333,#11334,#11335);
#11333 = CARTESIAN_POINT('',(222.631,-133.477,1.51));
#11334 = DIRECTION('',(-0.,0.,-1.));
#11335 = DIRECTION('',(-0.,-1.,0.));
#11336 = FACE_BOUND('',#11337,.T.);
#11337 = EDGE_LOOP('',(#11338));
#11338 = ORIENTED_EDGE('',*,*,#11339,.T.);
#11339 = EDGE_CURVE('',#11340,#11340,#11342,.T.);
#11340 = VERTEX_POINT('',#11341);
#11341 = CARTESIAN_POINT('',(215.011,-118.737,1.51));
#11342 = CIRCLE('',#11343,0.5);
#11343 = AXIS2_PLACEMENT_3D('',#11344,#11345,#11346);
#11344 = CARTESIAN_POINT('',(215.011,-118.237,1.51));
#11345 = DIRECTION('',(-0.,0.,-1.));
#11346 = DIRECTION('',(-0.,-1.,0.));
#11347 = FACE_BOUND('',#11348,.T.);
#11348 = EDGE_LOOP('',(#11349));
#11349 = ORIENTED_EDGE('',*,*,#11350,.T.);
#11350 = EDGE_CURVE('',#11351,#11351,#11353,.T.);
#11351 = VERTEX_POINT('',#11352);
#11352 = CARTESIAN_POINT('',(217.551,-118.737,1.51));
#11353 = CIRCLE('',#11354,0.5);
#11354 = AXIS2_PLACEMENT_3D('',#11355,#11356,#11357);
#11355 = CARTESIAN_POINT('',(217.551,-118.237,1.51));
#11356 = DIRECTION('',(-0.,0.,-1.));
#11357 = DIRECTION('',(-0.,-1.,0.));
#11358 = FACE_BOUND('',#11359,.T.);
#11359 = EDGE_LOOP('',(#11360));
#11360 = ORIENTED_EDGE('',*,*,#11361,.T.);
#11361 = EDGE_CURVE('',#11362,#11362,#11364,.T.);
#11362 = VERTEX_POINT('',#11363);
#11363 = CARTESIAN_POINT('',(220.091,-118.737,1.51));
#11364 = CIRCLE('',#11365,0.5);
#11365 = AXIS2_PLACEMENT_3D('',#11366,#11367,#11368);
#11366 = CARTESIAN_POINT('',(220.091,-118.237,1.51));
#11367 = DIRECTION('',(-0.,0.,-1.));
#11368 = DIRECTION('',(-0.,-1.,0.));
#11369 = FACE_BOUND('',#11370,.T.);
#11370 = EDGE_LOOP('',(#11371));
#11371 = ORIENTED_EDGE('',*,*,#11372,.T.);
#11372 = EDGE_CURVE('',#11373,#11373,#11375,.T.);
#11373 = VERTEX_POINT('',#11374);
#11374 = CARTESIAN_POINT('',(222.631,-118.737,1.51));
#11375 = CIRCLE('',#11376,0.5);
#11376 = AXIS2_PLACEMENT_3D('',#11377,#11378,#11379);
#11377 = CARTESIAN_POINT('',(222.631,-118.237,1.51));
#11378 = DIRECTION('',(-0.,0.,-1.));
#11379 = DIRECTION('',(-0.,-1.,0.));
#11380 = FACE_BOUND('',#11381,.T.);
#11381 = EDGE_LOOP('',(#11382));
#11382 = ORIENTED_EDGE('',*,*,#11383,.T.);
#11383 = EDGE_CURVE('',#11384,#11384,#11386,.T.);
#11384 = VERTEX_POINT('',#11385);
#11385 = CARTESIAN_POINT('',(207.391,-106.953,1.51));
#11386 = CIRCLE('',#11387,0.4);
#11387 = AXIS2_PLACEMENT_3D('',#11388,#11389,#11390);
#11388 = CARTESIAN_POINT('',(207.391,-106.553,1.51));
#11389 = DIRECTION('',(-0.,0.,-1.));
#11390 = DIRECTION('',(-7.105427357601E-14,-1.,0.));
#11391 = FACE_BOUND('',#11392,.T.);
#11392 = EDGE_LOOP('',(#11393));
#11393 = ORIENTED_EDGE('',*,*,#11394,.T.);
#11394 = EDGE_CURVE('',#11395,#11395,#11397,.T.);
#11395 = VERTEX_POINT('',#11396);
#11396 = CARTESIAN_POINT('',(207.391,-104.313,1.51));
#11397 = CIRCLE('',#11398,0.4);
#11398 = AXIS2_PLACEMENT_3D('',#11399,#11400,#11401);
#11399 = CARTESIAN_POINT('',(207.391,-103.913,1.51));
#11400 = DIRECTION('',(-0.,0.,-1.));
#11401 = DIRECTION('',(-7.105427357601E-14,-1.,0.));
#11402 = FACE_BOUND('',#11403,.T.);
#11403 = EDGE_LOOP('',(#11404));
#11404 = ORIENTED_EDGE('',*,*,#11405,.T.);
#11405 = EDGE_CURVE('',#11406,#11406,#11408,.T.);
#11406 = VERTEX_POINT('',#11407);
#11407 = CARTESIAN_POINT('',(207.391,-101.773,1.51));
#11408 = CIRCLE('',#11409,0.4);
#11409 = AXIS2_PLACEMENT_3D('',#11410,#11411,#11412);
#11410 = CARTESIAN_POINT('',(207.391,-101.373,1.51));
#11411 = DIRECTION('',(-0.,0.,-1.));
#11412 = DIRECTION('',(-7.105427357601E-14,-1.,0.));
#11413 = FACE_BOUND('',#11414,.T.);
#11414 = EDGE_LOOP('',(#11415));
#11415 = ORIENTED_EDGE('',*,*,#11416,.T.);
#11416 = EDGE_CURVE('',#11417,#11417,#11419,.T.);
#11417 = VERTEX_POINT('',#11418);
#11418 = CARTESIAN_POINT('',(207.391,-99.233,1.51));
#11419 = CIRCLE('',#11420,0.4);
#11420 = AXIS2_PLACEMENT_3D('',#11421,#11422,#11423);
#11421 = CARTESIAN_POINT('',(207.391,-98.833,1.51));
#11422 = DIRECTION('',(-0.,0.,-1.));
#11423 = DIRECTION('',(-7.105427357601E-14,-1.,0.));
#11424 = FACE_BOUND('',#11425,.T.);
#11425 = EDGE_LOOP('',(#11426));
#11426 = ORIENTED_EDGE('',*,*,#11427,.T.);
#11427 = EDGE_CURVE('',#11428,#11428,#11430,.T.);
#11428 = VERTEX_POINT('',#11429);
#11429 = CARTESIAN_POINT('',(207.391,-96.693,1.51));
#11430 = CIRCLE('',#11431,0.4);
#11431 = AXIS2_PLACEMENT_3D('',#11432,#11433,#11434);
#11432 = CARTESIAN_POINT('',(207.391,-96.293,1.51));
#11433 = DIRECTION('',(-0.,0.,-1.));
#11434 = DIRECTION('',(-7.105427357601E-14,-1.,0.));
#11435 = FACE_BOUND('',#11436,.T.);
#11436 = EDGE_LOOP('',(#11437));
#11437 = ORIENTED_EDGE('',*,*,#11438,.T.);
#11438 = EDGE_CURVE('',#11439,#11439,#11441,.T.);
#11439 = VERTEX_POINT('',#11440);
#11440 = CARTESIAN_POINT('',(207.391,-94.153,1.51));
#11441 = CIRCLE('',#11442,0.4);
#11442 = AXIS2_PLACEMENT_3D('',#11443,#11444,#11445);
#11443 = CARTESIAN_POINT('',(207.391,-93.753,1.51));
#11444 = DIRECTION('',(-0.,0.,-1.));
#11445 = DIRECTION('',(-7.105427357601E-14,-1.,0.));
#11446 = FACE_BOUND('',#11447,.T.);
#11447 = EDGE_LOOP('',(#11448));
#11448 = ORIENTED_EDGE('',*,*,#11449,.T.);
#11449 = EDGE_CURVE('',#11450,#11450,#11452,.T.);
#11450 = VERTEX_POINT('',#11451);
#11451 = CARTESIAN_POINT('',(207.391,-91.613,1.51));
#11452 = CIRCLE('',#11453,0.4);
#11453 = AXIS2_PLACEMENT_3D('',#11454,#11455,#11456);
#11454 = CARTESIAN_POINT('',(207.391,-91.213,1.51));
#11455 = DIRECTION('',(-0.,0.,-1.));
#11456 = DIRECTION('',(-7.105427357601E-14,-1.,0.));
#11457 = FACE_BOUND('',#11458,.T.);
#11458 = EDGE_LOOP('',(#11459));
#11459 = ORIENTED_EDGE('',*,*,#11460,.T.);
#11460 = EDGE_CURVE('',#11461,#11461,#11463,.T.);
#11461 = VERTEX_POINT('',#11462);
#11462 = CARTESIAN_POINT('',(207.391,-89.073,1.51));
#11463 = CIRCLE('',#11464,0.4);
#11464 = AXIS2_PLACEMENT_3D('',#11465,#11466,#11467);
#11465 = CARTESIAN_POINT('',(207.391,-88.673,1.51));
#11466 = DIRECTION('',(-0.,0.,-1.));
#11467 = DIRECTION('',(-7.105427357601E-14,-1.,0.));
#11468 = FACE_BOUND('',#11469,.T.);
#11469 = EDGE_LOOP('',(#11470));
#11470 = ORIENTED_EDGE('',*,*,#11471,.T.);
#11471 = EDGE_CURVE('',#11472,#11472,#11474,.T.);
#11472 = VERTEX_POINT('',#11473);
#11473 = CARTESIAN_POINT('',(207.391,-86.533,1.51));
#11474 = CIRCLE('',#11475,0.4);
#11475 = AXIS2_PLACEMENT_3D('',#11476,#11477,#11478);
#11476 = CARTESIAN_POINT('',(207.391,-86.133,1.51));
#11477 = DIRECTION('',(-0.,0.,-1.));
#11478 = DIRECTION('',(-7.105427357601E-14,-1.,0.));
#11479 = FACE_BOUND('',#11480,.T.);
#11480 = EDGE_LOOP('',(#11481));
#11481 = ORIENTED_EDGE('',*,*,#11482,.T.);
#11482 = EDGE_CURVE('',#11483,#11483,#11485,.T.);
#11483 = VERTEX_POINT('',#11484);
#11484 = CARTESIAN_POINT('',(225.171,-133.977,1.51));
#11485 = CIRCLE('',#11486,0.5);
#11486 = AXIS2_PLACEMENT_3D('',#11487,#11488,#11489);
#11487 = CARTESIAN_POINT('',(225.171,-133.477,1.51));
#11488 = DIRECTION('',(-0.,0.,-1.));
#11489 = DIRECTION('',(-0.,-1.,0.));
#11490 = FACE_BOUND('',#11491,.T.);
#11491 = EDGE_LOOP('',(#11492));
#11492 = ORIENTED_EDGE('',*,*,#11493,.T.);
#11493 = EDGE_CURVE('',#11494,#11494,#11496,.T.);
#11494 = VERTEX_POINT('',#11495);
#11495 = CARTESIAN_POINT('',(227.711,-133.977,1.51));
#11496 = CIRCLE('',#11497,0.5);
#11497 = AXIS2_PLACEMENT_3D('',#11498,#11499,#11500);
#11498 = CARTESIAN_POINT('',(227.711,-133.477,1.51));
#11499 = DIRECTION('',(-0.,0.,-1.));
#11500 = DIRECTION('',(-0.,-1.,0.));
#11501 = FACE_BOUND('',#11502,.T.);
#11502 = EDGE_LOOP('',(#11503));
#11503 = ORIENTED_EDGE('',*,*,#11504,.T.);
#11504 = EDGE_CURVE('',#11505,#11505,#11507,.T.);
#11505 = VERTEX_POINT('',#11506);
#11506 = CARTESIAN_POINT('',(230.251,-133.977,1.51));
#11507 = CIRCLE('',#11508,0.5);
#11508 = AXIS2_PLACEMENT_3D('',#11509,#11510,#11511);
#11509 = CARTESIAN_POINT('',(230.251,-133.477,1.51));
#11510 = DIRECTION('',(-0.,0.,-1.));
#11511 = DIRECTION('',(-0.,-1.,0.));
#11512 = FACE_BOUND('',#11513,.T.);
#11513 = EDGE_LOOP('',(#11514));
#11514 = ORIENTED_EDGE('',*,*,#11515,.T.);
#11515 = EDGE_CURVE('',#11516,#11516,#11518,.T.);
#11516 = VERTEX_POINT('',#11517);
#11517 = CARTESIAN_POINT('',(232.791,-133.977,1.51));
#11518 = CIRCLE('',#11519,0.5);
#11519 = AXIS2_PLACEMENT_3D('',#11520,#11521,#11522);
#11520 = CARTESIAN_POINT('',(232.791,-133.477,1.51));
#11521 = DIRECTION('',(-0.,0.,-1.));
#11522 = DIRECTION('',(-0.,-1.,0.));
#11523 = FACE_BOUND('',#11524,.T.);
#11524 = EDGE_LOOP('',(#11525));
#11525 = ORIENTED_EDGE('',*,*,#11526,.T.);
#11526 = EDGE_CURVE('',#11527,#11527,#11529,.T.);
#11527 = VERTEX_POINT('',#11528);
#11528 = CARTESIAN_POINT('',(225.171,-118.737,1.51));
#11529 = CIRCLE('',#11530,0.5);
#11530 = AXIS2_PLACEMENT_3D('',#11531,#11532,#11533);
#11531 = CARTESIAN_POINT('',(225.171,-118.237,1.51));
#11532 = DIRECTION('',(-0.,0.,-1.));
#11533 = DIRECTION('',(-0.,-1.,0.));
#11534 = FACE_BOUND('',#11535,.T.);
#11535 = EDGE_LOOP('',(#11536));
#11536 = ORIENTED_EDGE('',*,*,#11537,.T.);
#11537 = EDGE_CURVE('',#11538,#11538,#11540,.T.);
#11538 = VERTEX_POINT('',#11539);
#11539 = CARTESIAN_POINT('',(227.711,-118.737,1.51));
#11540 = CIRCLE('',#11541,0.5);
#11541 = AXIS2_PLACEMENT_3D('',#11542,#11543,#11544);
#11542 = CARTESIAN_POINT('',(227.711,-118.237,1.51));
#11543 = DIRECTION('',(-0.,0.,-1.));
#11544 = DIRECTION('',(-0.,-1.,0.));
#11545 = FACE_BOUND('',#11546,.T.);
#11546 = EDGE_LOOP('',(#11547));
#11547 = ORIENTED_EDGE('',*,*,#11548,.T.);
#11548 = EDGE_CURVE('',#11549,#11549,#11551,.T.);
#11549 = VERTEX_POINT('',#11550);
#11550 = CARTESIAN_POINT('',(230.251,-118.737,1.51));
#11551 = CIRCLE('',#11552,0.5);
#11552 = AXIS2_PLACEMENT_3D('',#11553,#11554,#11555);
#11553 = CARTESIAN_POINT('',(230.251,-118.237,1.51));
#11554 = DIRECTION('',(-0.,0.,-1.));
#11555 = DIRECTION('',(-0.,-1.,0.));
#11556 = FACE_BOUND('',#11557,.T.);
#11557 = EDGE_LOOP('',(#11558));
#11558 = ORIENTED_EDGE('',*,*,#11559,.T.);
#11559 = EDGE_CURVE('',#11560,#11560,#11562,.T.);
#11560 = VERTEX_POINT('',#11561);
#11561 = CARTESIAN_POINT('',(232.791,-118.737,1.51));
#11562 = CIRCLE('',#11563,0.5);
#11563 = AXIS2_PLACEMENT_3D('',#11564,#11565,#11566);
#11564 = CARTESIAN_POINT('',(232.791,-118.237,1.51));
#11565 = DIRECTION('',(-0.,0.,-1.));
#11566 = DIRECTION('',(-0.,-1.,0.));
#11567 = FACE_BOUND('',#11568,.T.);
#11568 = EDGE_LOOP('',(#11569));
#11569 = ORIENTED_EDGE('',*,*,#11570,.T.);
#11570 = EDGE_CURVE('',#11571,#11571,#11573,.T.);
#11571 = VERTEX_POINT('',#11572);
#11572 = CARTESIAN_POINT('',(235.331,-133.977,1.51));
#11573 = CIRCLE('',#11574,0.5);
#11574 = AXIS2_PLACEMENT_3D('',#11575,#11576,#11577);
#11575 = CARTESIAN_POINT('',(235.331,-133.477,1.51));
#11576 = DIRECTION('',(-0.,0.,-1.));
#11577 = DIRECTION('',(-0.,-1.,0.));
#11578 = FACE_BOUND('',#11579,.T.);
#11579 = EDGE_LOOP('',(#11580));
#11580 = ORIENTED_EDGE('',*,*,#11581,.T.);
#11581 = EDGE_CURVE('',#11582,#11582,#11584,.T.);
#11582 = VERTEX_POINT('',#11583);
#11583 = CARTESIAN_POINT('',(237.871,-133.977,1.51));
#11584 = CIRCLE('',#11585,0.5);
#11585 = AXIS2_PLACEMENT_3D('',#11586,#11587,#11588);
#11586 = CARTESIAN_POINT('',(237.871,-133.477,1.51));
#11587 = DIRECTION('',(-0.,0.,-1.));
#11588 = DIRECTION('',(-0.,-1.,0.));
#11589 = FACE_BOUND('',#11590,.T.);
#11590 = EDGE_LOOP('',(#11591));
#11591 = ORIENTED_EDGE('',*,*,#11592,.T.);
#11592 = EDGE_CURVE('',#11593,#11593,#11595,.T.);
#11593 = VERTEX_POINT('',#11594);
#11594 = CARTESIAN_POINT('',(240.411,-133.977,1.51));
#11595 = CIRCLE('',#11596,0.5);
#11596 = AXIS2_PLACEMENT_3D('',#11597,#11598,#11599);
#11597 = CARTESIAN_POINT('',(240.411,-133.477,1.51));
#11598 = DIRECTION('',(-0.,0.,-1.));
#11599 = DIRECTION('',(-0.,-1.,0.));
#11600 = FACE_BOUND('',#11601,.T.);
#11601 = EDGE_LOOP('',(#11602));
#11602 = ORIENTED_EDGE('',*,*,#11603,.T.);
#11603 = EDGE_CURVE('',#11604,#11604,#11606,.T.);
#11604 = VERTEX_POINT('',#11605);
#11605 = CARTESIAN_POINT('',(235.331,-118.737,1.51));
#11606 = CIRCLE('',#11607,0.5);
#11607 = AXIS2_PLACEMENT_3D('',#11608,#11609,#11610);
#11608 = CARTESIAN_POINT('',(235.331,-118.237,1.51));
#11609 = DIRECTION('',(-0.,0.,-1.));
#11610 = DIRECTION('',(-0.,-1.,0.));
#11611 = FACE_BOUND('',#11612,.T.);
#11612 = EDGE_LOOP('',(#11613));
#11613 = ORIENTED_EDGE('',*,*,#11614,.T.);
#11614 = EDGE_CURVE('',#11615,#11615,#11617,.T.);
#11615 = VERTEX_POINT('',#11616);
#11616 = CARTESIAN_POINT('',(237.871,-118.737,1.51));
#11617 = CIRCLE('',#11618,0.5);
#11618 = AXIS2_PLACEMENT_3D('',#11619,#11620,#11621);
#11619 = CARTESIAN_POINT('',(237.871,-118.237,1.51));
#11620 = DIRECTION('',(-0.,0.,-1.));
#11621 = DIRECTION('',(-0.,-1.,0.));
#11622 = FACE_BOUND('',#11623,.T.);
#11623 = EDGE_LOOP('',(#11624));
#11624 = ORIENTED_EDGE('',*,*,#11625,.T.);
#11625 = EDGE_CURVE('',#11626,#11626,#11628,.T.);
#11626 = VERTEX_POINT('',#11627);
#11627 = CARTESIAN_POINT('',(240.411,-118.737,1.51));
#11628 = CIRCLE('',#11629,0.5);
#11629 = AXIS2_PLACEMENT_3D('',#11630,#11631,#11632);
#11630 = CARTESIAN_POINT('',(240.411,-118.237,1.51));
#11631 = DIRECTION('',(-0.,0.,-1.));
#11632 = DIRECTION('',(-0.,-1.,0.));
#11633 = FACE_BOUND('',#11634,.T.);
#11634 = EDGE_LOOP('',(#11635));
#11635 = ORIENTED_EDGE('',*,*,#11636,.T.);
#11636 = EDGE_CURVE('',#11637,#11637,#11639,.T.);
#11637 = VERTEX_POINT('',#11638);
#11638 = CARTESIAN_POINT('',(207.391,-83.993,1.51));
#11639 = CIRCLE('',#11640,0.4);
#11640 = AXIS2_PLACEMENT_3D('',#11641,#11642,#11643);
#11641 = CARTESIAN_POINT('',(207.391,-83.593,1.51));
#11642 = DIRECTION('',(-0.,0.,-1.));
#11643 = DIRECTION('',(-7.105427357601E-14,-1.,0.));
#11644 = FACE_BOUND('',#11645,.T.);
#11645 = EDGE_LOOP('',(#11646));
#11646 = ORIENTED_EDGE('',*,*,#11647,.T.);
#11647 = EDGE_CURVE('',#11648,#11648,#11650,.T.);
#11648 = VERTEX_POINT('',#11649);
#11649 = CARTESIAN_POINT('',(207.391,-81.453,1.51));
#11650 = CIRCLE('',#11651,0.4);
#11651 = AXIS2_PLACEMENT_3D('',#11652,#11653,#11654);
#11652 = CARTESIAN_POINT('',(207.391,-81.053,1.51));
#11653 = DIRECTION('',(-0.,0.,-1.));
#11654 = DIRECTION('',(-7.105427357601E-14,-1.,0.));
#11655 = FACE_BOUND('',#11656,.T.);
#11656 = EDGE_LOOP('',(#11657));
#11657 = ORIENTED_EDGE('',*,*,#11658,.T.);
#11658 = EDGE_CURVE('',#11659,#11659,#11661,.T.);
#11659 = VERTEX_POINT('',#11660);
#11660 = CARTESIAN_POINT('',(207.391,-78.913,1.51));
#11661 = CIRCLE('',#11662,0.4);
#11662 = AXIS2_PLACEMENT_3D('',#11663,#11664,#11665);
#11663 = CARTESIAN_POINT('',(207.391,-78.513,1.51));
#11664 = DIRECTION('',(-0.,0.,-1.));
#11665 = DIRECTION('',(-7.105427357601E-14,-1.,0.));
#11666 = FACE_BOUND('',#11667,.T.);
#11667 = EDGE_LOOP('',(#11668));
#11668 = ORIENTED_EDGE('',*,*,#11669,.T.);
#11669 = EDGE_CURVE('',#11670,#11670,#11672,.T.);
#11670 = VERTEX_POINT('',#11671);
#11671 = CARTESIAN_POINT('',(207.391,-76.373,1.51));
#11672 = CIRCLE('',#11673,0.4);
#11673 = AXIS2_PLACEMENT_3D('',#11674,#11675,#11676);
#11674 = CARTESIAN_POINT('',(207.391,-75.973,1.51));
#11675 = DIRECTION('',(-0.,0.,-1.));
#11676 = DIRECTION('',(-7.105427357601E-14,-1.,0.));
#11677 = FACE_BOUND('',#11678,.T.);
#11678 = EDGE_LOOP('',(#11679));
#11679 = ORIENTED_EDGE('',*,*,#11680,.T.);
#11680 = EDGE_CURVE('',#11681,#11681,#11683,.T.);
#11681 = VERTEX_POINT('',#11682);
#11682 = CARTESIAN_POINT('',(207.391,-73.833,1.51));
#11683 = CIRCLE('',#11684,0.4);
#11684 = AXIS2_PLACEMENT_3D('',#11685,#11686,#11687);
#11685 = CARTESIAN_POINT('',(207.391,-73.433,1.51));
#11686 = DIRECTION('',(-0.,0.,-1.));
#11687 = DIRECTION('',(-7.105427357601E-14,-1.,0.));
#11688 = FACE_BOUND('',#11689,.T.);
#11689 = EDGE_LOOP('',(#11690));
#11690 = ORIENTED_EDGE('',*,*,#11691,.T.);
#11691 = EDGE_CURVE('',#11692,#11692,#11694,.T.);
#11692 = VERTEX_POINT('',#11693);
#11693 = CARTESIAN_POINT('',(207.391,-71.293,1.51));
#11694 = CIRCLE('',#11695,0.4);
#11695 = AXIS2_PLACEMENT_3D('',#11696,#11697,#11698);
#11696 = CARTESIAN_POINT('',(207.391,-70.893,1.51));
#11697 = DIRECTION('',(-0.,0.,-1.));
#11698 = DIRECTION('',(-7.105427357601E-14,-1.,0.));
#11699 = FACE_BOUND('',#11700,.T.);
#11700 = EDGE_LOOP('',(#11701));
#11701 = ORIENTED_EDGE('',*,*,#11702,.T.);
#11702 = EDGE_CURVE('',#11703,#11703,#11705,.T.);
#11703 = VERTEX_POINT('',#11704);
#11704 = CARTESIAN_POINT('',(207.391,-68.753,1.51));
#11705 = CIRCLE('',#11706,0.4);
#11706 = AXIS2_PLACEMENT_3D('',#11707,#11708,#11709);
#11707 = CARTESIAN_POINT('',(207.391,-68.353,1.51));
#11708 = DIRECTION('',(-0.,0.,-1.));
#11709 = DIRECTION('',(-7.105427357601E-14,-1.,0.));
#11710 = FACE_BOUND('',#11711,.T.);
#11711 = EDGE_LOOP('',(#11712));
#11712 = ORIENTED_EDGE('',*,*,#11713,.T.);
#11713 = EDGE_CURVE('',#11714,#11714,#11716,.T.);
#11714 = VERTEX_POINT('',#11715);
#11715 = CARTESIAN_POINT('',(207.391,-66.213,1.51));
#11716 = CIRCLE('',#11717,0.4);
#11717 = AXIS2_PLACEMENT_3D('',#11718,#11719,#11720);
#11718 = CARTESIAN_POINT('',(207.391,-65.813,1.51));
#11719 = DIRECTION('',(-0.,0.,-1.));
#11720 = DIRECTION('',(-7.105427357601E-14,-1.,0.));
#11721 = FACE_BOUND('',#11722,.T.);
#11722 = EDGE_LOOP('',(#11723));
#11723 = ORIENTED_EDGE('',*,*,#11724,.T.);
#11724 = EDGE_CURVE('',#11725,#11725,#11727,.T.);
#11725 = VERTEX_POINT('',#11726);
#11726 = CARTESIAN_POINT('',(207.391,-63.673,1.51));
#11727 = CIRCLE('',#11728,0.4);
#11728 = AXIS2_PLACEMENT_3D('',#11729,#11730,#11731);
#11729 = CARTESIAN_POINT('',(207.391,-63.273,1.51));
#11730 = DIRECTION('',(-0.,0.,-1.));
#11731 = DIRECTION('',(-7.105427357601E-14,-1.,0.));
#11732 = FACE_BOUND('',#11733,.T.);
#11733 = EDGE_LOOP('',(#11734));
#11734 = ORIENTED_EDGE('',*,*,#11735,.T.);
#11735 = EDGE_CURVE('',#11736,#11736,#11738,.T.);
#11736 = VERTEX_POINT('',#11737);
#11737 = CARTESIAN_POINT('',(221.103,-80.504,1.51));
#11738 = CIRCLE('',#11739,1.65);
#11739 = AXIS2_PLACEMENT_3D('',#11740,#11741,#11742);
#11740 = CARTESIAN_POINT('',(221.103,-78.854,1.51));
#11741 = DIRECTION('',(-0.,0.,-1.));
#11742 = DIRECTION('',(-0.,-1.,0.));
#11743 = FACE_BOUND('',#11744,.T.);
#11744 = EDGE_LOOP('',(#11745));
#11745 = ORIENTED_EDGE('',*,*,#11746,.T.);
#11746 = EDGE_CURVE('',#11747,#11747,#11749,.T.);
#11747 = VERTEX_POINT('',#11748);
#11748 = CARTESIAN_POINT('',(207.391,-61.133,1.51));
#11749 = CIRCLE('',#11750,0.4);
#11750 = AXIS2_PLACEMENT_3D('',#11751,#11752,#11753);
#11751 = CARTESIAN_POINT('',(207.391,-60.733,1.51));
#11752 = DIRECTION('',(-0.,0.,-1.));
#11753 = DIRECTION('',(-7.105427357601E-14,-1.,0.));
#11754 = FACE_BOUND('',#11755,.T.);
#11755 = EDGE_LOOP('',(#11756));
#11756 = ORIENTED_EDGE('',*,*,#11757,.T.);
#11757 = EDGE_CURVE('',#11758,#11758,#11760,.T.);
#11758 = VERTEX_POINT('',#11759);
#11759 = CARTESIAN_POINT('',(207.391,-58.593,1.51));
#11760 = CIRCLE('',#11761,0.4);
#11761 = AXIS2_PLACEMENT_3D('',#11762,#11763,#11764);
#11762 = CARTESIAN_POINT('',(207.391,-58.193,1.51));
#11763 = DIRECTION('',(-0.,0.,-1.));
#11764 = DIRECTION('',(-7.105427357601E-14,-1.,0.));
#11765 = FACE_BOUND('',#11766,.T.);
#11766 = EDGE_LOOP('',(#11767));
#11767 = ORIENTED_EDGE('',*,*,#11768,.T.);
#11768 = EDGE_CURVE('',#11769,#11769,#11771,.T.);
#11769 = VERTEX_POINT('',#11770);
#11770 = CARTESIAN_POINT('',(221.103,-52.199,1.51));
#11771 = CIRCLE('',#11772,0.51);
#11772 = AXIS2_PLACEMENT_3D('',#11773,#11774,#11775);
#11773 = CARTESIAN_POINT('',(221.103,-51.689,1.51));
#11774 = DIRECTION('',(-0.,0.,-1.));
#11775 = DIRECTION('',(-0.,-1.,0.));
#11776 = FACE_BOUND('',#11777,.T.);
#11777 = EDGE_LOOP('',(#11778));
#11778 = ORIENTED_EDGE('',*,*,#11779,.T.);
#11779 = EDGE_CURVE('',#11780,#11780,#11782,.T.);
#11780 = VERTEX_POINT('',#11781);
#11781 = CARTESIAN_POINT('',(215.011,-42.537,1.51));
#11782 = CIRCLE('',#11783,0.5);
#11783 = AXIS2_PLACEMENT_3D('',#11784,#11785,#11786);
#11784 = CARTESIAN_POINT('',(215.011,-42.037,1.51));
#11785 = DIRECTION('',(-0.,0.,-1.));
#11786 = DIRECTION('',(-0.,-1.,0.));
#11787 = FACE_BOUND('',#11788,.T.);
#11788 = EDGE_LOOP('',(#11789));
#11789 = ORIENTED_EDGE('',*,*,#11790,.T.);
#11790 = EDGE_CURVE('',#11791,#11791,#11793,.T.);
#11791 = VERTEX_POINT('',#11792);
#11792 = CARTESIAN_POINT('',(220.011,-42.537,1.51));
#11793 = CIRCLE('',#11794,0.5);
#11794 = AXIS2_PLACEMENT_3D('',#11795,#11796,#11797);
#11795 = CARTESIAN_POINT('',(220.011,-42.037,1.51));
#11796 = DIRECTION('',(-0.,0.,-1.));
#11797 = DIRECTION('',(-0.,-1.,0.));
#11798 = FACE_BOUND('',#11799,.T.);
#11799 = EDGE_LOOP('',(#11800));
#11800 = ORIENTED_EDGE('',*,*,#11801,.T.);
#11801 = EDGE_CURVE('',#11802,#11802,#11804,.T.);
#11802 = VERTEX_POINT('',#11803);
#11803 = CARTESIAN_POINT('',(236.093,-80.504,1.51));
#11804 = CIRCLE('',#11805,1.65);
#11805 = AXIS2_PLACEMENT_3D('',#11806,#11807,#11808);
#11806 = CARTESIAN_POINT('',(236.093,-78.854,1.51));
#11807 = DIRECTION('',(-0.,0.,-1.));
#11808 = DIRECTION('',(-1.722527844267E-14,-1.,0.));
#11809 = FACE_BOUND('',#11810,.T.);
#11810 = EDGE_LOOP('',(#11811));
#11811 = ORIENTED_EDGE('',*,*,#11812,.T.);
#11812 = EDGE_CURVE('',#11813,#11813,#11815,.T.);
#11813 = VERTEX_POINT('',#11814);
#11814 = CARTESIAN_POINT('',(225.906,-43.028,1.51));
#11815 = CIRCLE('',#11816,0.65);
#11816 = AXIS2_PLACEMENT_3D('',#11817,#11818,#11819);
#11817 = CARTESIAN_POINT('',(225.906,-42.378,1.51));
#11818 = DIRECTION('',(-0.,0.,-1.));
#11819 = DIRECTION('',(-0.,-1.,0.));
#11820 = FACE_BOUND('',#11821,.T.);
#11821 = EDGE_LOOP('',(#11822));
#11822 = ORIENTED_EDGE('',*,*,#11823,.T.);
#11823 = EDGE_CURVE('',#11824,#11824,#11826,.T.);
#11824 = VERTEX_POINT('',#11825);
#11825 = CARTESIAN_POINT('',(225.906,-38.028,1.51));
#11826 = CIRCLE('',#11827,0.65);
#11827 = AXIS2_PLACEMENT_3D('',#11828,#11829,#11830);
#11828 = CARTESIAN_POINT('',(225.906,-37.378,1.51));
#11829 = DIRECTION('',(-0.,0.,-1.));
#11830 = DIRECTION('',(-0.,-1.,0.));
#11831 = FACE_BOUND('',#11832,.T.);
#11832 = EDGE_LOOP('',(#11833));
#11833 = ORIENTED_EDGE('',*,*,#11834,.T.);
#11834 = EDGE_CURVE('',#11835,#11835,#11837,.T.);
#11835 = VERTEX_POINT('',#11836);
#11836 = CARTESIAN_POINT('',(236.093,-52.199,1.51));
#11837 = CIRCLE('',#11838,0.51);
#11838 = AXIS2_PLACEMENT_3D('',#11839,#11840,#11841);
#11839 = CARTESIAN_POINT('',(236.093,-51.689,1.51));
#11840 = DIRECTION('',(-0.,0.,-1.));
#11841 = DIRECTION('',(-5.57288420204E-14,-1.,0.));
#11842 = FACE_BOUND('',#11843,.T.);
#11843 = EDGE_LOOP('',(#11844));
#11844 = ORIENTED_EDGE('',*,*,#11845,.T.);
#11845 = EDGE_CURVE('',#11846,#11846,#11848,.T.);
#11846 = VERTEX_POINT('',#11847);
#11847 = CARTESIAN_POINT('',(238.406,-43.028,1.51));
#11848 = CIRCLE('',#11849,0.65);
#11849 = AXIS2_PLACEMENT_3D('',#11850,#11851,#11852);
#11850 = CARTESIAN_POINT('',(238.406,-42.378,1.51));
#11851 = DIRECTION('',(-0.,0.,-1.));
#11852 = DIRECTION('',(-0.,-1.,0.));
#11853 = FACE_BOUND('',#11854,.T.);
#11854 = EDGE_LOOP('',(#11855));
#11855 = ORIENTED_EDGE('',*,*,#11856,.T.);
#11856 = EDGE_CURVE('',#11857,#11857,#11859,.T.);
#11857 = VERTEX_POINT('',#11858);
#11858 = CARTESIAN_POINT('',(238.406,-38.028,1.51));
#11859 = CIRCLE('',#11860,0.65);
#11860 = AXIS2_PLACEMENT_3D('',#11861,#11862,#11863);
#11861 = CARTESIAN_POINT('',(238.406,-37.378,1.51));
#11862 = DIRECTION('',(-0.,0.,-1.));
#11863 = DIRECTION('',(-0.,-1.,0.));
#11864 = FACE_BOUND('',#11865,.T.);
#11865 = EDGE_LOOP('',(#11866));
#11866 = ORIENTED_EDGE('',*,*,#11867,.T.);
#11867 = EDGE_CURVE('',#11868,#11868,#11870,.T.);
#11868 = VERTEX_POINT('',#11869);
#11869 = CARTESIAN_POINT('',(242.189,-41.294,1.51));
#11870 = CIRCLE('',#11871,0.4);
#11871 = AXIS2_PLACEMENT_3D('',#11872,#11873,#11874);
#11872 = CARTESIAN_POINT('',(242.189,-40.894,1.51));
#11873 = DIRECTION('',(-0.,0.,-1.));
#11874 = DIRECTION('',(-0.,-1.,0.));
#11875 = FACE_BOUND('',#11876,.T.);
#11876 = EDGE_LOOP('',(#11877));
#11877 = ORIENTED_EDGE('',*,*,#11878,.T.);
#11878 = EDGE_CURVE('',#11879,#11879,#11881,.T.);
#11879 = VERTEX_POINT('',#11880);
#11880 = CARTESIAN_POINT('',(242.189,-39.294,1.51));
#11881 = CIRCLE('',#11882,0.4);
#11882 = AXIS2_PLACEMENT_3D('',#11883,#11884,#11885);
#11883 = CARTESIAN_POINT('',(242.189,-38.894,1.51));
#11884 = DIRECTION('',(-0.,0.,-1.));
#11885 = DIRECTION('',(-0.,-1.,0.));
#11886 = PLANE('',#11887);
#11887 = AXIS2_PLACEMENT_3D('',#11888,#11889,#11890);
#11888 = CARTESIAN_POINT('',(0.,0.,1.51));
#11889 = DIRECTION('',(0.,0.,1.));
#11890 = DIRECTION('',(1.,0.,-0.));
#11891 = ADVANCED_FACE('',(#11892),#11903,.T.);
#11892 = FACE_BOUND('',#11893,.T.);
#11893 = EDGE_LOOP('',(#11894,#11900,#11901,#11902));
#11894 = ORIENTED_EDGE('',*,*,#11895,.T.);
#11895 = EDGE_CURVE('',#10356,#11127,#11896,.T.);
#11896 = LINE('',#11897,#11898);
#11897 = CARTESIAN_POINT('',(220.411,-29.351,0.));
#11898 = VECTOR('',#11899,1.);
#11899 = DIRECTION('',(0.,0.,1.));
#11900 = ORIENTED_EDGE('',*,*,#11126,.T.);
#11901 = ORIENTED_EDGE('',*,*,#10291,.F.);
#11902 = ORIENTED_EDGE('',*,*,#10355,.F.);
#11903 = PLANE('',#11904);
#11904 = AXIS2_PLACEMENT_3D('',#11905,#11906,#11907);
#11905 = CARTESIAN_POINT('',(220.411,-29.351,0.));
#11906 = DIRECTION('',(0.,1.,0.));
#11907 = DIRECTION('',(1.,0.,0.));
#11908 = ADVANCED_FACE('',(#11909),#11920,.T.);
#11909 = FACE_BOUND('',#11910,.T.);
#11910 = EDGE_LOOP('',(#11911,#11912,#11913,#11919));
#11911 = ORIENTED_EDGE('',*,*,#10331,.T.);
#11912 = ORIENTED_EDGE('',*,*,#11198,.T.);
#11913 = ORIENTED_EDGE('',*,*,#11914,.F.);
#11914 = EDGE_CURVE('',#10420,#11191,#11915,.T.);
#11915 = LINE('',#11916,#11917);
#11916 = CARTESIAN_POINT('',(240.411,-136.351,0.));
#11917 = VECTOR('',#11918,1.);
#11918 = DIRECTION('',(0.,0.,1.));
#11919 = ORIENTED_EDGE('',*,*,#10427,.F.);
#11920 = PLANE('',#11921);
#11921 = AXIS2_PLACEMENT_3D('',#11922,#11923,#11924);
#11922 = CARTESIAN_POINT('',(245.411,-136.351,0.));
#11923 = DIRECTION('',(0.,-1.,0.));
#11924 = DIRECTION('',(-1.,0.,0.));
#11925 = ADVANCED_FACE('',(#11926),#11937,.T.);
#11926 = FACE_BOUND('',#11927,.T.);
#11927 = EDGE_LOOP('',(#11928,#11934,#11935,#11936));
#11928 = ORIENTED_EDGE('',*,*,#11929,.T.);
#11929 = EDGE_CURVE('',#10364,#11135,#11930,.T.);
#11930 = LINE('',#11931,#11932);
#11931 = CARTESIAN_POINT('',(206.411,-43.351,0.));
#11932 = VECTOR('',#11933,1.);
#11933 = DIRECTION('',(0.,0.,1.));
#11934 = ORIENTED_EDGE('',*,*,#11134,.T.);
#11935 = ORIENTED_EDGE('',*,*,#11895,.F.);
#11936 = ORIENTED_EDGE('',*,*,#10363,.F.);
#11937 = PLANE('',#11938);
#11938 = AXIS2_PLACEMENT_3D('',#11939,#11940,#11941);
#11939 = CARTESIAN_POINT('',(206.411,-43.351,0.));
#11940 = DIRECTION('',(-0.707106781187,0.707106781187,0.));
#11941 = DIRECTION('',(0.707106781187,0.707106781187,0.));
#11942 = ADVANCED_FACE('',(#11943),#11954,.T.);
#11943 = FACE_BOUND('',#11944,.T.);
#11944 = EDGE_LOOP('',(#11945,#11946,#11947,#11953));
#11945 = ORIENTED_EDGE('',*,*,#11914,.T.);
#11946 = ORIENTED_EDGE('',*,*,#11190,.T.);
#11947 = ORIENTED_EDGE('',*,*,#11948,.F.);
#11948 = EDGE_CURVE('',#10412,#11183,#11949,.T.);
#11949 = LINE('',#11950,#11951);
#11950 = CARTESIAN_POINT('',(240.411,-141.351,0.));
#11951 = VECTOR('',#11952,1.);
#11952 = DIRECTION('',(0.,0.,1.));
#11953 = ORIENTED_EDGE('',*,*,#10419,.F.);
#11954 = PLANE('',#11955);
#11955 = AXIS2_PLACEMENT_3D('',#11956,#11957,#11958);
#11956 = CARTESIAN_POINT('',(240.411,-136.351,0.));
#11957 = DIRECTION('',(1.,0.,-0.));
#11958 = DIRECTION('',(0.,-1.,0.));
#11959 = ADVANCED_FACE('',(#11960),#11971,.T.);
#11960 = FACE_BOUND('',#11961,.T.);
#11961 = EDGE_LOOP('',(#11962,#11968,#11969,#11970));
#11962 = ORIENTED_EDGE('',*,*,#11963,.T.);
#11963 = EDGE_CURVE('',#10372,#11143,#11964,.T.);
#11964 = LINE('',#11965,#11966);
#11965 = CARTESIAN_POINT('',(206.411,-52.351,0.));
#11966 = VECTOR('',#11967,1.);
#11967 = DIRECTION('',(0.,0.,1.));
#11968 = ORIENTED_EDGE('',*,*,#11142,.T.);
#11969 = ORIENTED_EDGE('',*,*,#11929,.F.);
#11970 = ORIENTED_EDGE('',*,*,#10371,.F.);
#11971 = PLANE('',#11972);
#11972 = AXIS2_PLACEMENT_3D('',#11973,#11974,#11975);
#11973 = CARTESIAN_POINT('',(206.411,-52.351,0.));
#11974 = DIRECTION('',(-1.,0.,0.));
#11975 = DIRECTION('',(0.,1.,0.));
#11976 = ADVANCED_FACE('',(#11977),#11988,.T.);
#11977 = FACE_BOUND('',#11978,.T.);
#11978 = EDGE_LOOP('',(#11979,#11980,#11981,#11987));
#11979 = ORIENTED_EDGE('',*,*,#11948,.T.);
#11980 = ORIENTED_EDGE('',*,*,#11182,.T.);
#11981 = ORIENTED_EDGE('',*,*,#11982,.F.);
#11982 = EDGE_CURVE('',#10404,#11175,#11983,.T.);
#11983 = LINE('',#11984,#11985);
#11984 = CARTESIAN_POINT('',(206.411,-141.351,0.));
#11985 = VECTOR('',#11986,1.);
#11986 = DIRECTION('',(0.,0.,1.));
#11987 = ORIENTED_EDGE('',*,*,#10411,.F.);
#11988 = PLANE('',#11989);
#11989 = AXIS2_PLACEMENT_3D('',#11990,#11991,#11992);
#11990 = CARTESIAN_POINT('',(240.411,-141.351,0.));
#11991 = DIRECTION('',(0.,-1.,0.));
#11992 = DIRECTION('',(-1.,0.,0.));
#11993 = ADVANCED_FACE('',(#11994),#12005,.T.);
#11994 = FACE_BOUND('',#11995,.T.);
#11995 = EDGE_LOOP('',(#11996,#12002,#12003,#12004));
#11996 = ORIENTED_EDGE('',*,*,#11997,.T.);
#11997 = EDGE_CURVE('',#10380,#11151,#11998,.T.);
#11998 = LINE('',#11999,#12000);
#11999 = CARTESIAN_POINT('',(201.411,-52.351,0.));
#12000 = VECTOR('',#12001,1.);
#12001 = DIRECTION('',(0.,0.,1.));
#12002 = ORIENTED_EDGE('',*,*,#11150,.T.);
#12003 = ORIENTED_EDGE('',*,*,#11963,.F.);
#12004 = ORIENTED_EDGE('',*,*,#10379,.F.);
#12005 = PLANE('',#12006);
#12006 = AXIS2_PLACEMENT_3D('',#12007,#12008,#12009);
#12007 = CARTESIAN_POINT('',(201.411,-52.351,0.));
#12008 = DIRECTION('',(0.,1.,0.));
#12009 = DIRECTION('',(1.,0.,0.));
#12010 = ADVANCED_FACE('',(#12011),#12022,.T.);
#12011 = FACE_BOUND('',#12012,.T.);
#12012 = EDGE_LOOP('',(#12013,#12014,#12015,#12021));
#12013 = ORIENTED_EDGE('',*,*,#11982,.T.);
#12014 = ORIENTED_EDGE('',*,*,#11174,.T.);
#12015 = ORIENTED_EDGE('',*,*,#12016,.F.);
#12016 = EDGE_CURVE('',#10396,#11167,#12017,.T.);
#12017 = LINE('',#12018,#12019);
#12018 = CARTESIAN_POINT('',(206.411,-136.351,0.));
#12019 = VECTOR('',#12020,1.);
#12020 = DIRECTION('',(0.,0.,1.));
#12021 = ORIENTED_EDGE('',*,*,#10403,.F.);
#12022 = PLANE('',#12023);
#12023 = AXIS2_PLACEMENT_3D('',#12024,#12025,#12026);
#12024 = CARTESIAN_POINT('',(206.411,-141.351,0.));
#12025 = DIRECTION('',(-1.,0.,0.));
#12026 = DIRECTION('',(0.,1.,0.));
#12027 = ADVANCED_FACE('',(#12028),#12039,.T.);
#12028 = FACE_BOUND('',#12029,.T.);
#12029 = EDGE_LOOP('',(#12030,#12036,#12037,#12038));
#12030 = ORIENTED_EDGE('',*,*,#12031,.T.);
#12031 = EDGE_CURVE('',#10388,#11159,#12032,.T.);
#12032 = LINE('',#12033,#12034);
#12033 = CARTESIAN_POINT('',(201.411,-136.351,0.));
#12034 = VECTOR('',#12035,1.);
#12035 = DIRECTION('',(0.,0.,1.));
#12036 = ORIENTED_EDGE('',*,*,#11158,.T.);
#12037 = ORIENTED_EDGE('',*,*,#11997,.F.);
#12038 = ORIENTED_EDGE('',*,*,#10387,.F.);
#12039 = PLANE('',#12040);
#12040 = AXIS2_PLACEMENT_3D('',#12041,#12042,#12043);
#12041 = CARTESIAN_POINT('',(201.411,-136.351,0.));
#12042 = DIRECTION('',(-1.,0.,0.));
#12043 = DIRECTION('',(0.,1.,0.));
#12044 = ADVANCED_FACE('',(#12045),#12051,.T.);
#12045 = FACE_BOUND('',#12046,.T.);
#12046 = EDGE_LOOP('',(#12047,#12048,#12049,#12050));
#12047 = ORIENTED_EDGE('',*,*,#12016,.T.);
#12048 = ORIENTED_EDGE('',*,*,#11166,.T.);
#12049 = ORIENTED_EDGE('',*,*,#12031,.F.);
#12050 = ORIENTED_EDGE('',*,*,#10395,.F.);
#12051 = PLANE('',#12052);
#12052 = AXIS2_PLACEMENT_3D('',#12053,#12054,#12055);
#12053 = CARTESIAN_POINT('',(206.411,-136.351,0.));
#12054 = DIRECTION('',(0.,-1.,0.));
#12055 = DIRECTION('',(-1.,0.,0.));
#12056 = ADVANCED_FACE('',(#12057),#12068,.F.);
#12057 = FACE_BOUND('',#12058,.T.);
#12058 = EDGE_LOOP('',(#12059,#12060,#12066,#12067));
#12059 = ORIENTED_EDGE('',*,*,#10436,.T.);
#12060 = ORIENTED_EDGE('',*,*,#12061,.T.);
#12061 = EDGE_CURVE('',#10437,#11208,#12062,.T.);
#12062 = LINE('',#12063,#12064);
#12063 = CARTESIAN_POINT('',(204.851,-133.977,-4.6E-02));
#12064 = VECTOR('',#12065,1.);
#12065 = DIRECTION('',(0.,0.,1.));
#12066 = ORIENTED_EDGE('',*,*,#11207,.F.);
#12067 = ORIENTED_EDGE('',*,*,#12061,.F.);
#12068 = CYLINDRICAL_SURFACE('',#12069,0.5);
#12069 = AXIS2_PLACEMENT_3D('',#12070,#12071,#12072);
#12070 = CARTESIAN_POINT('',(204.851,-133.477,-4.6E-02));
#12071 = DIRECTION('',(-0.,-0.,-1.));
#12072 = DIRECTION('',(-0.,-1.,0.));
#12073 = ADVANCED_FACE('',(#12074),#12085,.F.);
#12074 = FACE_BOUND('',#12075,.T.);
#12075 = EDGE_LOOP('',(#12076,#12077,#12083,#12084));
#12076 = ORIENTED_EDGE('',*,*,#10447,.T.);
#12077 = ORIENTED_EDGE('',*,*,#12078,.T.);
#12078 = EDGE_CURVE('',#10448,#11219,#12079,.T.);
#12079 = LINE('',#12080,#12081);
#12080 = CARTESIAN_POINT('',(207.391,-133.977,-4.6E-02));
#12081 = VECTOR('',#12082,1.);
#12082 = DIRECTION('',(0.,0.,1.));
#12083 = ORIENTED_EDGE('',*,*,#11218,.F.);
#12084 = ORIENTED_EDGE('',*,*,#12078,.F.);
#12085 = CYLINDRICAL_SURFACE('',#12086,0.5);
#12086 = AXIS2_PLACEMENT_3D('',#12087,#12088,#12089);
#12087 = CARTESIAN_POINT('',(207.391,-133.477,-4.6E-02));
#12088 = DIRECTION('',(-0.,-0.,-1.));
#12089 = DIRECTION('',(-0.,-1.,0.));
#12090 = ADVANCED_FACE('',(#12091),#12102,.F.);
#12091 = FACE_BOUND('',#12092,.T.);
#12092 = EDGE_LOOP('',(#12093,#12094,#12100,#12101));
#12093 = ORIENTED_EDGE('',*,*,#10458,.T.);
#12094 = ORIENTED_EDGE('',*,*,#12095,.T.);
#12095 = EDGE_CURVE('',#10459,#11230,#12096,.T.);
#12096 = LINE('',#12097,#12098);
#12097 = CARTESIAN_POINT('',(209.931,-133.977,-4.6E-02));
#12098 = VECTOR('',#12099,1.);
#12099 = DIRECTION('',(0.,0.,1.));
#12100 = ORIENTED_EDGE('',*,*,#11229,.F.);
#12101 = ORIENTED_EDGE('',*,*,#12095,.F.);
#12102 = CYLINDRICAL_SURFACE('',#12103,0.5);
#12103 = AXIS2_PLACEMENT_3D('',#12104,#12105,#12106);
#12104 = CARTESIAN_POINT('',(209.931,-133.477,-4.6E-02));
#12105 = DIRECTION('',(-0.,-0.,-1.));
#12106 = DIRECTION('',(-0.,-1.,0.));
#12107 = ADVANCED_FACE('',(#12108),#12119,.F.);
#12108 = FACE_BOUND('',#12109,.T.);
#12109 = EDGE_LOOP('',(#12110,#12111,#12117,#12118));
#12110 = ORIENTED_EDGE('',*,*,#10469,.T.);
#12111 = ORIENTED_EDGE('',*,*,#12112,.T.);
#12112 = EDGE_CURVE('',#10470,#11241,#12113,.T.);
#12113 = LINE('',#12114,#12115);
#12114 = CARTESIAN_POINT('',(212.471,-133.977,-4.6E-02));
#12115 = VECTOR('',#12116,1.);
#12116 = DIRECTION('',(0.,0.,1.));
#12117 = ORIENTED_EDGE('',*,*,#11240,.F.);
#12118 = ORIENTED_EDGE('',*,*,#12112,.F.);
#12119 = CYLINDRICAL_SURFACE('',#12120,0.5);
#12120 = AXIS2_PLACEMENT_3D('',#12121,#12122,#12123);
#12121 = CARTESIAN_POINT('',(212.471,-133.477,-4.6E-02));
#12122 = DIRECTION('',(-0.,-0.,-1.));
#12123 = DIRECTION('',(-0.,-1.,0.));
#12124 = ADVANCED_FACE('',(#12125),#12136,.F.);
#12125 = FACE_BOUND('',#12126,.T.);
#12126 = EDGE_LOOP('',(#12127,#12128,#12134,#12135));
#12127 = ORIENTED_EDGE('',*,*,#10480,.T.);
#12128 = ORIENTED_EDGE('',*,*,#12129,.T.);
#12129 = EDGE_CURVE('',#10481,#11252,#12130,.T.);
#12130 = LINE('',#12131,#12132);
#12131 = CARTESIAN_POINT('',(204.851,-118.737,-4.6E-02));
#12132 = VECTOR('',#12133,1.);
#12133 = DIRECTION('',(0.,0.,1.));
#12134 = ORIENTED_EDGE('',*,*,#11251,.F.);
#12135 = ORIENTED_EDGE('',*,*,#12129,.F.);
#12136 = CYLINDRICAL_SURFACE('',#12137,0.5);
#12137 = AXIS2_PLACEMENT_3D('',#12138,#12139,#12140);
#12138 = CARTESIAN_POINT('',(204.851,-118.237,-4.6E-02));
#12139 = DIRECTION('',(-0.,-0.,-1.));
#12140 = DIRECTION('',(-0.,-1.,0.));
#12141 = ADVANCED_FACE('',(#12142),#12153,.F.);
#12142 = FACE_BOUND('',#12143,.T.);
#12143 = EDGE_LOOP('',(#12144,#12145,#12151,#12152));
#12144 = ORIENTED_EDGE('',*,*,#10491,.T.);
#12145 = ORIENTED_EDGE('',*,*,#12146,.T.);
#12146 = EDGE_CURVE('',#10492,#11263,#12147,.T.);
#12147 = LINE('',#12148,#12149);
#12148 = CARTESIAN_POINT('',(207.391,-118.737,-4.6E-02));
#12149 = VECTOR('',#12150,1.);
#12150 = DIRECTION('',(0.,0.,1.));
#12151 = ORIENTED_EDGE('',*,*,#11262,.F.);
#12152 = ORIENTED_EDGE('',*,*,#12146,.F.);
#12153 = CYLINDRICAL_SURFACE('',#12154,0.5);
#12154 = AXIS2_PLACEMENT_3D('',#12155,#12156,#12157);
#12155 = CARTESIAN_POINT('',(207.391,-118.237,-4.6E-02));
#12156 = DIRECTION('',(-0.,-0.,-1.));
#12157 = DIRECTION('',(-0.,-1.,0.));
#12158 = ADVANCED_FACE('',(#12159),#12170,.F.);
#12159 = FACE_BOUND('',#12160,.T.);
#12160 = EDGE_LOOP('',(#12161,#12162,#12168,#12169));
#12161 = ORIENTED_EDGE('',*,*,#10502,.T.);
#12162 = ORIENTED_EDGE('',*,*,#12163,.T.);
#12163 = EDGE_CURVE('',#10503,#11274,#12164,.T.);
#12164 = LINE('',#12165,#12166);
#12165 = CARTESIAN_POINT('',(209.931,-118.737,-4.6E-02));
#12166 = VECTOR('',#12167,1.);
#12167 = DIRECTION('',(0.,0.,1.));
#12168 = ORIENTED_EDGE('',*,*,#11273,.F.);
#12169 = ORIENTED_EDGE('',*,*,#12163,.F.);
#12170 = CYLINDRICAL_SURFACE('',#12171,0.5);
#12171 = AXIS2_PLACEMENT_3D('',#12172,#12173,#12174);
#12172 = CARTESIAN_POINT('',(209.931,-118.237,-4.6E-02));
#12173 = DIRECTION('',(-0.,-0.,-1.));
#12174 = DIRECTION('',(-0.,-1.,0.));
#12175 = ADVANCED_FACE('',(#12176),#12187,.F.);
#12176 = FACE_BOUND('',#12177,.T.);
#12177 = EDGE_LOOP('',(#12178,#12179,#12185,#12186));
#12178 = ORIENTED_EDGE('',*,*,#10513,.T.);
#12179 = ORIENTED_EDGE('',*,*,#12180,.T.);
#12180 = EDGE_CURVE('',#10514,#11285,#12181,.T.);
#12181 = LINE('',#12182,#12183);
#12182 = CARTESIAN_POINT('',(212.471,-118.737,-4.6E-02));
#12183 = VECTOR('',#12184,1.);
#12184 = DIRECTION('',(0.,0.,1.));
#12185 = ORIENTED_EDGE('',*,*,#11284,.F.);
#12186 = ORIENTED_EDGE('',*,*,#12180,.F.);
#12187 = CYLINDRICAL_SURFACE('',#12188,0.5);
#12188 = AXIS2_PLACEMENT_3D('',#12189,#12190,#12191);
#12189 = CARTESIAN_POINT('',(212.471,-118.237,-4.6E-02));
#12190 = DIRECTION('',(-0.,-0.,-1.));
#12191 = DIRECTION('',(-0.,-1.,0.));
#12192 = ADVANCED_FACE('',(#12193),#12204,.F.);
#12193 = FACE_BOUND('',#12194,.T.);
#12194 = EDGE_LOOP('',(#12195,#12196,#12202,#12203));
#12195 = ORIENTED_EDGE('',*,*,#10524,.T.);
#12196 = ORIENTED_EDGE('',*,*,#12197,.T.);
#12197 = EDGE_CURVE('',#10525,#11296,#12198,.T.);
#12198 = LINE('',#12199,#12200);
#12199 = CARTESIAN_POINT('',(215.011,-133.977,-4.6E-02));
#12200 = VECTOR('',#12201,1.);
#12201 = DIRECTION('',(0.,0.,1.));
#12202 = ORIENTED_EDGE('',*,*,#11295,.F.);
#12203 = ORIENTED_EDGE('',*,*,#12197,.F.);
#12204 = CYLINDRICAL_SURFACE('',#12205,0.5);
#12205 = AXIS2_PLACEMENT_3D('',#12206,#12207,#12208);
#12206 = CARTESIAN_POINT('',(215.011,-133.477,-4.6E-02));
#12207 = DIRECTION('',(-0.,-0.,-1.));
#12208 = DIRECTION('',(-0.,-1.,0.));
#12209 = ADVANCED_FACE('',(#12210),#12221,.F.);
#12210 = FACE_BOUND('',#12211,.T.);
#12211 = EDGE_LOOP('',(#12212,#12213,#12219,#12220));
#12212 = ORIENTED_EDGE('',*,*,#10535,.T.);
#12213 = ORIENTED_EDGE('',*,*,#12214,.T.);
#12214 = EDGE_CURVE('',#10536,#11307,#12215,.T.);
#12215 = LINE('',#12216,#12217);
#12216 = CARTESIAN_POINT('',(217.551,-133.977,-4.6E-02));
#12217 = VECTOR('',#12218,1.);
#12218 = DIRECTION('',(0.,0.,1.));
#12219 = ORIENTED_EDGE('',*,*,#11306,.F.);
#12220 = ORIENTED_EDGE('',*,*,#12214,.F.);
#12221 = CYLINDRICAL_SURFACE('',#12222,0.5);
#12222 = AXIS2_PLACEMENT_3D('',#12223,#12224,#12225);
#12223 = CARTESIAN_POINT('',(217.551,-133.477,-4.6E-02));
#12224 = DIRECTION('',(-0.,-0.,-1.));
#12225 = DIRECTION('',(-0.,-1.,0.));
#12226 = ADVANCED_FACE('',(#12227),#12238,.F.);
#12227 = FACE_BOUND('',#12228,.T.);
#12228 = EDGE_LOOP('',(#12229,#12230,#12236,#12237));
#12229 = ORIENTED_EDGE('',*,*,#10546,.T.);
#12230 = ORIENTED_EDGE('',*,*,#12231,.T.);
#12231 = EDGE_CURVE('',#10547,#11318,#12232,.T.);
#12232 = LINE('',#12233,#12234);
#12233 = CARTESIAN_POINT('',(220.091,-133.977,-4.6E-02));
#12234 = VECTOR('',#12235,1.);
#12235 = DIRECTION('',(0.,0.,1.));
#12236 = ORIENTED_EDGE('',*,*,#11317,.F.);
#12237 = ORIENTED_EDGE('',*,*,#12231,.F.);
#12238 = CYLINDRICAL_SURFACE('',#12239,0.5);
#12239 = AXIS2_PLACEMENT_3D('',#12240,#12241,#12242);
#12240 = CARTESIAN_POINT('',(220.091,-133.477,-4.6E-02));
#12241 = DIRECTION('',(-0.,-0.,-1.));
#12242 = DIRECTION('',(-0.,-1.,0.));
#12243 = ADVANCED_FACE('',(#12244),#12255,.F.);
#12244 = FACE_BOUND('',#12245,.T.);
#12245 = EDGE_LOOP('',(#12246,#12247,#12253,#12254));
#12246 = ORIENTED_EDGE('',*,*,#10557,.T.);
#12247 = ORIENTED_EDGE('',*,*,#12248,.T.);
#12248 = EDGE_CURVE('',#10558,#11329,#12249,.T.);
#12249 = LINE('',#12250,#12251);
#12250 = CARTESIAN_POINT('',(222.631,-133.977,-4.6E-02));
#12251 = VECTOR('',#12252,1.);
#12252 = DIRECTION('',(0.,0.,1.));
#12253 = ORIENTED_EDGE('',*,*,#11328,.F.);
#12254 = ORIENTED_EDGE('',*,*,#12248,.F.);
#12255 = CYLINDRICAL_SURFACE('',#12256,0.5);
#12256 = AXIS2_PLACEMENT_3D('',#12257,#12258,#12259);
#12257 = CARTESIAN_POINT('',(222.631,-133.477,-4.6E-02));
#12258 = DIRECTION('',(-0.,-0.,-1.));
#12259 = DIRECTION('',(-0.,-1.,0.));
#12260 = ADVANCED_FACE('',(#12261),#12272,.F.);
#12261 = FACE_BOUND('',#12262,.T.);
#12262 = EDGE_LOOP('',(#12263,#12264,#12270,#12271));
#12263 = ORIENTED_EDGE('',*,*,#10568,.T.);
#12264 = ORIENTED_EDGE('',*,*,#12265,.T.);
#12265 = EDGE_CURVE('',#10569,#11340,#12266,.T.);
#12266 = LINE('',#12267,#12268);
#12267 = CARTESIAN_POINT('',(215.011,-118.737,-4.6E-02));
#12268 = VECTOR('',#12269,1.);
#12269 = DIRECTION('',(0.,0.,1.));
#12270 = ORIENTED_EDGE('',*,*,#11339,.F.);
#12271 = ORIENTED_EDGE('',*,*,#12265,.F.);
#12272 = CYLINDRICAL_SURFACE('',#12273,0.5);
#12273 = AXIS2_PLACEMENT_3D('',#12274,#12275,#12276);
#12274 = CARTESIAN_POINT('',(215.011,-118.237,-4.6E-02));
#12275 = DIRECTION('',(-0.,-0.,-1.));
#12276 = DIRECTION('',(-0.,-1.,0.));
#12277 = ADVANCED_FACE('',(#12278),#12289,.F.);
#12278 = FACE_BOUND('',#12279,.T.);
#12279 = EDGE_LOOP('',(#12280,#12281,#12287,#12288));
#12280 = ORIENTED_EDGE('',*,*,#10579,.T.);
#12281 = ORIENTED_EDGE('',*,*,#12282,.T.);
#12282 = EDGE_CURVE('',#10580,#11351,#12283,.T.);
#12283 = LINE('',#12284,#12285);
#12284 = CARTESIAN_POINT('',(217.551,-118.737,-4.6E-02));
#12285 = VECTOR('',#12286,1.);
#12286 = DIRECTION('',(0.,0.,1.));
#12287 = ORIENTED_EDGE('',*,*,#11350,.F.);
#12288 = ORIENTED_EDGE('',*,*,#12282,.F.);
#12289 = CYLINDRICAL_SURFACE('',#12290,0.5);
#12290 = AXIS2_PLACEMENT_3D('',#12291,#12292,#12293);
#12291 = CARTESIAN_POINT('',(217.551,-118.237,-4.6E-02));
#12292 = DIRECTION('',(-0.,-0.,-1.));
#12293 = DIRECTION('',(-0.,-1.,0.));
#12294 = ADVANCED_FACE('',(#12295),#12306,.F.);
#12295 = FACE_BOUND('',#12296,.T.);
#12296 = EDGE_LOOP('',(#12297,#12298,#12304,#12305));
#12297 = ORIENTED_EDGE('',*,*,#10590,.T.);
#12298 = ORIENTED_EDGE('',*,*,#12299,.T.);
#12299 = EDGE_CURVE('',#10591,#11362,#12300,.T.);
#12300 = LINE('',#12301,#12302);
#12301 = CARTESIAN_POINT('',(220.091,-118.737,-4.6E-02));
#12302 = VECTOR('',#12303,1.);
#12303 = DIRECTION('',(0.,0.,1.));
#12304 = ORIENTED_EDGE('',*,*,#11361,.F.);
#12305 = ORIENTED_EDGE('',*,*,#12299,.F.);
#12306 = CYLINDRICAL_SURFACE('',#12307,0.5);
#12307 = AXIS2_PLACEMENT_3D('',#12308,#12309,#12310);
#12308 = CARTESIAN_POINT('',(220.091,-118.237,-4.6E-02));
#12309 = DIRECTION('',(-0.,-0.,-1.));
#12310 = DIRECTION('',(-0.,-1.,0.));
#12311 = ADVANCED_FACE('',(#12312),#12323,.F.);
#12312 = FACE_BOUND('',#12313,.T.);
#12313 = EDGE_LOOP('',(#12314,#12315,#12321,#12322));
#12314 = ORIENTED_EDGE('',*,*,#10601,.T.);
#12315 = ORIENTED_EDGE('',*,*,#12316,.T.);
#12316 = EDGE_CURVE('',#10602,#11373,#12317,.T.);
#12317 = LINE('',#12318,#12319);
#12318 = CARTESIAN_POINT('',(222.631,-118.737,-4.6E-02));
#12319 = VECTOR('',#12320,1.);
#12320 = DIRECTION('',(0.,0.,1.));
#12321 = ORIENTED_EDGE('',*,*,#11372,.F.);
#12322 = ORIENTED_EDGE('',*,*,#12316,.F.);
#12323 = CYLINDRICAL_SURFACE('',#12324,0.5);
#12324 = AXIS2_PLACEMENT_3D('',#12325,#12326,#12327);
#12325 = CARTESIAN_POINT('',(222.631,-118.237,-4.6E-02));
#12326 = DIRECTION('',(-0.,-0.,-1.));
#12327 = DIRECTION('',(-0.,-1.,0.));
#12328 = ADVANCED_FACE('',(#12329),#12340,.F.);
#12329 = FACE_BOUND('',#12330,.T.);
#12330 = EDGE_LOOP('',(#12331,#12332,#12338,#12339));
#12331 = ORIENTED_EDGE('',*,*,#10612,.T.);
#12332 = ORIENTED_EDGE('',*,*,#12333,.T.);
#12333 = EDGE_CURVE('',#10613,#11384,#12334,.T.);
#12334 = LINE('',#12335,#12336);
#12335 = CARTESIAN_POINT('',(207.391,-106.953,-4.6E-02));
#12336 = VECTOR('',#12337,1.);
#12337 = DIRECTION('',(0.,0.,1.));
#12338 = ORIENTED_EDGE('',*,*,#11383,.F.);
#12339 = ORIENTED_EDGE('',*,*,#12333,.F.);
#12340 = CYLINDRICAL_SURFACE('',#12341,0.4);
#12341 = AXIS2_PLACEMENT_3D('',#12342,#12343,#12344);
#12342 = CARTESIAN_POINT('',(207.391,-106.553,-4.6E-02));
#12343 = DIRECTION('',(-0.,-0.,-1.));
#12344 = DIRECTION('',(-7.105427357601E-14,-1.,0.));
#12345 = ADVANCED_FACE('',(#12346),#12357,.F.);
#12346 = FACE_BOUND('',#12347,.T.);
#12347 = EDGE_LOOP('',(#12348,#12349,#12355,#12356));
#12348 = ORIENTED_EDGE('',*,*,#10623,.T.);
#12349 = ORIENTED_EDGE('',*,*,#12350,.T.);
#12350 = EDGE_CURVE('',#10624,#11395,#12351,.T.);
#12351 = LINE('',#12352,#12353);
#12352 = CARTESIAN_POINT('',(207.391,-104.313,-4.6E-02));
#12353 = VECTOR('',#12354,1.);
#12354 = DIRECTION('',(0.,0.,1.));
#12355 = ORIENTED_EDGE('',*,*,#11394,.F.);
#12356 = ORIENTED_EDGE('',*,*,#12350,.F.);
#12357 = CYLINDRICAL_SURFACE('',#12358,0.4);
#12358 = AXIS2_PLACEMENT_3D('',#12359,#12360,#12361);
#12359 = CARTESIAN_POINT('',(207.391,-103.913,-4.6E-02));
#12360 = DIRECTION('',(-0.,-0.,-1.));
#12361 = DIRECTION('',(-7.105427357601E-14,-1.,0.));
#12362 = ADVANCED_FACE('',(#12363),#12374,.F.);
#12363 = FACE_BOUND('',#12364,.T.);
#12364 = EDGE_LOOP('',(#12365,#12366,#12372,#12373));
#12365 = ORIENTED_EDGE('',*,*,#10634,.T.);
#12366 = ORIENTED_EDGE('',*,*,#12367,.T.);
#12367 = EDGE_CURVE('',#10635,#11406,#12368,.T.);
#12368 = LINE('',#12369,#12370);
#12369 = CARTESIAN_POINT('',(207.391,-101.773,-4.6E-02));
#12370 = VECTOR('',#12371,1.);
#12371 = DIRECTION('',(0.,0.,1.));
#12372 = ORIENTED_EDGE('',*,*,#11405,.F.);
#12373 = ORIENTED_EDGE('',*,*,#12367,.F.);
#12374 = CYLINDRICAL_SURFACE('',#12375,0.4);
#12375 = AXIS2_PLACEMENT_3D('',#12376,#12377,#12378);
#12376 = CARTESIAN_POINT('',(207.391,-101.373,-4.6E-02));
#12377 = DIRECTION('',(-0.,-0.,-1.));
#12378 = DIRECTION('',(-7.105427357601E-14,-1.,0.));
#12379 = ADVANCED_FACE('',(#12380),#12391,.F.);
#12380 = FACE_BOUND('',#12381,.T.);
#12381 = EDGE_LOOP('',(#12382,#12383,#12389,#12390));
#12382 = ORIENTED_EDGE('',*,*,#10645,.T.);
#12383 = ORIENTED_EDGE('',*,*,#12384,.T.);
#12384 = EDGE_CURVE('',#10646,#11417,#12385,.T.);
#12385 = LINE('',#12386,#12387);
#12386 = CARTESIAN_POINT('',(207.391,-99.233,-4.6E-02));
#12387 = VECTOR('',#12388,1.);
#12388 = DIRECTION('',(0.,0.,1.));
#12389 = ORIENTED_EDGE('',*,*,#11416,.F.);
#12390 = ORIENTED_EDGE('',*,*,#12384,.F.);
#12391 = CYLINDRICAL_SURFACE('',#12392,0.4);
#12392 = AXIS2_PLACEMENT_3D('',#12393,#12394,#12395);
#12393 = CARTESIAN_POINT('',(207.391,-98.833,-4.6E-02));
#12394 = DIRECTION('',(-0.,-0.,-1.));
#12395 = DIRECTION('',(-7.105427357601E-14,-1.,0.));
#12396 = ADVANCED_FACE('',(#12397),#12408,.F.);
#12397 = FACE_BOUND('',#12398,.T.);
#12398 = EDGE_LOOP('',(#12399,#12400,#12406,#12407));
#12399 = ORIENTED_EDGE('',*,*,#10656,.T.);
#12400 = ORIENTED_EDGE('',*,*,#12401,.T.);
#12401 = EDGE_CURVE('',#10657,#11428,#12402,.T.);
#12402 = LINE('',#12403,#12404);
#12403 = CARTESIAN_POINT('',(207.391,-96.693,-4.6E-02));
#12404 = VECTOR('',#12405,1.);
#12405 = DIRECTION('',(0.,0.,1.));
#12406 = ORIENTED_EDGE('',*,*,#11427,.F.);
#12407 = ORIENTED_EDGE('',*,*,#12401,.F.);
#12408 = CYLINDRICAL_SURFACE('',#12409,0.4);
#12409 = AXIS2_PLACEMENT_3D('',#12410,#12411,#12412);
#12410 = CARTESIAN_POINT('',(207.391,-96.293,-4.6E-02));
#12411 = DIRECTION('',(-0.,-0.,-1.));
#12412 = DIRECTION('',(-7.105427357601E-14,-1.,0.));
#12413 = ADVANCED_FACE('',(#12414),#12425,.F.);
#12414 = FACE_BOUND('',#12415,.T.);
#12415 = EDGE_LOOP('',(#12416,#12417,#12423,#12424));
#12416 = ORIENTED_EDGE('',*,*,#10667,.T.);
#12417 = ORIENTED_EDGE('',*,*,#12418,.T.);
#12418 = EDGE_CURVE('',#10668,#11439,#12419,.T.);
#12419 = LINE('',#12420,#12421);
#12420 = CARTESIAN_POINT('',(207.391,-94.153,-4.6E-02));
#12421 = VECTOR('',#12422,1.);
#12422 = DIRECTION('',(0.,0.,1.));
#12423 = ORIENTED_EDGE('',*,*,#11438,.F.);
#12424 = ORIENTED_EDGE('',*,*,#12418,.F.);
#12425 = CYLINDRICAL_SURFACE('',#12426,0.4);
#12426 = AXIS2_PLACEMENT_3D('',#12427,#12428,#12429);
#12427 = CARTESIAN_POINT('',(207.391,-93.753,-4.6E-02));
#12428 = DIRECTION('',(-0.,-0.,-1.));
#12429 = DIRECTION('',(-7.105427357601E-14,-1.,0.));
#12430 = ADVANCED_FACE('',(#12431),#12442,.F.);
#12431 = FACE_BOUND('',#12432,.T.);
#12432 = EDGE_LOOP('',(#12433,#12434,#12440,#12441));
#12433 = ORIENTED_EDGE('',*,*,#10678,.T.);
#12434 = ORIENTED_EDGE('',*,*,#12435,.T.);
#12435 = EDGE_CURVE('',#10679,#11450,#12436,.T.);
#12436 = LINE('',#12437,#12438);
#12437 = CARTESIAN_POINT('',(207.391,-91.613,-4.6E-02));
#12438 = VECTOR('',#12439,1.);
#12439 = DIRECTION('',(0.,0.,1.));
#12440 = ORIENTED_EDGE('',*,*,#11449,.F.);
#12441 = ORIENTED_EDGE('',*,*,#12435,.F.);
#12442 = CYLINDRICAL_SURFACE('',#12443,0.4);
#12443 = AXIS2_PLACEMENT_3D('',#12444,#12445,#12446);
#12444 = CARTESIAN_POINT('',(207.391,-91.213,-4.6E-02));
#12445 = DIRECTION('',(-0.,-0.,-1.));
#12446 = DIRECTION('',(-7.105427357601E-14,-1.,0.));
#12447 = ADVANCED_FACE('',(#12448),#12459,.F.);
#12448 = FACE_BOUND('',#12449,.T.);
#12449 = EDGE_LOOP('',(#12450,#12451,#12457,#12458));
#12450 = ORIENTED_EDGE('',*,*,#10689,.T.);
#12451 = ORIENTED_EDGE('',*,*,#12452,.T.);
#12452 = EDGE_CURVE('',#10690,#11461,#12453,.T.);
#12453 = LINE('',#12454,#12455);
#12454 = CARTESIAN_POINT('',(207.391,-89.073,-4.6E-02));
#12455 = VECTOR('',#12456,1.);
#12456 = DIRECTION('',(0.,0.,1.));
#12457 = ORIENTED_EDGE('',*,*,#11460,.F.);
#12458 = ORIENTED_EDGE('',*,*,#12452,.F.);
#12459 = CYLINDRICAL_SURFACE('',#12460,0.4);
#12460 = AXIS2_PLACEMENT_3D('',#12461,#12462,#12463);
#12461 = CARTESIAN_POINT('',(207.391,-88.673,-4.6E-02));
#12462 = DIRECTION('',(-0.,-0.,-1.));
#12463 = DIRECTION('',(-7.105427357601E-14,-1.,0.));
#12464 = ADVANCED_FACE('',(#12465),#12476,.F.);
#12465 = FACE_BOUND('',#12466,.T.);
#12466 = EDGE_LOOP('',(#12467,#12468,#12474,#12475));
#12467 = ORIENTED_EDGE('',*,*,#10700,.T.);
#12468 = ORIENTED_EDGE('',*,*,#12469,.T.);
#12469 = EDGE_CURVE('',#10701,#11472,#12470,.T.);
#12470 = LINE('',#12471,#12472);
#12471 = CARTESIAN_POINT('',(207.391,-86.533,-4.6E-02));
#12472 = VECTOR('',#12473,1.);
#12473 = DIRECTION('',(0.,0.,1.));
#12474 = ORIENTED_EDGE('',*,*,#11471,.F.);
#12475 = ORIENTED_EDGE('',*,*,#12469,.F.);
#12476 = CYLINDRICAL_SURFACE('',#12477,0.4);
#12477 = AXIS2_PLACEMENT_3D('',#12478,#12479,#12480);
#12478 = CARTESIAN_POINT('',(207.391,-86.133,-4.6E-02));
#12479 = DIRECTION('',(-0.,-0.,-1.));
#12480 = DIRECTION('',(-7.105427357601E-14,-1.,0.));
#12481 = ADVANCED_FACE('',(#12482),#12493,.F.);
#12482 = FACE_BOUND('',#12483,.T.);
#12483 = EDGE_LOOP('',(#12484,#12485,#12491,#12492));
#12484 = ORIENTED_EDGE('',*,*,#10711,.T.);
#12485 = ORIENTED_EDGE('',*,*,#12486,.T.);
#12486 = EDGE_CURVE('',#10712,#11483,#12487,.T.);
#12487 = LINE('',#12488,#12489);
#12488 = CARTESIAN_POINT('',(225.171,-133.977,-4.6E-02));
#12489 = VECTOR('',#12490,1.);
#12490 = DIRECTION('',(0.,0.,1.));
#12491 = ORIENTED_EDGE('',*,*,#11482,.F.);
#12492 = ORIENTED_EDGE('',*,*,#12486,.F.);
#12493 = CYLINDRICAL_SURFACE('',#12494,0.5);
#12494 = AXIS2_PLACEMENT_3D('',#12495,#12496,#12497);
#12495 = CARTESIAN_POINT('',(225.171,-133.477,-4.6E-02));
#12496 = DIRECTION('',(-0.,-0.,-1.));
#12497 = DIRECTION('',(-0.,-1.,0.));
#12498 = ADVANCED_FACE('',(#12499),#12510,.F.);
#12499 = FACE_BOUND('',#12500,.T.);
#12500 = EDGE_LOOP('',(#12501,#12502,#12508,#12509));
#12501 = ORIENTED_EDGE('',*,*,#10722,.T.);
#12502 = ORIENTED_EDGE('',*,*,#12503,.T.);
#12503 = EDGE_CURVE('',#10723,#11494,#12504,.T.);
#12504 = LINE('',#12505,#12506);
#12505 = CARTESIAN_POINT('',(227.711,-133.977,-4.6E-02));
#12506 = VECTOR('',#12507,1.);
#12507 = DIRECTION('',(0.,0.,1.));
#12508 = ORIENTED_EDGE('',*,*,#11493,.F.);
#12509 = ORIENTED_EDGE('',*,*,#12503,.F.);
#12510 = CYLINDRICAL_SURFACE('',#12511,0.5);
#12511 = AXIS2_PLACEMENT_3D('',#12512,#12513,#12514);
#12512 = CARTESIAN_POINT('',(227.711,-133.477,-4.6E-02));
#12513 = DIRECTION('',(-0.,-0.,-1.));
#12514 = DIRECTION('',(-0.,-1.,0.));
#12515 = ADVANCED_FACE('',(#12516),#12527,.F.);
#12516 = FACE_BOUND('',#12517,.T.);
#12517 = EDGE_LOOP('',(#12518,#12519,#12525,#12526));
#12518 = ORIENTED_EDGE('',*,*,#10733,.T.);
#12519 = ORIENTED_EDGE('',*,*,#12520,.T.);
#12520 = EDGE_CURVE('',#10734,#11505,#12521,.T.);
#12521 = LINE('',#12522,#12523);
#12522 = CARTESIAN_POINT('',(230.251,-133.977,-4.6E-02));
#12523 = VECTOR('',#12524,1.);
#12524 = DIRECTION('',(0.,0.,1.));
#12525 = ORIENTED_EDGE('',*,*,#11504,.F.);
#12526 = ORIENTED_EDGE('',*,*,#12520,.F.);
#12527 = CYLINDRICAL_SURFACE('',#12528,0.5);
#12528 = AXIS2_PLACEMENT_3D('',#12529,#12530,#12531);
#12529 = CARTESIAN_POINT('',(230.251,-133.477,-4.6E-02));
#12530 = DIRECTION('',(-0.,-0.,-1.));
#12531 = DIRECTION('',(-0.,-1.,0.));
#12532 = ADVANCED_FACE('',(#12533),#12544,.F.);
#12533 = FACE_BOUND('',#12534,.T.);
#12534 = EDGE_LOOP('',(#12535,#12536,#12542,#12543));
#12535 = ORIENTED_EDGE('',*,*,#10744,.T.);
#12536 = ORIENTED_EDGE('',*,*,#12537,.T.);
#12537 = EDGE_CURVE('',#10745,#11516,#12538,.T.);
#12538 = LINE('',#12539,#12540);
#12539 = CARTESIAN_POINT('',(232.791,-133.977,-4.6E-02));
#12540 = VECTOR('',#12541,1.);
#12541 = DIRECTION('',(0.,0.,1.));
#12542 = ORIENTED_EDGE('',*,*,#11515,.F.);
#12543 = ORIENTED_EDGE('',*,*,#12537,.F.);
#12544 = CYLINDRICAL_SURFACE('',#12545,0.5);
#12545 = AXIS2_PLACEMENT_3D('',#12546,#12547,#12548);
#12546 = CARTESIAN_POINT('',(232.791,-133.477,-4.6E-02));
#12547 = DIRECTION('',(-0.,-0.,-1.));
#12548 = DIRECTION('',(-0.,-1.,0.));
#12549 = ADVANCED_FACE('',(#12550),#12561,.F.);
#12550 = FACE_BOUND('',#12551,.T.);
#12551 = EDGE_LOOP('',(#12552,#12553,#12559,#12560));
#12552 = ORIENTED_EDGE('',*,*,#10755,.T.);
#12553 = ORIENTED_EDGE('',*,*,#12554,.T.);
#12554 = EDGE_CURVE('',#10756,#11527,#12555,.T.);
#12555 = LINE('',#12556,#12557);
#12556 = CARTESIAN_POINT('',(225.171,-118.737,-4.6E-02));
#12557 = VECTOR('',#12558,1.);
#12558 = DIRECTION('',(0.,0.,1.));
#12559 = ORIENTED_EDGE('',*,*,#11526,.F.);
#12560 = ORIENTED_EDGE('',*,*,#12554,.F.);
#12561 = CYLINDRICAL_SURFACE('',#12562,0.5);
#12562 = AXIS2_PLACEMENT_3D('',#12563,#12564,#12565);
#12563 = CARTESIAN_POINT('',(225.171,-118.237,-4.6E-02));
#12564 = DIRECTION('',(-0.,-0.,-1.));
#12565 = DIRECTION('',(-0.,-1.,0.));
#12566 = ADVANCED_FACE('',(#12567),#12578,.F.);
#12567 = FACE_BOUND('',#12568,.T.);
#12568 = EDGE_LOOP('',(#12569,#12570,#12576,#12577));
#12569 = ORIENTED_EDGE('',*,*,#10766,.T.);
#12570 = ORIENTED_EDGE('',*,*,#12571,.T.);
#12571 = EDGE_CURVE('',#10767,#11538,#12572,.T.);
#12572 = LINE('',#12573,#12574);
#12573 = CARTESIAN_POINT('',(227.711,-118.737,-4.6E-02));
#12574 = VECTOR('',#12575,1.);
#12575 = DIRECTION('',(0.,0.,1.));
#12576 = ORIENTED_EDGE('',*,*,#11537,.F.);
#12577 = ORIENTED_EDGE('',*,*,#12571,.F.);
#12578 = CYLINDRICAL_SURFACE('',#12579,0.5);
#12579 = AXIS2_PLACEMENT_3D('',#12580,#12581,#12582);
#12580 = CARTESIAN_POINT('',(227.711,-118.237,-4.6E-02));
#12581 = DIRECTION('',(-0.,-0.,-1.));
#12582 = DIRECTION('',(-0.,-1.,0.));
#12583 = ADVANCED_FACE('',(#12584),#12595,.F.);
#12584 = FACE_BOUND('',#12585,.T.);
#12585 = EDGE_LOOP('',(#12586,#12587,#12593,#12594));
#12586 = ORIENTED_EDGE('',*,*,#10777,.T.);
#12587 = ORIENTED_EDGE('',*,*,#12588,.T.);
#12588 = EDGE_CURVE('',#10778,#11549,#12589,.T.);
#12589 = LINE('',#12590,#12591);
#12590 = CARTESIAN_POINT('',(230.251,-118.737,-4.6E-02));
#12591 = VECTOR('',#12592,1.);
#12592 = DIRECTION('',(0.,0.,1.));
#12593 = ORIENTED_EDGE('',*,*,#11548,.F.);
#12594 = ORIENTED_EDGE('',*,*,#12588,.F.);
#12595 = CYLINDRICAL_SURFACE('',#12596,0.5);
#12596 = AXIS2_PLACEMENT_3D('',#12597,#12598,#12599);
#12597 = CARTESIAN_POINT('',(230.251,-118.237,-4.6E-02));
#12598 = DIRECTION('',(-0.,-0.,-1.));
#12599 = DIRECTION('',(-0.,-1.,0.));
#12600 = ADVANCED_FACE('',(#12601),#12612,.F.);
#12601 = FACE_BOUND('',#12602,.T.);
#12602 = EDGE_LOOP('',(#12603,#12604,#12610,#12611));
#12603 = ORIENTED_EDGE('',*,*,#10788,.T.);
#12604 = ORIENTED_EDGE('',*,*,#12605,.T.);
#12605 = EDGE_CURVE('',#10789,#11560,#12606,.T.);
#12606 = LINE('',#12607,#12608);
#12607 = CARTESIAN_POINT('',(232.791,-118.737,-4.6E-02));
#12608 = VECTOR('',#12609,1.);
#12609 = DIRECTION('',(0.,0.,1.));
#12610 = ORIENTED_EDGE('',*,*,#11559,.F.);
#12611 = ORIENTED_EDGE('',*,*,#12605,.F.);
#12612 = CYLINDRICAL_SURFACE('',#12613,0.5);
#12613 = AXIS2_PLACEMENT_3D('',#12614,#12615,#12616);
#12614 = CARTESIAN_POINT('',(232.791,-118.237,-4.6E-02));
#12615 = DIRECTION('',(-0.,-0.,-1.));
#12616 = DIRECTION('',(-0.,-1.,0.));
#12617 = ADVANCED_FACE('',(#12618),#12629,.F.);
#12618 = FACE_BOUND('',#12619,.T.);
#12619 = EDGE_LOOP('',(#12620,#12621,#12627,#12628));
#12620 = ORIENTED_EDGE('',*,*,#10799,.T.);
#12621 = ORIENTED_EDGE('',*,*,#12622,.T.);
#12622 = EDGE_CURVE('',#10800,#11571,#12623,.T.);
#12623 = LINE('',#12624,#12625);
#12624 = CARTESIAN_POINT('',(235.331,-133.977,-4.6E-02));
#12625 = VECTOR('',#12626,1.);
#12626 = DIRECTION('',(0.,0.,1.));
#12627 = ORIENTED_EDGE('',*,*,#11570,.F.);
#12628 = ORIENTED_EDGE('',*,*,#12622,.F.);
#12629 = CYLINDRICAL_SURFACE('',#12630,0.5);
#12630 = AXIS2_PLACEMENT_3D('',#12631,#12632,#12633);
#12631 = CARTESIAN_POINT('',(235.331,-133.477,-4.6E-02));
#12632 = DIRECTION('',(-0.,-0.,-1.));
#12633 = DIRECTION('',(-0.,-1.,0.));
#12634 = ADVANCED_FACE('',(#12635),#12646,.F.);
#12635 = FACE_BOUND('',#12636,.T.);
#12636 = EDGE_LOOP('',(#12637,#12638,#12644,#12645));
#12637 = ORIENTED_EDGE('',*,*,#10810,.T.);
#12638 = ORIENTED_EDGE('',*,*,#12639,.T.);
#12639 = EDGE_CURVE('',#10811,#11582,#12640,.T.);
#12640 = LINE('',#12641,#12642);
#12641 = CARTESIAN_POINT('',(237.871,-133.977,-4.6E-02));
#12642 = VECTOR('',#12643,1.);
#12643 = DIRECTION('',(0.,0.,1.));
#12644 = ORIENTED_EDGE('',*,*,#11581,.F.);
#12645 = ORIENTED_EDGE('',*,*,#12639,.F.);
#12646 = CYLINDRICAL_SURFACE('',#12647,0.5);
#12647 = AXIS2_PLACEMENT_3D('',#12648,#12649,#12650);
#12648 = CARTESIAN_POINT('',(237.871,-133.477,-4.6E-02));
#12649 = DIRECTION('',(-0.,-0.,-1.));
#12650 = DIRECTION('',(-0.,-1.,0.));
#12651 = ADVANCED_FACE('',(#12652),#12663,.F.);
#12652 = FACE_BOUND('',#12653,.T.);
#12653 = EDGE_LOOP('',(#12654,#12655,#12661,#12662));
#12654 = ORIENTED_EDGE('',*,*,#10821,.T.);
#12655 = ORIENTED_EDGE('',*,*,#12656,.T.);
#12656 = EDGE_CURVE('',#10822,#11593,#12657,.T.);
#12657 = LINE('',#12658,#12659);
#12658 = CARTESIAN_POINT('',(240.411,-133.977,-4.6E-02));
#12659 = VECTOR('',#12660,1.);
#12660 = DIRECTION('',(0.,0.,1.));
#12661 = ORIENTED_EDGE('',*,*,#11592,.F.);
#12662 = ORIENTED_EDGE('',*,*,#12656,.F.);
#12663 = CYLINDRICAL_SURFACE('',#12664,0.5);
#12664 = AXIS2_PLACEMENT_3D('',#12665,#12666,#12667);
#12665 = CARTESIAN_POINT('',(240.411,-133.477,-4.6E-02));
#12666 = DIRECTION('',(-0.,-0.,-1.));
#12667 = DIRECTION('',(-0.,-1.,0.));
#12668 = ADVANCED_FACE('',(#12669),#12680,.F.);
#12669 = FACE_BOUND('',#12670,.T.);
#12670 = EDGE_LOOP('',(#12671,#12672,#12678,#12679));
#12671 = ORIENTED_EDGE('',*,*,#10832,.T.);
#12672 = ORIENTED_EDGE('',*,*,#12673,.T.);
#12673 = EDGE_CURVE('',#10833,#11604,#12674,.T.);
#12674 = LINE('',#12675,#12676);
#12675 = CARTESIAN_POINT('',(235.331,-118.737,-4.6E-02));
#12676 = VECTOR('',#12677,1.);
#12677 = DIRECTION('',(0.,0.,1.));
#12678 = ORIENTED_EDGE('',*,*,#11603,.F.);
#12679 = ORIENTED_EDGE('',*,*,#12673,.F.);
#12680 = CYLINDRICAL_SURFACE('',#12681,0.5);
#12681 = AXIS2_PLACEMENT_3D('',#12682,#12683,#12684);
#12682 = CARTESIAN_POINT('',(235.331,-118.237,-4.6E-02));
#12683 = DIRECTION('',(-0.,-0.,-1.));
#12684 = DIRECTION('',(-0.,-1.,0.));
#12685 = ADVANCED_FACE('',(#12686),#12697,.F.);
#12686 = FACE_BOUND('',#12687,.T.);
#12687 = EDGE_LOOP('',(#12688,#12689,#12695,#12696));
#12688 = ORIENTED_EDGE('',*,*,#10843,.T.);
#12689 = ORIENTED_EDGE('',*,*,#12690,.T.);
#12690 = EDGE_CURVE('',#10844,#11615,#12691,.T.);
#12691 = LINE('',#12692,#12693);
#12692 = CARTESIAN_POINT('',(237.871,-118.737,-4.6E-02));
#12693 = VECTOR('',#12694,1.);
#12694 = DIRECTION('',(0.,0.,1.));
#12695 = ORIENTED_EDGE('',*,*,#11614,.F.);
#12696 = ORIENTED_EDGE('',*,*,#12690,.F.);
#12697 = CYLINDRICAL_SURFACE('',#12698,0.5);
#12698 = AXIS2_PLACEMENT_3D('',#12699,#12700,#12701);
#12699 = CARTESIAN_POINT('',(237.871,-118.237,-4.6E-02));
#12700 = DIRECTION('',(-0.,-0.,-1.));
#12701 = DIRECTION('',(-0.,-1.,0.));
#12702 = ADVANCED_FACE('',(#12703),#12714,.F.);
#12703 = FACE_BOUND('',#12704,.T.);
#12704 = EDGE_LOOP('',(#12705,#12706,#12712,#12713));
#12705 = ORIENTED_EDGE('',*,*,#10854,.T.);
#12706 = ORIENTED_EDGE('',*,*,#12707,.T.);
#12707 = EDGE_CURVE('',#10855,#11626,#12708,.T.);
#12708 = LINE('',#12709,#12710);
#12709 = CARTESIAN_POINT('',(240.411,-118.737,-4.6E-02));
#12710 = VECTOR('',#12711,1.);
#12711 = DIRECTION('',(0.,0.,1.));
#12712 = ORIENTED_EDGE('',*,*,#11625,.F.);
#12713 = ORIENTED_EDGE('',*,*,#12707,.F.);
#12714 = CYLINDRICAL_SURFACE('',#12715,0.5);
#12715 = AXIS2_PLACEMENT_3D('',#12716,#12717,#12718);
#12716 = CARTESIAN_POINT('',(240.411,-118.237,-4.6E-02));
#12717 = DIRECTION('',(-0.,-0.,-1.));
#12718 = DIRECTION('',(-0.,-1.,0.));
#12719 = ADVANCED_FACE('',(#12720),#12731,.F.);
#12720 = FACE_BOUND('',#12721,.T.);
#12721 = EDGE_LOOP('',(#12722,#12723,#12729,#12730));
#12722 = ORIENTED_EDGE('',*,*,#10865,.T.);
#12723 = ORIENTED_EDGE('',*,*,#12724,.T.);
#12724 = EDGE_CURVE('',#10866,#11637,#12725,.T.);
#12725 = LINE('',#12726,#12727);
#12726 = CARTESIAN_POINT('',(207.391,-83.993,-4.6E-02));
#12727 = VECTOR('',#12728,1.);
#12728 = DIRECTION('',(0.,0.,1.));
#12729 = ORIENTED_EDGE('',*,*,#11636,.F.);
#12730 = ORIENTED_EDGE('',*,*,#12724,.F.);
#12731 = CYLINDRICAL_SURFACE('',#12732,0.4);
#12732 = AXIS2_PLACEMENT_3D('',#12733,#12734,#12735);
#12733 = CARTESIAN_POINT('',(207.391,-83.593,-4.6E-02));
#12734 = DIRECTION('',(-0.,-0.,-1.));
#12735 = DIRECTION('',(-7.105427357601E-14,-1.,0.));
#12736 = ADVANCED_FACE('',(#12737),#12748,.F.);
#12737 = FACE_BOUND('',#12738,.T.);
#12738 = EDGE_LOOP('',(#12739,#12740,#12746,#12747));
#12739 = ORIENTED_EDGE('',*,*,#10876,.T.);
#12740 = ORIENTED_EDGE('',*,*,#12741,.T.);
#12741 = EDGE_CURVE('',#10877,#11648,#12742,.T.);
#12742 = LINE('',#12743,#12744);
#12743 = CARTESIAN_POINT('',(207.391,-81.453,-4.6E-02));
#12744 = VECTOR('',#12745,1.);
#12745 = DIRECTION('',(0.,0.,1.));
#12746 = ORIENTED_EDGE('',*,*,#11647,.F.);
#12747 = ORIENTED_EDGE('',*,*,#12741,.F.);
#12748 = CYLINDRICAL_SURFACE('',#12749,0.4);
#12749 = AXIS2_PLACEMENT_3D('',#12750,#12751,#12752);
#12750 = CARTESIAN_POINT('',(207.391,-81.053,-4.6E-02));
#12751 = DIRECTION('',(-0.,-0.,-1.));
#12752 = DIRECTION('',(-7.105427357601E-14,-1.,0.));
#12753 = ADVANCED_FACE('',(#12754),#12765,.F.);
#12754 = FACE_BOUND('',#12755,.T.);
#12755 = EDGE_LOOP('',(#12756,#12757,#12763,#12764));
#12756 = ORIENTED_EDGE('',*,*,#10887,.T.);
#12757 = ORIENTED_EDGE('',*,*,#12758,.T.);
#12758 = EDGE_CURVE('',#10888,#11659,#12759,.T.);
#12759 = LINE('',#12760,#12761);
#12760 = CARTESIAN_POINT('',(207.391,-78.913,-4.6E-02));
#12761 = VECTOR('',#12762,1.);
#12762 = DIRECTION('',(0.,0.,1.));
#12763 = ORIENTED_EDGE('',*,*,#11658,.F.);
#12764 = ORIENTED_EDGE('',*,*,#12758,.F.);
#12765 = CYLINDRICAL_SURFACE('',#12766,0.4);
#12766 = AXIS2_PLACEMENT_3D('',#12767,#12768,#12769);
#12767 = CARTESIAN_POINT('',(207.391,-78.513,-4.6E-02));
#12768 = DIRECTION('',(-0.,-0.,-1.));
#12769 = DIRECTION('',(-7.105427357601E-14,-1.,0.));
#12770 = ADVANCED_FACE('',(#12771),#12782,.F.);
#12771 = FACE_BOUND('',#12772,.T.);
#12772 = EDGE_LOOP('',(#12773,#12774,#12780,#12781));
#12773 = ORIENTED_EDGE('',*,*,#10898,.T.);
#12774 = ORIENTED_EDGE('',*,*,#12775,.T.);
#12775 = EDGE_CURVE('',#10899,#11670,#12776,.T.);
#12776 = LINE('',#12777,#12778);
#12777 = CARTESIAN_POINT('',(207.391,-76.373,-4.6E-02));
#12778 = VECTOR('',#12779,1.);
#12779 = DIRECTION('',(0.,0.,1.));
#12780 = ORIENTED_EDGE('',*,*,#11669,.F.);
#12781 = ORIENTED_EDGE('',*,*,#12775,.F.);
#12782 = CYLINDRICAL_SURFACE('',#12783,0.4);
#12783 = AXIS2_PLACEMENT_3D('',#12784,#12785,#12786);
#12784 = CARTESIAN_POINT('',(207.391,-75.973,-4.6E-02));
#12785 = DIRECTION('',(-0.,-0.,-1.));
#12786 = DIRECTION('',(-7.105427357601E-14,-1.,0.));
#12787 = ADVANCED_FACE('',(#12788),#12799,.F.);
#12788 = FACE_BOUND('',#12789,.T.);
#12789 = EDGE_LOOP('',(#12790,#12791,#12797,#12798));
#12790 = ORIENTED_EDGE('',*,*,#10909,.T.);
#12791 = ORIENTED_EDGE('',*,*,#12792,.T.);
#12792 = EDGE_CURVE('',#10910,#11681,#12793,.T.);
#12793 = LINE('',#12794,#12795);
#12794 = CARTESIAN_POINT('',(207.391,-73.833,-4.6E-02));
#12795 = VECTOR('',#12796,1.);
#12796 = DIRECTION('',(0.,0.,1.));
#12797 = ORIENTED_EDGE('',*,*,#11680,.F.);
#12798 = ORIENTED_EDGE('',*,*,#12792,.F.);
#12799 = CYLINDRICAL_SURFACE('',#12800,0.4);
#12800 = AXIS2_PLACEMENT_3D('',#12801,#12802,#12803);
#12801 = CARTESIAN_POINT('',(207.391,-73.433,-4.6E-02));
#12802 = DIRECTION('',(-0.,-0.,-1.));
#12803 = DIRECTION('',(-7.105427357601E-14,-1.,0.));
#12804 = ADVANCED_FACE('',(#12805),#12816,.F.);
#12805 = FACE_BOUND('',#12806,.T.);
#12806 = EDGE_LOOP('',(#12807,#12808,#12814,#12815));
#12807 = ORIENTED_EDGE('',*,*,#10920,.T.);
#12808 = ORIENTED_EDGE('',*,*,#12809,.T.);
#12809 = EDGE_CURVE('',#10921,#11692,#12810,.T.);
#12810 = LINE('',#12811,#12812);
#12811 = CARTESIAN_POINT('',(207.391,-71.293,-4.6E-02));
#12812 = VECTOR('',#12813,1.);
#12813 = DIRECTION('',(0.,0.,1.));
#12814 = ORIENTED_EDGE('',*,*,#11691,.F.);
#12815 = ORIENTED_EDGE('',*,*,#12809,.F.);
#12816 = CYLINDRICAL_SURFACE('',#12817,0.4);
#12817 = AXIS2_PLACEMENT_3D('',#12818,#12819,#12820);
#12818 = CARTESIAN_POINT('',(207.391,-70.893,-4.6E-02));
#12819 = DIRECTION('',(-0.,-0.,-1.));
#12820 = DIRECTION('',(-7.105427357601E-14,-1.,0.));
#12821 = ADVANCED_FACE('',(#12822),#12833,.F.);
#12822 = FACE_BOUND('',#12823,.T.);
#12823 = EDGE_LOOP('',(#12824,#12825,#12831,#12832));
#12824 = ORIENTED_EDGE('',*,*,#10931,.T.);
#12825 = ORIENTED_EDGE('',*,*,#12826,.T.);
#12826 = EDGE_CURVE('',#10932,#11703,#12827,.T.);
#12827 = LINE('',#12828,#12829);
#12828 = CARTESIAN_POINT('',(207.391,-68.753,-4.6E-02));
#12829 = VECTOR('',#12830,1.);
#12830 = DIRECTION('',(0.,0.,1.));
#12831 = ORIENTED_EDGE('',*,*,#11702,.F.);
#12832 = ORIENTED_EDGE('',*,*,#12826,.F.);
#12833 = CYLINDRICAL_SURFACE('',#12834,0.4);
#12834 = AXIS2_PLACEMENT_3D('',#12835,#12836,#12837);
#12835 = CARTESIAN_POINT('',(207.391,-68.353,-4.6E-02));
#12836 = DIRECTION('',(-0.,-0.,-1.));
#12837 = DIRECTION('',(-7.105427357601E-14,-1.,0.));
#12838 = ADVANCED_FACE('',(#12839),#12850,.F.);
#12839 = FACE_BOUND('',#12840,.T.);
#12840 = EDGE_LOOP('',(#12841,#12842,#12848,#12849));
#12841 = ORIENTED_EDGE('',*,*,#10942,.T.);
#12842 = ORIENTED_EDGE('',*,*,#12843,.T.);
#12843 = EDGE_CURVE('',#10943,#11714,#12844,.T.);
#12844 = LINE('',#12845,#12846);
#12845 = CARTESIAN_POINT('',(207.391,-66.213,-4.6E-02));
#12846 = VECTOR('',#12847,1.);
#12847 = DIRECTION('',(0.,0.,1.));
#12848 = ORIENTED_EDGE('',*,*,#11713,.F.);
#12849 = ORIENTED_EDGE('',*,*,#12843,.F.);
#12850 = CYLINDRICAL_SURFACE('',#12851,0.4);
#12851 = AXIS2_PLACEMENT_3D('',#12852,#12853,#12854);
#12852 = CARTESIAN_POINT('',(207.391,-65.813,-4.6E-02));
#12853 = DIRECTION('',(-0.,-0.,-1.));
#12854 = DIRECTION('',(-7.105427357601E-14,-1.,0.));
#12855 = ADVANCED_FACE('',(#12856),#12867,.F.);
#12856 = FACE_BOUND('',#12857,.T.);
#12857 = EDGE_LOOP('',(#12858,#12859,#12865,#12866));
#12858 = ORIENTED_EDGE('',*,*,#10953,.T.);
#12859 = ORIENTED_EDGE('',*,*,#12860,.T.);
#12860 = EDGE_CURVE('',#10954,#11725,#12861,.T.);
#12861 = LINE('',#12862,#12863);
#12862 = CARTESIAN_POINT('',(207.391,-63.673,-4.6E-02));
#12863 = VECTOR('',#12864,1.);
#12864 = DIRECTION('',(0.,0.,1.));
#12865 = ORIENTED_EDGE('',*,*,#11724,.F.);
#12866 = ORIENTED_EDGE('',*,*,#12860,.F.);
#12867 = CYLINDRICAL_SURFACE('',#12868,0.4);
#12868 = AXIS2_PLACEMENT_3D('',#12869,#12870,#12871);
#12869 = CARTESIAN_POINT('',(207.391,-63.273,-4.6E-02));
#12870 = DIRECTION('',(-0.,-0.,-1.));
#12871 = DIRECTION('',(-7.105427357601E-14,-1.,0.));
#12872 = ADVANCED_FACE('',(#12873),#12884,.F.);
#12873 = FACE_BOUND('',#12874,.T.);
#12874 = EDGE_LOOP('',(#12875,#12876,#12882,#12883));
#12875 = ORIENTED_EDGE('',*,*,#10964,.T.);
#12876 = ORIENTED_EDGE('',*,*,#12877,.T.);
#12877 = EDGE_CURVE('',#10965,#11736,#12878,.T.);
#12878 = LINE('',#12879,#12880);
#12879 = CARTESIAN_POINT('',(221.103,-80.504,-4.6E-02));
#12880 = VECTOR('',#12881,1.);
#12881 = DIRECTION('',(0.,0.,1.));
#12882 = ORIENTED_EDGE('',*,*,#11735,.F.);
#12883 = ORIENTED_EDGE('',*,*,#12877,.F.);
#12884 = CYLINDRICAL_SURFACE('',#12885,1.65);
#12885 = AXIS2_PLACEMENT_3D('',#12886,#12887,#12888);
#12886 = CARTESIAN_POINT('',(221.103,-78.854,-4.6E-02));
#12887 = DIRECTION('',(-0.,-0.,-1.));
#12888 = DIRECTION('',(-0.,-1.,0.));
#12889 = ADVANCED_FACE('',(#12890),#12901,.F.);
#12890 = FACE_BOUND('',#12891,.T.);
#12891 = EDGE_LOOP('',(#12892,#12893,#12899,#12900));
#12892 = ORIENTED_EDGE('',*,*,#10975,.T.);
#12893 = ORIENTED_EDGE('',*,*,#12894,.T.);
#12894 = EDGE_CURVE('',#10976,#11747,#12895,.T.);
#12895 = LINE('',#12896,#12897);
#12896 = CARTESIAN_POINT('',(207.391,-61.133,-4.6E-02));
#12897 = VECTOR('',#12898,1.);
#12898 = DIRECTION('',(0.,0.,1.));
#12899 = ORIENTED_EDGE('',*,*,#11746,.F.);
#12900 = ORIENTED_EDGE('',*,*,#12894,.F.);
#12901 = CYLINDRICAL_SURFACE('',#12902,0.4);
#12902 = AXIS2_PLACEMENT_3D('',#12903,#12904,#12905);
#12903 = CARTESIAN_POINT('',(207.391,-60.733,-4.6E-02));
#12904 = DIRECTION('',(-0.,-0.,-1.));
#12905 = DIRECTION('',(-7.105427357601E-14,-1.,0.));
#12906 = ADVANCED_FACE('',(#12907),#12918,.F.);
#12907 = FACE_BOUND('',#12908,.T.);
#12908 = EDGE_LOOP('',(#12909,#12910,#12916,#12917));
#12909 = ORIENTED_EDGE('',*,*,#10986,.T.);
#12910 = ORIENTED_EDGE('',*,*,#12911,.T.);
#12911 = EDGE_CURVE('',#10987,#11758,#12912,.T.);
#12912 = LINE('',#12913,#12914);
#12913 = CARTESIAN_POINT('',(207.391,-58.593,-4.6E-02));
#12914 = VECTOR('',#12915,1.);
#12915 = DIRECTION('',(0.,0.,1.));
#12916 = ORIENTED_EDGE('',*,*,#11757,.F.);
#12917 = ORIENTED_EDGE('',*,*,#12911,.F.);
#12918 = CYLINDRICAL_SURFACE('',#12919,0.4);
#12919 = AXIS2_PLACEMENT_3D('',#12920,#12921,#12922);
#12920 = CARTESIAN_POINT('',(207.391,-58.193,-4.6E-02));
#12921 = DIRECTION('',(-0.,-0.,-1.));
#12922 = DIRECTION('',(-7.105427357601E-14,-1.,0.));
#12923 = ADVANCED_FACE('',(#12924),#12935,.F.);
#12924 = FACE_BOUND('',#12925,.T.);
#12925 = EDGE_LOOP('',(#12926,#12927,#12933,#12934));
#12926 = ORIENTED_EDGE('',*,*,#10997,.T.);
#12927 = ORIENTED_EDGE('',*,*,#12928,.T.);
#12928 = EDGE_CURVE('',#10998,#11769,#12929,.T.);
#12929 = LINE('',#12930,#12931);
#12930 = CARTESIAN_POINT('',(221.103,-52.199,-4.6E-02));
#12931 = VECTOR('',#12932,1.);
#12932 = DIRECTION('',(0.,0.,1.));
#12933 = ORIENTED_EDGE('',*,*,#11768,.F.);
#12934 = ORIENTED_EDGE('',*,*,#12928,.F.);
#12935 = CYLINDRICAL_SURFACE('',#12936,0.51);
#12936 = AXIS2_PLACEMENT_3D('',#12937,#12938,#12939);
#12937 = CARTESIAN_POINT('',(221.103,-51.689,-4.6E-02));
#12938 = DIRECTION('',(-0.,-0.,-1.));
#12939 = DIRECTION('',(-0.,-1.,0.));
#12940 = ADVANCED_FACE('',(#12941),#12952,.F.);
#12941 = FACE_BOUND('',#12942,.T.);
#12942 = EDGE_LOOP('',(#12943,#12944,#12950,#12951));
#12943 = ORIENTED_EDGE('',*,*,#11008,.T.);
#12944 = ORIENTED_EDGE('',*,*,#12945,.T.);
#12945 = EDGE_CURVE('',#11009,#11780,#12946,.T.);
#12946 = LINE('',#12947,#12948);
#12947 = CARTESIAN_POINT('',(215.011,-42.537,-4.6E-02));
#12948 = VECTOR('',#12949,1.);
#12949 = DIRECTION('',(0.,0.,1.));
#12950 = ORIENTED_EDGE('',*,*,#11779,.F.);
#12951 = ORIENTED_EDGE('',*,*,#12945,.F.);
#12952 = CYLINDRICAL_SURFACE('',#12953,0.5);
#12953 = AXIS2_PLACEMENT_3D('',#12954,#12955,#12956);
#12954 = CARTESIAN_POINT('',(215.011,-42.037,-4.6E-02));
#12955 = DIRECTION('',(-0.,-0.,-1.));
#12956 = DIRECTION('',(-0.,-1.,0.));
#12957 = ADVANCED_FACE('',(#12958),#12969,.F.);
#12958 = FACE_BOUND('',#12959,.T.);
#12959 = EDGE_LOOP('',(#12960,#12961,#12967,#12968));
#12960 = ORIENTED_EDGE('',*,*,#11019,.T.);
#12961 = ORIENTED_EDGE('',*,*,#12962,.T.);
#12962 = EDGE_CURVE('',#11020,#11791,#12963,.T.);
#12963 = LINE('',#12964,#12965);
#12964 = CARTESIAN_POINT('',(220.011,-42.537,-4.6E-02));
#12965 = VECTOR('',#12966,1.);
#12966 = DIRECTION('',(0.,0.,1.));
#12967 = ORIENTED_EDGE('',*,*,#11790,.F.);
#12968 = ORIENTED_EDGE('',*,*,#12962,.F.);
#12969 = CYLINDRICAL_SURFACE('',#12970,0.5);
#12970 = AXIS2_PLACEMENT_3D('',#12971,#12972,#12973);
#12971 = CARTESIAN_POINT('',(220.011,-42.037,-4.6E-02));
#12972 = DIRECTION('',(-0.,-0.,-1.));
#12973 = DIRECTION('',(-0.,-1.,0.));
#12974 = ADVANCED_FACE('',(#12975),#12986,.F.);
#12975 = FACE_BOUND('',#12976,.T.);
#12976 = EDGE_LOOP('',(#12977,#12978,#12984,#12985));
#12977 = ORIENTED_EDGE('',*,*,#11030,.T.);
#12978 = ORIENTED_EDGE('',*,*,#12979,.T.);
#12979 = EDGE_CURVE('',#11031,#11802,#12980,.T.);
#12980 = LINE('',#12981,#12982);
#12981 = CARTESIAN_POINT('',(236.093,-80.504,-4.6E-02));
#12982 = VECTOR('',#12983,1.);
#12983 = DIRECTION('',(0.,0.,1.));
#12984 = ORIENTED_EDGE('',*,*,#11801,.F.);
#12985 = ORIENTED_EDGE('',*,*,#12979,.F.);
#12986 = CYLINDRICAL_SURFACE('',#12987,1.65);
#12987 = AXIS2_PLACEMENT_3D('',#12988,#12989,#12990);
#12988 = CARTESIAN_POINT('',(236.093,-78.854,-4.6E-02));
#12989 = DIRECTION('',(-0.,-0.,-1.));
#12990 = DIRECTION('',(-1.722527844267E-14,-1.,0.));
#12991 = ADVANCED_FACE('',(#12992),#13003,.F.);
#12992 = FACE_BOUND('',#12993,.T.);
#12993 = EDGE_LOOP('',(#12994,#12995,#13001,#13002));
#12994 = ORIENTED_EDGE('',*,*,#11041,.T.);
#12995 = ORIENTED_EDGE('',*,*,#12996,.T.);
#12996 = EDGE_CURVE('',#11042,#11813,#12997,.T.);
#12997 = LINE('',#12998,#12999);
#12998 = CARTESIAN_POINT('',(225.906,-43.028,-4.6E-02));
#12999 = VECTOR('',#13000,1.);
#13000 = DIRECTION('',(0.,0.,1.));
#13001 = ORIENTED_EDGE('',*,*,#11812,.F.);
#13002 = ORIENTED_EDGE('',*,*,#12996,.F.);
#13003 = CYLINDRICAL_SURFACE('',#13004,0.65);
#13004 = AXIS2_PLACEMENT_3D('',#13005,#13006,#13007);
#13005 = CARTESIAN_POINT('',(225.906,-42.378,-4.6E-02));
#13006 = DIRECTION('',(-0.,-0.,-1.));
#13007 = DIRECTION('',(-0.,-1.,0.));
#13008 = ADVANCED_FACE('',(#13009),#13020,.F.);
#13009 = FACE_BOUND('',#13010,.T.);
#13010 = EDGE_LOOP('',(#13011,#13012,#13018,#13019));
#13011 = ORIENTED_EDGE('',*,*,#11052,.T.);
#13012 = ORIENTED_EDGE('',*,*,#13013,.T.);
#13013 = EDGE_CURVE('',#11053,#11824,#13014,.T.);
#13014 = LINE('',#13015,#13016);
#13015 = CARTESIAN_POINT('',(225.906,-38.028,-4.6E-02));
#13016 = VECTOR('',#13017,1.);
#13017 = DIRECTION('',(0.,0.,1.));
#13018 = ORIENTED_EDGE('',*,*,#11823,.F.);
#13019 = ORIENTED_EDGE('',*,*,#13013,.F.);
#13020 = CYLINDRICAL_SURFACE('',#13021,0.65);
#13021 = AXIS2_PLACEMENT_3D('',#13022,#13023,#13024);
#13022 = CARTESIAN_POINT('',(225.906,-37.378,-4.6E-02));
#13023 = DIRECTION('',(-0.,-0.,-1.));
#13024 = DIRECTION('',(-0.,-1.,0.));
#13025 = ADVANCED_FACE('',(#13026),#13037,.F.);
#13026 = FACE_BOUND('',#13027,.T.);
#13027 = EDGE_LOOP('',(#13028,#13029,#13035,#13036));
#13028 = ORIENTED_EDGE('',*,*,#11063,.T.);
#13029 = ORIENTED_EDGE('',*,*,#13030,.T.);
#13030 = EDGE_CURVE('',#11064,#11835,#13031,.T.);
#13031 = LINE('',#13032,#13033);
#13032 = CARTESIAN_POINT('',(236.093,-52.199,-4.6E-02));
#13033 = VECTOR('',#13034,1.);
#13034 = DIRECTION('',(0.,0.,1.));
#13035 = ORIENTED_EDGE('',*,*,#11834,.F.);
#13036 = ORIENTED_EDGE('',*,*,#13030,.F.);
#13037 = CYLINDRICAL_SURFACE('',#13038,0.51);
#13038 = AXIS2_PLACEMENT_3D('',#13039,#13040,#13041);
#13039 = CARTESIAN_POINT('',(236.093,-51.689,-4.6E-02));
#13040 = DIRECTION('',(-0.,-0.,-1.));
#13041 = DIRECTION('',(-5.57288420204E-14,-1.,0.));
#13042 = ADVANCED_FACE('',(#13043),#13054,.F.);
#13043 = FACE_BOUND('',#13044,.T.);
#13044 = EDGE_LOOP('',(#13045,#13046,#13052,#13053));
#13045 = ORIENTED_EDGE('',*,*,#11074,.T.);
#13046 = ORIENTED_EDGE('',*,*,#13047,.T.);
#13047 = EDGE_CURVE('',#11075,#11846,#13048,.T.);
#13048 = LINE('',#13049,#13050);
#13049 = CARTESIAN_POINT('',(238.406,-43.028,-4.6E-02));
#13050 = VECTOR('',#13051,1.);
#13051 = DIRECTION('',(0.,0.,1.));
#13052 = ORIENTED_EDGE('',*,*,#11845,.F.);
#13053 = ORIENTED_EDGE('',*,*,#13047,.F.);
#13054 = CYLINDRICAL_SURFACE('',#13055,0.65);
#13055 = AXIS2_PLACEMENT_3D('',#13056,#13057,#13058);
#13056 = CARTESIAN_POINT('',(238.406,-42.378,-4.6E-02));
#13057 = DIRECTION('',(-0.,-0.,-1.));
#13058 = DIRECTION('',(-0.,-1.,0.));
#13059 = ADVANCED_FACE('',(#13060),#13071,.F.);
#13060 = FACE_BOUND('',#13061,.T.);
#13061 = EDGE_LOOP('',(#13062,#13063,#13069,#13070));
#13062 = ORIENTED_EDGE('',*,*,#11085,.T.);
#13063 = ORIENTED_EDGE('',*,*,#13064,.T.);
#13064 = EDGE_CURVE('',#11086,#11857,#13065,.T.);
#13065 = LINE('',#13066,#13067);
#13066 = CARTESIAN_POINT('',(238.406,-38.028,-4.6E-02));
#13067 = VECTOR('',#13068,1.);
#13068 = DIRECTION('',(0.,0.,1.));
#13069 = ORIENTED_EDGE('',*,*,#11856,.F.);
#13070 = ORIENTED_EDGE('',*,*,#13064,.F.);
#13071 = CYLINDRICAL_SURFACE('',#13072,0.65);
#13072 = AXIS2_PLACEMENT_3D('',#13073,#13074,#13075);
#13073 = CARTESIAN_POINT('',(238.406,-37.378,-4.6E-02));
#13074 = DIRECTION('',(-0.,-0.,-1.));
#13075 = DIRECTION('',(-0.,-1.,0.));
#13076 = ADVANCED_FACE('',(#13077),#13088,.F.);
#13077 = FACE_BOUND('',#13078,.T.);
#13078 = EDGE_LOOP('',(#13079,#13080,#13086,#13087));
#13079 = ORIENTED_EDGE('',*,*,#11096,.T.);
#13080 = ORIENTED_EDGE('',*,*,#13081,.T.);
#13081 = EDGE_CURVE('',#11097,#11868,#13082,.T.);
#13082 = LINE('',#13083,#13084);
#13083 = CARTESIAN_POINT('',(242.189,-41.294,-4.6E-02));
#13084 = VECTOR('',#13085,1.);
#13085 = DIRECTION('',(0.,0.,1.));
#13086 = ORIENTED_EDGE('',*,*,#11867,.F.);
#13087 = ORIENTED_EDGE('',*,*,#13081,.F.);
#13088 = CYLINDRICAL_SURFACE('',#13089,0.4);
#13089 = AXIS2_PLACEMENT_3D('',#13090,#13091,#13092);
#13090 = CARTESIAN_POINT('',(242.189,-40.894,-4.6E-02));
#13091 = DIRECTION('',(-0.,-0.,-1.));
#13092 = DIRECTION('',(-0.,-1.,0.));
#13093 = ADVANCED_FACE('',(#13094),#13105,.F.);
#13094 = FACE_BOUND('',#13095,.T.);
#13095 = EDGE_LOOP('',(#13096,#13097,#13103,#13104));
#13096 = ORIENTED_EDGE('',*,*,#11107,.T.);
#13097 = ORIENTED_EDGE('',*,*,#13098,.T.);
#13098 = EDGE_CURVE('',#11108,#11879,#13099,.T.);
#13099 = LINE('',#13100,#13101);
#13100 = CARTESIAN_POINT('',(242.189,-39.294,-4.6E-02));
#13101 = VECTOR('',#13102,1.);
#13102 = DIRECTION('',(0.,0.,1.));
#13103 = ORIENTED_EDGE('',*,*,#11878,.F.);
#13104 = ORIENTED_EDGE('',*,*,#13098,.F.);
#13105 = CYLINDRICAL_SURFACE('',#13106,0.4);
#13106 = AXIS2_PLACEMENT_3D('',#13107,#13108,#13109);
#13107 = CARTESIAN_POINT('',(242.189,-38.894,-4.6E-02));
#13108 = DIRECTION('',(-0.,-0.,-1.));
#13109 = DIRECTION('',(-0.,-1.,0.));
#13110 = ( GEOMETRIC_REPRESENTATION_CONTEXT(3) 
GLOBAL_UNCERTAINTY_ASSIGNED_CONTEXT((#13114)) 
GLOBAL_UNIT_ASSIGNED_CONTEXT((#13111,#13112,#13113)) 
REPRESENTATION_CONTEXT('Context #1',
  '3D Context with UNIT and UNCERTAINTY') );
#13111 = ( LENGTH_UNIT() NAMED_UNIT(*) SI_UNIT(.MILLI.,.METRE.) );
#13112 = ( NAMED_UNIT(*) PLANE_ANGLE_UNIT() SI_UNIT($,.RADIAN.) );
#13113 = ( NAMED_UNIT(*) SI_UNIT($,.STERADIAN.) SOLID_ANGLE_UNIT() );
#13114 = UNCERTAINTY_MEASURE_WITH_UNIT(LENGTH_MEASURE(1.E-07),#13111,
  'distance_accuracy_value','confusion accuracy');
#13115 = CONTEXT_DEPENDENT_SHAPE_REPRESENTATION(#13116,#13118);
#13116 = ( REPRESENTATION_RELATIONSHIP('','',#10244,#10) 
REPRESENTATION_RELATIONSHIP_WITH_TRANSFORMATION(#13117) 
SHAPE_REPRESENTATION_RELATIONSHIP() );
#13117 = ITEM_DEFINED_TRANSFORMATION('','',#11,#35);
#13118 = PRODUCT_DEFINITION_SHAPE('Placement','Placement of an item',
  #13119);
#13119 = NEXT_ASSEMBLY_USAGE_OCCURRENCE('6','=>[0:1:1:7]','',#5,#10239,$
  );
#13120 = PRODUCT_RELATED_PRODUCT_CATEGORY('part',$,(#10241));
#13121 = MECHANICAL_DESIGN_GEOMETRIC_PRESENTATION_REPRESENTATION('',(
    #13122,#13130,#13137,#13144,#13152,#13159,#13166,#13173,#13180,
    #13187,#13194,#13201,#13208),#6340);
#13122 = STYLED_ITEM('color',(#13123),#6050);
#13123 = PRESENTATION_STYLE_ASSIGNMENT((#13124));
#13124 = SURFACE_STYLE_USAGE(.BOTH.,#13125);
#13125 = SURFACE_SIDE_STYLE('',(#13126));
#13126 = SURFACE_STYLE_FILL_AREA(#13127);
#13127 = FILL_AREA_STYLE('',(#13128));
#13128 = FILL_AREA_STYLE_COLOUR('',#13129);
#13129 = COLOUR_RGB('',0.823999987314,0.819999987296,0.781000009244);
#13130 = STYLED_ITEM('color',(#13131),#6084);
#13131 = PRESENTATION_STYLE_ASSIGNMENT((#13132));
#13132 = SURFACE_STYLE_USAGE(.BOTH.,#13133);
#13133 = SURFACE_SIDE_STYLE('',(#13134));
#13134 = SURFACE_STYLE_FILL_AREA(#13135);
#13135 = FILL_AREA_STYLE('',(#13136));
#13136 = FILL_AREA_STYLE_COLOUR('',#13129);
#13137 = STYLED_ITEM('color',(#13138),#6109);
#13138 = PRESENTATION_STYLE_ASSIGNMENT((#13139));
#13139 = SURFACE_STYLE_USAGE(.BOTH.,#13140);
#13140 = SURFACE_SIDE_STYLE('',(#13141));
#13141 = SURFACE_STYLE_FILL_AREA(#13142);
#13142 = FILL_AREA_STYLE('',(#13143));
#13143 = FILL_AREA_STYLE_COLOUR('',#13129);
#13144 = STYLED_ITEM('color',(#13145),#6118);
#13145 = PRESENTATION_STYLE_ASSIGNMENT((#13146));
#13146 = SURFACE_STYLE_USAGE(.BOTH.,#13147);
#13147 = SURFACE_SIDE_STYLE('',(#13148));
#13148 = SURFACE_STYLE_FILL_AREA(#13149);
#13149 = FILL_AREA_STYLE('',(#13150));
#13150 = FILL_AREA_STYLE_COLOUR('',#13151);
#13151 = COLOUR_RGB('',0.147999998088,0.144999993226,0.144999993226);
#13152 = STYLED_ITEM('color',(#13153),#6149);
#13153 = PRESENTATION_STYLE_ASSIGNMENT((#13154));
#13154 = SURFACE_STYLE_USAGE(.BOTH.,#13155);
#13155 = SURFACE_SIDE_STYLE('',(#13156));
#13156 = SURFACE_STYLE_FILL_AREA(#13157);
#13157 = FILL_AREA_STYLE('',(#13158));
#13158 = FILL_AREA_STYLE_COLOUR('',#13151);
#13159 = STYLED_ITEM('color',(#13160),#6175);
#13160 = PRESENTATION_STYLE_ASSIGNMENT((#13161));
#13161 = SURFACE_STYLE_USAGE(.BOTH.,#13162);
#13162 = SURFACE_SIDE_STYLE('',(#13163));
#13163 = SURFACE_STYLE_FILL_AREA(#13164);
#13164 = FILL_AREA_STYLE('',(#13165));
#13165 = FILL_AREA_STYLE_COLOUR('',#13129);
#13166 = STYLED_ITEM('color',(#13167),#6200);
#13167 = PRESENTATION_STYLE_ASSIGNMENT((#13168));
#13168 = SURFACE_STYLE_USAGE(.BOTH.,#13169);
#13169 = SURFACE_SIDE_STYLE('',(#13170));
#13170 = SURFACE_STYLE_FILL_AREA(#13171);
#13171 = FILL_AREA_STYLE('',(#13172));
#13172 = FILL_AREA_STYLE_COLOUR('',#13151);
#13173 = STYLED_ITEM('color',(#13174),#6225);
#13174 = PRESENTATION_STYLE_ASSIGNMENT((#13175));
#13175 = SURFACE_STYLE_USAGE(.BOTH.,#13176);
#13176 = SURFACE_SIDE_STYLE('',(#13177));
#13177 = SURFACE_STYLE_FILL_AREA(#13178);
#13178 = FILL_AREA_STYLE('',(#13179));
#13179 = FILL_AREA_STYLE_COLOUR('',#13129);
#13180 = STYLED_ITEM('color',(#13181),#6251);
#13181 = PRESENTATION_STYLE_ASSIGNMENT((#13182));
#13182 = SURFACE_STYLE_USAGE(.BOTH.,#13183);
#13183 = SURFACE_SIDE_STYLE('',(#13184));
#13184 = SURFACE_STYLE_FILL_AREA(#13185);
#13185 = FILL_AREA_STYLE('',(#13186));
#13186 = FILL_AREA_STYLE_COLOUR('',#13151);
#13187 = STYLED_ITEM('color',(#13188),#6277);
#13188 = PRESENTATION_STYLE_ASSIGNMENT((#13189));
#13189 = SURFACE_STYLE_USAGE(.BOTH.,#13190);
#13190 = SURFACE_SIDE_STYLE('',(#13191));
#13191 = SURFACE_STYLE_FILL_AREA(#13192);
#13192 = FILL_AREA_STYLE('',(#13193));
#13193 = FILL_AREA_STYLE_COLOUR('',#13129);
#13194 = STYLED_ITEM('color',(#13195),#6286);
#13195 = PRESENTATION_STYLE_ASSIGNMENT((#13196));
#13196 = SURFACE_STYLE_USAGE(.BOTH.,#13197);
#13197 = SURFACE_SIDE_STYLE('',(#13198));
#13198 = SURFACE_STYLE_FILL_AREA(#13199);
#13199 = FILL_AREA_STYLE('',(#13200));
#13200 = FILL_AREA_STYLE_COLOUR('',#13151);
#13201 = STYLED_ITEM('color',(#13202),#6306);
#13202 = PRESENTATION_STYLE_ASSIGNMENT((#13203));
#13203 = SURFACE_STYLE_USAGE(.BOTH.,#13204);
#13204 = SURFACE_SIDE_STYLE('',(#13205));
#13205 = SURFACE_STYLE_FILL_AREA(#13206);
#13206 = FILL_AREA_STYLE('',(#13207));
#13207 = FILL_AREA_STYLE_COLOUR('',#13151);
#13208 = STYLED_ITEM('color',(#13209),#6331);
#13209 = PRESENTATION_STYLE_ASSIGNMENT((#13210));
#13210 = SURFACE_STYLE_USAGE(.BOTH.,#13211);
#13211 = SURFACE_SIDE_STYLE('',(#13212));
#13212 = SURFACE_STYLE_FILL_AREA(#13213);
#13213 = FILL_AREA_STYLE('',(#13214));
#13214 = FILL_AREA_STYLE_COLOUR('',#13215);
#13215 = COLOUR_RGB('',0.809000013735,0.426000008053,0.147999998088);
#13216 = MECHANICAL_DESIGN_GEOMETRIC_PRESENTATION_REPRESENTATION('',(
    #13217,#13225),#6029);
#13217 = STYLED_ITEM('color',(#13218),#53);
#13218 = PRESENTATION_STYLE_ASSIGNMENT((#13219));
#13219 = SURFACE_STYLE_USAGE(.BOTH.,#13220);
#13220 = SURFACE_SIDE_STYLE('',(#13221));
#13221 = SURFACE_STYLE_FILL_AREA(#13222);
#13222 = FILL_AREA_STYLE('',(#13223));
#13223 = FILL_AREA_STYLE_COLOUR('',#13224);
#13224 = COLOUR_RGB('',0.266666666558,0.588235291739,0.282352937581);
#13225 = STYLED_ITEM('color',(#13226),#5879);
#13226 = PRESENTATION_STYLE_ASSIGNMENT((#13227));
#13227 = SURFACE_STYLE_USAGE(.BOTH.,#13228);
#13228 = SURFACE_SIDE_STYLE('',(#13229));
#13229 = SURFACE_STYLE_FILL_AREA(#13230);
#13230 = FILL_AREA_STYLE('',(#13231));
#13231 = FILL_AREA_STYLE_COLOUR('',#13232);
#13232 = COLOUR_RGB('',9.803921802644E-02,9.803921802644E-02,
  9.803921802644E-02);
#13233 = MECHANICAL_DESIGN_GEOMETRIC_PRESENTATION_REPRESENTATION('',(
    #13234),#10226);
#13234 = STYLED_ITEM('color',(#13235),#10173);
#13235 = PRESENTATION_STYLE_ASSIGNMENT((#13236));
#13236 = SURFACE_STYLE_USAGE(.BOTH.,#13237);
#13237 = SURFACE_SIDE_STYLE('',(#13238));
#13238 = SURFACE_STYLE_FILL_AREA(#13239);
#13239 = FILL_AREA_STYLE('',(#13240));
#13240 = FILL_AREA_STYLE_COLOUR('',#13241);
#13241 = COLOUR_RGB('',0.313304153717,0.484529207832,0.410020903123);
#13242 = MECHANICAL_DESIGN_GEOMETRIC_PRESENTATION_REPRESENTATION('',(
    #13243,#13250,#13257,#13265,#13272,#13279,#13286,#13293,#13300,
    #13307,#13314,#13321,#13328,#13335,#13342,#13349,#13356,#13363,
    #13370,#13377,#13384,#13391,#13398,#13405,#13412,#13419,#13426,
    #13433,#13440,#13447,#13454,#13461),#10154);
#13243 = STYLED_ITEM('color',(#13244),#9169);
#13244 = PRESENTATION_STYLE_ASSIGNMENT((#13245));
#13245 = SURFACE_STYLE_USAGE(.BOTH.,#13246);
#13246 = SURFACE_SIDE_STYLE('',(#13247));
#13247 = SURFACE_STYLE_FILL_AREA(#13248);
#13248 = FILL_AREA_STYLE('',(#13249));
#13249 = FILL_AREA_STYLE_COLOUR('',#13129);
#13250 = STYLED_ITEM('color',(#13251),#9186);
#13251 = PRESENTATION_STYLE_ASSIGNMENT((#13252));
#13252 = SURFACE_STYLE_USAGE(.BOTH.,#13253);
#13253 = SURFACE_SIDE_STYLE('',(#13254));
#13254 = SURFACE_STYLE_FILL_AREA(#13255);
#13255 = FILL_AREA_STYLE('',(#13256));
#13256 = FILL_AREA_STYLE_COLOUR('',#13129);
#13257 = STYLED_ITEM('color',(#13258),#9211);
#13258 = PRESENTATION_STYLE_ASSIGNMENT((#13259));
#13259 = SURFACE_STYLE_USAGE(.BOTH.,#13260);
#13260 = SURFACE_SIDE_STYLE('',(#13261));
#13261 = SURFACE_STYLE_FILL_AREA(#13262);
#13262 = FILL_AREA_STYLE('',(#13263));
#13263 = FILL_AREA_STYLE_COLOUR('',#13264);
#13264 = COLOUR_RGB('',0.136999991899,0.40200001271,0.726999997272);
#13265 = STYLED_ITEM('color',(#13266),#9242);
#13266 = PRESENTATION_STYLE_ASSIGNMENT((#13267));
#13267 = SURFACE_STYLE_USAGE(.BOTH.,#13268);
#13268 = SURFACE_SIDE_STYLE('',(#13269));
#13269 = SURFACE_STYLE_FILL_AREA(#13270);
#13270 = FILL_AREA_STYLE('',(#13271));
#13271 = FILL_AREA_STYLE_COLOUR('',#13264);
#13272 = STYLED_ITEM('color',(#13273),#9267);
#13273 = PRESENTATION_STYLE_ASSIGNMENT((#13274));
#13274 = SURFACE_STYLE_USAGE(.BOTH.,#13275);
#13275 = SURFACE_SIDE_STYLE('',(#13276));
#13276 = SURFACE_STYLE_FILL_AREA(#13277);
#13277 = FILL_AREA_STYLE('',(#13278));
#13278 = FILL_AREA_STYLE_COLOUR('',#13129);
#13279 = STYLED_ITEM('color',(#13280),#9292);
#13280 = PRESENTATION_STYLE_ASSIGNMENT((#13281));
#13281 = SURFACE_STYLE_USAGE(.BOTH.,#13282);
#13282 = SURFACE_SIDE_STYLE('',(#13283));
#13283 = SURFACE_STYLE_FILL_AREA(#13284);
#13284 = FILL_AREA_STYLE('',(#13285));
#13285 = FILL_AREA_STYLE_COLOUR('',#13264);
#13286 = STYLED_ITEM('color',(#13287),#9312);
#13287 = PRESENTATION_STYLE_ASSIGNMENT((#13288));
#13288 = SURFACE_STYLE_USAGE(.BOTH.,#13289);
#13289 = SURFACE_SIDE_STYLE('',(#13290));
#13290 = SURFACE_STYLE_FILL_AREA(#13291);
#13291 = FILL_AREA_STYLE('',(#13292));
#13292 = FILL_AREA_STYLE_COLOUR('',#13129);
#13293 = STYLED_ITEM('color',(#13294),#9321);
#13294 = PRESENTATION_STYLE_ASSIGNMENT((#13295));
#13295 = SURFACE_STYLE_USAGE(.BOTH.,#13296);
#13296 = SURFACE_SIDE_STYLE('',(#13297));
#13297 = SURFACE_STYLE_FILL_AREA(#13298);
#13298 = FILL_AREA_STYLE('',(#13299));
#13299 = FILL_AREA_STYLE_COLOUR('',#13264);
#13300 = STYLED_ITEM('color',(#13301),#9351);
#13301 = PRESENTATION_STYLE_ASSIGNMENT((#13302));
#13302 = SURFACE_STYLE_USAGE(.BOTH.,#13303);
#13303 = SURFACE_SIDE_STYLE('',(#13304));
#13304 = SURFACE_STYLE_FILL_AREA(#13305);
#13305 = FILL_AREA_STYLE('',(#13306));
#13306 = FILL_AREA_STYLE_COLOUR('',#13264);
#13307 = STYLED_ITEM('color',(#13308),#9386);
#13308 = PRESENTATION_STYLE_ASSIGNMENT((#13309));
#13309 = SURFACE_STYLE_USAGE(.BOTH.,#13310);
#13310 = SURFACE_SIDE_STYLE('',(#13311));
#13311 = SURFACE_STYLE_FILL_AREA(#13312);
#13312 = FILL_AREA_STYLE('',(#13313));
#13313 = FILL_AREA_STYLE_COLOUR('',#13264);
#13314 = STYLED_ITEM('color',(#13315),#9459);
#13315 = PRESENTATION_STYLE_ASSIGNMENT((#13316));
#13316 = SURFACE_STYLE_USAGE(.BOTH.,#13317);
#13317 = SURFACE_SIDE_STYLE('',(#13318));
#13318 = SURFACE_STYLE_FILL_AREA(#13319);
#13319 = FILL_AREA_STYLE('',(#13320));
#13320 = FILL_AREA_STYLE_COLOUR('',#13264);
#13321 = STYLED_ITEM('color',(#13322),#9499);
#13322 = PRESENTATION_STYLE_ASSIGNMENT((#13323));
#13323 = SURFACE_STYLE_USAGE(.BOTH.,#13324);
#13324 = SURFACE_SIDE_STYLE('',(#13325));
#13325 = SURFACE_STYLE_FILL_AREA(#13326);
#13326 = FILL_AREA_STYLE('',(#13327));
#13327 = FILL_AREA_STYLE_COLOUR('',#13264);
#13328 = STYLED_ITEM('color',(#13329),#9572);
#13329 = PRESENTATION_STYLE_ASSIGNMENT((#13330));
#13330 = SURFACE_STYLE_USAGE(.BOTH.,#13331);
#13331 = SURFACE_SIDE_STYLE('',(#13332));
#13332 = SURFACE_STYLE_FILL_AREA(#13333);
#13333 = FILL_AREA_STYLE('',(#13334));
#13334 = FILL_AREA_STYLE_COLOUR('',#13264);
#13335 = STYLED_ITEM('color',(#13336),#9597);
#13336 = PRESENTATION_STYLE_ASSIGNMENT((#13337));
#13337 = SURFACE_STYLE_USAGE(.BOTH.,#13338);
#13338 = SURFACE_SIDE_STYLE('',(#13339));
#13339 = SURFACE_STYLE_FILL_AREA(#13340);
#13340 = FILL_AREA_STYLE('',(#13341));
#13341 = FILL_AREA_STYLE_COLOUR('',#13264);
#13342 = STYLED_ITEM('color',(#13343),#9623);
#13343 = PRESENTATION_STYLE_ASSIGNMENT((#13344));
#13344 = SURFACE_STYLE_USAGE(.BOTH.,#13345);
#13345 = SURFACE_SIDE_STYLE('',(#13346));
#13346 = SURFACE_STYLE_FILL_AREA(#13347);
#13347 = FILL_AREA_STYLE('',(#13348));
#13348 = FILL_AREA_STYLE_COLOUR('',#13264);
#13349 = STYLED_ITEM('color',(#13350),#9643);
#13350 = PRESENTATION_STYLE_ASSIGNMENT((#13351));
#13351 = SURFACE_STYLE_USAGE(.BOTH.,#13352);
#13352 = SURFACE_SIDE_STYLE('',(#13353));
#13353 = SURFACE_STYLE_FILL_AREA(#13354);
#13354 = FILL_AREA_STYLE('',(#13355));
#13355 = FILL_AREA_STYLE_COLOUR('',#13264);
#13356 = STYLED_ITEM('color',(#13357),#9813);
#13357 = PRESENTATION_STYLE_ASSIGNMENT((#13358));
#13358 = SURFACE_STYLE_USAGE(.BOTH.,#13359);
#13359 = SURFACE_SIDE_STYLE('',(#13360));
#13360 = SURFACE_STYLE_FILL_AREA(#13361);
#13361 = FILL_AREA_STYLE('',(#13362));
#13362 = FILL_AREA_STYLE_COLOUR('',#13129);
#13363 = STYLED_ITEM('color',(#13364),#9883);
#13364 = PRESENTATION_STYLE_ASSIGNMENT((#13365));
#13365 = SURFACE_STYLE_USAGE(.BOTH.,#13366);
#13366 = SURFACE_SIDE_STYLE('',(#13367));
#13367 = SURFACE_STYLE_FILL_AREA(#13368);
#13368 = FILL_AREA_STYLE('',(#13369));
#13369 = FILL_AREA_STYLE_COLOUR('',#13129);
#13370 = STYLED_ITEM('color',(#13371),#9907);
#13371 = PRESENTATION_STYLE_ASSIGNMENT((#13372));
#13372 = SURFACE_STYLE_USAGE(.BOTH.,#13373);
#13373 = SURFACE_SIDE_STYLE('',(#13374));
#13374 = SURFACE_STYLE_FILL_AREA(#13375);
#13375 = FILL_AREA_STYLE('',(#13376));
#13376 = FILL_AREA_STYLE_COLOUR('',#13129);
#13377 = STYLED_ITEM('color',(#13378),#9923);
#13378 = PRESENTATION_STYLE_ASSIGNMENT((#13379));
#13379 = SURFACE_STYLE_USAGE(.BOTH.,#13380);
#13380 = SURFACE_SIDE_STYLE('',(#13381));
#13381 = SURFACE_STYLE_FILL_AREA(#13382);
#13382 = FILL_AREA_STYLE('',(#13383));
#13383 = FILL_AREA_STYLE_COLOUR('',#13129);
#13384 = STYLED_ITEM('color',(#13385),#9935);
#13385 = PRESENTATION_STYLE_ASSIGNMENT((#13386));
#13386 = SURFACE_STYLE_USAGE(.BOTH.,#13387);
#13387 = SURFACE_SIDE_STYLE('',(#13388));
#13388 = SURFACE_STYLE_FILL_AREA(#13389);
#13389 = FILL_AREA_STYLE('',(#13390));
#13390 = FILL_AREA_STYLE_COLOUR('',#13129);
#13391 = STYLED_ITEM('color',(#13392),#9959);
#13392 = PRESENTATION_STYLE_ASSIGNMENT((#13393));
#13393 = SURFACE_STYLE_USAGE(.BOTH.,#13394);
#13394 = SURFACE_SIDE_STYLE('',(#13395));
#13395 = SURFACE_STYLE_FILL_AREA(#13396);
#13396 = FILL_AREA_STYLE('',(#13397));
#13397 = FILL_AREA_STYLE_COLOUR('',#13129);
#13398 = STYLED_ITEM('color',(#13399),#9975);
#13399 = PRESENTATION_STYLE_ASSIGNMENT((#13400));
#13400 = SURFACE_STYLE_USAGE(.BOTH.,#13401);
#13401 = SURFACE_SIDE_STYLE('',(#13402));
#13402 = SURFACE_STYLE_FILL_AREA(#13403);
#13403 = FILL_AREA_STYLE('',(#13404));
#13404 = FILL_AREA_STYLE_COLOUR('',#13129);
#13405 = STYLED_ITEM('color',(#13406),#9987);
#13406 = PRESENTATION_STYLE_ASSIGNMENT((#13407));
#13407 = SURFACE_STYLE_USAGE(.BOTH.,#13408);
#13408 = SURFACE_SIDE_STYLE('',(#13409));
#13409 = SURFACE_STYLE_FILL_AREA(#13410);
#13410 = FILL_AREA_STYLE('',(#13411));
#13411 = FILL_AREA_STYLE_COLOUR('',#13129);
#13412 = STYLED_ITEM('color',(#13413),#10011);
#13413 = PRESENTATION_STYLE_ASSIGNMENT((#13414));
#13414 = SURFACE_STYLE_USAGE(.BOTH.,#13415);
#13415 = SURFACE_SIDE_STYLE('',(#13416));
#13416 = SURFACE_STYLE_FILL_AREA(#13417);
#13417 = FILL_AREA_STYLE('',(#13418));
#13418 = FILL_AREA_STYLE_COLOUR('',#13129);
#13419 = STYLED_ITEM('color',(#13420),#10027);
#13420 = PRESENTATION_STYLE_ASSIGNMENT((#13421));
#13421 = SURFACE_STYLE_USAGE(.BOTH.,#13422);
#13422 = SURFACE_SIDE_STYLE('',(#13423));
#13423 = SURFACE_STYLE_FILL_AREA(#13424);
#13424 = FILL_AREA_STYLE('',(#13425));
#13425 = FILL_AREA_STYLE_COLOUR('',#13129);
#13426 = STYLED_ITEM('color',(#13427),#10039);
#13427 = PRESENTATION_STYLE_ASSIGNMENT((#13428));
#13428 = SURFACE_STYLE_USAGE(.BOTH.,#13429);
#13429 = SURFACE_SIDE_STYLE('',(#13430));
#13430 = SURFACE_STYLE_FILL_AREA(#13431);
#13431 = FILL_AREA_STYLE('',(#13432));
#13432 = FILL_AREA_STYLE_COLOUR('',#13129);
#13433 = STYLED_ITEM('color',(#13434),#10063);
#13434 = PRESENTATION_STYLE_ASSIGNMENT((#13435));
#13435 = SURFACE_STYLE_USAGE(.BOTH.,#13436);
#13436 = SURFACE_SIDE_STYLE('',(#13437));
#13437 = SURFACE_STYLE_FILL_AREA(#13438);
#13438 = FILL_AREA_STYLE('',(#13439));
#13439 = FILL_AREA_STYLE_COLOUR('',#13129);
#13440 = STYLED_ITEM('color',(#13441),#10079);
#13441 = PRESENTATION_STYLE_ASSIGNMENT((#13442));
#13442 = SURFACE_STYLE_USAGE(.BOTH.,#13443);
#13443 = SURFACE_SIDE_STYLE('',(#13444));
#13444 = SURFACE_STYLE_FILL_AREA(#13445);
#13445 = FILL_AREA_STYLE('',(#13446));
#13446 = FILL_AREA_STYLE_COLOUR('',#13129);
#13447 = STYLED_ITEM('color',(#13448),#10093);
#13448 = PRESENTATION_STYLE_ASSIGNMENT((#13449));
#13449 = SURFACE_STYLE_USAGE(.BOTH.,#13450);
#13450 = SURFACE_SIDE_STYLE('',(#13451));
#13451 = SURFACE_STYLE_FILL_AREA(#13452);
#13452 = FILL_AREA_STYLE('',(#13453));
#13453 = FILL_AREA_STYLE_COLOUR('',#13264);
#13454 = STYLED_ITEM('color',(#13455),#10110);
#13455 = PRESENTATION_STYLE_ASSIGNMENT((#13456));
#13456 = SURFACE_STYLE_USAGE(.BOTH.,#13457);
#13457 = SURFACE_SIDE_STYLE('',(#13458));
#13458 = SURFACE_STYLE_FILL_AREA(#13459);
#13459 = FILL_AREA_STYLE('',(#13460));
#13460 = FILL_AREA_STYLE_COLOUR('',#13264);
#13461 = STYLED_ITEM('color',(#13462),#10144);
#13462 = PRESENTATION_STYLE_ASSIGNMENT((#13463));
#13463 = SURFACE_STYLE_USAGE(.BOTH.,#13464);
#13464 = SURFACE_SIDE_STYLE('',(#13465));
#13465 = SURFACE_STYLE_FILL_AREA(#13466);
#13466 = FILL_AREA_STYLE('',(#13467));
#13467 = FILL_AREA_STYLE_COLOUR('',#13129);
#13468 = MECHANICAL_DESIGN_GEOMETRIC_PRESENTATION_REPRESENTATION('',(
    #13469),#13110);
#13469 = STYLED_ITEM('color',(#13470),#10245);
#13470 = PRESENTATION_STYLE_ASSIGNMENT((#13471));
#13471 = SURFACE_STYLE_USAGE(.BOTH.,#13472);
#13472 = SURFACE_SIDE_STYLE('',(#13473));
#13473 = SURFACE_STYLE_FILL_AREA(#13474);
#13474 = FILL_AREA_STYLE('',(#13475));
#13475 = FILL_AREA_STYLE_COLOUR('',#13241);
#13476 = MECHANICAL_DESIGN_GEOMETRIC_PRESENTATION_REPRESENTATION('',(
    #13477,#13484,#13491,#13498,#13505,#13512,#13519,#13526,#13533,
    #13540,#13547,#13554,#13561,#13568,#13575,#13582,#13589,#13596,
    #13603,#13610,#13617,#13624,#13631,#13638,#13645,#13652,#13659,
    #13666,#13673,#13680,#13687,#13694,#13701,#13708,#13715,#13722,
    #13729,#13736,#13743,#13750,#13757,#13764,#13771,#13778,#13785,
    #13792,#13799,#13806,#13813,#13820,#13827,#13834,#13841,#13848,
    #13855,#13862,#13869,#13876,#13883,#13890,#13897,#13904,#13911,
    #13918,#13925,#13932,#13939,#13946,#13953,#13960,#13967,#13974,
    #13981,#13988,#13995,#14002,#14009,#14016,#14023,#14030,#14037,
    #14044,#14051,#14058,#14065,#14072,#14079,#14086,#14093,#14100,
    #14107),#9148);
#13477 = STYLED_ITEM('color',(#13478),#6361);
#13478 = PRESENTATION_STYLE_ASSIGNMENT((#13479));
#13479 = SURFACE_STYLE_USAGE(.BOTH.,#13480);
#13480 = SURFACE_SIDE_STYLE('',(#13481));
#13481 = SURFACE_STYLE_FILL_AREA(#13482);
#13482 = FILL_AREA_STYLE('',(#13483));
#13483 = FILL_AREA_STYLE_COLOUR('',#13151);
#13484 = STYLED_ITEM('color',(#13485),#6449);
#13485 = PRESENTATION_STYLE_ASSIGNMENT((#13486));
#13486 = SURFACE_STYLE_USAGE(.BOTH.,#13487);
#13487 = SURFACE_SIDE_STYLE('',(#13488));
#13488 = SURFACE_STYLE_FILL_AREA(#13489);
#13489 = FILL_AREA_STYLE('',(#13490));
#13490 = FILL_AREA_STYLE_COLOUR('',#13151);
#13491 = STYLED_ITEM('color',(#13492),#6498);
#13492 = PRESENTATION_STYLE_ASSIGNMENT((#13493));
#13493 = SURFACE_STYLE_USAGE(.BOTH.,#13494);
#13494 = SURFACE_SIDE_STYLE('',(#13495));
#13495 = SURFACE_STYLE_FILL_AREA(#13496);
#13496 = FILL_AREA_STYLE('',(#13497));
#13497 = FILL_AREA_STYLE_COLOUR('',#13151);
#13498 = STYLED_ITEM('color',(#13499),#6634);
#13499 = PRESENTATION_STYLE_ASSIGNMENT((#13500));
#13500 = SURFACE_STYLE_USAGE(.BOTH.,#13501);
#13501 = SURFACE_SIDE_STYLE('',(#13502));
#13502 = SURFACE_STYLE_FILL_AREA(#13503);
#13503 = FILL_AREA_STYLE('',(#13504));
#13504 = FILL_AREA_STYLE_COLOUR('',#13151);
#13505 = STYLED_ITEM('color',(#13506),#6668);
#13506 = PRESENTATION_STYLE_ASSIGNMENT((#13507));
#13507 = SURFACE_STYLE_USAGE(.BOTH.,#13508);
#13508 = SURFACE_SIDE_STYLE('',(#13509));
#13509 = SURFACE_STYLE_FILL_AREA(#13510);
#13510 = FILL_AREA_STYLE('',(#13511));
#13511 = FILL_AREA_STYLE_COLOUR('',#13151);
#13512 = STYLED_ITEM('color',(#13513),#6710);
#13513 = PRESENTATION_STYLE_ASSIGNMENT((#13514));
#13514 = SURFACE_STYLE_USAGE(.BOTH.,#13515);
#13515 = SURFACE_SIDE_STYLE('',(#13516));
#13516 = SURFACE_STYLE_FILL_AREA(#13517);
#13517 = FILL_AREA_STYLE('',(#13518));
#13518 = FILL_AREA_STYLE_COLOUR('',#13151);
#13519 = STYLED_ITEM('color',(#13520),#6787);
#13520 = PRESENTATION_STYLE_ASSIGNMENT((#13521));
#13521 = SURFACE_STYLE_USAGE(.BOTH.,#13522);
#13522 = SURFACE_SIDE_STYLE('',(#13523));
#13523 = SURFACE_STYLE_FILL_AREA(#13524);
#13524 = FILL_AREA_STYLE('',(#13525));
#13525 = FILL_AREA_STYLE_COLOUR('',#13151);
#13526 = STYLED_ITEM('color',(#13527),#6821);
#13527 = PRESENTATION_STYLE_ASSIGNMENT((#13528));
#13528 = SURFACE_STYLE_USAGE(.BOTH.,#13529);
#13529 = SURFACE_SIDE_STYLE('',(#13530));
#13530 = SURFACE_STYLE_FILL_AREA(#13531);
#13531 = FILL_AREA_STYLE('',(#13532));
#13532 = FILL_AREA_STYLE_COLOUR('',#13151);
#13533 = STYLED_ITEM('color',(#13534),#6854);
#13534 = PRESENTATION_STYLE_ASSIGNMENT((#13535));
#13535 = SURFACE_STYLE_USAGE(.BOTH.,#13536);
#13536 = SURFACE_SIDE_STYLE('',(#13537));
#13537 = SURFACE_STYLE_FILL_AREA(#13538);
#13538 = FILL_AREA_STYLE('',(#13539));
#13539 = FILL_AREA_STYLE_COLOUR('',#13151);
#13540 = STYLED_ITEM('color',(#13541),#6887);
#13541 = PRESENTATION_STYLE_ASSIGNMENT((#13542));
#13542 = SURFACE_STYLE_USAGE(.BOTH.,#13543);
#13543 = SURFACE_SIDE_STYLE('',(#13544));
#13544 = SURFACE_STYLE_FILL_AREA(#13545);
#13545 = FILL_AREA_STYLE('',(#13546));
#13546 = FILL_AREA_STYLE_COLOUR('',#13151);
#13547 = STYLED_ITEM('color',(#13548),#6952);
#13548 = PRESENTATION_STYLE_ASSIGNMENT((#13549));
#13549 = SURFACE_STYLE_USAGE(.BOTH.,#13550);
#13550 = SURFACE_SIDE_STYLE('',(#13551));
#13551 = SURFACE_STYLE_FILL_AREA(#13552);
#13552 = FILL_AREA_STYLE('',(#13553));
#13553 = FILL_AREA_STYLE_COLOUR('',#13151);
#13554 = STYLED_ITEM('color',(#13555),#6976);
#13555 = PRESENTATION_STYLE_ASSIGNMENT((#13556));
#13556 = SURFACE_STYLE_USAGE(.BOTH.,#13557);
#13557 = SURFACE_SIDE_STYLE('',(#13558));
#13558 = SURFACE_STYLE_FILL_AREA(#13559);
#13559 = FILL_AREA_STYLE('',(#13560));
#13560 = FILL_AREA_STYLE_COLOUR('',#13151);
#13561 = STYLED_ITEM('color',(#13562),#7003);
#13562 = PRESENTATION_STYLE_ASSIGNMENT((#13563));
#13563 = SURFACE_STYLE_USAGE(.BOTH.,#13564);
#13564 = SURFACE_SIDE_STYLE('',(#13565));
#13565 = SURFACE_STYLE_FILL_AREA(#13566);
#13566 = FILL_AREA_STYLE('',(#13567));
#13567 = FILL_AREA_STYLE_COLOUR('',#13129);
#13568 = STYLED_ITEM('color',(#13569),#7015);
#13569 = PRESENTATION_STYLE_ASSIGNMENT((#13570));
#13570 = SURFACE_STYLE_USAGE(.BOTH.,#13571);
#13571 = SURFACE_SIDE_STYLE('',(#13572));
#13572 = SURFACE_STYLE_FILL_AREA(#13573);
#13573 = FILL_AREA_STYLE('',(#13574));
#13574 = FILL_AREA_STYLE_COLOUR('',#13129);
#13575 = STYLED_ITEM('color',(#13576),#7040);
#13576 = PRESENTATION_STYLE_ASSIGNMENT((#13577));
#13577 = SURFACE_STYLE_USAGE(.BOTH.,#13578);
#13578 = SURFACE_SIDE_STYLE('',(#13579));
#13579 = SURFACE_STYLE_FILL_AREA(#13580);
#13580 = FILL_AREA_STYLE('',(#13581));
#13581 = FILL_AREA_STYLE_COLOUR('',#13129);
#13582 = STYLED_ITEM('color',(#13583),#7065);
#13583 = PRESENTATION_STYLE_ASSIGNMENT((#13584));
#13584 = SURFACE_STYLE_USAGE(.BOTH.,#13585);
#13585 = SURFACE_SIDE_STYLE('',(#13586));
#13586 = SURFACE_STYLE_FILL_AREA(#13587);
#13587 = FILL_AREA_STYLE('',(#13588));
#13588 = FILL_AREA_STYLE_COLOUR('',#13151);
#13589 = STYLED_ITEM('color',(#13590),#7208);
#13590 = PRESENTATION_STYLE_ASSIGNMENT((#13591));
#13591 = SURFACE_STYLE_USAGE(.BOTH.,#13592);
#13592 = SURFACE_SIDE_STYLE('',(#13593));
#13593 = SURFACE_STYLE_FILL_AREA(#13594);
#13594 = FILL_AREA_STYLE('',(#13595));
#13595 = FILL_AREA_STYLE_COLOUR('',#13151);
#13596 = STYLED_ITEM('color',(#13597),#7351);
#13597 = PRESENTATION_STYLE_ASSIGNMENT((#13598));
#13598 = SURFACE_STYLE_USAGE(.BOTH.,#13599);
#13599 = SURFACE_SIDE_STYLE('',(#13600));
#13600 = SURFACE_STYLE_FILL_AREA(#13601);
#13601 = FILL_AREA_STYLE('',(#13602));
#13602 = FILL_AREA_STYLE_COLOUR('',#13129);
#13603 = STYLED_ITEM('color',(#13604),#7363);
#13604 = PRESENTATION_STYLE_ASSIGNMENT((#13605));
#13605 = SURFACE_STYLE_USAGE(.BOTH.,#13606);
#13606 = SURFACE_SIDE_STYLE('',(#13607));
#13607 = SURFACE_STYLE_FILL_AREA(#13608);
#13608 = FILL_AREA_STYLE('',(#13609));
#13609 = FILL_AREA_STYLE_COLOUR('',#13151);
#13610 = STYLED_ITEM('color',(#13611),#7482);
#13611 = PRESENTATION_STYLE_ASSIGNMENT((#13612));
#13612 = SURFACE_STYLE_USAGE(.BOTH.,#13613);
#13613 = SURFACE_SIDE_STYLE('',(#13614));
#13614 = SURFACE_STYLE_FILL_AREA(#13615);
#13615 = FILL_AREA_STYLE('',(#13616));
#13616 = FILL_AREA_STYLE_COLOUR('',#13151);
#13617 = STYLED_ITEM('color',(#13618),#7516);
#13618 = PRESENTATION_STYLE_ASSIGNMENT((#13619));
#13619 = SURFACE_STYLE_USAGE(.BOTH.,#13620);
#13620 = SURFACE_SIDE_STYLE('',(#13621));
#13621 = SURFACE_STYLE_FILL_AREA(#13622);
#13622 = FILL_AREA_STYLE('',(#13623));
#13623 = FILL_AREA_STYLE_COLOUR('',#13151);
#13624 = STYLED_ITEM('color',(#13625),#7533);
#13625 = PRESENTATION_STYLE_ASSIGNMENT((#13626));
#13626 = SURFACE_STYLE_USAGE(.BOTH.,#13627);
#13627 = SURFACE_SIDE_STYLE('',(#13628));
#13628 = SURFACE_STYLE_FILL_AREA(#13629);
#13629 = FILL_AREA_STYLE('',(#13630));
#13630 = FILL_AREA_STYLE_COLOUR('',#13151);
#13631 = STYLED_ITEM('color',(#13632),#7549);
#13632 = PRESENTATION_STYLE_ASSIGNMENT((#13633));
#13633 = SURFACE_STYLE_USAGE(.BOTH.,#13634);
#13634 = SURFACE_SIDE_STYLE('',(#13635));
#13635 = SURFACE_STYLE_FILL_AREA(#13636);
#13636 = FILL_AREA_STYLE('',(#13637));
#13637 = FILL_AREA_STYLE_COLOUR('',#13151);
#13638 = STYLED_ITEM('color',(#13639),#7566);
#13639 = PRESENTATION_STYLE_ASSIGNMENT((#13640));
#13640 = SURFACE_STYLE_USAGE(.BOTH.,#13641);
#13641 = SURFACE_SIDE_STYLE('',(#13642));
#13642 = SURFACE_STYLE_FILL_AREA(#13643);
#13643 = FILL_AREA_STYLE('',(#13644));
#13644 = FILL_AREA_STYLE_COLOUR('',#13151);
#13645 = STYLED_ITEM('color',(#13646),#7577);
#13646 = PRESENTATION_STYLE_ASSIGNMENT((#13647));
#13647 = SURFACE_STYLE_USAGE(.BOTH.,#13648);
#13648 = SURFACE_SIDE_STYLE('',(#13649));
#13649 = SURFACE_STYLE_FILL_AREA(#13650);
#13650 = FILL_AREA_STYLE('',(#13651));
#13651 = FILL_AREA_STYLE_COLOUR('',#13151);
#13652 = STYLED_ITEM('color',(#13653),#7593);
#13653 = PRESENTATION_STYLE_ASSIGNMENT((#13654));
#13654 = SURFACE_STYLE_USAGE(.BOTH.,#13655);
#13655 = SURFACE_SIDE_STYLE('',(#13656));
#13656 = SURFACE_STYLE_FILL_AREA(#13657);
#13657 = FILL_AREA_STYLE('',(#13658));
#13658 = FILL_AREA_STYLE_COLOUR('',#13151);
#13659 = STYLED_ITEM('color',(#13660),#7610);
#13660 = PRESENTATION_STYLE_ASSIGNMENT((#13661));
#13661 = SURFACE_STYLE_USAGE(.BOTH.,#13662);
#13662 = SURFACE_SIDE_STYLE('',(#13663));
#13663 = SURFACE_STYLE_FILL_AREA(#13664);
#13664 = FILL_AREA_STYLE('',(#13665));
#13665 = FILL_AREA_STYLE_COLOUR('',#13151);
#13666 = STYLED_ITEM('color',(#13667),#7621);
#13667 = PRESENTATION_STYLE_ASSIGNMENT((#13668));
#13668 = SURFACE_STYLE_USAGE(.BOTH.,#13669);
#13669 = SURFACE_SIDE_STYLE('',(#13670));
#13670 = SURFACE_STYLE_FILL_AREA(#13671);
#13671 = FILL_AREA_STYLE('',(#13672));
#13672 = FILL_AREA_STYLE_COLOUR('',#13151);
#13673 = STYLED_ITEM('color',(#13674),#7740);
#13674 = PRESENTATION_STYLE_ASSIGNMENT((#13675));
#13675 = SURFACE_STYLE_USAGE(.BOTH.,#13676);
#13676 = SURFACE_SIDE_STYLE('',(#13677));
#13677 = SURFACE_STYLE_FILL_AREA(#13678);
#13678 = FILL_AREA_STYLE('',(#13679));
#13679 = FILL_AREA_STYLE_COLOUR('',#13151);
#13680 = STYLED_ITEM('color',(#13681),#7786);
#13681 = PRESENTATION_STYLE_ASSIGNMENT((#13682));
#13682 = SURFACE_STYLE_USAGE(.BOTH.,#13683);
#13683 = SURFACE_SIDE_STYLE('',(#13684));
#13684 = SURFACE_STYLE_FILL_AREA(#13685);
#13685 = FILL_AREA_STYLE('',(#13686));
#13686 = FILL_AREA_STYLE_COLOUR('',#13151);
#13687 = STYLED_ITEM('color',(#13688),#7849);
#13688 = PRESENTATION_STYLE_ASSIGNMENT((#13689));
#13689 = SURFACE_STYLE_USAGE(.BOTH.,#13690);
#13690 = SURFACE_SIDE_STYLE('',(#13691));
#13691 = SURFACE_STYLE_FILL_AREA(#13692);
#13692 = FILL_AREA_STYLE('',(#13693));
#13693 = FILL_AREA_STYLE_COLOUR('',#13151);
#13694 = STYLED_ITEM('color',(#13695),#7882);
#13695 = PRESENTATION_STYLE_ASSIGNMENT((#13696));
#13696 = SURFACE_STYLE_USAGE(.BOTH.,#13697);
#13697 = SURFACE_SIDE_STYLE('',(#13698));
#13698 = SURFACE_STYLE_FILL_AREA(#13699);
#13699 = FILL_AREA_STYLE('',(#13700));
#13700 = FILL_AREA_STYLE_COLOUR('',#13151);
#13701 = STYLED_ITEM('color',(#13702),#7915);
#13702 = PRESENTATION_STYLE_ASSIGNMENT((#13703));
#13703 = SURFACE_STYLE_USAGE(.BOTH.,#13704);
#13704 = SURFACE_SIDE_STYLE('',(#13705));
#13705 = SURFACE_STYLE_FILL_AREA(#13706);
#13706 = FILL_AREA_STYLE('',(#13707));
#13707 = FILL_AREA_STYLE_COLOUR('',#13129);
#13708 = STYLED_ITEM('color',(#13709),#7948);
#13709 = PRESENTATION_STYLE_ASSIGNMENT((#13710));
#13710 = SURFACE_STYLE_USAGE(.BOTH.,#13711);
#13711 = SURFACE_SIDE_STYLE('',(#13712));
#13712 = SURFACE_STYLE_FILL_AREA(#13713);
#13713 = FILL_AREA_STYLE('',(#13714));
#13714 = FILL_AREA_STYLE_COLOUR('',#13129);
#13715 = STYLED_ITEM('color',(#13716),#7981);
#13716 = PRESENTATION_STYLE_ASSIGNMENT((#13717));
#13717 = SURFACE_STYLE_USAGE(.BOTH.,#13718);
#13718 = SURFACE_SIDE_STYLE('',(#13719));
#13719 = SURFACE_STYLE_FILL_AREA(#13720);
#13720 = FILL_AREA_STYLE('',(#13721));
#13721 = FILL_AREA_STYLE_COLOUR('',#13151);
#13722 = STYLED_ITEM('color',(#13723),#8029);
#13723 = PRESENTATION_STYLE_ASSIGNMENT((#13724));
#13724 = SURFACE_STYLE_USAGE(.BOTH.,#13725);
#13725 = SURFACE_SIDE_STYLE('',(#13726));
#13726 = SURFACE_STYLE_FILL_AREA(#13727);
#13727 = FILL_AREA_STYLE('',(#13728));
#13728 = FILL_AREA_STYLE_COLOUR('',#13129);
#13729 = STYLED_ITEM('color',(#13730),#8053);
#13730 = PRESENTATION_STYLE_ASSIGNMENT((#13731));
#13731 = SURFACE_STYLE_USAGE(.BOTH.,#13732);
#13732 = SURFACE_SIDE_STYLE('',(#13733));
#13733 = SURFACE_STYLE_FILL_AREA(#13734);
#13734 = FILL_AREA_STYLE('',(#13735));
#13735 = FILL_AREA_STYLE_COLOUR('',#13129);
#13736 = STYLED_ITEM('color',(#13737),#8077);
#13737 = PRESENTATION_STYLE_ASSIGNMENT((#13738));
#13738 = SURFACE_STYLE_USAGE(.BOTH.,#13739);
#13739 = SURFACE_SIDE_STYLE('',(#13740));
#13740 = SURFACE_STYLE_FILL_AREA(#13741);
#13741 = FILL_AREA_STYLE('',(#13742));
#13742 = FILL_AREA_STYLE_COLOUR('',#13129);
#13743 = STYLED_ITEM('color',(#13744),#8094);
#13744 = PRESENTATION_STYLE_ASSIGNMENT((#13745));
#13745 = SURFACE_STYLE_USAGE(.BOTH.,#13746);
#13746 = SURFACE_SIDE_STYLE('',(#13747));
#13747 = SURFACE_STYLE_FILL_AREA(#13748);
#13748 = FILL_AREA_STYLE('',(#13749));
#13749 = FILL_AREA_STYLE_COLOUR('',#13129);
#13750 = STYLED_ITEM('color',(#13751),#8114);
#13751 = PRESENTATION_STYLE_ASSIGNMENT((#13752));
#13752 = SURFACE_STYLE_USAGE(.BOTH.,#13753);
#13753 = SURFACE_SIDE_STYLE('',(#13754));
#13754 = SURFACE_STYLE_FILL_AREA(#13755);
#13755 = FILL_AREA_STYLE('',(#13756));
#13756 = FILL_AREA_STYLE_COLOUR('',#13151);
#13757 = STYLED_ITEM('color',(#13758),#8126);
#13758 = PRESENTATION_STYLE_ASSIGNMENT((#13759));
#13759 = SURFACE_STYLE_USAGE(.BOTH.,#13760);
#13760 = SURFACE_SIDE_STYLE('',(#13761));
#13761 = SURFACE_STYLE_FILL_AREA(#13762);
#13762 = FILL_AREA_STYLE('',(#13763));
#13763 = FILL_AREA_STYLE_COLOUR('',#13129);
#13764 = STYLED_ITEM('color',(#13765),#8150);
#13765 = PRESENTATION_STYLE_ASSIGNMENT((#13766));
#13766 = SURFACE_STYLE_USAGE(.BOTH.,#13767);
#13767 = SURFACE_SIDE_STYLE('',(#13768));
#13768 = SURFACE_STYLE_FILL_AREA(#13769);
#13769 = FILL_AREA_STYLE('',(#13770));
#13770 = FILL_AREA_STYLE_COLOUR('',#13129);
#13771 = STYLED_ITEM('color',(#13772),#8174);
#13772 = PRESENTATION_STYLE_ASSIGNMENT((#13773));
#13773 = SURFACE_STYLE_USAGE(.BOTH.,#13774);
#13774 = SURFACE_SIDE_STYLE('',(#13775));
#13775 = SURFACE_STYLE_FILL_AREA(#13776);
#13776 = FILL_AREA_STYLE('',(#13777));
#13777 = FILL_AREA_STYLE_COLOUR('',#13129);
#13778 = STYLED_ITEM('color',(#13779),#8191);
#13779 = PRESENTATION_STYLE_ASSIGNMENT((#13780));
#13780 = SURFACE_STYLE_USAGE(.BOTH.,#13781);
#13781 = SURFACE_SIDE_STYLE('',(#13782));
#13782 = SURFACE_STYLE_FILL_AREA(#13783);
#13783 = FILL_AREA_STYLE('',(#13784));
#13784 = FILL_AREA_STYLE_COLOUR('',#13129);
#13785 = STYLED_ITEM('color',(#13786),#8211);
#13786 = PRESENTATION_STYLE_ASSIGNMENT((#13787));
#13787 = SURFACE_STYLE_USAGE(.BOTH.,#13788);
#13788 = SURFACE_SIDE_STYLE('',(#13789));
#13789 = SURFACE_STYLE_FILL_AREA(#13790);
#13790 = FILL_AREA_STYLE('',(#13791));
#13791 = FILL_AREA_STYLE_COLOUR('',#13129);
#13792 = STYLED_ITEM('color',(#13793),#8223);
#13793 = PRESENTATION_STYLE_ASSIGNMENT((#13794));
#13794 = SURFACE_STYLE_USAGE(.BOTH.,#13795);
#13795 = SURFACE_SIDE_STYLE('',(#13796));
#13796 = SURFACE_STYLE_FILL_AREA(#13797);
#13797 = FILL_AREA_STYLE('',(#13798));
#13798 = FILL_AREA_STYLE_COLOUR('',#13151);
#13799 = STYLED_ITEM('color',(#13800),#8239);
#13800 = PRESENTATION_STYLE_ASSIGNMENT((#13801));
#13801 = SURFACE_STYLE_USAGE(.BOTH.,#13802);
#13802 = SURFACE_SIDE_STYLE('',(#13803));
#13803 = SURFACE_STYLE_FILL_AREA(#13804);
#13804 = FILL_AREA_STYLE('',(#13805));
#13805 = FILL_AREA_STYLE_COLOUR('',#13151);
#13806 = STYLED_ITEM('color',(#13807),#8256);
#13807 = PRESENTATION_STYLE_ASSIGNMENT((#13808));
#13808 = SURFACE_STYLE_USAGE(.BOTH.,#13809);
#13809 = SURFACE_SIDE_STYLE('',(#13810));
#13810 = SURFACE_STYLE_FILL_AREA(#13811);
#13811 = FILL_AREA_STYLE('',(#13812));
#13812 = FILL_AREA_STYLE_COLOUR('',#13151);
#13813 = STYLED_ITEM('color',(#13814),#8267);
#13814 = PRESENTATION_STYLE_ASSIGNMENT((#13815));
#13815 = SURFACE_STYLE_USAGE(.BOTH.,#13816);
#13816 = SURFACE_SIDE_STYLE('',(#13817));
#13817 = SURFACE_STYLE_FILL_AREA(#13818);
#13818 = FILL_AREA_STYLE('',(#13819));
#13819 = FILL_AREA_STYLE_COLOUR('',#13151);
#13820 = STYLED_ITEM('color',(#13821),#8283);
#13821 = PRESENTATION_STYLE_ASSIGNMENT((#13822));
#13822 = SURFACE_STYLE_USAGE(.BOTH.,#13823);
#13823 = SURFACE_SIDE_STYLE('',(#13824));
#13824 = SURFACE_STYLE_FILL_AREA(#13825);
#13825 = FILL_AREA_STYLE('',(#13826));
#13826 = FILL_AREA_STYLE_COLOUR('',#13151);
#13827 = STYLED_ITEM('color',(#13828),#8300);
#13828 = PRESENTATION_STYLE_ASSIGNMENT((#13829));
#13829 = SURFACE_STYLE_USAGE(.BOTH.,#13830);
#13830 = SURFACE_SIDE_STYLE('',(#13831));
#13831 = SURFACE_STYLE_FILL_AREA(#13832);
#13832 = FILL_AREA_STYLE('',(#13833));
#13833 = FILL_AREA_STYLE_COLOUR('',#13151);
#13834 = STYLED_ITEM('color',(#13835),#8311);
#13835 = PRESENTATION_STYLE_ASSIGNMENT((#13836));
#13836 = SURFACE_STYLE_USAGE(.BOTH.,#13837);
#13837 = SURFACE_SIDE_STYLE('',(#13838));
#13838 = SURFACE_STYLE_FILL_AREA(#13839);
#13839 = FILL_AREA_STYLE('',(#13840));
#13840 = FILL_AREA_STYLE_COLOUR('',#13129);
#13841 = STYLED_ITEM('color',(#13842),#8320);
#13842 = PRESENTATION_STYLE_ASSIGNMENT((#13843));
#13843 = SURFACE_STYLE_USAGE(.BOTH.,#13844);
#13844 = SURFACE_SIDE_STYLE('',(#13845));
#13845 = SURFACE_STYLE_FILL_AREA(#13846);
#13846 = FILL_AREA_STYLE('',(#13847));
#13847 = FILL_AREA_STYLE_COLOUR('',#13129);
#13848 = STYLED_ITEM('color',(#13849),#8329);
#13849 = PRESENTATION_STYLE_ASSIGNMENT((#13850));
#13850 = SURFACE_STYLE_USAGE(.BOTH.,#13851);
#13851 = SURFACE_SIDE_STYLE('',(#13852));
#13852 = SURFACE_STYLE_FILL_AREA(#13853);
#13853 = FILL_AREA_STYLE('',(#13854));
#13854 = FILL_AREA_STYLE_COLOUR('',#13129);
#13855 = STYLED_ITEM('color',(#13856),#8341);
#13856 = PRESENTATION_STYLE_ASSIGNMENT((#13857));
#13857 = SURFACE_STYLE_USAGE(.BOTH.,#13858);
#13858 = SURFACE_SIDE_STYLE('',(#13859));
#13859 = SURFACE_STYLE_FILL_AREA(#13860);
#13860 = FILL_AREA_STYLE('',(#13861));
#13861 = FILL_AREA_STYLE_COLOUR('',#13151);
#13862 = STYLED_ITEM('color',(#13863),#8350);
#13863 = PRESENTATION_STYLE_ASSIGNMENT((#13864));
#13864 = SURFACE_STYLE_USAGE(.BOTH.,#13865);
#13865 = SURFACE_SIDE_STYLE('',(#13866));
#13866 = SURFACE_STYLE_FILL_AREA(#13867);
#13867 = FILL_AREA_STYLE('',(#13868));
#13868 = FILL_AREA_STYLE_COLOUR('',#13151);
#13869 = STYLED_ITEM('color',(#13870),#8361);
#13870 = PRESENTATION_STYLE_ASSIGNMENT((#13871));
#13871 = SURFACE_STYLE_USAGE(.BOTH.,#13872);
#13872 = SURFACE_SIDE_STYLE('',(#13873));
#13873 = SURFACE_STYLE_FILL_AREA(#13874);
#13874 = FILL_AREA_STYLE('',(#13875));
#13875 = FILL_AREA_STYLE_COLOUR('',#13129);
#13876 = STYLED_ITEM('color',(#13877),#8394);
#13877 = PRESENTATION_STYLE_ASSIGNMENT((#13878));
#13878 = SURFACE_STYLE_USAGE(.BOTH.,#13879);
#13879 = SURFACE_SIDE_STYLE('',(#13880));
#13880 = SURFACE_STYLE_FILL_AREA(#13881);
#13881 = FILL_AREA_STYLE('',(#13882));
#13882 = FILL_AREA_STYLE_COLOUR('',#13129);
#13883 = STYLED_ITEM('color',(#13884),#8403);
#13884 = PRESENTATION_STYLE_ASSIGNMENT((#13885));
#13885 = SURFACE_STYLE_USAGE(.BOTH.,#13886);
#13886 = SURFACE_SIDE_STYLE('',(#13887));
#13887 = SURFACE_STYLE_FILL_AREA(#13888);
#13888 = FILL_AREA_STYLE('',(#13889));
#13889 = FILL_AREA_STYLE_COLOUR('',#13129);
#13890 = STYLED_ITEM('color',(#13891),#8414);
#13891 = PRESENTATION_STYLE_ASSIGNMENT((#13892));
#13892 = SURFACE_STYLE_USAGE(.BOTH.,#13893);
#13893 = SURFACE_SIDE_STYLE('',(#13894));
#13894 = SURFACE_STYLE_FILL_AREA(#13895);
#13895 = FILL_AREA_STYLE('',(#13896));
#13896 = FILL_AREA_STYLE_COLOUR('',#13129);
#13897 = STYLED_ITEM('color',(#13898),#8447);
#13898 = PRESENTATION_STYLE_ASSIGNMENT((#13899));
#13899 = SURFACE_STYLE_USAGE(.BOTH.,#13900);
#13900 = SURFACE_SIDE_STYLE('',(#13901));
#13901 = SURFACE_STYLE_FILL_AREA(#13902);
#13902 = FILL_AREA_STYLE('',(#13903));
#13903 = FILL_AREA_STYLE_COLOUR('',#13129);
#13904 = STYLED_ITEM('color',(#13905),#8467);
#13905 = PRESENTATION_STYLE_ASSIGNMENT((#13906));
#13906 = SURFACE_STYLE_USAGE(.BOTH.,#13907);
#13907 = SURFACE_SIDE_STYLE('',(#13908));
#13908 = SURFACE_STYLE_FILL_AREA(#13909);
#13909 = FILL_AREA_STYLE('',(#13910));
#13910 = FILL_AREA_STYLE_COLOUR('',#13129);
#13911 = STYLED_ITEM('color',(#13912),#8487);
#13912 = PRESENTATION_STYLE_ASSIGNMENT((#13913));
#13913 = SURFACE_STYLE_USAGE(.BOTH.,#13914);
#13914 = SURFACE_SIDE_STYLE('',(#13915));
#13915 = SURFACE_STYLE_FILL_AREA(#13916);
#13916 = FILL_AREA_STYLE('',(#13917));
#13917 = FILL_AREA_STYLE_COLOUR('',#13129);
#13918 = STYLED_ITEM('color',(#13919),#8506);
#13919 = PRESENTATION_STYLE_ASSIGNMENT((#13920));
#13920 = SURFACE_STYLE_USAGE(.BOTH.,#13921);
#13921 = SURFACE_SIDE_STYLE('',(#13922));
#13922 = SURFACE_STYLE_FILL_AREA(#13923);
#13923 = FILL_AREA_STYLE('',(#13924));
#13924 = FILL_AREA_STYLE_COLOUR('',#13129);
#13925 = STYLED_ITEM('color',(#13926),#8539);
#13926 = PRESENTATION_STYLE_ASSIGNMENT((#13927));
#13927 = SURFACE_STYLE_USAGE(.BOTH.,#13928);
#13928 = SURFACE_SIDE_STYLE('',(#13929));
#13929 = SURFACE_STYLE_FILL_AREA(#13930);
#13930 = FILL_AREA_STYLE('',(#13931));
#13931 = FILL_AREA_STYLE_COLOUR('',#13129);
#13932 = STYLED_ITEM('color',(#13933),#8559);
#13933 = PRESENTATION_STYLE_ASSIGNMENT((#13934));
#13934 = SURFACE_STYLE_USAGE(.BOTH.,#13935);
#13935 = SURFACE_SIDE_STYLE('',(#13936));
#13936 = SURFACE_STYLE_FILL_AREA(#13937);
#13937 = FILL_AREA_STYLE('',(#13938));
#13938 = FILL_AREA_STYLE_COLOUR('',#13129);
#13939 = STYLED_ITEM('color',(#13940),#8579);
#13940 = PRESENTATION_STYLE_ASSIGNMENT((#13941));
#13941 = SURFACE_STYLE_USAGE(.BOTH.,#13942);
#13942 = SURFACE_SIDE_STYLE('',(#13943));
#13943 = SURFACE_STYLE_FILL_AREA(#13944);
#13944 = FILL_AREA_STYLE('',(#13945));
#13945 = FILL_AREA_STYLE_COLOUR('',#13129);
#13946 = STYLED_ITEM('color',(#13947),#8598);
#13947 = PRESENTATION_STYLE_ASSIGNMENT((#13948));
#13948 = SURFACE_STYLE_USAGE(.BOTH.,#13949);
#13949 = SURFACE_SIDE_STYLE('',(#13950));
#13950 = SURFACE_STYLE_FILL_AREA(#13951);
#13951 = FILL_AREA_STYLE('',(#13952));
#13952 = FILL_AREA_STYLE_COLOUR('',#13129);
#13953 = STYLED_ITEM('color',(#13954),#8631);
#13954 = PRESENTATION_STYLE_ASSIGNMENT((#13955));
#13955 = SURFACE_STYLE_USAGE(.BOTH.,#13956);
#13956 = SURFACE_SIDE_STYLE('',(#13957));
#13957 = SURFACE_STYLE_FILL_AREA(#13958);
#13958 = FILL_AREA_STYLE('',(#13959));
#13959 = FILL_AREA_STYLE_COLOUR('',#13129);
#13960 = STYLED_ITEM('color',(#13961),#8651);
#13961 = PRESENTATION_STYLE_ASSIGNMENT((#13962));
#13962 = SURFACE_STYLE_USAGE(.BOTH.,#13963);
#13963 = SURFACE_SIDE_STYLE('',(#13964));
#13964 = SURFACE_STYLE_FILL_AREA(#13965);
#13965 = FILL_AREA_STYLE('',(#13966));
#13966 = FILL_AREA_STYLE_COLOUR('',#13129);
#13967 = STYLED_ITEM('color',(#13968),#8671);
#13968 = PRESENTATION_STYLE_ASSIGNMENT((#13969));
#13969 = SURFACE_STYLE_USAGE(.BOTH.,#13970);
#13970 = SURFACE_SIDE_STYLE('',(#13971));
#13971 = SURFACE_STYLE_FILL_AREA(#13972);
#13972 = FILL_AREA_STYLE('',(#13973));
#13973 = FILL_AREA_STYLE_COLOUR('',#13129);
#13974 = STYLED_ITEM('color',(#13975),#8690);
#13975 = PRESENTATION_STYLE_ASSIGNMENT((#13976));
#13976 = SURFACE_STYLE_USAGE(.BOTH.,#13977);
#13977 = SURFACE_SIDE_STYLE('',(#13978));
#13978 = SURFACE_STYLE_FILL_AREA(#13979);
#13979 = FILL_AREA_STYLE('',(#13980));
#13980 = FILL_AREA_STYLE_COLOUR('',#13129);
#13981 = STYLED_ITEM('color',(#13982),#8723);
#13982 = PRESENTATION_STYLE_ASSIGNMENT((#13983));
#13983 = SURFACE_STYLE_USAGE(.BOTH.,#13984);
#13984 = SURFACE_SIDE_STYLE('',(#13985));
#13985 = SURFACE_STYLE_FILL_AREA(#13986);
#13986 = FILL_AREA_STYLE('',(#13987));
#13987 = FILL_AREA_STYLE_COLOUR('',#13129);
#13988 = STYLED_ITEM('color',(#13989),#8743);
#13989 = PRESENTATION_STYLE_ASSIGNMENT((#13990));
#13990 = SURFACE_STYLE_USAGE(.BOTH.,#13991);
#13991 = SURFACE_SIDE_STYLE('',(#13992));
#13992 = SURFACE_STYLE_FILL_AREA(#13993);
#13993 = FILL_AREA_STYLE('',(#13994));
#13994 = FILL_AREA_STYLE_COLOUR('',#13129);
#13995 = STYLED_ITEM('color',(#13996),#8763);
#13996 = PRESENTATION_STYLE_ASSIGNMENT((#13997));
#13997 = SURFACE_STYLE_USAGE(.BOTH.,#13998);
#13998 = SURFACE_SIDE_STYLE('',(#13999));
#13999 = SURFACE_STYLE_FILL_AREA(#14000);
#14000 = FILL_AREA_STYLE('',(#14001));
#14001 = FILL_AREA_STYLE_COLOUR('',#13129);
#14002 = STYLED_ITEM('color',(#14003),#8782);
#14003 = PRESENTATION_STYLE_ASSIGNMENT((#14004));
#14004 = SURFACE_STYLE_USAGE(.BOTH.,#14005);
#14005 = SURFACE_SIDE_STYLE('',(#14006));
#14006 = SURFACE_STYLE_FILL_AREA(#14007);
#14007 = FILL_AREA_STYLE('',(#14008));
#14008 = FILL_AREA_STYLE_COLOUR('',#13129);
#14009 = STYLED_ITEM('color',(#14010),#8815);
#14010 = PRESENTATION_STYLE_ASSIGNMENT((#14011));
#14011 = SURFACE_STYLE_USAGE(.BOTH.,#14012);
#14012 = SURFACE_SIDE_STYLE('',(#14013));
#14013 = SURFACE_STYLE_FILL_AREA(#14014);
#14014 = FILL_AREA_STYLE('',(#14015));
#14015 = FILL_AREA_STYLE_COLOUR('',#13129);
#14016 = STYLED_ITEM('color',(#14017),#8835);
#14017 = PRESENTATION_STYLE_ASSIGNMENT((#14018));
#14018 = SURFACE_STYLE_USAGE(.BOTH.,#14019);
#14019 = SURFACE_SIDE_STYLE('',(#14020));
#14020 = SURFACE_STYLE_FILL_AREA(#14021);
#14021 = FILL_AREA_STYLE('',(#14022));
#14022 = FILL_AREA_STYLE_COLOUR('',#13129);
#14023 = STYLED_ITEM('color',(#14024),#8855);
#14024 = PRESENTATION_STYLE_ASSIGNMENT((#14025));
#14025 = SURFACE_STYLE_USAGE(.BOTH.,#14026);
#14026 = SURFACE_SIDE_STYLE('',(#14027));
#14027 = SURFACE_STYLE_FILL_AREA(#14028);
#14028 = FILL_AREA_STYLE('',(#14029));
#14029 = FILL_AREA_STYLE_COLOUR('',#13129);
#14030 = STYLED_ITEM('color',(#14031),#8874);
#14031 = PRESENTATION_STYLE_ASSIGNMENT((#14032));
#14032 = SURFACE_STYLE_USAGE(.BOTH.,#14033);
#14033 = SURFACE_SIDE_STYLE('',(#14034));
#14034 = SURFACE_STYLE_FILL_AREA(#14035);
#14035 = FILL_AREA_STYLE('',(#14036));
#14036 = FILL_AREA_STYLE_COLOUR('',#13129);
#14037 = STYLED_ITEM('color',(#14038),#8907);
#14038 = PRESENTATION_STYLE_ASSIGNMENT((#14039));
#14039 = SURFACE_STYLE_USAGE(.BOTH.,#14040);
#14040 = SURFACE_SIDE_STYLE('',(#14041));
#14041 = SURFACE_STYLE_FILL_AREA(#14042);
#14042 = FILL_AREA_STYLE('',(#14043));
#14043 = FILL_AREA_STYLE_COLOUR('',#13129);
#14044 = STYLED_ITEM('color',(#14045),#8927);
#14045 = PRESENTATION_STYLE_ASSIGNMENT((#14046));
#14046 = SURFACE_STYLE_USAGE(.BOTH.,#14047);
#14047 = SURFACE_SIDE_STYLE('',(#14048));
#14048 = SURFACE_STYLE_FILL_AREA(#14049);
#14049 = FILL_AREA_STYLE('',(#14050));
#14050 = FILL_AREA_STYLE_COLOUR('',#13129);
#14051 = STYLED_ITEM('color',(#14052),#8947);
#14052 = PRESENTATION_STYLE_ASSIGNMENT((#14053));
#14053 = SURFACE_STYLE_USAGE(.BOTH.,#14054);
#14054 = SURFACE_SIDE_STYLE('',(#14055));
#14055 = SURFACE_STYLE_FILL_AREA(#14056);
#14056 = FILL_AREA_STYLE('',(#14057));
#14057 = FILL_AREA_STYLE_COLOUR('',#13129);
#14058 = STYLED_ITEM('color',(#14059),#8966);
#14059 = PRESENTATION_STYLE_ASSIGNMENT((#14060));
#14060 = SURFACE_STYLE_USAGE(.BOTH.,#14061);
#14061 = SURFACE_SIDE_STYLE('',(#14062));
#14062 = SURFACE_STYLE_FILL_AREA(#14063);
#14063 = FILL_AREA_STYLE('',(#14064));
#14064 = FILL_AREA_STYLE_COLOUR('',#13129);
#14065 = STYLED_ITEM('color',(#14066),#8999);
#14066 = PRESENTATION_STYLE_ASSIGNMENT((#14067));
#14067 = SURFACE_STYLE_USAGE(.BOTH.,#14068);
#14068 = SURFACE_SIDE_STYLE('',(#14069));
#14069 = SURFACE_STYLE_FILL_AREA(#14070);
#14070 = FILL_AREA_STYLE('',(#14071));
#14071 = FILL_AREA_STYLE_COLOUR('',#13129);
#14072 = STYLED_ITEM('color',(#14073),#9019);
#14073 = PRESENTATION_STYLE_ASSIGNMENT((#14074));
#14074 = SURFACE_STYLE_USAGE(.BOTH.,#14075);
#14075 = SURFACE_SIDE_STYLE('',(#14076));
#14076 = SURFACE_STYLE_FILL_AREA(#14077);
#14077 = FILL_AREA_STYLE('',(#14078));
#14078 = FILL_AREA_STYLE_COLOUR('',#13129);
#14079 = STYLED_ITEM('color',(#14080),#9039);
#14080 = PRESENTATION_STYLE_ASSIGNMENT((#14081));
#14081 = SURFACE_STYLE_USAGE(.BOTH.,#14082);
#14082 = SURFACE_SIDE_STYLE('',(#14083));
#14083 = SURFACE_STYLE_FILL_AREA(#14084);
#14084 = FILL_AREA_STYLE('',(#14085));
#14085 = FILL_AREA_STYLE_COLOUR('',#13129);
#14086 = STYLED_ITEM('color',(#14087),#9058);
#14087 = PRESENTATION_STYLE_ASSIGNMENT((#14088));
#14088 = SURFACE_STYLE_USAGE(.BOTH.,#14089);
#14089 = SURFACE_SIDE_STYLE('',(#14090));
#14090 = SURFACE_STYLE_FILL_AREA(#14091);
#14091 = FILL_AREA_STYLE('',(#14092));
#14092 = FILL_AREA_STYLE_COLOUR('',#13129);
#14093 = STYLED_ITEM('color',(#14094),#9091);
#14094 = PRESENTATION_STYLE_ASSIGNMENT((#14095));
#14095 = SURFACE_STYLE_USAGE(.BOTH.,#14096);
#14096 = SURFACE_SIDE_STYLE('',(#14097));
#14097 = SURFACE_STYLE_FILL_AREA(#14098);
#14098 = FILL_AREA_STYLE('',(#14099));
#14099 = FILL_AREA_STYLE_COLOUR('',#13129);
#14100 = STYLED_ITEM('color',(#14101),#9111);
#14101 = PRESENTATION_STYLE_ASSIGNMENT((#14102));
#14102 = SURFACE_STYLE_USAGE(.BOTH.,#14103);
#14103 = SURFACE_SIDE_STYLE('',(#14104));
#14104 = SURFACE_STYLE_FILL_AREA(#14105);
#14105 = FILL_AREA_STYLE('',(#14106));
#14106 = FILL_AREA_STYLE_COLOUR('',#13129);
#14107 = STYLED_ITEM('color',(#14108),#9131);
#14108 = PRESENTATION_STYLE_ASSIGNMENT((#14109));
#14109 = SURFACE_STYLE_USAGE(.BOTH.,#14110);
#14110 = SURFACE_SIDE_STYLE('',(#14111));
#14111 = SURFACE_STYLE_FILL_AREA(#14112);
#14112 = FILL_AREA_STYLE('',(#14113));
#14113 = FILL_AREA_STYLE_COLOUR('',#13129);
ENDSEC;
END-ISO-10303-21;
