ISO-10303-21;
HEADER;
/* Generated by software containing ST-Developer
 * from STEP Tools, Inc. (www.steptools.com) 
 */

FILE_DESCRIPTION(
/* description */ (''),
/* implementation_level */ '2;1');

FILE_NAME(
/* name */ 'Screen for PCB footprint v2.step',
/* time_stamp */ '2026-06-17T21:04:51-04:00',
/* author */ (''),
/* organization */ (''),
/* preprocessor_version */ 'ST-DEVELOPER v20.1',
/* originating_system */ 'Autodesk Translation Framework v15.8.0.0',
/* authorisation */ '');

FILE_SCHEMA (('AUTOMOTIVE_DESIGN { 1 0 10303 214 3 1 1 }'));
ENDSEC;

DATA;
#10=MECHANICAL_DESIGN_GEOMETRIC_PRESENTATION_REPRESENTATION('',(#13,#14),
#6010);
#11=SHAPE_REPRESENTATION_RELATIONSHIP('SRR','None',#6017,#12);
#12=ADVANCED_BREP_SHAPE_REPRESENTATION('',(#15,#16),#6009);
#13=STYLED_ITEM('',(#6027),#15);
#14=STYLED_ITEM('',(#6028),#16);
#15=MANIFOLD_SOLID_BREP('Body3',#3573);
#16=MANIFOLD_SOLID_BREP('Body4',#3574);
#17=FACE_BOUND('',#502,.T.);
#18=FACE_BOUND('',#503,.T.);
#19=FACE_BOUND('',#504,.T.);
#20=FACE_BOUND('',#505,.T.);
#21=FACE_BOUND('',#506,.T.);
#22=FACE_BOUND('',#507,.T.);
#23=FACE_BOUND('',#508,.T.);
#24=FACE_BOUND('',#509,.T.);
#25=FACE_BOUND('',#510,.T.);
#26=FACE_BOUND('',#511,.T.);
#27=FACE_BOUND('',#512,.T.);
#28=FACE_BOUND('',#513,.T.);
#29=FACE_BOUND('',#514,.T.);
#30=FACE_BOUND('',#515,.T.);
#31=FACE_BOUND('',#516,.T.);
#32=FACE_BOUND('',#517,.T.);
#33=FACE_BOUND('',#518,.T.);
#34=FACE_BOUND('',#519,.T.);
#35=FACE_BOUND('',#520,.T.);
#36=FACE_BOUND('',#521,.T.);
#37=FACE_BOUND('',#522,.T.);
#38=FACE_BOUND('',#523,.T.);
#39=FACE_BOUND('',#524,.T.);
#40=FACE_BOUND('',#525,.T.);
#41=FACE_BOUND('',#527,.T.);
#42=FACE_BOUND('',#528,.T.);
#43=FACE_BOUND('',#529,.T.);
#44=FACE_BOUND('',#530,.T.);
#45=FACE_BOUND('',#531,.T.);
#46=FACE_BOUND('',#532,.T.);
#47=FACE_BOUND('',#533,.T.);
#48=FACE_BOUND('',#534,.T.);
#49=FACE_BOUND('',#535,.T.);
#50=FACE_BOUND('',#536,.T.);
#51=FACE_BOUND('',#537,.T.);
#52=FACE_BOUND('',#538,.T.);
#53=FACE_BOUND('',#539,.T.);
#54=FACE_BOUND('',#540,.T.);
#55=FACE_BOUND('',#541,.T.);
#56=FACE_BOUND('',#542,.T.);
#57=FACE_BOUND('',#543,.T.);
#58=FACE_BOUND('',#544,.T.);
#59=FACE_BOUND('',#545,.T.);
#60=FACE_BOUND('',#546,.T.);
#61=FACE_BOUND('',#547,.T.);
#62=FACE_BOUND('',#548,.T.);
#63=FACE_BOUND('',#549,.T.);
#64=FACE_BOUND('',#550,.T.);
#65=PLANE('',#3591);
#66=PLANE('',#3595);
#67=PLANE('',#3599);
#68=PLANE('',#3603);
#69=PLANE('',#3604);
#70=PLANE('',#3608);
#71=PLANE('',#3612);
#72=PLANE('',#3616);
#73=PLANE('',#3620);
#74=PLANE('',#3624);
#75=PLANE('',#3628);
#76=PLANE('',#3632);
#77=PLANE('',#3636);
#78=PLANE('',#3640);
#79=PLANE('',#3644);
#80=PLANE('',#3648);
#81=PLANE('',#3652);
#82=PLANE('',#3656);
#83=PLANE('',#3660);
#84=PLANE('',#3664);
#85=PLANE('',#3671);
#86=PLANE('',#3675);
#87=PLANE('',#3679);
#88=PLANE('',#3683);
#89=PLANE('',#3687);
#90=PLANE('',#3691);
#91=PLANE('',#3695);
#92=PLANE('',#3699);
#93=PLANE('',#3703);
#94=PLANE('',#3707);
#95=PLANE('',#3711);
#96=PLANE('',#3715);
#97=PLANE('',#3719);
#98=PLANE('',#3723);
#99=PLANE('',#3727);
#100=PLANE('',#3731);
#101=PLANE('',#3735);
#102=PLANE('',#3739);
#103=PLANE('',#3743);
#104=PLANE('',#3747);
#105=PLANE('',#3751);
#106=PLANE('',#3755);
#107=PLANE('',#3759);
#108=PLANE('',#3763);
#109=PLANE('',#3767);
#110=PLANE('',#3771);
#111=PLANE('',#3775);
#112=PLANE('',#3779);
#113=PLANE('',#3786);
#114=PLANE('',#3790);
#115=PLANE('',#3794);
#116=PLANE('',#3798);
#117=PLANE('',#3799);
#118=PLANE('',#3803);
#119=PLANE('',#3807);
#120=PLANE('',#3811);
#121=PLANE('',#3815);
#122=PLANE('',#3819);
#123=PLANE('',#3823);
#124=PLANE('',#3827);
#125=PLANE('',#3840);
#126=PLANE('',#3844);
#127=PLANE('',#3848);
#128=PLANE('',#3852);
#129=PLANE('',#3856);
#130=PLANE('',#3860);
#131=PLANE('',#3864);
#132=PLANE('',#3868);
#133=PLANE('',#3875);
#134=PLANE('',#3879);
#135=PLANE('',#3883);
#136=PLANE('',#3887);
#137=PLANE('',#3891);
#138=PLANE('',#3895);
#139=PLANE('',#3899);
#140=PLANE('',#3903);
#141=PLANE('',#3904);
#142=PLANE('',#3908);
#143=PLANE('',#3912);
#144=PLANE('',#3916);
#145=PLANE('',#3920);
#146=PLANE('',#3921);
#147=PLANE('',#3922);
#148=PLANE('',#3923);
#149=PLANE('',#3924);
#150=PLANE('',#3925);
#151=PLANE('',#3926);
#152=PLANE('',#3927);
#153=PLANE('',#3928);
#154=PLANE('',#3929);
#155=PLANE('',#3930);
#156=PLANE('',#3931);
#157=FACE_OUTER_BOUND('',#333,.T.);
#158=FACE_OUTER_BOUND('',#334,.T.);
#159=FACE_OUTER_BOUND('',#335,.T.);
#160=FACE_OUTER_BOUND('',#336,.T.);
#161=FACE_OUTER_BOUND('',#337,.T.);
#162=FACE_OUTER_BOUND('',#338,.T.);
#163=FACE_OUTER_BOUND('',#339,.T.);
#164=FACE_OUTER_BOUND('',#340,.T.);
#165=FACE_OUTER_BOUND('',#341,.T.);
#166=FACE_OUTER_BOUND('',#342,.T.);
#167=FACE_OUTER_BOUND('',#343,.T.);
#168=FACE_OUTER_BOUND('',#344,.T.);
#169=FACE_OUTER_BOUND('',#345,.T.);
#170=FACE_OUTER_BOUND('',#346,.T.);
#171=FACE_OUTER_BOUND('',#347,.T.);
#172=FACE_OUTER_BOUND('',#348,.T.);
#173=FACE_OUTER_BOUND('',#349,.T.);
#174=FACE_OUTER_BOUND('',#350,.T.);
#175=FACE_OUTER_BOUND('',#351,.T.);
#176=FACE_OUTER_BOUND('',#352,.T.);
#177=FACE_OUTER_BOUND('',#353,.T.);
#178=FACE_OUTER_BOUND('',#354,.T.);
#179=FACE_OUTER_BOUND('',#355,.T.);
#180=FACE_OUTER_BOUND('',#356,.T.);
#181=FACE_OUTER_BOUND('',#357,.T.);
#182=FACE_OUTER_BOUND('',#358,.T.);
#183=FACE_OUTER_BOUND('',#359,.T.);
#184=FACE_OUTER_BOUND('',#360,.T.);
#185=FACE_OUTER_BOUND('',#361,.T.);
#186=FACE_OUTER_BOUND('',#362,.T.);
#187=FACE_OUTER_BOUND('',#363,.T.);
#188=FACE_OUTER_BOUND('',#364,.T.);
#189=FACE_OUTER_BOUND('',#365,.T.);
#190=FACE_OUTER_BOUND('',#366,.T.);
#191=FACE_OUTER_BOUND('',#367,.T.);
#192=FACE_OUTER_BOUND('',#368,.T.);
#193=FACE_OUTER_BOUND('',#369,.T.);
#194=FACE_OUTER_BOUND('',#370,.T.);
#195=FACE_OUTER_BOUND('',#371,.T.);
#196=FACE_OUTER_BOUND('',#372,.T.);
#197=FACE_OUTER_BOUND('',#373,.T.);
#198=FACE_OUTER_BOUND('',#374,.T.);
#199=FACE_OUTER_BOUND('',#375,.T.);
#200=FACE_OUTER_BOUND('',#376,.T.);
#201=FACE_OUTER_BOUND('',#377,.T.);
#202=FACE_OUTER_BOUND('',#378,.T.);
#203=FACE_OUTER_BOUND('',#379,.T.);
#204=FACE_OUTER_BOUND('',#380,.T.);
#205=FACE_OUTER_BOUND('',#381,.T.);
#206=FACE_OUTER_BOUND('',#382,.T.);
#207=FACE_OUTER_BOUND('',#383,.T.);
#208=FACE_OUTER_BOUND('',#384,.T.);
#209=FACE_OUTER_BOUND('',#385,.T.);
#210=FACE_OUTER_BOUND('',#386,.T.);
#211=FACE_OUTER_BOUND('',#387,.T.);
#212=FACE_OUTER_BOUND('',#388,.T.);
#213=FACE_OUTER_BOUND('',#389,.T.);
#214=FACE_OUTER_BOUND('',#390,.T.);
#215=FACE_OUTER_BOUND('',#391,.T.);
#216=FACE_OUTER_BOUND('',#392,.T.);
#217=FACE_OUTER_BOUND('',#393,.T.);
#218=FACE_OUTER_BOUND('',#394,.T.);
#219=FACE_OUTER_BOUND('',#395,.T.);
#220=FACE_OUTER_BOUND('',#396,.T.);
#221=FACE_OUTER_BOUND('',#397,.T.);
#222=FACE_OUTER_BOUND('',#398,.T.);
#223=FACE_OUTER_BOUND('',#399,.T.);
#224=FACE_OUTER_BOUND('',#400,.T.);
#225=FACE_OUTER_BOUND('',#401,.T.);
#226=FACE_OUTER_BOUND('',#402,.T.);
#227=FACE_OUTER_BOUND('',#403,.T.);
#228=FACE_OUTER_BOUND('',#404,.T.);
#229=FACE_OUTER_BOUND('',#405,.T.);
#230=FACE_OUTER_BOUND('',#406,.T.);
#231=FACE_OUTER_BOUND('',#407,.T.);
#232=FACE_OUTER_BOUND('',#408,.T.);
#233=FACE_OUTER_BOUND('',#409,.T.);
#234=FACE_OUTER_BOUND('',#410,.T.);
#235=FACE_OUTER_BOUND('',#411,.T.);
#236=FACE_OUTER_BOUND('',#412,.T.);
#237=FACE_OUTER_BOUND('',#413,.T.);
#238=FACE_OUTER_BOUND('',#414,.T.);
#239=FACE_OUTER_BOUND('',#415,.T.);
#240=FACE_OUTER_BOUND('',#416,.T.);
#241=FACE_OUTER_BOUND('',#417,.T.);
#242=FACE_OUTER_BOUND('',#418,.T.);
#243=FACE_OUTER_BOUND('',#419,.T.);
#244=FACE_OUTER_BOUND('',#420,.T.);
#245=FACE_OUTER_BOUND('',#421,.T.);
#246=FACE_OUTER_BOUND('',#422,.T.);
#247=FACE_OUTER_BOUND('',#423,.T.);
#248=FACE_OUTER_BOUND('',#424,.T.);
#249=FACE_OUTER_BOUND('',#425,.T.);
#250=FACE_OUTER_BOUND('',#426,.T.);
#251=FACE_OUTER_BOUND('',#427,.T.);
#252=FACE_OUTER_BOUND('',#428,.T.);
#253=FACE_OUTER_BOUND('',#429,.T.);
#254=FACE_OUTER_BOUND('',#430,.T.);
#255=FACE_OUTER_BOUND('',#431,.T.);
#256=FACE_OUTER_BOUND('',#432,.T.);
#257=FACE_OUTER_BOUND('',#433,.T.);
#258=FACE_OUTER_BOUND('',#434,.T.);
#259=FACE_OUTER_BOUND('',#435,.T.);
#260=FACE_OUTER_BOUND('',#436,.T.);
#261=FACE_OUTER_BOUND('',#437,.T.);
#262=FACE_OUTER_BOUND('',#438,.T.);
#263=FACE_OUTER_BOUND('',#439,.T.);
#264=FACE_OUTER_BOUND('',#440,.T.);
#265=FACE_OUTER_BOUND('',#441,.T.);
#266=FACE_OUTER_BOUND('',#442,.T.);
#267=FACE_OUTER_BOUND('',#443,.T.);
#268=FACE_OUTER_BOUND('',#444,.T.);
#269=FACE_OUTER_BOUND('',#445,.T.);
#270=FACE_OUTER_BOUND('',#446,.T.);
#271=FACE_OUTER_BOUND('',#447,.T.);
#272=FACE_OUTER_BOUND('',#448,.T.);
#273=FACE_OUTER_BOUND('',#449,.T.);
#274=FACE_OUTER_BOUND('',#450,.T.);
#275=FACE_OUTER_BOUND('',#451,.T.);
#276=FACE_OUTER_BOUND('',#452,.T.);
#277=FACE_OUTER_BOUND('',#453,.T.);
#278=FACE_OUTER_BOUND('',#454,.T.);
#279=FACE_OUTER_BOUND('',#455,.T.);
#280=FACE_OUTER_BOUND('',#456,.T.);
#281=FACE_OUTER_BOUND('',#457,.T.);
#282=FACE_OUTER_BOUND('',#458,.T.);
#283=FACE_OUTER_BOUND('',#459,.T.);
#284=FACE_OUTER_BOUND('',#460,.T.);
#285=FACE_OUTER_BOUND('',#461,.T.);
#286=FACE_OUTER_BOUND('',#462,.T.);
#287=FACE_OUTER_BOUND('',#463,.T.);
#288=FACE_OUTER_BOUND('',#464,.T.);
#289=FACE_OUTER_BOUND('',#465,.T.);
#290=FACE_OUTER_BOUND('',#466,.T.);
#291=FACE_OUTER_BOUND('',#467,.T.);
#292=FACE_OUTER_BOUND('',#468,.T.);
#293=FACE_OUTER_BOUND('',#469,.T.);
#294=FACE_OUTER_BOUND('',#470,.T.);
#295=FACE_OUTER_BOUND('',#471,.T.);
#296=FACE_OUTER_BOUND('',#472,.T.);
#297=FACE_OUTER_BOUND('',#473,.T.);
#298=FACE_OUTER_BOUND('',#474,.T.);
#299=FACE_OUTER_BOUND('',#475,.T.);
#300=FACE_OUTER_BOUND('',#476,.T.);
#301=FACE_OUTER_BOUND('',#477,.T.);
#302=FACE_OUTER_BOUND('',#478,.T.);
#303=FACE_OUTER_BOUND('',#479,.T.);
#304=FACE_OUTER_BOUND('',#480,.T.);
#305=FACE_OUTER_BOUND('',#481,.T.);
#306=FACE_OUTER_BOUND('',#482,.T.);
#307=FACE_OUTER_BOUND('',#483,.T.);
#308=FACE_OUTER_BOUND('',#484,.T.);
#309=FACE_OUTER_BOUND('',#485,.T.);
#310=FACE_OUTER_BOUND('',#486,.T.);
#311=FACE_OUTER_BOUND('',#487,.T.);
#312=FACE_OUTER_BOUND('',#488,.T.);
#313=FACE_OUTER_BOUND('',#489,.T.);
#314=FACE_OUTER_BOUND('',#490,.T.);
#315=FACE_OUTER_BOUND('',#491,.T.);
#316=FACE_OUTER_BOUND('',#492,.T.);
#317=FACE_OUTER_BOUND('',#493,.T.);
#318=FACE_OUTER_BOUND('',#494,.T.);
#319=FACE_OUTER_BOUND('',#495,.T.);
#320=FACE_OUTER_BOUND('',#496,.T.);
#321=FACE_OUTER_BOUND('',#497,.T.);
#322=FACE_OUTER_BOUND('',#498,.T.);
#323=FACE_OUTER_BOUND('',#499,.T.);
#324=FACE_OUTER_BOUND('',#500,.T.);
#325=FACE_OUTER_BOUND('',#501,.T.);
#326=FACE_OUTER_BOUND('',#526,.T.);
#327=FACE_OUTER_BOUND('',#551,.T.);
#328=FACE_OUTER_BOUND('',#552,.T.);
#329=FACE_OUTER_BOUND('',#553,.T.);
#330=FACE_OUTER_BOUND('',#554,.T.);
#331=FACE_OUTER_BOUND('',#555,.T.);
#332=FACE_OUTER_BOUND('',#556,.T.);
#333=EDGE_LOOP('',(#2281,#2282,#2283,#2284));
#334=EDGE_LOOP('',(#2285,#2286,#2287,#2288));
#335=EDGE_LOOP('',(#2289,#2290,#2291,#2292));
#336=EDGE_LOOP('',(#2293,#2294,#2295,#2296));
#337=EDGE_LOOP('',(#2297,#2298,#2299,#2300));
#338=EDGE_LOOP('',(#2301,#2302,#2303,#2304));
#339=EDGE_LOOP('',(#2305,#2306,#2307,#2308));
#340=EDGE_LOOP('',(#2309,#2310,#2311,#2312));
#341=EDGE_LOOP('',(#2313,#2314,#2315,#2316));
#342=EDGE_LOOP('',(#2317,#2318,#2319,#2320));
#343=EDGE_LOOP('',(#2321,#2322,#2323,#2324));
#344=EDGE_LOOP('',(#2325,#2326,#2327,#2328));
#345=EDGE_LOOP('',(#2329,#2330,#2331,#2332));
#346=EDGE_LOOP('',(#2333,#2334,#2335,#2336));
#347=EDGE_LOOP('',(#2337,#2338,#2339,#2340));
#348=EDGE_LOOP('',(#2341,#2342,#2343,#2344));
#349=EDGE_LOOP('',(#2345,#2346,#2347,#2348));
#350=EDGE_LOOP('',(#2349,#2350,#2351,#2352));
#351=EDGE_LOOP('',(#2353,#2354,#2355,#2356));
#352=EDGE_LOOP('',(#2357,#2358,#2359,#2360));
#353=EDGE_LOOP('',(#2361,#2362,#2363,#2364));
#354=EDGE_LOOP('',(#2365,#2366,#2367,#2368));
#355=EDGE_LOOP('',(#2369,#2370,#2371,#2372));
#356=EDGE_LOOP('',(#2373,#2374,#2375,#2376));
#357=EDGE_LOOP('',(#2377,#2378,#2379,#2380));
#358=EDGE_LOOP('',(#2381,#2382,#2383,#2384));
#359=EDGE_LOOP('',(#2385,#2386,#2387,#2388));
#360=EDGE_LOOP('',(#2389,#2390,#2391,#2392));
#361=EDGE_LOOP('',(#2393,#2394,#2395,#2396));
#362=EDGE_LOOP('',(#2397,#2398,#2399,#2400));
#363=EDGE_LOOP('',(#2401,#2402,#2403,#2404));
#364=EDGE_LOOP('',(#2405,#2406,#2407,#2408));
#365=EDGE_LOOP('',(#2409,#2410,#2411,#2412));
#366=EDGE_LOOP('',(#2413,#2414,#2415,#2416));
#367=EDGE_LOOP('',(#2417,#2418,#2419,#2420));
#368=EDGE_LOOP('',(#2421,#2422,#2423,#2424));
#369=EDGE_LOOP('',(#2425,#2426,#2427,#2428));
#370=EDGE_LOOP('',(#2429,#2430,#2431,#2432));
#371=EDGE_LOOP('',(#2433,#2434,#2435,#2436));
#372=EDGE_LOOP('',(#2437,#2438,#2439,#2440));
#373=EDGE_LOOP('',(#2441,#2442,#2443,#2444));
#374=EDGE_LOOP('',(#2445,#2446,#2447,#2448));
#375=EDGE_LOOP('',(#2449,#2450,#2451,#2452));
#376=EDGE_LOOP('',(#2453,#2454,#2455,#2456));
#377=EDGE_LOOP('',(#2457,#2458,#2459,#2460));
#378=EDGE_LOOP('',(#2461,#2462,#2463,#2464));
#379=EDGE_LOOP('',(#2465,#2466,#2467,#2468));
#380=EDGE_LOOP('',(#2469,#2470,#2471,#2472));
#381=EDGE_LOOP('',(#2473,#2474,#2475,#2476));
#382=EDGE_LOOP('',(#2477,#2478,#2479,#2480));
#383=EDGE_LOOP('',(#2481,#2482,#2483,#2484));
#384=EDGE_LOOP('',(#2485,#2486,#2487,#2488));
#385=EDGE_LOOP('',(#2489,#2490,#2491,#2492));
#386=EDGE_LOOP('',(#2493,#2494,#2495,#2496));
#387=EDGE_LOOP('',(#2497,#2498,#2499,#2500));
#388=EDGE_LOOP('',(#2501,#2502,#2503,#2504));
#389=EDGE_LOOP('',(#2505,#2506,#2507,#2508));
#390=EDGE_LOOP('',(#2509,#2510,#2511,#2512));
#391=EDGE_LOOP('',(#2513,#2514,#2515,#2516));
#392=EDGE_LOOP('',(#2517,#2518,#2519,#2520));
#393=EDGE_LOOP('',(#2521,#2522,#2523,#2524));
#394=EDGE_LOOP('',(#2525,#2526,#2527,#2528));
#395=EDGE_LOOP('',(#2529,#2530,#2531,#2532));
#396=EDGE_LOOP('',(#2533,#2534,#2535,#2536));
#397=EDGE_LOOP('',(#2537,#2538,#2539,#2540));
#398=EDGE_LOOP('',(#2541,#2542,#2543,#2544));
#399=EDGE_LOOP('',(#2545,#2546,#2547,#2548));
#400=EDGE_LOOP('',(#2549,#2550,#2551,#2552));
#401=EDGE_LOOP('',(#2553,#2554,#2555,#2556));
#402=EDGE_LOOP('',(#2557,#2558,#2559,#2560));
#403=EDGE_LOOP('',(#2561,#2562,#2563,#2564));
#404=EDGE_LOOP('',(#2565,#2566,#2567,#2568));
#405=EDGE_LOOP('',(#2569,#2570,#2571,#2572));
#406=EDGE_LOOP('',(#2573,#2574,#2575,#2576));
#407=EDGE_LOOP('',(#2577,#2578,#2579,#2580));
#408=EDGE_LOOP('',(#2581,#2582,#2583,#2584));
#409=EDGE_LOOP('',(#2585,#2586,#2587,#2588));
#410=EDGE_LOOP('',(#2589,#2590,#2591,#2592));
#411=EDGE_LOOP('',(#2593,#2594,#2595,#2596));
#412=EDGE_LOOP('',(#2597,#2598,#2599,#2600));
#413=EDGE_LOOP('',(#2601,#2602,#2603,#2604));
#414=EDGE_LOOP('',(#2605,#2606,#2607,#2608));
#415=EDGE_LOOP('',(#2609,#2610,#2611,#2612));
#416=EDGE_LOOP('',(#2613,#2614,#2615,#2616));
#417=EDGE_LOOP('',(#2617,#2618,#2619,#2620));
#418=EDGE_LOOP('',(#2621,#2622,#2623,#2624));
#419=EDGE_LOOP('',(#2625,#2626,#2627,#2628));
#420=EDGE_LOOP('',(#2629,#2630,#2631,#2632));
#421=EDGE_LOOP('',(#2633,#2634,#2635,#2636));
#422=EDGE_LOOP('',(#2637,#2638,#2639,#2640));
#423=EDGE_LOOP('',(#2641,#2642,#2643,#2644));
#424=EDGE_LOOP('',(#2645,#2646,#2647,#2648));
#425=EDGE_LOOP('',(#2649,#2650,#2651,#2652));
#426=EDGE_LOOP('',(#2653,#2654,#2655,#2656));
#427=EDGE_LOOP('',(#2657,#2658,#2659,#2660));
#428=EDGE_LOOP('',(#2661,#2662,#2663,#2664));
#429=EDGE_LOOP('',(#2665,#2666,#2667,#2668));
#430=EDGE_LOOP('',(#2669,#2670,#2671,#2672));
#431=EDGE_LOOP('',(#2673,#2674,#2675,#2676));
#432=EDGE_LOOP('',(#2677,#2678,#2679,#2680));
#433=EDGE_LOOP('',(#2681,#2682,#2683,#2684));
#434=EDGE_LOOP('',(#2685,#2686,#2687,#2688));
#435=EDGE_LOOP('',(#2689,#2690,#2691,#2692));
#436=EDGE_LOOP('',(#2693,#2694,#2695,#2696));
#437=EDGE_LOOP('',(#2697,#2698,#2699,#2700));
#438=EDGE_LOOP('',(#2701,#2702,#2703,#2704));
#439=EDGE_LOOP('',(#2705,#2706,#2707,#2708));
#440=EDGE_LOOP('',(#2709,#2710,#2711,#2712));
#441=EDGE_LOOP('',(#2713,#2714,#2715,#2716));
#442=EDGE_LOOP('',(#2717,#2718,#2719,#2720));
#443=EDGE_LOOP('',(#2721,#2722,#2723,#2724));
#444=EDGE_LOOP('',(#2725,#2726,#2727,#2728));
#445=EDGE_LOOP('',(#2729,#2730,#2731,#2732));
#446=EDGE_LOOP('',(#2733,#2734,#2735,#2736));
#447=EDGE_LOOP('',(#2737,#2738,#2739,#2740));
#448=EDGE_LOOP('',(#2741,#2742,#2743,#2744));
#449=EDGE_LOOP('',(#2745,#2746,#2747,#2748));
#450=EDGE_LOOP('',(#2749,#2750,#2751,#2752));
#451=EDGE_LOOP('',(#2753,#2754,#2755,#2756));
#452=EDGE_LOOP('',(#2757,#2758,#2759,#2760));
#453=EDGE_LOOP('',(#2761,#2762,#2763,#2764));
#454=EDGE_LOOP('',(#2765,#2766,#2767,#2768));
#455=EDGE_LOOP('',(#2769,#2770,#2771,#2772));
#456=EDGE_LOOP('',(#2773,#2774,#2775,#2776));
#457=EDGE_LOOP('',(#2777,#2778,#2779,#2780));
#458=EDGE_LOOP('',(#2781,#2782,#2783,#2784));
#459=EDGE_LOOP('',(#2785,#2786,#2787,#2788));
#460=EDGE_LOOP('',(#2789,#2790,#2791,#2792));
#461=EDGE_LOOP('',(#2793,#2794,#2795,#2796));
#462=EDGE_LOOP('',(#2797,#2798,#2799,#2800));
#463=EDGE_LOOP('',(#2801,#2802,#2803,#2804));
#464=EDGE_LOOP('',(#2805,#2806,#2807,#2808));
#465=EDGE_LOOP('',(#2809,#2810,#2811,#2812));
#466=EDGE_LOOP('',(#2813,#2814,#2815,#2816));
#467=EDGE_LOOP('',(#2817,#2818,#2819,#2820));
#468=EDGE_LOOP('',(#2821,#2822,#2823,#2824));
#469=EDGE_LOOP('',(#2825,#2826,#2827,#2828));
#470=EDGE_LOOP('',(#2829,#2830,#2831,#2832));
#471=EDGE_LOOP('',(#2833,#2834,#2835,#2836));
#472=EDGE_LOOP('',(#2837,#2838,#2839,#2840));
#473=EDGE_LOOP('',(#2841,#2842,#2843,#2844));
#474=EDGE_LOOP('',(#2845,#2846,#2847,#2848));
#475=EDGE_LOOP('',(#2849,#2850,#2851,#2852));
#476=EDGE_LOOP('',(#2853,#2854,#2855,#2856));
#477=EDGE_LOOP('',(#2857,#2858,#2859,#2860));
#478=EDGE_LOOP('',(#2861,#2862,#2863,#2864));
#479=EDGE_LOOP('',(#2865,#2866,#2867,#2868));
#480=EDGE_LOOP('',(#2869,#2870,#2871,#2872));
#481=EDGE_LOOP('',(#2873,#2874,#2875,#2876));
#482=EDGE_LOOP('',(#2877,#2878,#2879,#2880));
#483=EDGE_LOOP('',(#2881,#2882,#2883,#2884));
#484=EDGE_LOOP('',(#2885,#2886,#2887,#2888));
#485=EDGE_LOOP('',(#2889,#2890,#2891,#2892));
#486=EDGE_LOOP('',(#2893,#2894,#2895,#2896));
#487=EDGE_LOOP('',(#2897,#2898,#2899,#2900));
#488=EDGE_LOOP('',(#2901,#2902,#2903,#2904));
#489=EDGE_LOOP('',(#2905,#2906,#2907,#2908));
#490=EDGE_LOOP('',(#2909,#2910,#2911,#2912));
#491=EDGE_LOOP('',(#2913,#2914,#2915,#2916));
#492=EDGE_LOOP('',(#2917,#2918,#2919,#2920));
#493=EDGE_LOOP('',(#2921,#2922,#2923,#2924));
#494=EDGE_LOOP('',(#2925,#2926,#2927,#2928));
#495=EDGE_LOOP('',(#2929,#2930,#2931,#2932));
#496=EDGE_LOOP('',(#2933,#2934,#2935,#2936));
#497=EDGE_LOOP('',(#2937,#2938,#2939,#2940));
#498=EDGE_LOOP('',(#2941,#2942,#2943,#2944));
#499=EDGE_LOOP('',(#2945,#2946,#2947,#2948));
#500=EDGE_LOOP('',(#2949,#2950,#2951,#2952));
#501=EDGE_LOOP('',(#2953,#2954,#2955,#2956));
#502=EDGE_LOOP('',(#2957,#2958,#2959,#2960,#2961,#2962,#2963,#2964));
#503=EDGE_LOOP('',(#2965,#2966,#2967,#2968,#2969,#2970,#2971,#2972));
#504=EDGE_LOOP('',(#2973,#2974,#2975,#2976,#2977,#2978,#2979,#2980));
#505=EDGE_LOOP('',(#2981,#2982,#2983,#2984,#2985,#2986,#2987,#2988));
#506=EDGE_LOOP('',(#2989,#2990,#2991,#2992,#2993,#2994,#2995,#2996));
#507=EDGE_LOOP('',(#2997));
#508=EDGE_LOOP('',(#2998));
#509=EDGE_LOOP('',(#2999));
#510=EDGE_LOOP('',(#3000,#3001,#3002,#3003,#3004,#3005,#3006,#3007));
#511=EDGE_LOOP('',(#3008,#3009,#3010,#3011,#3012,#3013,#3014,#3015));
#512=EDGE_LOOP('',(#3016,#3017,#3018,#3019,#3020,#3021,#3022,#3023));
#513=EDGE_LOOP('',(#3024,#3025,#3026,#3027,#3028,#3029,#3030,#3031));
#514=EDGE_LOOP('',(#3032,#3033,#3034,#3035,#3036,#3037,#3038,#3039));
#515=EDGE_LOOP('',(#3040,#3041,#3042,#3043,#3044,#3045,#3046,#3047));
#516=EDGE_LOOP('',(#3048,#3049,#3050,#3051,#3052,#3053,#3054,#3055));
#517=EDGE_LOOP('',(#3056,#3057,#3058,#3059,#3060,#3061,#3062,#3063));
#518=EDGE_LOOP('',(#3064,#3065,#3066,#3067,#3068,#3069,#3070,#3071));
#519=EDGE_LOOP('',(#3072,#3073,#3074,#3075,#3076,#3077,#3078,#3079));
#520=EDGE_LOOP('',(#3080));
#521=EDGE_LOOP('',(#3081,#3082,#3083,#3084,#3085,#3086,#3087,#3088));
#522=EDGE_LOOP('',(#3089,#3090,#3091,#3092,#3093,#3094,#3095,#3096));
#523=EDGE_LOOP('',(#3097,#3098,#3099,#3100,#3101,#3102,#3103,#3104));
#524=EDGE_LOOP('',(#3105,#3106,#3107,#3108,#3109,#3110,#3111,#3112));
#525=EDGE_LOOP('',(#3113,#3114,#3115,#3116,#3117,#3118,#3119,#3120));
#526=EDGE_LOOP('',(#3121,#3122,#3123,#3124));
#527=EDGE_LOOP('',(#3125,#3126,#3127,#3128,#3129,#3130,#3131,#3132));
#528=EDGE_LOOP('',(#3133,#3134,#3135,#3136,#3137,#3138,#3139,#3140));
#529=EDGE_LOOP('',(#3141,#3142,#3143,#3144,#3145,#3146,#3147,#3148));
#530=EDGE_LOOP('',(#3149,#3150,#3151,#3152,#3153,#3154,#3155,#3156));
#531=EDGE_LOOP('',(#3157,#3158,#3159,#3160,#3161,#3162,#3163,#3164));
#532=EDGE_LOOP('',(#3165));
#533=EDGE_LOOP('',(#3166));
#534=EDGE_LOOP('',(#3167));
#535=EDGE_LOOP('',(#3168,#3169,#3170,#3171,#3172,#3173,#3174,#3175));
#536=EDGE_LOOP('',(#3176,#3177,#3178,#3179,#3180,#3181,#3182,#3183));
#537=EDGE_LOOP('',(#3184,#3185,#3186,#3187,#3188,#3189,#3190,#3191));
#538=EDGE_LOOP('',(#3192,#3193,#3194,#3195,#3196,#3197,#3198,#3199));
#539=EDGE_LOOP('',(#3200,#3201,#3202,#3203,#3204,#3205,#3206,#3207));
#540=EDGE_LOOP('',(#3208,#3209,#3210,#3211,#3212,#3213,#3214,#3215));
#541=EDGE_LOOP('',(#3216,#3217,#3218,#3219,#3220,#3221,#3222,#3223));
#542=EDGE_LOOP('',(#3224,#3225,#3226,#3227,#3228,#3229,#3230,#3231));
#543=EDGE_LOOP('',(#3232,#3233,#3234,#3235,#3236,#3237,#3238,#3239));
#544=EDGE_LOOP('',(#3240,#3241,#3242,#3243,#3244,#3245,#3246,#3247));
#545=EDGE_LOOP('',(#3248));
#546=EDGE_LOOP('',(#3249,#3250,#3251,#3252,#3253,#3254,#3255,#3256));
#547=EDGE_LOOP('',(#3257,#3258,#3259,#3260,#3261,#3262,#3263,#3264));
#548=EDGE_LOOP('',(#3265,#3266,#3267,#3268,#3269,#3270,#3271,#3272));
#549=EDGE_LOOP('',(#3273,#3274,#3275,#3276,#3277,#3278,#3279,#3280));
#550=EDGE_LOOP('',(#3281,#3282,#3283,#3284,#3285,#3286,#3287,#3288));
#551=EDGE_LOOP('',(#3289,#3290,#3291,#3292));
#552=EDGE_LOOP('',(#3293,#3294,#3295,#3296));
#553=EDGE_LOOP('',(#3297,#3298,#3299,#3300));
#554=EDGE_LOOP('',(#3301,#3302,#3303,#3304));
#555=EDGE_LOOP('',(#3305,#3306,#3307,#3308));
#556=EDGE_LOOP('',(#3309,#3310,#3311,#3312));
#557=LINE('',#4976,#905);
#558=LINE('',#4979,#906);
#559=LINE('',#4982,#907);
#560=LINE('',#4984,#908);
#561=LINE('',#4985,#909);
#562=LINE('',#4991,#910);
#563=LINE('',#4994,#911);
#564=LINE('',#4996,#912);
#565=LINE('',#4997,#913);
#566=LINE('',#5003,#914);
#567=LINE('',#5006,#915);
#568=LINE('',#5008,#916);
#569=LINE('',#5009,#917);
#570=LINE('',#5015,#918);
#571=LINE('',#5017,#919);
#572=LINE('',#5018,#920);
#573=LINE('',#5022,#921);
#574=LINE('',#5024,#922);
#575=LINE('',#5026,#923);
#576=LINE('',#5027,#924);
#577=LINE('',#5033,#925);
#578=LINE('',#5036,#926);
#579=LINE('',#5038,#927);
#580=LINE('',#5039,#928);
#581=LINE('',#5045,#929);
#582=LINE('',#5048,#930);
#583=LINE('',#5050,#931);
#584=LINE('',#5051,#932);
#585=LINE('',#5057,#933);
#586=LINE('',#5060,#934);
#587=LINE('',#5062,#935);
#588=LINE('',#5063,#936);
#589=LINE('',#5070,#937);
#590=LINE('',#5072,#938);
#591=LINE('',#5074,#939);
#592=LINE('',#5075,#940);
#593=LINE('',#5081,#941);
#594=LINE('',#5084,#942);
#595=LINE('',#5086,#943);
#596=LINE('',#5087,#944);
#597=LINE('',#5093,#945);
#598=LINE('',#5096,#946);
#599=LINE('',#5098,#947);
#600=LINE('',#5099,#948);
#601=LINE('',#5105,#949);
#602=LINE('',#5108,#950);
#603=LINE('',#5110,#951);
#604=LINE('',#5111,#952);
#605=LINE('',#5118,#953);
#606=LINE('',#5120,#954);
#607=LINE('',#5122,#955);
#608=LINE('',#5123,#956);
#609=LINE('',#5129,#957);
#610=LINE('',#5132,#958);
#611=LINE('',#5134,#959);
#612=LINE('',#5135,#960);
#613=LINE('',#5141,#961);
#614=LINE('',#5144,#962);
#615=LINE('',#5146,#963);
#616=LINE('',#5147,#964);
#617=LINE('',#5153,#965);
#618=LINE('',#5156,#966);
#619=LINE('',#5158,#967);
#620=LINE('',#5159,#968);
#621=LINE('',#5166,#969);
#622=LINE('',#5168,#970);
#623=LINE('',#5170,#971);
#624=LINE('',#5171,#972);
#625=LINE('',#5177,#973);
#626=LINE('',#5180,#974);
#627=LINE('',#5182,#975);
#628=LINE('',#5183,#976);
#629=LINE('',#5189,#977);
#630=LINE('',#5192,#978);
#631=LINE('',#5194,#979);
#632=LINE('',#5195,#980);
#633=LINE('',#5201,#981);
#634=LINE('',#5204,#982);
#635=LINE('',#5206,#983);
#636=LINE('',#5207,#984);
#637=LINE('',#5215,#985);
#638=LINE('',#5220,#986);
#639=LINE('',#5222,#987);
#640=LINE('',#5224,#988);
#641=LINE('',#5225,#989);
#642=LINE('',#5231,#990);
#643=LINE('',#5234,#991);
#644=LINE('',#5236,#992);
#645=LINE('',#5237,#993);
#646=LINE('',#5243,#994);
#647=LINE('',#5246,#995);
#648=LINE('',#5248,#996);
#649=LINE('',#5249,#997);
#650=LINE('',#5255,#998);
#651=LINE('',#5258,#999);
#652=LINE('',#5260,#1000);
#653=LINE('',#5261,#1001);
#654=LINE('',#5268,#1002);
#655=LINE('',#5270,#1003);
#656=LINE('',#5272,#1004);
#657=LINE('',#5273,#1005);
#658=LINE('',#5279,#1006);
#659=LINE('',#5282,#1007);
#660=LINE('',#5284,#1008);
#661=LINE('',#5285,#1009);
#662=LINE('',#5291,#1010);
#663=LINE('',#5294,#1011);
#664=LINE('',#5296,#1012);
#665=LINE('',#5297,#1013);
#666=LINE('',#5303,#1014);
#667=LINE('',#5306,#1015);
#668=LINE('',#5308,#1016);
#669=LINE('',#5309,#1017);
#670=LINE('',#5316,#1018);
#671=LINE('',#5318,#1019);
#672=LINE('',#5320,#1020);
#673=LINE('',#5321,#1021);
#674=LINE('',#5327,#1022);
#675=LINE('',#5330,#1023);
#676=LINE('',#5332,#1024);
#677=LINE('',#5333,#1025);
#678=LINE('',#5339,#1026);
#679=LINE('',#5342,#1027);
#680=LINE('',#5344,#1028);
#681=LINE('',#5345,#1029);
#682=LINE('',#5351,#1030);
#683=LINE('',#5354,#1031);
#684=LINE('',#5356,#1032);
#685=LINE('',#5357,#1033);
#686=LINE('',#5364,#1034);
#687=LINE('',#5366,#1035);
#688=LINE('',#5368,#1036);
#689=LINE('',#5369,#1037);
#690=LINE('',#5375,#1038);
#691=LINE('',#5378,#1039);
#692=LINE('',#5380,#1040);
#693=LINE('',#5381,#1041);
#694=LINE('',#5387,#1042);
#695=LINE('',#5390,#1043);
#696=LINE('',#5392,#1044);
#697=LINE('',#5393,#1045);
#698=LINE('',#5399,#1046);
#699=LINE('',#5402,#1047);
#700=LINE('',#5404,#1048);
#701=LINE('',#5405,#1049);
#702=LINE('',#5412,#1050);
#703=LINE('',#5414,#1051);
#704=LINE('',#5416,#1052);
#705=LINE('',#5417,#1053);
#706=LINE('',#5423,#1054);
#707=LINE('',#5426,#1055);
#708=LINE('',#5428,#1056);
#709=LINE('',#5429,#1057);
#710=LINE('',#5435,#1058);
#711=LINE('',#5438,#1059);
#712=LINE('',#5440,#1060);
#713=LINE('',#5441,#1061);
#714=LINE('',#5447,#1062);
#715=LINE('',#5450,#1063);
#716=LINE('',#5452,#1064);
#717=LINE('',#5453,#1065);
#718=LINE('',#5460,#1066);
#719=LINE('',#5462,#1067);
#720=LINE('',#5464,#1068);
#721=LINE('',#5465,#1069);
#722=LINE('',#5471,#1070);
#723=LINE('',#5474,#1071);
#724=LINE('',#5476,#1072);
#725=LINE('',#5477,#1073);
#726=LINE('',#5483,#1074);
#727=LINE('',#5486,#1075);
#728=LINE('',#5488,#1076);
#729=LINE('',#5489,#1077);
#730=LINE('',#5495,#1078);
#731=LINE('',#5498,#1079);
#732=LINE('',#5500,#1080);
#733=LINE('',#5501,#1081);
#734=LINE('',#5508,#1082);
#735=LINE('',#5510,#1083);
#736=LINE('',#5512,#1084);
#737=LINE('',#5513,#1085);
#738=LINE('',#5519,#1086);
#739=LINE('',#5522,#1087);
#740=LINE('',#5524,#1088);
#741=LINE('',#5525,#1089);
#742=LINE('',#5531,#1090);
#743=LINE('',#5534,#1091);
#744=LINE('',#5536,#1092);
#745=LINE('',#5537,#1093);
#746=LINE('',#5543,#1094);
#747=LINE('',#5546,#1095);
#748=LINE('',#5548,#1096);
#749=LINE('',#5549,#1097);
#750=LINE('',#5558,#1098);
#751=LINE('',#5561,#1099);
#752=LINE('',#5564,#1100);
#753=LINE('',#5566,#1101);
#754=LINE('',#5567,#1102);
#755=LINE('',#5573,#1103);
#756=LINE('',#5576,#1104);
#757=LINE('',#5578,#1105);
#758=LINE('',#5579,#1106);
#759=LINE('',#5585,#1107);
#760=LINE('',#5588,#1108);
#761=LINE('',#5590,#1109);
#762=LINE('',#5591,#1110);
#763=LINE('',#5597,#1111);
#764=LINE('',#5599,#1112);
#765=LINE('',#5600,#1113);
#766=LINE('',#5604,#1114);
#767=LINE('',#5606,#1115);
#768=LINE('',#5608,#1116);
#769=LINE('',#5609,#1117);
#770=LINE('',#5615,#1118);
#771=LINE('',#5618,#1119);
#772=LINE('',#5620,#1120);
#773=LINE('',#5621,#1121);
#774=LINE('',#5627,#1122);
#775=LINE('',#5630,#1123);
#776=LINE('',#5632,#1124);
#777=LINE('',#5633,#1125);
#778=LINE('',#5639,#1126);
#779=LINE('',#5642,#1127);
#780=LINE('',#5644,#1128);
#781=LINE('',#5645,#1129);
#782=LINE('',#5652,#1130);
#783=LINE('',#5654,#1131);
#784=LINE('',#5656,#1132);
#785=LINE('',#5657,#1133);
#786=LINE('',#5663,#1134);
#787=LINE('',#5666,#1135);
#788=LINE('',#5668,#1136);
#789=LINE('',#5669,#1137);
#790=LINE('',#5675,#1138);
#791=LINE('',#5678,#1139);
#792=LINE('',#5680,#1140);
#793=LINE('',#5681,#1141);
#794=LINE('',#5687,#1142);
#795=LINE('',#5690,#1143);
#796=LINE('',#5692,#1144);
#797=LINE('',#5693,#1145);
#798=LINE('',#5701,#1146);
#799=LINE('',#5707,#1147);
#800=LINE('',#5713,#1148);
#801=LINE('',#5718,#1149);
#802=LINE('',#5720,#1150);
#803=LINE('',#5722,#1151);
#804=LINE('',#5723,#1152);
#805=LINE('',#5729,#1153);
#806=LINE('',#5732,#1154);
#807=LINE('',#5734,#1155);
#808=LINE('',#5735,#1156);
#809=LINE('',#5741,#1157);
#810=LINE('',#5744,#1158);
#811=LINE('',#5746,#1159);
#812=LINE('',#5747,#1160);
#813=LINE('',#5753,#1161);
#814=LINE('',#5756,#1162);
#815=LINE('',#5758,#1163);
#816=LINE('',#5759,#1164);
#817=LINE('',#5766,#1165);
#818=LINE('',#5768,#1166);
#819=LINE('',#5770,#1167);
#820=LINE('',#5771,#1168);
#821=LINE('',#5777,#1169);
#822=LINE('',#5780,#1170);
#823=LINE('',#5782,#1171);
#824=LINE('',#5783,#1172);
#825=LINE('',#5789,#1173);
#826=LINE('',#5792,#1174);
#827=LINE('',#5794,#1175);
#828=LINE('',#5795,#1176);
#829=LINE('',#5801,#1177);
#830=LINE('',#5804,#1178);
#831=LINE('',#5806,#1179);
#832=LINE('',#5807,#1180);
#833=LINE('',#5816,#1181);
#834=LINE('',#5819,#1182);
#835=LINE('',#5822,#1183);
#836=LINE('',#5824,#1184);
#837=LINE('',#5825,#1185);
#838=LINE('',#5831,#1186);
#839=LINE('',#5834,#1187);
#840=LINE('',#5836,#1188);
#841=LINE('',#5837,#1189);
#842=LINE('',#5843,#1190);
#843=LINE('',#5846,#1191);
#844=LINE('',#5848,#1192);
#845=LINE('',#5849,#1193);
#846=LINE('',#5855,#1194);
#847=LINE('',#5857,#1195);
#848=LINE('',#5858,#1196);
#849=LINE('',#5864,#1197);
#850=LINE('',#5867,#1198);
#851=LINE('',#5870,#1199);
#852=LINE('',#5872,#1200);
#853=LINE('',#5873,#1201);
#854=LINE('',#5879,#1202);
#855=LINE('',#5882,#1203);
#856=LINE('',#5884,#1204);
#857=LINE('',#5885,#1205);
#858=LINE('',#5891,#1206);
#859=LINE('',#5894,#1207);
#860=LINE('',#5896,#1208);
#861=LINE('',#5897,#1209);
#862=LINE('',#5903,#1210);
#863=LINE('',#5905,#1211);
#864=LINE('',#5906,#1212);
#865=LINE('',#5910,#1213);
#866=LINE('',#5912,#1214);
#867=LINE('',#5914,#1215);
#868=LINE('',#5915,#1216);
#869=LINE('',#5921,#1217);
#870=LINE('',#5924,#1218);
#871=LINE('',#5926,#1219);
#872=LINE('',#5927,#1220);
#873=LINE('',#5933,#1221);
#874=LINE('',#5936,#1222);
#875=LINE('',#5938,#1223);
#876=LINE('',#5939,#1224);
#877=LINE('',#5945,#1225);
#878=LINE('',#5948,#1226);
#879=LINE('',#5950,#1227);
#880=LINE('',#5951,#1228);
#881=LINE('',#5958,#1229);
#882=LINE('',#5960,#1230);
#883=LINE('',#5962,#1231);
#884=LINE('',#5963,#1232);
#885=LINE('',#5966,#1233);
#886=LINE('',#5968,#1234);
#887=LINE('',#5969,#1235);
#888=LINE('',#5972,#1236);
#889=LINE('',#5974,#1237);
#890=LINE('',#5975,#1238);
#891=LINE('',#5977,#1239);
#892=LINE('',#5978,#1240);
#893=LINE('',#5984,#1241);
#894=LINE('',#5986,#1242);
#895=LINE('',#5988,#1243);
#896=LINE('',#5989,#1244);
#897=LINE('',#5992,#1245);
#898=LINE('',#5994,#1246);
#899=LINE('',#5995,#1247);
#900=LINE('',#5998,#1248);
#901=LINE('',#6000,#1249);
#902=LINE('',#6001,#1250);
#903=LINE('',#6003,#1251);
#904=LINE('',#6004,#1252);
#905=VECTOR('',#3938,10.);
#906=VECTOR('',#3941,10.);
#907=VECTOR('',#3944,10.);
#908=VECTOR('',#3945,10.);
#909=VECTOR('',#3946,10.);
#910=VECTOR('',#3953,10.);
#911=VECTOR('',#3956,10.);
#912=VECTOR('',#3957,10.);
#913=VECTOR('',#3958,10.);
#914=VECTOR('',#3965,10.);
#915=VECTOR('',#3968,10.);
#916=VECTOR('',#3969,10.);
#917=VECTOR('',#3970,10.);
#918=VECTOR('',#3977,10.);
#919=VECTOR('',#3980,10.);
#920=VECTOR('',#3981,10.);
#921=VECTOR('',#3984,10.);
#922=VECTOR('',#3985,10.);
#923=VECTOR('',#3986,10.);
#924=VECTOR('',#3987,10.);
#925=VECTOR('',#3994,10.);
#926=VECTOR('',#3997,10.);
#927=VECTOR('',#3998,10.);
#928=VECTOR('',#3999,10.);
#929=VECTOR('',#4006,10.);
#930=VECTOR('',#4009,10.);
#931=VECTOR('',#4010,10.);
#932=VECTOR('',#4011,10.);
#933=VECTOR('',#4018,10.);
#934=VECTOR('',#4021,10.);
#935=VECTOR('',#4022,10.);
#936=VECTOR('',#4023,10.);
#937=VECTOR('',#4032,10.);
#938=VECTOR('',#4033,10.);
#939=VECTOR('',#4034,10.);
#940=VECTOR('',#4035,10.);
#941=VECTOR('',#4042,10.);
#942=VECTOR('',#4045,10.);
#943=VECTOR('',#4046,10.);
#944=VECTOR('',#4047,10.);
#945=VECTOR('',#4054,10.);
#946=VECTOR('',#4057,10.);
#947=VECTOR('',#4058,10.);
#948=VECTOR('',#4059,10.);
#949=VECTOR('',#4066,10.);
#950=VECTOR('',#4069,10.);
#951=VECTOR('',#4070,10.);
#952=VECTOR('',#4071,10.);
#953=VECTOR('',#4080,10.);
#954=VECTOR('',#4081,10.);
#955=VECTOR('',#4082,10.);
#956=VECTOR('',#4083,10.);
#957=VECTOR('',#4090,10.);
#958=VECTOR('',#4093,10.);
#959=VECTOR('',#4094,10.);
#960=VECTOR('',#4095,10.);
#961=VECTOR('',#4102,10.);
#962=VECTOR('',#4105,10.);
#963=VECTOR('',#4106,10.);
#964=VECTOR('',#4107,10.);
#965=VECTOR('',#4114,10.);
#966=VECTOR('',#4117,10.);
#967=VECTOR('',#4118,10.);
#968=VECTOR('',#4119,10.);
#969=VECTOR('',#4128,10.);
#970=VECTOR('',#4129,10.);
#971=VECTOR('',#4130,10.);
#972=VECTOR('',#4131,10.);
#973=VECTOR('',#4138,10.);
#974=VECTOR('',#4141,10.);
#975=VECTOR('',#4142,10.);
#976=VECTOR('',#4143,10.);
#977=VECTOR('',#4150,10.);
#978=VECTOR('',#4153,10.);
#979=VECTOR('',#4154,10.);
#980=VECTOR('',#4155,10.);
#981=VECTOR('',#4162,10.);
#982=VECTOR('',#4165,10.);
#983=VECTOR('',#4166,10.);
#984=VECTOR('',#4167,10.);
#985=VECTOR('',#4178,1.2);
#986=VECTOR('',#4183,10.);
#987=VECTOR('',#4184,10.);
#988=VECTOR('',#4185,10.);
#989=VECTOR('',#4186,10.);
#990=VECTOR('',#4193,10.);
#991=VECTOR('',#4196,10.);
#992=VECTOR('',#4197,10.);
#993=VECTOR('',#4198,10.);
#994=VECTOR('',#4205,10.);
#995=VECTOR('',#4208,10.);
#996=VECTOR('',#4209,10.);
#997=VECTOR('',#4210,10.);
#998=VECTOR('',#4217,10.);
#999=VECTOR('',#4220,10.);
#1000=VECTOR('',#4221,10.);
#1001=VECTOR('',#4222,10.);
#1002=VECTOR('',#4231,10.);
#1003=VECTOR('',#4232,10.);
#1004=VECTOR('',#4233,10.);
#1005=VECTOR('',#4234,10.);
#1006=VECTOR('',#4241,10.);
#1007=VECTOR('',#4244,10.);
#1008=VECTOR('',#4245,10.);
#1009=VECTOR('',#4246,10.);
#1010=VECTOR('',#4253,10.);
#1011=VECTOR('',#4256,10.);
#1012=VECTOR('',#4257,10.);
#1013=VECTOR('',#4258,10.);
#1014=VECTOR('',#4265,10.);
#1015=VECTOR('',#4268,10.);
#1016=VECTOR('',#4269,10.);
#1017=VECTOR('',#4270,10.);
#1018=VECTOR('',#4279,10.);
#1019=VECTOR('',#4280,10.);
#1020=VECTOR('',#4281,10.);
#1021=VECTOR('',#4282,10.);
#1022=VECTOR('',#4289,10.);
#1023=VECTOR('',#4292,10.);
#1024=VECTOR('',#4293,10.);
#1025=VECTOR('',#4294,10.);
#1026=VECTOR('',#4301,10.);
#1027=VECTOR('',#4304,10.);
#1028=VECTOR('',#4305,10.);
#1029=VECTOR('',#4306,10.);
#1030=VECTOR('',#4313,10.);
#1031=VECTOR('',#4316,10.);
#1032=VECTOR('',#4317,10.);
#1033=VECTOR('',#4318,10.);
#1034=VECTOR('',#4327,10.);
#1035=VECTOR('',#4328,10.);
#1036=VECTOR('',#4329,10.);
#1037=VECTOR('',#4330,10.);
#1038=VECTOR('',#4337,10.);
#1039=VECTOR('',#4340,10.);
#1040=VECTOR('',#4341,10.);
#1041=VECTOR('',#4342,10.);
#1042=VECTOR('',#4349,10.);
#1043=VECTOR('',#4352,10.);
#1044=VECTOR('',#4353,10.);
#1045=VECTOR('',#4354,10.);
#1046=VECTOR('',#4361,10.);
#1047=VECTOR('',#4364,10.);
#1048=VECTOR('',#4365,10.);
#1049=VECTOR('',#4366,10.);
#1050=VECTOR('',#4375,10.);
#1051=VECTOR('',#4376,10.);
#1052=VECTOR('',#4377,10.);
#1053=VECTOR('',#4378,10.);
#1054=VECTOR('',#4385,10.);
#1055=VECTOR('',#4388,10.);
#1056=VECTOR('',#4389,10.);
#1057=VECTOR('',#4390,10.);
#1058=VECTOR('',#4397,10.);
#1059=VECTOR('',#4400,10.);
#1060=VECTOR('',#4401,10.);
#1061=VECTOR('',#4402,10.);
#1062=VECTOR('',#4409,10.);
#1063=VECTOR('',#4412,10.);
#1064=VECTOR('',#4413,10.);
#1065=VECTOR('',#4414,10.);
#1066=VECTOR('',#4423,10.);
#1067=VECTOR('',#4424,10.);
#1068=VECTOR('',#4425,10.);
#1069=VECTOR('',#4426,10.);
#1070=VECTOR('',#4433,10.);
#1071=VECTOR('',#4436,10.);
#1072=VECTOR('',#4437,10.);
#1073=VECTOR('',#4438,10.);
#1074=VECTOR('',#4445,10.);
#1075=VECTOR('',#4448,10.);
#1076=VECTOR('',#4449,10.);
#1077=VECTOR('',#4450,10.);
#1078=VECTOR('',#4457,10.);
#1079=VECTOR('',#4460,10.);
#1080=VECTOR('',#4461,10.);
#1081=VECTOR('',#4462,10.);
#1082=VECTOR('',#4471,10.);
#1083=VECTOR('',#4472,10.);
#1084=VECTOR('',#4473,10.);
#1085=VECTOR('',#4474,10.);
#1086=VECTOR('',#4481,10.);
#1087=VECTOR('',#4484,10.);
#1088=VECTOR('',#4485,10.);
#1089=VECTOR('',#4486,10.);
#1090=VECTOR('',#4493,10.);
#1091=VECTOR('',#4496,10.);
#1092=VECTOR('',#4497,10.);
#1093=VECTOR('',#4498,10.);
#1094=VECTOR('',#4505,10.);
#1095=VECTOR('',#4508,10.);
#1096=VECTOR('',#4509,10.);
#1097=VECTOR('',#4510,10.);
#1098=VECTOR('',#4521,10.);
#1099=VECTOR('',#4524,10.);
#1100=VECTOR('',#4527,10.);
#1101=VECTOR('',#4528,10.);
#1102=VECTOR('',#4529,10.);
#1103=VECTOR('',#4536,10.);
#1104=VECTOR('',#4539,10.);
#1105=VECTOR('',#4540,10.);
#1106=VECTOR('',#4541,10.);
#1107=VECTOR('',#4548,10.);
#1108=VECTOR('',#4551,10.);
#1109=VECTOR('',#4552,10.);
#1110=VECTOR('',#4553,10.);
#1111=VECTOR('',#4560,10.);
#1112=VECTOR('',#4563,10.);
#1113=VECTOR('',#4564,10.);
#1114=VECTOR('',#4567,10.);
#1115=VECTOR('',#4568,10.);
#1116=VECTOR('',#4569,10.);
#1117=VECTOR('',#4570,10.);
#1118=VECTOR('',#4577,10.);
#1119=VECTOR('',#4580,10.);
#1120=VECTOR('',#4581,10.);
#1121=VECTOR('',#4582,10.);
#1122=VECTOR('',#4589,10.);
#1123=VECTOR('',#4592,10.);
#1124=VECTOR('',#4593,10.);
#1125=VECTOR('',#4594,10.);
#1126=VECTOR('',#4601,10.);
#1127=VECTOR('',#4604,10.);
#1128=VECTOR('',#4605,10.);
#1129=VECTOR('',#4606,10.);
#1130=VECTOR('',#4615,10.);
#1131=VECTOR('',#4616,10.);
#1132=VECTOR('',#4617,10.);
#1133=VECTOR('',#4618,10.);
#1134=VECTOR('',#4625,10.);
#1135=VECTOR('',#4628,10.);
#1136=VECTOR('',#4629,10.);
#1137=VECTOR('',#4630,10.);
#1138=VECTOR('',#4637,10.);
#1139=VECTOR('',#4640,10.);
#1140=VECTOR('',#4641,10.);
#1141=VECTOR('',#4642,10.);
#1142=VECTOR('',#4649,10.);
#1143=VECTOR('',#4652,10.);
#1144=VECTOR('',#4653,10.);
#1145=VECTOR('',#4654,10.);
#1146=VECTOR('',#4665,1.2);
#1147=VECTOR('',#4672,1.2);
#1148=VECTOR('',#4679,1.2);
#1149=VECTOR('',#4684,10.);
#1150=VECTOR('',#4685,10.);
#1151=VECTOR('',#4686,10.);
#1152=VECTOR('',#4687,10.);
#1153=VECTOR('',#4694,10.);
#1154=VECTOR('',#4697,10.);
#1155=VECTOR('',#4698,10.);
#1156=VECTOR('',#4699,10.);
#1157=VECTOR('',#4706,10.);
#1158=VECTOR('',#4709,10.);
#1159=VECTOR('',#4710,10.);
#1160=VECTOR('',#4711,10.);
#1161=VECTOR('',#4718,10.);
#1162=VECTOR('',#4721,10.);
#1163=VECTOR('',#4722,10.);
#1164=VECTOR('',#4723,10.);
#1165=VECTOR('',#4732,10.);
#1166=VECTOR('',#4733,10.);
#1167=VECTOR('',#4734,10.);
#1168=VECTOR('',#4735,10.);
#1169=VECTOR('',#4742,10.);
#1170=VECTOR('',#4745,10.);
#1171=VECTOR('',#4746,10.);
#1172=VECTOR('',#4747,10.);
#1173=VECTOR('',#4754,10.);
#1174=VECTOR('',#4757,10.);
#1175=VECTOR('',#4758,10.);
#1176=VECTOR('',#4759,10.);
#1177=VECTOR('',#4766,10.);
#1178=VECTOR('',#4769,10.);
#1179=VECTOR('',#4770,10.);
#1180=VECTOR('',#4771,10.);
#1181=VECTOR('',#4782,10.);
#1182=VECTOR('',#4785,10.);
#1183=VECTOR('',#4788,10.);
#1184=VECTOR('',#4789,10.);
#1185=VECTOR('',#4790,10.);
#1186=VECTOR('',#4797,10.);
#1187=VECTOR('',#4800,10.);
#1188=VECTOR('',#4801,10.);
#1189=VECTOR('',#4802,10.);
#1190=VECTOR('',#4809,10.);
#1191=VECTOR('',#4812,10.);
#1192=VECTOR('',#4813,10.);
#1193=VECTOR('',#4814,10.);
#1194=VECTOR('',#4821,10.);
#1195=VECTOR('',#4824,10.);
#1196=VECTOR('',#4825,10.);
#1197=VECTOR('',#4830,10.);
#1198=VECTOR('',#4833,10.);
#1199=VECTOR('',#4836,10.);
#1200=VECTOR('',#4837,10.);
#1201=VECTOR('',#4838,10.);
#1202=VECTOR('',#4845,10.);
#1203=VECTOR('',#4848,10.);
#1204=VECTOR('',#4849,10.);
#1205=VECTOR('',#4850,10.);
#1206=VECTOR('',#4857,10.);
#1207=VECTOR('',#4860,10.);
#1208=VECTOR('',#4861,10.);
#1209=VECTOR('',#4862,10.);
#1210=VECTOR('',#4869,10.);
#1211=VECTOR('',#4872,10.);
#1212=VECTOR('',#4873,10.);
#1213=VECTOR('',#4876,10.);
#1214=VECTOR('',#4877,10.);
#1215=VECTOR('',#4878,10.);
#1216=VECTOR('',#4879,10.);
#1217=VECTOR('',#4886,10.);
#1218=VECTOR('',#4889,10.);
#1219=VECTOR('',#4890,10.);
#1220=VECTOR('',#4891,10.);
#1221=VECTOR('',#4898,10.);
#1222=VECTOR('',#4901,10.);
#1223=VECTOR('',#4902,10.);
#1224=VECTOR('',#4903,10.);
#1225=VECTOR('',#4910,10.);
#1226=VECTOR('',#4913,10.);
#1227=VECTOR('',#4914,10.);
#1228=VECTOR('',#4915,10.);
#1229=VECTOR('',#4924,10.);
#1230=VECTOR('',#4925,10.);
#1231=VECTOR('',#4926,10.);
#1232=VECTOR('',#4927,10.);
#1233=VECTOR('',#4930,10.);
#1234=VECTOR('',#4931,10.);
#1235=VECTOR('',#4932,10.);
#1236=VECTOR('',#4935,10.);
#1237=VECTOR('',#4936,10.);
#1238=VECTOR('',#4937,10.);
#1239=VECTOR('',#4940,10.);
#1240=VECTOR('',#4941,10.);
#1241=VECTOR('',#4948,10.);
#1242=VECTOR('',#4949,10.);
#1243=VECTOR('',#4950,10.);
#1244=VECTOR('',#4951,10.);
#1245=VECTOR('',#4954,10.);
#1246=VECTOR('',#4955,10.);
#1247=VECTOR('',#4956,10.);
#1248=VECTOR('',#4959,10.);
#1249=VECTOR('',#4960,10.);
#1250=VECTOR('',#4961,10.);
#1251=VECTOR('',#4964,10.);
#1252=VECTOR('',#4965,10.);
#1253=CIRCLE('',#3589,0.149999999999999);
#1254=CIRCLE('',#3590,0.149999999999999);
#1255=CIRCLE('',#3593,0.149999999999997);
#1256=CIRCLE('',#3594,0.149999999999997);
#1257=CIRCLE('',#3597,0.149999999999999);
#1258=CIRCLE('',#3598,0.149999999999999);
#1259=CIRCLE('',#3601,0.150000000000001);
#1260=CIRCLE('',#3602,0.150000000000001);
#1261=CIRCLE('',#3606,0.149999999999999);
#1262=CIRCLE('',#3607,0.149999999999999);
#1263=CIRCLE('',#3610,0.149999999999997);
#1264=CIRCLE('',#3611,0.149999999999997);
#1265=CIRCLE('',#3614,0.15);
#1266=CIRCLE('',#3615,0.15);
#1267=CIRCLE('',#3618,0.150000000000001);
#1268=CIRCLE('',#3619,0.150000000000001);
#1269=CIRCLE('',#3622,0.15);
#1270=CIRCLE('',#3623,0.15);
#1271=CIRCLE('',#3626,0.149999999999999);
#1272=CIRCLE('',#3627,0.149999999999999);
#1273=CIRCLE('',#3630,0.149999999999998);
#1274=CIRCLE('',#3631,0.149999999999998);
#1275=CIRCLE('',#3634,0.149999999999999);
#1276=CIRCLE('',#3635,0.149999999999999);
#1277=CIRCLE('',#3638,0.150000000000001);
#1278=CIRCLE('',#3639,0.150000000000001);
#1279=CIRCLE('',#3642,0.149999999999999);
#1280=CIRCLE('',#3643,0.149999999999999);
#1281=CIRCLE('',#3646,0.149999999999999);
#1282=CIRCLE('',#3647,0.149999999999999);
#1283=CIRCLE('',#3650,0.149999999999999);
#1284=CIRCLE('',#3651,0.149999999999999);
#1285=CIRCLE('',#3654,0.149999999999997);
#1286=CIRCLE('',#3655,0.149999999999997);
#1287=CIRCLE('',#3658,0.149999999999999);
#1288=CIRCLE('',#3659,0.149999999999999);
#1289=CIRCLE('',#3662,0.149999999999997);
#1290=CIRCLE('',#3663,0.149999999999997);
#1291=CIRCLE('',#3666,0.149999999999999);
#1292=CIRCLE('',#3667,0.149999999999999);
#1293=CIRCLE('',#3669,1.2);
#1294=CIRCLE('',#3670,1.2);
#1295=CIRCLE('',#3673,0.149999999999999);
#1296=CIRCLE('',#3674,0.149999999999999);
#1297=CIRCLE('',#3677,0.149999999999999);
#1298=CIRCLE('',#3678,0.149999999999999);
#1299=CIRCLE('',#3681,0.15);
#1300=CIRCLE('',#3682,0.15);
#1301=CIRCLE('',#3685,0.149999999999999);
#1302=CIRCLE('',#3686,0.149999999999999);
#1303=CIRCLE('',#3689,0.149999999999997);
#1304=CIRCLE('',#3690,0.149999999999997);
#1305=CIRCLE('',#3693,0.149999999999999);
#1306=CIRCLE('',#3694,0.149999999999999);
#1307=CIRCLE('',#3697,0.149999999999997);
#1308=CIRCLE('',#3698,0.149999999999997);
#1309=CIRCLE('',#3701,0.149999999999999);
#1310=CIRCLE('',#3702,0.149999999999999);
#1311=CIRCLE('',#3705,0.150000000000001);
#1312=CIRCLE('',#3706,0.150000000000001);
#1313=CIRCLE('',#3709,0.149999999999999);
#1314=CIRCLE('',#3710,0.149999999999999);
#1315=CIRCLE('',#3713,0.149999999999999);
#1316=CIRCLE('',#3714,0.149999999999999);
#1317=CIRCLE('',#3717,0.149999999999999);
#1318=CIRCLE('',#3718,0.149999999999999);
#1319=CIRCLE('',#3721,0.149999999999999);
#1320=CIRCLE('',#3722,0.149999999999999);
#1321=CIRCLE('',#3725,0.149999999999997);
#1322=CIRCLE('',#3726,0.149999999999997);
#1323=CIRCLE('',#3729,0.15);
#1324=CIRCLE('',#3730,0.15);
#1325=CIRCLE('',#3733,0.150000000000001);
#1326=CIRCLE('',#3734,0.150000000000001);
#1327=CIRCLE('',#3737,0.149999999999999);
#1328=CIRCLE('',#3738,0.149999999999999);
#1329=CIRCLE('',#3741,0.150000000000001);
#1330=CIRCLE('',#3742,0.150000000000001);
#1331=CIRCLE('',#3745,0.149999999999999);
#1332=CIRCLE('',#3746,0.149999999999999);
#1333=CIRCLE('',#3749,0.149999999999997);
#1334=CIRCLE('',#3750,0.149999999999997);
#1335=CIRCLE('',#3753,0.150000000000001);
#1336=CIRCLE('',#3754,0.150000000000001);
#1337=CIRCLE('',#3757,0.149999999999997);
#1338=CIRCLE('',#3758,0.149999999999997);
#1339=CIRCLE('',#3761,0.149999999999997);
#1340=CIRCLE('',#3762,0.149999999999997);
#1341=CIRCLE('',#3765,0.149999999999997);
#1342=CIRCLE('',#3766,0.149999999999997);
#1343=CIRCLE('',#3769,0.149999999999999);
#1344=CIRCLE('',#3770,0.149999999999999);
#1345=CIRCLE('',#3773,0.150000000000001);
#1346=CIRCLE('',#3774,0.150000000000001);
#1347=CIRCLE('',#3777,0.149999999999999);
#1348=CIRCLE('',#3778,0.149999999999999);
#1349=CIRCLE('',#3781,0.149999999999997);
#1350=CIRCLE('',#3782,0.149999999999997);
#1351=CIRCLE('',#3784,0.150000000000001);
#1352=CIRCLE('',#3785,0.150000000000001);
#1353=CIRCLE('',#3788,0.149999999999999);
#1354=CIRCLE('',#3789,0.149999999999999);
#1355=CIRCLE('',#3792,0.149999999999997);
#1356=CIRCLE('',#3793,0.149999999999997);
#1357=CIRCLE('',#3796,0.15);
#1358=CIRCLE('',#3797,0.15);
#1359=CIRCLE('',#3801,0.15);
#1360=CIRCLE('',#3802,0.15);
#1361=CIRCLE('',#3805,0.149999999999999);
#1362=CIRCLE('',#3806,0.149999999999999);
#1363=CIRCLE('',#3809,0.149999999999998);
#1364=CIRCLE('',#3810,0.149999999999998);
#1365=CIRCLE('',#3813,0.149999999999999);
#1366=CIRCLE('',#3814,0.149999999999999);
#1367=CIRCLE('',#3817,0.150000000000001);
#1368=CIRCLE('',#3818,0.150000000000001);
#1369=CIRCLE('',#3821,0.149999999999999);
#1370=CIRCLE('',#3822,0.149999999999999);
#1371=CIRCLE('',#3825,0.149999999999999);
#1372=CIRCLE('',#3826,0.149999999999999);
#1373=CIRCLE('',#3829,0.149999999999999);
#1374=CIRCLE('',#3830,0.149999999999999);
#1375=CIRCLE('',#3832,1.2);
#1376=CIRCLE('',#3833,1.2);
#1377=CIRCLE('',#3835,1.2);
#1378=CIRCLE('',#3836,1.2);
#1379=CIRCLE('',#3838,1.2);
#1380=CIRCLE('',#3839,1.2);
#1381=CIRCLE('',#3842,0.150000000000001);
#1382=CIRCLE('',#3843,0.150000000000001);
#1383=CIRCLE('',#3846,0.149999999999999);
#1384=CIRCLE('',#3847,0.149999999999999);
#1385=CIRCLE('',#3850,0.149999999999999);
#1386=CIRCLE('',#3851,0.149999999999999);
#1387=CIRCLE('',#3854,0.149999999999999);
#1388=CIRCLE('',#3855,0.149999999999999);
#1389=CIRCLE('',#3858,0.15);
#1390=CIRCLE('',#3859,0.15);
#1391=CIRCLE('',#3862,0.149999999999999);
#1392=CIRCLE('',#3863,0.149999999999999);
#1393=CIRCLE('',#3866,0.149999999999998);
#1394=CIRCLE('',#3867,0.149999999999998);
#1395=CIRCLE('',#3870,0.149999999999999);
#1396=CIRCLE('',#3871,0.149999999999999);
#1397=CIRCLE('',#3873,0.150000000000001);
#1398=CIRCLE('',#3874,0.150000000000001);
#1399=CIRCLE('',#3877,0.149999999999999);
#1400=CIRCLE('',#3878,0.149999999999999);
#1401=CIRCLE('',#3881,0.149999999999997);
#1402=CIRCLE('',#3882,0.149999999999997);
#1403=CIRCLE('',#3885,0.15);
#1404=CIRCLE('',#3886,0.15);
#1405=CIRCLE('',#3889,0.149999999999999);
#1406=CIRCLE('',#3890,0.149999999999999);
#1407=CIRCLE('',#3893,0.149999999999997);
#1408=CIRCLE('',#3894,0.149999999999997);
#1409=CIRCLE('',#3897,0.149999999999999);
#1410=CIRCLE('',#3898,0.149999999999999);
#1411=CIRCLE('',#3901,0.150000000000001);
#1412=CIRCLE('',#3902,0.150000000000001);
#1413=CIRCLE('',#3906,0.149999999999997);
#1414=CIRCLE('',#3907,0.149999999999997);
#1415=CIRCLE('',#3910,0.149999999999997);
#1416=CIRCLE('',#3911,0.149999999999997);
#1417=CIRCLE('',#3914,0.150000000000001);
#1418=CIRCLE('',#3915,0.150000000000001);
#1419=CIRCLE('',#3918,0.149999999999997);
#1420=CIRCLE('',#3919,0.149999999999997);
#1421=VERTEX_POINT('',#4972);
#1422=VERTEX_POINT('',#4973);
#1423=VERTEX_POINT('',#4975);
#1424=VERTEX_POINT('',#4977);
#1425=VERTEX_POINT('',#4981);
#1426=VERTEX_POINT('',#4983);
#1427=VERTEX_POINT('',#4987);
#1428=VERTEX_POINT('',#4989);
#1429=VERTEX_POINT('',#4993);
#1430=VERTEX_POINT('',#4995);
#1431=VERTEX_POINT('',#4999);
#1432=VERTEX_POINT('',#5001);
#1433=VERTEX_POINT('',#5005);
#1434=VERTEX_POINT('',#5007);
#1435=VERTEX_POINT('',#5011);
#1436=VERTEX_POINT('',#5013);
#1437=VERTEX_POINT('',#5020);
#1438=VERTEX_POINT('',#5021);
#1439=VERTEX_POINT('',#5023);
#1440=VERTEX_POINT('',#5025);
#1441=VERTEX_POINT('',#5029);
#1442=VERTEX_POINT('',#5031);
#1443=VERTEX_POINT('',#5035);
#1444=VERTEX_POINT('',#5037);
#1445=VERTEX_POINT('',#5041);
#1446=VERTEX_POINT('',#5043);
#1447=VERTEX_POINT('',#5047);
#1448=VERTEX_POINT('',#5049);
#1449=VERTEX_POINT('',#5053);
#1450=VERTEX_POINT('',#5055);
#1451=VERTEX_POINT('',#5059);
#1452=VERTEX_POINT('',#5061);
#1453=VERTEX_POINT('',#5068);
#1454=VERTEX_POINT('',#5069);
#1455=VERTEX_POINT('',#5071);
#1456=VERTEX_POINT('',#5073);
#1457=VERTEX_POINT('',#5077);
#1458=VERTEX_POINT('',#5079);
#1459=VERTEX_POINT('',#5083);
#1460=VERTEX_POINT('',#5085);
#1461=VERTEX_POINT('',#5089);
#1462=VERTEX_POINT('',#5091);
#1463=VERTEX_POINT('',#5095);
#1464=VERTEX_POINT('',#5097);
#1465=VERTEX_POINT('',#5101);
#1466=VERTEX_POINT('',#5103);
#1467=VERTEX_POINT('',#5107);
#1468=VERTEX_POINT('',#5109);
#1469=VERTEX_POINT('',#5116);
#1470=VERTEX_POINT('',#5117);
#1471=VERTEX_POINT('',#5119);
#1472=VERTEX_POINT('',#5121);
#1473=VERTEX_POINT('',#5125);
#1474=VERTEX_POINT('',#5127);
#1475=VERTEX_POINT('',#5131);
#1476=VERTEX_POINT('',#5133);
#1477=VERTEX_POINT('',#5137);
#1478=VERTEX_POINT('',#5139);
#1479=VERTEX_POINT('',#5143);
#1480=VERTEX_POINT('',#5145);
#1481=VERTEX_POINT('',#5149);
#1482=VERTEX_POINT('',#5151);
#1483=VERTEX_POINT('',#5155);
#1484=VERTEX_POINT('',#5157);
#1485=VERTEX_POINT('',#5164);
#1486=VERTEX_POINT('',#5165);
#1487=VERTEX_POINT('',#5167);
#1488=VERTEX_POINT('',#5169);
#1489=VERTEX_POINT('',#5173);
#1490=VERTEX_POINT('',#5175);
#1491=VERTEX_POINT('',#5179);
#1492=VERTEX_POINT('',#5181);
#1493=VERTEX_POINT('',#5185);
#1494=VERTEX_POINT('',#5187);
#1495=VERTEX_POINT('',#5191);
#1496=VERTEX_POINT('',#5193);
#1497=VERTEX_POINT('',#5197);
#1498=VERTEX_POINT('',#5199);
#1499=VERTEX_POINT('',#5203);
#1500=VERTEX_POINT('',#5205);
#1501=VERTEX_POINT('',#5212);
#1502=VERTEX_POINT('',#5214);
#1503=VERTEX_POINT('',#5218);
#1504=VERTEX_POINT('',#5219);
#1505=VERTEX_POINT('',#5221);
#1506=VERTEX_POINT('',#5223);
#1507=VERTEX_POINT('',#5227);
#1508=VERTEX_POINT('',#5229);
#1509=VERTEX_POINT('',#5233);
#1510=VERTEX_POINT('',#5235);
#1511=VERTEX_POINT('',#5239);
#1512=VERTEX_POINT('',#5241);
#1513=VERTEX_POINT('',#5245);
#1514=VERTEX_POINT('',#5247);
#1515=VERTEX_POINT('',#5251);
#1516=VERTEX_POINT('',#5253);
#1517=VERTEX_POINT('',#5257);
#1518=VERTEX_POINT('',#5259);
#1519=VERTEX_POINT('',#5266);
#1520=VERTEX_POINT('',#5267);
#1521=VERTEX_POINT('',#5269);
#1522=VERTEX_POINT('',#5271);
#1523=VERTEX_POINT('',#5275);
#1524=VERTEX_POINT('',#5277);
#1525=VERTEX_POINT('',#5281);
#1526=VERTEX_POINT('',#5283);
#1527=VERTEX_POINT('',#5287);
#1528=VERTEX_POINT('',#5289);
#1529=VERTEX_POINT('',#5293);
#1530=VERTEX_POINT('',#5295);
#1531=VERTEX_POINT('',#5299);
#1532=VERTEX_POINT('',#5301);
#1533=VERTEX_POINT('',#5305);
#1534=VERTEX_POINT('',#5307);
#1535=VERTEX_POINT('',#5314);
#1536=VERTEX_POINT('',#5315);
#1537=VERTEX_POINT('',#5317);
#1538=VERTEX_POINT('',#5319);
#1539=VERTEX_POINT('',#5323);
#1540=VERTEX_POINT('',#5325);
#1541=VERTEX_POINT('',#5329);
#1542=VERTEX_POINT('',#5331);
#1543=VERTEX_POINT('',#5335);
#1544=VERTEX_POINT('',#5337);
#1545=VERTEX_POINT('',#5341);
#1546=VERTEX_POINT('',#5343);
#1547=VERTEX_POINT('',#5347);
#1548=VERTEX_POINT('',#5349);
#1549=VERTEX_POINT('',#5353);
#1550=VERTEX_POINT('',#5355);
#1551=VERTEX_POINT('',#5362);
#1552=VERTEX_POINT('',#5363);
#1553=VERTEX_POINT('',#5365);
#1554=VERTEX_POINT('',#5367);
#1555=VERTEX_POINT('',#5371);
#1556=VERTEX_POINT('',#5373);
#1557=VERTEX_POINT('',#5377);
#1558=VERTEX_POINT('',#5379);
#1559=VERTEX_POINT('',#5383);
#1560=VERTEX_POINT('',#5385);
#1561=VERTEX_POINT('',#5389);
#1562=VERTEX_POINT('',#5391);
#1563=VERTEX_POINT('',#5395);
#1564=VERTEX_POINT('',#5397);
#1565=VERTEX_POINT('',#5401);
#1566=VERTEX_POINT('',#5403);
#1567=VERTEX_POINT('',#5410);
#1568=VERTEX_POINT('',#5411);
#1569=VERTEX_POINT('',#5413);
#1570=VERTEX_POINT('',#5415);
#1571=VERTEX_POINT('',#5419);
#1572=VERTEX_POINT('',#5421);
#1573=VERTEX_POINT('',#5425);
#1574=VERTEX_POINT('',#5427);
#1575=VERTEX_POINT('',#5431);
#1576=VERTEX_POINT('',#5433);
#1577=VERTEX_POINT('',#5437);
#1578=VERTEX_POINT('',#5439);
#1579=VERTEX_POINT('',#5443);
#1580=VERTEX_POINT('',#5445);
#1581=VERTEX_POINT('',#5449);
#1582=VERTEX_POINT('',#5451);
#1583=VERTEX_POINT('',#5458);
#1584=VERTEX_POINT('',#5459);
#1585=VERTEX_POINT('',#5461);
#1586=VERTEX_POINT('',#5463);
#1587=VERTEX_POINT('',#5467);
#1588=VERTEX_POINT('',#5469);
#1589=VERTEX_POINT('',#5473);
#1590=VERTEX_POINT('',#5475);
#1591=VERTEX_POINT('',#5479);
#1592=VERTEX_POINT('',#5481);
#1593=VERTEX_POINT('',#5485);
#1594=VERTEX_POINT('',#5487);
#1595=VERTEX_POINT('',#5491);
#1596=VERTEX_POINT('',#5493);
#1597=VERTEX_POINT('',#5497);
#1598=VERTEX_POINT('',#5499);
#1599=VERTEX_POINT('',#5506);
#1600=VERTEX_POINT('',#5507);
#1601=VERTEX_POINT('',#5509);
#1602=VERTEX_POINT('',#5511);
#1603=VERTEX_POINT('',#5515);
#1604=VERTEX_POINT('',#5517);
#1605=VERTEX_POINT('',#5521);
#1606=VERTEX_POINT('',#5523);
#1607=VERTEX_POINT('',#5527);
#1608=VERTEX_POINT('',#5529);
#1609=VERTEX_POINT('',#5533);
#1610=VERTEX_POINT('',#5535);
#1611=VERTEX_POINT('',#5539);
#1612=VERTEX_POINT('',#5541);
#1613=VERTEX_POINT('',#5545);
#1614=VERTEX_POINT('',#5547);
#1615=VERTEX_POINT('',#5554);
#1616=VERTEX_POINT('',#5555);
#1617=VERTEX_POINT('',#5557);
#1618=VERTEX_POINT('',#5559);
#1619=VERTEX_POINT('',#5563);
#1620=VERTEX_POINT('',#5565);
#1621=VERTEX_POINT('',#5569);
#1622=VERTEX_POINT('',#5571);
#1623=VERTEX_POINT('',#5575);
#1624=VERTEX_POINT('',#5577);
#1625=VERTEX_POINT('',#5581);
#1626=VERTEX_POINT('',#5583);
#1627=VERTEX_POINT('',#5587);
#1628=VERTEX_POINT('',#5589);
#1629=VERTEX_POINT('',#5593);
#1630=VERTEX_POINT('',#5595);
#1631=VERTEX_POINT('',#5602);
#1632=VERTEX_POINT('',#5603);
#1633=VERTEX_POINT('',#5605);
#1634=VERTEX_POINT('',#5607);
#1635=VERTEX_POINT('',#5611);
#1636=VERTEX_POINT('',#5613);
#1637=VERTEX_POINT('',#5617);
#1638=VERTEX_POINT('',#5619);
#1639=VERTEX_POINT('',#5623);
#1640=VERTEX_POINT('',#5625);
#1641=VERTEX_POINT('',#5629);
#1642=VERTEX_POINT('',#5631);
#1643=VERTEX_POINT('',#5635);
#1644=VERTEX_POINT('',#5637);
#1645=VERTEX_POINT('',#5641);
#1646=VERTEX_POINT('',#5643);
#1647=VERTEX_POINT('',#5650);
#1648=VERTEX_POINT('',#5651);
#1649=VERTEX_POINT('',#5653);
#1650=VERTEX_POINT('',#5655);
#1651=VERTEX_POINT('',#5659);
#1652=VERTEX_POINT('',#5661);
#1653=VERTEX_POINT('',#5665);
#1654=VERTEX_POINT('',#5667);
#1655=VERTEX_POINT('',#5671);
#1656=VERTEX_POINT('',#5673);
#1657=VERTEX_POINT('',#5677);
#1658=VERTEX_POINT('',#5679);
#1659=VERTEX_POINT('',#5683);
#1660=VERTEX_POINT('',#5685);
#1661=VERTEX_POINT('',#5689);
#1662=VERTEX_POINT('',#5691);
#1663=VERTEX_POINT('',#5698);
#1664=VERTEX_POINT('',#5700);
#1665=VERTEX_POINT('',#5704);
#1666=VERTEX_POINT('',#5706);
#1667=VERTEX_POINT('',#5710);
#1668=VERTEX_POINT('',#5712);
#1669=VERTEX_POINT('',#5716);
#1670=VERTEX_POINT('',#5717);
#1671=VERTEX_POINT('',#5719);
#1672=VERTEX_POINT('',#5721);
#1673=VERTEX_POINT('',#5725);
#1674=VERTEX_POINT('',#5727);
#1675=VERTEX_POINT('',#5731);
#1676=VERTEX_POINT('',#5733);
#1677=VERTEX_POINT('',#5737);
#1678=VERTEX_POINT('',#5739);
#1679=VERTEX_POINT('',#5743);
#1680=VERTEX_POINT('',#5745);
#1681=VERTEX_POINT('',#5749);
#1682=VERTEX_POINT('',#5751);
#1683=VERTEX_POINT('',#5755);
#1684=VERTEX_POINT('',#5757);
#1685=VERTEX_POINT('',#5764);
#1686=VERTEX_POINT('',#5765);
#1687=VERTEX_POINT('',#5767);
#1688=VERTEX_POINT('',#5769);
#1689=VERTEX_POINT('',#5773);
#1690=VERTEX_POINT('',#5775);
#1691=VERTEX_POINT('',#5779);
#1692=VERTEX_POINT('',#5781);
#1693=VERTEX_POINT('',#5785);
#1694=VERTEX_POINT('',#5787);
#1695=VERTEX_POINT('',#5791);
#1696=VERTEX_POINT('',#5793);
#1697=VERTEX_POINT('',#5797);
#1698=VERTEX_POINT('',#5799);
#1699=VERTEX_POINT('',#5803);
#1700=VERTEX_POINT('',#5805);
#1701=VERTEX_POINT('',#5812);
#1702=VERTEX_POINT('',#5813);
#1703=VERTEX_POINT('',#5815);
#1704=VERTEX_POINT('',#5817);
#1705=VERTEX_POINT('',#5821);
#1706=VERTEX_POINT('',#5823);
#1707=VERTEX_POINT('',#5827);
#1708=VERTEX_POINT('',#5829);
#1709=VERTEX_POINT('',#5833);
#1710=VERTEX_POINT('',#5835);
#1711=VERTEX_POINT('',#5839);
#1712=VERTEX_POINT('',#5841);
#1713=VERTEX_POINT('',#5845);
#1714=VERTEX_POINT('',#5847);
#1715=VERTEX_POINT('',#5851);
#1716=VERTEX_POINT('',#5853);
#1717=VERTEX_POINT('',#5860);
#1718=VERTEX_POINT('',#5861);
#1719=VERTEX_POINT('',#5863);
#1720=VERTEX_POINT('',#5865);
#1721=VERTEX_POINT('',#5869);
#1722=VERTEX_POINT('',#5871);
#1723=VERTEX_POINT('',#5875);
#1724=VERTEX_POINT('',#5877);
#1725=VERTEX_POINT('',#5881);
#1726=VERTEX_POINT('',#5883);
#1727=VERTEX_POINT('',#5887);
#1728=VERTEX_POINT('',#5889);
#1729=VERTEX_POINT('',#5893);
#1730=VERTEX_POINT('',#5895);
#1731=VERTEX_POINT('',#5899);
#1732=VERTEX_POINT('',#5901);
#1733=VERTEX_POINT('',#5908);
#1734=VERTEX_POINT('',#5909);
#1735=VERTEX_POINT('',#5911);
#1736=VERTEX_POINT('',#5913);
#1737=VERTEX_POINT('',#5917);
#1738=VERTEX_POINT('',#5919);
#1739=VERTEX_POINT('',#5923);
#1740=VERTEX_POINT('',#5925);
#1741=VERTEX_POINT('',#5929);
#1742=VERTEX_POINT('',#5931);
#1743=VERTEX_POINT('',#5935);
#1744=VERTEX_POINT('',#5937);
#1745=VERTEX_POINT('',#5941);
#1746=VERTEX_POINT('',#5943);
#1747=VERTEX_POINT('',#5947);
#1748=VERTEX_POINT('',#5949);
#1749=VERTEX_POINT('',#5956);
#1750=VERTEX_POINT('',#5957);
#1751=VERTEX_POINT('',#5959);
#1752=VERTEX_POINT('',#5961);
#1753=VERTEX_POINT('',#5965);
#1754=VERTEX_POINT('',#5967);
#1755=VERTEX_POINT('',#5971);
#1756=VERTEX_POINT('',#5973);
#1757=VERTEX_POINT('',#5982);
#1758=VERTEX_POINT('',#5983);
#1759=VERTEX_POINT('',#5985);
#1760=VERTEX_POINT('',#5987);
#1761=VERTEX_POINT('',#5991);
#1762=VERTEX_POINT('',#5993);
#1763=VERTEX_POINT('',#5997);
#1764=VERTEX_POINT('',#5999);
#1765=EDGE_CURVE('',#1421,#1422,#1253,.T.);
#1766=EDGE_CURVE('',#1423,#1421,#557,.T.);
#1767=EDGE_CURVE('',#1424,#1423,#1254,.T.);
#1768=EDGE_CURVE('',#1424,#1422,#558,.T.);
#1769=EDGE_CURVE('',#1422,#1425,#559,.T.);
#1770=EDGE_CURVE('',#1426,#1424,#560,.T.);
#1771=EDGE_CURVE('',#1426,#1425,#561,.T.);
#1772=EDGE_CURVE('',#1425,#1427,#1255,.T.);
#1773=EDGE_CURVE('',#1428,#1426,#1256,.T.);
#1774=EDGE_CURVE('',#1428,#1427,#562,.T.);
#1775=EDGE_CURVE('',#1427,#1429,#563,.T.);
#1776=EDGE_CURVE('',#1430,#1428,#564,.T.);
#1777=EDGE_CURVE('',#1430,#1429,#565,.T.);
#1778=EDGE_CURVE('',#1429,#1431,#1257,.T.);
#1779=EDGE_CURVE('',#1432,#1430,#1258,.T.);
#1780=EDGE_CURVE('',#1432,#1431,#566,.T.);
#1781=EDGE_CURVE('',#1431,#1433,#567,.T.);
#1782=EDGE_CURVE('',#1434,#1432,#568,.T.);
#1783=EDGE_CURVE('',#1434,#1433,#569,.T.);
#1784=EDGE_CURVE('',#1433,#1435,#1259,.T.);
#1785=EDGE_CURVE('',#1436,#1434,#1260,.T.);
#1786=EDGE_CURVE('',#1436,#1435,#570,.T.);
#1787=EDGE_CURVE('',#1435,#1421,#571,.T.);
#1788=EDGE_CURVE('',#1423,#1436,#572,.T.);
#1789=EDGE_CURVE('',#1437,#1438,#573,.T.);
#1790=EDGE_CURVE('',#1439,#1437,#574,.T.);
#1791=EDGE_CURVE('',#1440,#1439,#575,.T.);
#1792=EDGE_CURVE('',#1440,#1438,#576,.T.);
#1793=EDGE_CURVE('',#1438,#1441,#1261,.T.);
#1794=EDGE_CURVE('',#1442,#1440,#1262,.T.);
#1795=EDGE_CURVE('',#1442,#1441,#577,.T.);
#1796=EDGE_CURVE('',#1441,#1443,#578,.T.);
#1797=EDGE_CURVE('',#1444,#1442,#579,.T.);
#1798=EDGE_CURVE('',#1444,#1443,#580,.T.);
#1799=EDGE_CURVE('',#1443,#1445,#1263,.T.);
#1800=EDGE_CURVE('',#1446,#1444,#1264,.T.);
#1801=EDGE_CURVE('',#1446,#1445,#581,.T.);
#1802=EDGE_CURVE('',#1445,#1447,#582,.T.);
#1803=EDGE_CURVE('',#1448,#1446,#583,.T.);
#1804=EDGE_CURVE('',#1448,#1447,#584,.T.);
#1805=EDGE_CURVE('',#1447,#1449,#1265,.T.);
#1806=EDGE_CURVE('',#1450,#1448,#1266,.T.);
#1807=EDGE_CURVE('',#1450,#1449,#585,.T.);
#1808=EDGE_CURVE('',#1449,#1451,#586,.T.);
#1809=EDGE_CURVE('',#1452,#1450,#587,.T.);
#1810=EDGE_CURVE('',#1452,#1451,#588,.T.);
#1811=EDGE_CURVE('',#1451,#1437,#1267,.T.);
#1812=EDGE_CURVE('',#1439,#1452,#1268,.T.);
#1813=EDGE_CURVE('',#1453,#1454,#589,.T.);
#1814=EDGE_CURVE('',#1455,#1453,#590,.T.);
#1815=EDGE_CURVE('',#1456,#1455,#591,.T.);
#1816=EDGE_CURVE('',#1456,#1454,#592,.T.);
#1817=EDGE_CURVE('',#1454,#1457,#1269,.T.);
#1818=EDGE_CURVE('',#1458,#1456,#1270,.T.);
#1819=EDGE_CURVE('',#1458,#1457,#593,.T.);
#1820=EDGE_CURVE('',#1457,#1459,#594,.T.);
#1821=EDGE_CURVE('',#1460,#1458,#595,.T.);
#1822=EDGE_CURVE('',#1460,#1459,#596,.T.);
#1823=EDGE_CURVE('',#1459,#1461,#1271,.T.);
#1824=EDGE_CURVE('',#1462,#1460,#1272,.T.);
#1825=EDGE_CURVE('',#1462,#1461,#597,.T.);
#1826=EDGE_CURVE('',#1461,#1463,#598,.T.);
#1827=EDGE_CURVE('',#1464,#1462,#599,.T.);
#1828=EDGE_CURVE('',#1464,#1463,#600,.T.);
#1829=EDGE_CURVE('',#1463,#1465,#1273,.T.);
#1830=EDGE_CURVE('',#1466,#1464,#1274,.T.);
#1831=EDGE_CURVE('',#1466,#1465,#601,.T.);
#1832=EDGE_CURVE('',#1465,#1467,#602,.T.);
#1833=EDGE_CURVE('',#1468,#1466,#603,.T.);
#1834=EDGE_CURVE('',#1468,#1467,#604,.T.);
#1835=EDGE_CURVE('',#1467,#1453,#1275,.T.);
#1836=EDGE_CURVE('',#1455,#1468,#1276,.T.);
#1837=EDGE_CURVE('',#1469,#1470,#605,.T.);
#1838=EDGE_CURVE('',#1471,#1469,#606,.T.);
#1839=EDGE_CURVE('',#1472,#1471,#607,.T.);
#1840=EDGE_CURVE('',#1472,#1470,#608,.T.);
#1841=EDGE_CURVE('',#1470,#1473,#1277,.T.);
#1842=EDGE_CURVE('',#1474,#1472,#1278,.T.);
#1843=EDGE_CURVE('',#1474,#1473,#609,.T.);
#1844=EDGE_CURVE('',#1473,#1475,#610,.T.);
#1845=EDGE_CURVE('',#1476,#1474,#611,.T.);
#1846=EDGE_CURVE('',#1476,#1475,#612,.T.);
#1847=EDGE_CURVE('',#1475,#1477,#1279,.T.);
#1848=EDGE_CURVE('',#1478,#1476,#1280,.T.);
#1849=EDGE_CURVE('',#1478,#1477,#613,.T.);
#1850=EDGE_CURVE('',#1477,#1479,#614,.T.);
#1851=EDGE_CURVE('',#1480,#1478,#615,.T.);
#1852=EDGE_CURVE('',#1480,#1479,#616,.T.);
#1853=EDGE_CURVE('',#1479,#1481,#1281,.T.);
#1854=EDGE_CURVE('',#1482,#1480,#1282,.T.);
#1855=EDGE_CURVE('',#1482,#1481,#617,.T.);
#1856=EDGE_CURVE('',#1481,#1483,#618,.T.);
#1857=EDGE_CURVE('',#1484,#1482,#619,.T.);
#1858=EDGE_CURVE('',#1484,#1483,#620,.T.);
#1859=EDGE_CURVE('',#1483,#1469,#1283,.T.);
#1860=EDGE_CURVE('',#1471,#1484,#1284,.T.);
#1861=EDGE_CURVE('',#1485,#1486,#621,.T.);
#1862=EDGE_CURVE('',#1487,#1485,#622,.T.);
#1863=EDGE_CURVE('',#1488,#1487,#623,.T.);
#1864=EDGE_CURVE('',#1488,#1486,#624,.T.);
#1865=EDGE_CURVE('',#1486,#1489,#1285,.T.);
#1866=EDGE_CURVE('',#1490,#1488,#1286,.T.);
#1867=EDGE_CURVE('',#1490,#1489,#625,.T.);
#1868=EDGE_CURVE('',#1489,#1491,#626,.T.);
#1869=EDGE_CURVE('',#1492,#1490,#627,.T.);
#1870=EDGE_CURVE('',#1492,#1491,#628,.T.);
#1871=EDGE_CURVE('',#1491,#1493,#1287,.T.);
#1872=EDGE_CURVE('',#1494,#1492,#1288,.T.);
#1873=EDGE_CURVE('',#1494,#1493,#629,.T.);
#1874=EDGE_CURVE('',#1493,#1495,#630,.T.);
#1875=EDGE_CURVE('',#1496,#1494,#631,.T.);
#1876=EDGE_CURVE('',#1496,#1495,#632,.T.);
#1877=EDGE_CURVE('',#1495,#1497,#1289,.T.);
#1878=EDGE_CURVE('',#1498,#1496,#1290,.T.);
#1879=EDGE_CURVE('',#1498,#1497,#633,.T.);
#1880=EDGE_CURVE('',#1497,#1499,#634,.T.);
#1881=EDGE_CURVE('',#1500,#1498,#635,.T.);
#1882=EDGE_CURVE('',#1500,#1499,#636,.T.);
#1883=EDGE_CURVE('',#1499,#1485,#1291,.T.);
#1884=EDGE_CURVE('',#1487,#1500,#1292,.T.);
#1885=EDGE_CURVE('',#1501,#1501,#1293,.T.);
#1886=EDGE_CURVE('',#1501,#1502,#637,.T.);
#1887=EDGE_CURVE('',#1502,#1502,#1294,.T.);
#1888=EDGE_CURVE('',#1503,#1504,#638,.T.);
#1889=EDGE_CURVE('',#1505,#1503,#639,.T.);
#1890=EDGE_CURVE('',#1506,#1505,#640,.T.);
#1891=EDGE_CURVE('',#1506,#1504,#641,.T.);
#1892=EDGE_CURVE('',#1504,#1507,#1295,.T.);
#1893=EDGE_CURVE('',#1508,#1506,#1296,.T.);
#1894=EDGE_CURVE('',#1508,#1507,#642,.T.);
#1895=EDGE_CURVE('',#1507,#1509,#643,.T.);
#1896=EDGE_CURVE('',#1510,#1508,#644,.T.);
#1897=EDGE_CURVE('',#1510,#1509,#645,.T.);
#1898=EDGE_CURVE('',#1509,#1511,#1297,.T.);
#1899=EDGE_CURVE('',#1512,#1510,#1298,.T.);
#1900=EDGE_CURVE('',#1512,#1511,#646,.T.);
#1901=EDGE_CURVE('',#1511,#1513,#647,.T.);
#1902=EDGE_CURVE('',#1514,#1512,#648,.T.);
#1903=EDGE_CURVE('',#1514,#1513,#649,.T.);
#1904=EDGE_CURVE('',#1513,#1515,#1299,.T.);
#1905=EDGE_CURVE('',#1516,#1514,#1300,.T.);
#1906=EDGE_CURVE('',#1516,#1515,#650,.T.);
#1907=EDGE_CURVE('',#1515,#1517,#651,.T.);
#1908=EDGE_CURVE('',#1518,#1516,#652,.T.);
#1909=EDGE_CURVE('',#1518,#1517,#653,.T.);
#1910=EDGE_CURVE('',#1517,#1503,#1301,.T.);
#1911=EDGE_CURVE('',#1505,#1518,#1302,.T.);
#1912=EDGE_CURVE('',#1519,#1520,#654,.T.);
#1913=EDGE_CURVE('',#1521,#1519,#655,.T.);
#1914=EDGE_CURVE('',#1522,#1521,#656,.T.);
#1915=EDGE_CURVE('',#1522,#1520,#657,.T.);
#1916=EDGE_CURVE('',#1520,#1523,#1303,.T.);
#1917=EDGE_CURVE('',#1524,#1522,#1304,.T.);
#1918=EDGE_CURVE('',#1524,#1523,#658,.T.);
#1919=EDGE_CURVE('',#1523,#1525,#659,.T.);
#1920=EDGE_CURVE('',#1526,#1524,#660,.T.);
#1921=EDGE_CURVE('',#1526,#1525,#661,.T.);
#1922=EDGE_CURVE('',#1525,#1527,#1305,.T.);
#1923=EDGE_CURVE('',#1528,#1526,#1306,.T.);
#1924=EDGE_CURVE('',#1528,#1527,#662,.T.);
#1925=EDGE_CURVE('',#1527,#1529,#663,.T.);
#1926=EDGE_CURVE('',#1530,#1528,#664,.T.);
#1927=EDGE_CURVE('',#1530,#1529,#665,.T.);
#1928=EDGE_CURVE('',#1529,#1531,#1307,.T.);
#1929=EDGE_CURVE('',#1532,#1530,#1308,.T.);
#1930=EDGE_CURVE('',#1532,#1531,#666,.T.);
#1931=EDGE_CURVE('',#1531,#1533,#667,.T.);
#1932=EDGE_CURVE('',#1534,#1532,#668,.T.);
#1933=EDGE_CURVE('',#1534,#1533,#669,.T.);
#1934=EDGE_CURVE('',#1533,#1519,#1309,.T.);
#1935=EDGE_CURVE('',#1521,#1534,#1310,.T.);
#1936=EDGE_CURVE('',#1535,#1536,#670,.T.);
#1937=EDGE_CURVE('',#1537,#1535,#671,.T.);
#1938=EDGE_CURVE('',#1538,#1537,#672,.T.);
#1939=EDGE_CURVE('',#1538,#1536,#673,.T.);
#1940=EDGE_CURVE('',#1536,#1539,#1311,.T.);
#1941=EDGE_CURVE('',#1540,#1538,#1312,.T.);
#1942=EDGE_CURVE('',#1540,#1539,#674,.T.);
#1943=EDGE_CURVE('',#1539,#1541,#675,.T.);
#1944=EDGE_CURVE('',#1542,#1540,#676,.T.);
#1945=EDGE_CURVE('',#1542,#1541,#677,.T.);
#1946=EDGE_CURVE('',#1541,#1543,#1313,.T.);
#1947=EDGE_CURVE('',#1544,#1542,#1314,.T.);
#1948=EDGE_CURVE('',#1544,#1543,#678,.T.);
#1949=EDGE_CURVE('',#1543,#1545,#679,.T.);
#1950=EDGE_CURVE('',#1546,#1544,#680,.T.);
#1951=EDGE_CURVE('',#1546,#1545,#681,.T.);
#1952=EDGE_CURVE('',#1545,#1547,#1315,.T.);
#1953=EDGE_CURVE('',#1548,#1546,#1316,.T.);
#1954=EDGE_CURVE('',#1548,#1547,#682,.T.);
#1955=EDGE_CURVE('',#1547,#1549,#683,.T.);
#1956=EDGE_CURVE('',#1550,#1548,#684,.T.);
#1957=EDGE_CURVE('',#1550,#1549,#685,.T.);
#1958=EDGE_CURVE('',#1549,#1535,#1317,.T.);
#1959=EDGE_CURVE('',#1537,#1550,#1318,.T.);
#1960=EDGE_CURVE('',#1551,#1552,#686,.T.);
#1961=EDGE_CURVE('',#1553,#1551,#687,.T.);
#1962=EDGE_CURVE('',#1554,#1553,#688,.T.);
#1963=EDGE_CURVE('',#1554,#1552,#689,.T.);
#1964=EDGE_CURVE('',#1552,#1555,#1319,.T.);
#1965=EDGE_CURVE('',#1556,#1554,#1320,.T.);
#1966=EDGE_CURVE('',#1556,#1555,#690,.T.);
#1967=EDGE_CURVE('',#1555,#1557,#691,.T.);
#1968=EDGE_CURVE('',#1558,#1556,#692,.T.);
#1969=EDGE_CURVE('',#1558,#1557,#693,.T.);
#1970=EDGE_CURVE('',#1557,#1559,#1321,.T.);
#1971=EDGE_CURVE('',#1560,#1558,#1322,.T.);
#1972=EDGE_CURVE('',#1560,#1559,#694,.T.);
#1973=EDGE_CURVE('',#1559,#1561,#695,.T.);
#1974=EDGE_CURVE('',#1562,#1560,#696,.T.);
#1975=EDGE_CURVE('',#1562,#1561,#697,.T.);
#1976=EDGE_CURVE('',#1561,#1563,#1323,.T.);
#1977=EDGE_CURVE('',#1564,#1562,#1324,.T.);
#1978=EDGE_CURVE('',#1564,#1563,#698,.T.);
#1979=EDGE_CURVE('',#1563,#1565,#699,.T.);
#1980=EDGE_CURVE('',#1566,#1564,#700,.T.);
#1981=EDGE_CURVE('',#1566,#1565,#701,.T.);
#1982=EDGE_CURVE('',#1565,#1551,#1325,.T.);
#1983=EDGE_CURVE('',#1553,#1566,#1326,.T.);
#1984=EDGE_CURVE('',#1567,#1568,#702,.T.);
#1985=EDGE_CURVE('',#1569,#1567,#703,.T.);
#1986=EDGE_CURVE('',#1570,#1569,#704,.T.);
#1987=EDGE_CURVE('',#1570,#1568,#705,.T.);
#1988=EDGE_CURVE('',#1568,#1571,#1327,.T.);
#1989=EDGE_CURVE('',#1572,#1570,#1328,.T.);
#1990=EDGE_CURVE('',#1572,#1571,#706,.T.);
#1991=EDGE_CURVE('',#1571,#1573,#707,.T.);
#1992=EDGE_CURVE('',#1574,#1572,#708,.T.);
#1993=EDGE_CURVE('',#1574,#1573,#709,.T.);
#1994=EDGE_CURVE('',#1573,#1575,#1329,.T.);
#1995=EDGE_CURVE('',#1576,#1574,#1330,.T.);
#1996=EDGE_CURVE('',#1576,#1575,#710,.T.);
#1997=EDGE_CURVE('',#1575,#1577,#711,.T.);
#1998=EDGE_CURVE('',#1578,#1576,#712,.T.);
#1999=EDGE_CURVE('',#1578,#1577,#713,.T.);
#2000=EDGE_CURVE('',#1577,#1579,#1331,.T.);
#2001=EDGE_CURVE('',#1580,#1578,#1332,.T.);
#2002=EDGE_CURVE('',#1580,#1579,#714,.T.);
#2003=EDGE_CURVE('',#1579,#1581,#715,.T.);
#2004=EDGE_CURVE('',#1582,#1580,#716,.T.);
#2005=EDGE_CURVE('',#1582,#1581,#717,.T.);
#2006=EDGE_CURVE('',#1581,#1567,#1333,.T.);
#2007=EDGE_CURVE('',#1569,#1582,#1334,.T.);
#2008=EDGE_CURVE('',#1583,#1584,#718,.T.);
#2009=EDGE_CURVE('',#1585,#1583,#719,.T.);
#2010=EDGE_CURVE('',#1586,#1585,#720,.T.);
#2011=EDGE_CURVE('',#1586,#1584,#721,.T.);
#2012=EDGE_CURVE('',#1584,#1587,#1335,.T.);
#2013=EDGE_CURVE('',#1588,#1586,#1336,.T.);
#2014=EDGE_CURVE('',#1588,#1587,#722,.T.);
#2015=EDGE_CURVE('',#1587,#1589,#723,.T.);
#2016=EDGE_CURVE('',#1590,#1588,#724,.T.);
#2017=EDGE_CURVE('',#1590,#1589,#725,.T.);
#2018=EDGE_CURVE('',#1589,#1591,#1337,.T.);
#2019=EDGE_CURVE('',#1592,#1590,#1338,.T.);
#2020=EDGE_CURVE('',#1592,#1591,#726,.T.);
#2021=EDGE_CURVE('',#1591,#1593,#727,.T.);
#2022=EDGE_CURVE('',#1594,#1592,#728,.T.);
#2023=EDGE_CURVE('',#1594,#1593,#729,.T.);
#2024=EDGE_CURVE('',#1593,#1595,#1339,.T.);
#2025=EDGE_CURVE('',#1596,#1594,#1340,.T.);
#2026=EDGE_CURVE('',#1596,#1595,#730,.T.);
#2027=EDGE_CURVE('',#1595,#1597,#731,.T.);
#2028=EDGE_CURVE('',#1598,#1596,#732,.T.);
#2029=EDGE_CURVE('',#1598,#1597,#733,.T.);
#2030=EDGE_CURVE('',#1597,#1583,#1341,.T.);
#2031=EDGE_CURVE('',#1585,#1598,#1342,.T.);
#2032=EDGE_CURVE('',#1599,#1600,#734,.T.);
#2033=EDGE_CURVE('',#1601,#1599,#735,.T.);
#2034=EDGE_CURVE('',#1602,#1601,#736,.T.);
#2035=EDGE_CURVE('',#1602,#1600,#737,.T.);
#2036=EDGE_CURVE('',#1600,#1603,#1343,.T.);
#2037=EDGE_CURVE('',#1604,#1602,#1344,.T.);
#2038=EDGE_CURVE('',#1604,#1603,#738,.T.);
#2039=EDGE_CURVE('',#1603,#1605,#739,.T.);
#2040=EDGE_CURVE('',#1606,#1604,#740,.T.);
#2041=EDGE_CURVE('',#1606,#1605,#741,.T.);
#2042=EDGE_CURVE('',#1605,#1607,#1345,.T.);
#2043=EDGE_CURVE('',#1608,#1606,#1346,.T.);
#2044=EDGE_CURVE('',#1608,#1607,#742,.T.);
#2045=EDGE_CURVE('',#1607,#1609,#743,.T.);
#2046=EDGE_CURVE('',#1610,#1608,#744,.T.);
#2047=EDGE_CURVE('',#1610,#1609,#745,.T.);
#2048=EDGE_CURVE('',#1609,#1611,#1347,.T.);
#2049=EDGE_CURVE('',#1612,#1610,#1348,.T.);
#2050=EDGE_CURVE('',#1612,#1611,#746,.T.);
#2051=EDGE_CURVE('',#1611,#1613,#747,.T.);
#2052=EDGE_CURVE('',#1614,#1612,#748,.T.);
#2053=EDGE_CURVE('',#1614,#1613,#749,.T.);
#2054=EDGE_CURVE('',#1613,#1599,#1349,.T.);
#2055=EDGE_CURVE('',#1601,#1614,#1350,.T.);
#2056=EDGE_CURVE('',#1615,#1616,#1351,.T.);
#2057=EDGE_CURVE('',#1617,#1615,#750,.T.);
#2058=EDGE_CURVE('',#1618,#1617,#1352,.T.);
#2059=EDGE_CURVE('',#1618,#1616,#751,.T.);
#2060=EDGE_CURVE('',#1616,#1619,#752,.T.);
#2061=EDGE_CURVE('',#1620,#1618,#753,.T.);
#2062=EDGE_CURVE('',#1620,#1619,#754,.T.);
#2063=EDGE_CURVE('',#1619,#1621,#1353,.T.);
#2064=EDGE_CURVE('',#1622,#1620,#1354,.T.);
#2065=EDGE_CURVE('',#1622,#1621,#755,.T.);
#2066=EDGE_CURVE('',#1621,#1623,#756,.T.);
#2067=EDGE_CURVE('',#1624,#1622,#757,.T.);
#2068=EDGE_CURVE('',#1624,#1623,#758,.T.);
#2069=EDGE_CURVE('',#1623,#1625,#1355,.T.);
#2070=EDGE_CURVE('',#1626,#1624,#1356,.T.);
#2071=EDGE_CURVE('',#1626,#1625,#759,.T.);
#2072=EDGE_CURVE('',#1625,#1627,#760,.T.);
#2073=EDGE_CURVE('',#1628,#1626,#761,.T.);
#2074=EDGE_CURVE('',#1628,#1627,#762,.T.);
#2075=EDGE_CURVE('',#1627,#1629,#1357,.T.);
#2076=EDGE_CURVE('',#1630,#1628,#1358,.T.);
#2077=EDGE_CURVE('',#1630,#1629,#763,.T.);
#2078=EDGE_CURVE('',#1629,#1615,#764,.T.);
#2079=EDGE_CURVE('',#1617,#1630,#765,.T.);
#2080=EDGE_CURVE('',#1631,#1632,#766,.T.);
#2081=EDGE_CURVE('',#1633,#1631,#767,.T.);
#2082=EDGE_CURVE('',#1634,#1633,#768,.T.);
#2083=EDGE_CURVE('',#1634,#1632,#769,.T.);
#2084=EDGE_CURVE('',#1632,#1635,#1359,.T.);
#2085=EDGE_CURVE('',#1636,#1634,#1360,.T.);
#2086=EDGE_CURVE('',#1636,#1635,#770,.T.);
#2087=EDGE_CURVE('',#1635,#1637,#771,.T.);
#2088=EDGE_CURVE('',#1638,#1636,#772,.T.);
#2089=EDGE_CURVE('',#1638,#1637,#773,.T.);
#2090=EDGE_CURVE('',#1637,#1639,#1361,.T.);
#2091=EDGE_CURVE('',#1640,#1638,#1362,.T.);
#2092=EDGE_CURVE('',#1640,#1639,#774,.T.);
#2093=EDGE_CURVE('',#1639,#1641,#775,.T.);
#2094=EDGE_CURVE('',#1642,#1640,#776,.T.);
#2095=EDGE_CURVE('',#1642,#1641,#777,.T.);
#2096=EDGE_CURVE('',#1641,#1643,#1363,.T.);
#2097=EDGE_CURVE('',#1644,#1642,#1364,.T.);
#2098=EDGE_CURVE('',#1644,#1643,#778,.T.);
#2099=EDGE_CURVE('',#1643,#1645,#779,.T.);
#2100=EDGE_CURVE('',#1646,#1644,#780,.T.);
#2101=EDGE_CURVE('',#1646,#1645,#781,.T.);
#2102=EDGE_CURVE('',#1645,#1631,#1365,.T.);
#2103=EDGE_CURVE('',#1633,#1646,#1366,.T.);
#2104=EDGE_CURVE('',#1647,#1648,#782,.T.);
#2105=EDGE_CURVE('',#1649,#1647,#783,.T.);
#2106=EDGE_CURVE('',#1650,#1649,#784,.T.);
#2107=EDGE_CURVE('',#1650,#1648,#785,.T.);
#2108=EDGE_CURVE('',#1648,#1651,#1367,.T.);
#2109=EDGE_CURVE('',#1652,#1650,#1368,.T.);
#2110=EDGE_CURVE('',#1652,#1651,#786,.T.);
#2111=EDGE_CURVE('',#1651,#1653,#787,.T.);
#2112=EDGE_CURVE('',#1654,#1652,#788,.T.);
#2113=EDGE_CURVE('',#1654,#1653,#789,.T.);
#2114=EDGE_CURVE('',#1653,#1655,#1369,.T.);
#2115=EDGE_CURVE('',#1656,#1654,#1370,.T.);
#2116=EDGE_CURVE('',#1656,#1655,#790,.T.);
#2117=EDGE_CURVE('',#1655,#1657,#791,.T.);
#2118=EDGE_CURVE('',#1658,#1656,#792,.T.);
#2119=EDGE_CURVE('',#1658,#1657,#793,.T.);
#2120=EDGE_CURVE('',#1657,#1659,#1371,.T.);
#2121=EDGE_CURVE('',#1660,#1658,#1372,.T.);
#2122=EDGE_CURVE('',#1660,#1659,#794,.T.);
#2123=EDGE_CURVE('',#1659,#1661,#795,.T.);
#2124=EDGE_CURVE('',#1662,#1660,#796,.T.);
#2125=EDGE_CURVE('',#1662,#1661,#797,.T.);
#2126=EDGE_CURVE('',#1661,#1647,#1373,.T.);
#2127=EDGE_CURVE('',#1649,#1662,#1374,.T.);
#2128=EDGE_CURVE('',#1663,#1663,#1375,.T.);
#2129=EDGE_CURVE('',#1663,#1664,#798,.T.);
#2130=EDGE_CURVE('',#1664,#1664,#1376,.T.);
#2131=EDGE_CURVE('',#1665,#1665,#1377,.T.);
#2132=EDGE_CURVE('',#1665,#1666,#799,.T.);
#2133=EDGE_CURVE('',#1666,#1666,#1378,.T.);
#2134=EDGE_CURVE('',#1667,#1667,#1379,.T.);
#2135=EDGE_CURVE('',#1667,#1668,#800,.T.);
#2136=EDGE_CURVE('',#1668,#1668,#1380,.T.);
#2137=EDGE_CURVE('',#1669,#1670,#801,.T.);
#2138=EDGE_CURVE('',#1671,#1669,#802,.T.);
#2139=EDGE_CURVE('',#1672,#1671,#803,.T.);
#2140=EDGE_CURVE('',#1672,#1670,#804,.T.);
#2141=EDGE_CURVE('',#1670,#1673,#1381,.T.);
#2142=EDGE_CURVE('',#1674,#1672,#1382,.T.);
#2143=EDGE_CURVE('',#1674,#1673,#805,.T.);
#2144=EDGE_CURVE('',#1673,#1675,#806,.T.);
#2145=EDGE_CURVE('',#1676,#1674,#807,.T.);
#2146=EDGE_CURVE('',#1676,#1675,#808,.T.);
#2147=EDGE_CURVE('',#1675,#1677,#1383,.T.);
#2148=EDGE_CURVE('',#1678,#1676,#1384,.T.);
#2149=EDGE_CURVE('',#1678,#1677,#809,.T.);
#2150=EDGE_CURVE('',#1677,#1679,#810,.T.);
#2151=EDGE_CURVE('',#1680,#1678,#811,.T.);
#2152=EDGE_CURVE('',#1680,#1679,#812,.T.);
#2153=EDGE_CURVE('',#1679,#1681,#1385,.T.);
#2154=EDGE_CURVE('',#1682,#1680,#1386,.T.);
#2155=EDGE_CURVE('',#1682,#1681,#813,.T.);
#2156=EDGE_CURVE('',#1681,#1683,#814,.T.);
#2157=EDGE_CURVE('',#1684,#1682,#815,.T.);
#2158=EDGE_CURVE('',#1684,#1683,#816,.T.);
#2159=EDGE_CURVE('',#1683,#1669,#1387,.T.);
#2160=EDGE_CURVE('',#1671,#1684,#1388,.T.);
#2161=EDGE_CURVE('',#1685,#1686,#817,.T.);
#2162=EDGE_CURVE('',#1687,#1685,#818,.T.);
#2163=EDGE_CURVE('',#1688,#1687,#819,.T.);
#2164=EDGE_CURVE('',#1688,#1686,#820,.T.);
#2165=EDGE_CURVE('',#1686,#1689,#1389,.T.);
#2166=EDGE_CURVE('',#1690,#1688,#1390,.T.);
#2167=EDGE_CURVE('',#1690,#1689,#821,.T.);
#2168=EDGE_CURVE('',#1689,#1691,#822,.T.);
#2169=EDGE_CURVE('',#1692,#1690,#823,.T.);
#2170=EDGE_CURVE('',#1692,#1691,#824,.T.);
#2171=EDGE_CURVE('',#1691,#1693,#1391,.T.);
#2172=EDGE_CURVE('',#1694,#1692,#1392,.T.);
#2173=EDGE_CURVE('',#1694,#1693,#825,.T.);
#2174=EDGE_CURVE('',#1693,#1695,#826,.T.);
#2175=EDGE_CURVE('',#1696,#1694,#827,.T.);
#2176=EDGE_CURVE('',#1696,#1695,#828,.T.);
#2177=EDGE_CURVE('',#1695,#1697,#1393,.T.);
#2178=EDGE_CURVE('',#1698,#1696,#1394,.T.);
#2179=EDGE_CURVE('',#1698,#1697,#829,.T.);
#2180=EDGE_CURVE('',#1697,#1699,#830,.T.);
#2181=EDGE_CURVE('',#1700,#1698,#831,.T.);
#2182=EDGE_CURVE('',#1700,#1699,#832,.T.);
#2183=EDGE_CURVE('',#1699,#1685,#1395,.T.);
#2184=EDGE_CURVE('',#1687,#1700,#1396,.T.);
#2185=EDGE_CURVE('',#1701,#1702,#1397,.T.);
#2186=EDGE_CURVE('',#1703,#1701,#833,.T.);
#2187=EDGE_CURVE('',#1704,#1703,#1398,.T.);
#2188=EDGE_CURVE('',#1704,#1702,#834,.T.);
#2189=EDGE_CURVE('',#1702,#1705,#835,.T.);
#2190=EDGE_CURVE('',#1706,#1704,#836,.T.);
#2191=EDGE_CURVE('',#1706,#1705,#837,.T.);
#2192=EDGE_CURVE('',#1705,#1707,#1399,.T.);
#2193=EDGE_CURVE('',#1708,#1706,#1400,.T.);
#2194=EDGE_CURVE('',#1708,#1707,#838,.T.);
#2195=EDGE_CURVE('',#1707,#1709,#839,.T.);
#2196=EDGE_CURVE('',#1710,#1708,#840,.T.);
#2197=EDGE_CURVE('',#1710,#1709,#841,.T.);
#2198=EDGE_CURVE('',#1709,#1711,#1401,.T.);
#2199=EDGE_CURVE('',#1712,#1710,#1402,.T.);
#2200=EDGE_CURVE('',#1712,#1711,#842,.T.);
#2201=EDGE_CURVE('',#1711,#1713,#843,.T.);
#2202=EDGE_CURVE('',#1714,#1712,#844,.T.);
#2203=EDGE_CURVE('',#1714,#1713,#845,.T.);
#2204=EDGE_CURVE('',#1713,#1715,#1403,.T.);
#2205=EDGE_CURVE('',#1716,#1714,#1404,.T.);
#2206=EDGE_CURVE('',#1716,#1715,#846,.T.);
#2207=EDGE_CURVE('',#1715,#1701,#847,.T.);
#2208=EDGE_CURVE('',#1703,#1716,#848,.T.);
#2209=EDGE_CURVE('',#1717,#1718,#1405,.T.);
#2210=EDGE_CURVE('',#1719,#1717,#849,.T.);
#2211=EDGE_CURVE('',#1720,#1719,#1406,.T.);
#2212=EDGE_CURVE('',#1720,#1718,#850,.T.);
#2213=EDGE_CURVE('',#1718,#1721,#851,.T.);
#2214=EDGE_CURVE('',#1722,#1720,#852,.T.);
#2215=EDGE_CURVE('',#1722,#1721,#853,.T.);
#2216=EDGE_CURVE('',#1721,#1723,#1407,.T.);
#2217=EDGE_CURVE('',#1724,#1722,#1408,.T.);
#2218=EDGE_CURVE('',#1724,#1723,#854,.T.);
#2219=EDGE_CURVE('',#1723,#1725,#855,.T.);
#2220=EDGE_CURVE('',#1726,#1724,#856,.T.);
#2221=EDGE_CURVE('',#1726,#1725,#857,.T.);
#2222=EDGE_CURVE('',#1725,#1727,#1409,.T.);
#2223=EDGE_CURVE('',#1728,#1726,#1410,.T.);
#2224=EDGE_CURVE('',#1728,#1727,#858,.T.);
#2225=EDGE_CURVE('',#1727,#1729,#859,.T.);
#2226=EDGE_CURVE('',#1730,#1728,#860,.T.);
#2227=EDGE_CURVE('',#1730,#1729,#861,.T.);
#2228=EDGE_CURVE('',#1729,#1731,#1411,.T.);
#2229=EDGE_CURVE('',#1732,#1730,#1412,.T.);
#2230=EDGE_CURVE('',#1732,#1731,#862,.T.);
#2231=EDGE_CURVE('',#1731,#1717,#863,.T.);
#2232=EDGE_CURVE('',#1719,#1732,#864,.T.);
#2233=EDGE_CURVE('',#1733,#1734,#865,.T.);
#2234=EDGE_CURVE('',#1735,#1733,#866,.T.);
#2235=EDGE_CURVE('',#1736,#1735,#867,.T.);
#2236=EDGE_CURVE('',#1736,#1734,#868,.T.);
#2237=EDGE_CURVE('',#1734,#1737,#1413,.T.);
#2238=EDGE_CURVE('',#1738,#1736,#1414,.T.);
#2239=EDGE_CURVE('',#1738,#1737,#869,.T.);
#2240=EDGE_CURVE('',#1737,#1739,#870,.T.);
#2241=EDGE_CURVE('',#1740,#1738,#871,.T.);
#2242=EDGE_CURVE('',#1740,#1739,#872,.T.);
#2243=EDGE_CURVE('',#1739,#1741,#1415,.T.);
#2244=EDGE_CURVE('',#1742,#1740,#1416,.T.);
#2245=EDGE_CURVE('',#1742,#1741,#873,.T.);
#2246=EDGE_CURVE('',#1741,#1743,#874,.T.);
#2247=EDGE_CURVE('',#1744,#1742,#875,.T.);
#2248=EDGE_CURVE('',#1744,#1743,#876,.T.);
#2249=EDGE_CURVE('',#1743,#1745,#1417,.T.);
#2250=EDGE_CURVE('',#1746,#1744,#1418,.T.);
#2251=EDGE_CURVE('',#1746,#1745,#877,.T.);
#2252=EDGE_CURVE('',#1745,#1747,#878,.T.);
#2253=EDGE_CURVE('',#1748,#1746,#879,.T.);
#2254=EDGE_CURVE('',#1748,#1747,#880,.T.);
#2255=EDGE_CURVE('',#1747,#1733,#1419,.T.);
#2256=EDGE_CURVE('',#1735,#1748,#1420,.T.);
#2257=EDGE_CURVE('',#1749,#1750,#881,.T.);
#2258=EDGE_CURVE('',#1749,#1751,#882,.T.);
#2259=EDGE_CURVE('',#1752,#1751,#883,.T.);
#2260=EDGE_CURVE('',#1750,#1752,#884,.T.);
#2261=EDGE_CURVE('',#1750,#1753,#885,.T.);
#2262=EDGE_CURVE('',#1754,#1752,#886,.T.);
#2263=EDGE_CURVE('',#1753,#1754,#887,.T.);
#2264=EDGE_CURVE('',#1753,#1755,#888,.T.);
#2265=EDGE_CURVE('',#1756,#1754,#889,.T.);
#2266=EDGE_CURVE('',#1755,#1756,#890,.T.);
#2267=EDGE_CURVE('',#1755,#1749,#891,.T.);
#2268=EDGE_CURVE('',#1751,#1756,#892,.T.);
#2269=EDGE_CURVE('',#1757,#1758,#893,.T.);
#2270=EDGE_CURVE('',#1757,#1759,#894,.T.);
#2271=EDGE_CURVE('',#1760,#1759,#895,.T.);
#2272=EDGE_CURVE('',#1758,#1760,#896,.T.);
#2273=EDGE_CURVE('',#1758,#1761,#897,.T.);
#2274=EDGE_CURVE('',#1762,#1760,#898,.T.);
#2275=EDGE_CURVE('',#1761,#1762,#899,.T.);
#2276=EDGE_CURVE('',#1761,#1763,#900,.T.);
#2277=EDGE_CURVE('',#1764,#1762,#901,.T.);
#2278=EDGE_CURVE('',#1763,#1764,#902,.T.);
#2279=EDGE_CURVE('',#1763,#1757,#903,.T.);
#2280=EDGE_CURVE('',#1759,#1764,#904,.T.);
#2281=ORIENTED_EDGE('',*,*,#1765,.F.);
#2282=ORIENTED_EDGE('',*,*,#1766,.F.);
#2283=ORIENTED_EDGE('',*,*,#1767,.F.);
#2284=ORIENTED_EDGE('',*,*,#1768,.T.);
#2285=ORIENTED_EDGE('',*,*,#1769,.F.);
#2286=ORIENTED_EDGE('',*,*,#1768,.F.);
#2287=ORIENTED_EDGE('',*,*,#1770,.F.);
#2288=ORIENTED_EDGE('',*,*,#1771,.T.);
#2289=ORIENTED_EDGE('',*,*,#1772,.F.);
#2290=ORIENTED_EDGE('',*,*,#1771,.F.);
#2291=ORIENTED_EDGE('',*,*,#1773,.F.);
#2292=ORIENTED_EDGE('',*,*,#1774,.T.);
#2293=ORIENTED_EDGE('',*,*,#1775,.F.);
#2294=ORIENTED_EDGE('',*,*,#1774,.F.);
#2295=ORIENTED_EDGE('',*,*,#1776,.F.);
#2296=ORIENTED_EDGE('',*,*,#1777,.T.);
#2297=ORIENTED_EDGE('',*,*,#1778,.F.);
#2298=ORIENTED_EDGE('',*,*,#1777,.F.);
#2299=ORIENTED_EDGE('',*,*,#1779,.F.);
#2300=ORIENTED_EDGE('',*,*,#1780,.T.);
#2301=ORIENTED_EDGE('',*,*,#1781,.F.);
#2302=ORIENTED_EDGE('',*,*,#1780,.F.);
#2303=ORIENTED_EDGE('',*,*,#1782,.F.);
#2304=ORIENTED_EDGE('',*,*,#1783,.T.);
#2305=ORIENTED_EDGE('',*,*,#1784,.F.);
#2306=ORIENTED_EDGE('',*,*,#1783,.F.);
#2307=ORIENTED_EDGE('',*,*,#1785,.F.);
#2308=ORIENTED_EDGE('',*,*,#1786,.T.);
#2309=ORIENTED_EDGE('',*,*,#1787,.F.);
#2310=ORIENTED_EDGE('',*,*,#1786,.F.);
#2311=ORIENTED_EDGE('',*,*,#1788,.F.);
#2312=ORIENTED_EDGE('',*,*,#1766,.T.);
#2313=ORIENTED_EDGE('',*,*,#1789,.F.);
#2314=ORIENTED_EDGE('',*,*,#1790,.F.);
#2315=ORIENTED_EDGE('',*,*,#1791,.F.);
#2316=ORIENTED_EDGE('',*,*,#1792,.T.);
#2317=ORIENTED_EDGE('',*,*,#1793,.F.);
#2318=ORIENTED_EDGE('',*,*,#1792,.F.);
#2319=ORIENTED_EDGE('',*,*,#1794,.F.);
#2320=ORIENTED_EDGE('',*,*,#1795,.T.);
#2321=ORIENTED_EDGE('',*,*,#1796,.F.);
#2322=ORIENTED_EDGE('',*,*,#1795,.F.);
#2323=ORIENTED_EDGE('',*,*,#1797,.F.);
#2324=ORIENTED_EDGE('',*,*,#1798,.T.);
#2325=ORIENTED_EDGE('',*,*,#1799,.F.);
#2326=ORIENTED_EDGE('',*,*,#1798,.F.);
#2327=ORIENTED_EDGE('',*,*,#1800,.F.);
#2328=ORIENTED_EDGE('',*,*,#1801,.T.);
#2329=ORIENTED_EDGE('',*,*,#1802,.F.);
#2330=ORIENTED_EDGE('',*,*,#1801,.F.);
#2331=ORIENTED_EDGE('',*,*,#1803,.F.);
#2332=ORIENTED_EDGE('',*,*,#1804,.T.);
#2333=ORIENTED_EDGE('',*,*,#1805,.F.);
#2334=ORIENTED_EDGE('',*,*,#1804,.F.);
#2335=ORIENTED_EDGE('',*,*,#1806,.F.);
#2336=ORIENTED_EDGE('',*,*,#1807,.T.);
#2337=ORIENTED_EDGE('',*,*,#1808,.F.);
#2338=ORIENTED_EDGE('',*,*,#1807,.F.);
#2339=ORIENTED_EDGE('',*,*,#1809,.F.);
#2340=ORIENTED_EDGE('',*,*,#1810,.T.);
#2341=ORIENTED_EDGE('',*,*,#1811,.F.);
#2342=ORIENTED_EDGE('',*,*,#1810,.F.);
#2343=ORIENTED_EDGE('',*,*,#1812,.F.);
#2344=ORIENTED_EDGE('',*,*,#1790,.T.);
#2345=ORIENTED_EDGE('',*,*,#1813,.F.);
#2346=ORIENTED_EDGE('',*,*,#1814,.F.);
#2347=ORIENTED_EDGE('',*,*,#1815,.F.);
#2348=ORIENTED_EDGE('',*,*,#1816,.T.);
#2349=ORIENTED_EDGE('',*,*,#1817,.F.);
#2350=ORIENTED_EDGE('',*,*,#1816,.F.);
#2351=ORIENTED_EDGE('',*,*,#1818,.F.);
#2352=ORIENTED_EDGE('',*,*,#1819,.T.);
#2353=ORIENTED_EDGE('',*,*,#1820,.F.);
#2354=ORIENTED_EDGE('',*,*,#1819,.F.);
#2355=ORIENTED_EDGE('',*,*,#1821,.F.);
#2356=ORIENTED_EDGE('',*,*,#1822,.T.);
#2357=ORIENTED_EDGE('',*,*,#1823,.F.);
#2358=ORIENTED_EDGE('',*,*,#1822,.F.);
#2359=ORIENTED_EDGE('',*,*,#1824,.F.);
#2360=ORIENTED_EDGE('',*,*,#1825,.T.);
#2361=ORIENTED_EDGE('',*,*,#1826,.F.);
#2362=ORIENTED_EDGE('',*,*,#1825,.F.);
#2363=ORIENTED_EDGE('',*,*,#1827,.F.);
#2364=ORIENTED_EDGE('',*,*,#1828,.T.);
#2365=ORIENTED_EDGE('',*,*,#1829,.F.);
#2366=ORIENTED_EDGE('',*,*,#1828,.F.);
#2367=ORIENTED_EDGE('',*,*,#1830,.F.);
#2368=ORIENTED_EDGE('',*,*,#1831,.T.);
#2369=ORIENTED_EDGE('',*,*,#1832,.F.);
#2370=ORIENTED_EDGE('',*,*,#1831,.F.);
#2371=ORIENTED_EDGE('',*,*,#1833,.F.);
#2372=ORIENTED_EDGE('',*,*,#1834,.T.);
#2373=ORIENTED_EDGE('',*,*,#1835,.F.);
#2374=ORIENTED_EDGE('',*,*,#1834,.F.);
#2375=ORIENTED_EDGE('',*,*,#1836,.F.);
#2376=ORIENTED_EDGE('',*,*,#1814,.T.);
#2377=ORIENTED_EDGE('',*,*,#1837,.F.);
#2378=ORIENTED_EDGE('',*,*,#1838,.F.);
#2379=ORIENTED_EDGE('',*,*,#1839,.F.);
#2380=ORIENTED_EDGE('',*,*,#1840,.T.);
#2381=ORIENTED_EDGE('',*,*,#1841,.F.);
#2382=ORIENTED_EDGE('',*,*,#1840,.F.);
#2383=ORIENTED_EDGE('',*,*,#1842,.F.);
#2384=ORIENTED_EDGE('',*,*,#1843,.T.);
#2385=ORIENTED_EDGE('',*,*,#1844,.F.);
#2386=ORIENTED_EDGE('',*,*,#1843,.F.);
#2387=ORIENTED_EDGE('',*,*,#1845,.F.);
#2388=ORIENTED_EDGE('',*,*,#1846,.T.);
#2389=ORIENTED_EDGE('',*,*,#1847,.F.);
#2390=ORIENTED_EDGE('',*,*,#1846,.F.);
#2391=ORIENTED_EDGE('',*,*,#1848,.F.);
#2392=ORIENTED_EDGE('',*,*,#1849,.T.);
#2393=ORIENTED_EDGE('',*,*,#1850,.F.);
#2394=ORIENTED_EDGE('',*,*,#1849,.F.);
#2395=ORIENTED_EDGE('',*,*,#1851,.F.);
#2396=ORIENTED_EDGE('',*,*,#1852,.T.);
#2397=ORIENTED_EDGE('',*,*,#1853,.F.);
#2398=ORIENTED_EDGE('',*,*,#1852,.F.);
#2399=ORIENTED_EDGE('',*,*,#1854,.F.);
#2400=ORIENTED_EDGE('',*,*,#1855,.T.);
#2401=ORIENTED_EDGE('',*,*,#1856,.F.);
#2402=ORIENTED_EDGE('',*,*,#1855,.F.);
#2403=ORIENTED_EDGE('',*,*,#1857,.F.);
#2404=ORIENTED_EDGE('',*,*,#1858,.T.);
#2405=ORIENTED_EDGE('',*,*,#1859,.F.);
#2406=ORIENTED_EDGE('',*,*,#1858,.F.);
#2407=ORIENTED_EDGE('',*,*,#1860,.F.);
#2408=ORIENTED_EDGE('',*,*,#1838,.T.);
#2409=ORIENTED_EDGE('',*,*,#1861,.F.);
#2410=ORIENTED_EDGE('',*,*,#1862,.F.);
#2411=ORIENTED_EDGE('',*,*,#1863,.F.);
#2412=ORIENTED_EDGE('',*,*,#1864,.T.);
#2413=ORIENTED_EDGE('',*,*,#1865,.F.);
#2414=ORIENTED_EDGE('',*,*,#1864,.F.);
#2415=ORIENTED_EDGE('',*,*,#1866,.F.);
#2416=ORIENTED_EDGE('',*,*,#1867,.T.);
#2417=ORIENTED_EDGE('',*,*,#1868,.F.);
#2418=ORIENTED_EDGE('',*,*,#1867,.F.);
#2419=ORIENTED_EDGE('',*,*,#1869,.F.);
#2420=ORIENTED_EDGE('',*,*,#1870,.T.);
#2421=ORIENTED_EDGE('',*,*,#1871,.F.);
#2422=ORIENTED_EDGE('',*,*,#1870,.F.);
#2423=ORIENTED_EDGE('',*,*,#1872,.F.);
#2424=ORIENTED_EDGE('',*,*,#1873,.T.);
#2425=ORIENTED_EDGE('',*,*,#1874,.F.);
#2426=ORIENTED_EDGE('',*,*,#1873,.F.);
#2427=ORIENTED_EDGE('',*,*,#1875,.F.);
#2428=ORIENTED_EDGE('',*,*,#1876,.T.);
#2429=ORIENTED_EDGE('',*,*,#1877,.F.);
#2430=ORIENTED_EDGE('',*,*,#1876,.F.);
#2431=ORIENTED_EDGE('',*,*,#1878,.F.);
#2432=ORIENTED_EDGE('',*,*,#1879,.T.);
#2433=ORIENTED_EDGE('',*,*,#1880,.F.);
#2434=ORIENTED_EDGE('',*,*,#1879,.F.);
#2435=ORIENTED_EDGE('',*,*,#1881,.F.);
#2436=ORIENTED_EDGE('',*,*,#1882,.T.);
#2437=ORIENTED_EDGE('',*,*,#1883,.F.);
#2438=ORIENTED_EDGE('',*,*,#1882,.F.);
#2439=ORIENTED_EDGE('',*,*,#1884,.F.);
#2440=ORIENTED_EDGE('',*,*,#1862,.T.);
#2441=ORIENTED_EDGE('',*,*,#1885,.F.);
#2442=ORIENTED_EDGE('',*,*,#1886,.T.);
#2443=ORIENTED_EDGE('',*,*,#1887,.F.);
#2444=ORIENTED_EDGE('',*,*,#1886,.F.);
#2445=ORIENTED_EDGE('',*,*,#1888,.F.);
#2446=ORIENTED_EDGE('',*,*,#1889,.F.);
#2447=ORIENTED_EDGE('',*,*,#1890,.F.);
#2448=ORIENTED_EDGE('',*,*,#1891,.T.);
#2449=ORIENTED_EDGE('',*,*,#1892,.F.);
#2450=ORIENTED_EDGE('',*,*,#1891,.F.);
#2451=ORIENTED_EDGE('',*,*,#1893,.F.);
#2452=ORIENTED_EDGE('',*,*,#1894,.T.);
#2453=ORIENTED_EDGE('',*,*,#1895,.F.);
#2454=ORIENTED_EDGE('',*,*,#1894,.F.);
#2455=ORIENTED_EDGE('',*,*,#1896,.F.);
#2456=ORIENTED_EDGE('',*,*,#1897,.T.);
#2457=ORIENTED_EDGE('',*,*,#1898,.F.);
#2458=ORIENTED_EDGE('',*,*,#1897,.F.);
#2459=ORIENTED_EDGE('',*,*,#1899,.F.);
#2460=ORIENTED_EDGE('',*,*,#1900,.T.);
#2461=ORIENTED_EDGE('',*,*,#1901,.F.);
#2462=ORIENTED_EDGE('',*,*,#1900,.F.);
#2463=ORIENTED_EDGE('',*,*,#1902,.F.);
#2464=ORIENTED_EDGE('',*,*,#1903,.T.);
#2465=ORIENTED_EDGE('',*,*,#1904,.F.);
#2466=ORIENTED_EDGE('',*,*,#1903,.F.);
#2467=ORIENTED_EDGE('',*,*,#1905,.F.);
#2468=ORIENTED_EDGE('',*,*,#1906,.T.);
#2469=ORIENTED_EDGE('',*,*,#1907,.F.);
#2470=ORIENTED_EDGE('',*,*,#1906,.F.);
#2471=ORIENTED_EDGE('',*,*,#1908,.F.);
#2472=ORIENTED_EDGE('',*,*,#1909,.T.);
#2473=ORIENTED_EDGE('',*,*,#1910,.F.);
#2474=ORIENTED_EDGE('',*,*,#1909,.F.);
#2475=ORIENTED_EDGE('',*,*,#1911,.F.);
#2476=ORIENTED_EDGE('',*,*,#1889,.T.);
#2477=ORIENTED_EDGE('',*,*,#1912,.F.);
#2478=ORIENTED_EDGE('',*,*,#1913,.F.);
#2479=ORIENTED_EDGE('',*,*,#1914,.F.);
#2480=ORIENTED_EDGE('',*,*,#1915,.T.);
#2481=ORIENTED_EDGE('',*,*,#1916,.F.);
#2482=ORIENTED_EDGE('',*,*,#1915,.F.);
#2483=ORIENTED_EDGE('',*,*,#1917,.F.);
#2484=ORIENTED_EDGE('',*,*,#1918,.T.);
#2485=ORIENTED_EDGE('',*,*,#1919,.F.);
#2486=ORIENTED_EDGE('',*,*,#1918,.F.);
#2487=ORIENTED_EDGE('',*,*,#1920,.F.);
#2488=ORIENTED_EDGE('',*,*,#1921,.T.);
#2489=ORIENTED_EDGE('',*,*,#1922,.F.);
#2490=ORIENTED_EDGE('',*,*,#1921,.F.);
#2491=ORIENTED_EDGE('',*,*,#1923,.F.);
#2492=ORIENTED_EDGE('',*,*,#1924,.T.);
#2493=ORIENTED_EDGE('',*,*,#1925,.F.);
#2494=ORIENTED_EDGE('',*,*,#1924,.F.);
#2495=ORIENTED_EDGE('',*,*,#1926,.F.);
#2496=ORIENTED_EDGE('',*,*,#1927,.T.);
#2497=ORIENTED_EDGE('',*,*,#1928,.F.);
#2498=ORIENTED_EDGE('',*,*,#1927,.F.);
#2499=ORIENTED_EDGE('',*,*,#1929,.F.);
#2500=ORIENTED_EDGE('',*,*,#1930,.T.);
#2501=ORIENTED_EDGE('',*,*,#1931,.F.);
#2502=ORIENTED_EDGE('',*,*,#1930,.F.);
#2503=ORIENTED_EDGE('',*,*,#1932,.F.);
#2504=ORIENTED_EDGE('',*,*,#1933,.T.);
#2505=ORIENTED_EDGE('',*,*,#1934,.F.);
#2506=ORIENTED_EDGE('',*,*,#1933,.F.);
#2507=ORIENTED_EDGE('',*,*,#1935,.F.);
#2508=ORIENTED_EDGE('',*,*,#1913,.T.);
#2509=ORIENTED_EDGE('',*,*,#1936,.F.);
#2510=ORIENTED_EDGE('',*,*,#1937,.F.);
#2511=ORIENTED_EDGE('',*,*,#1938,.F.);
#2512=ORIENTED_EDGE('',*,*,#1939,.T.);
#2513=ORIENTED_EDGE('',*,*,#1940,.F.);
#2514=ORIENTED_EDGE('',*,*,#1939,.F.);
#2515=ORIENTED_EDGE('',*,*,#1941,.F.);
#2516=ORIENTED_EDGE('',*,*,#1942,.T.);
#2517=ORIENTED_EDGE('',*,*,#1943,.F.);
#2518=ORIENTED_EDGE('',*,*,#1942,.F.);
#2519=ORIENTED_EDGE('',*,*,#1944,.F.);
#2520=ORIENTED_EDGE('',*,*,#1945,.T.);
#2521=ORIENTED_EDGE('',*,*,#1946,.F.);
#2522=ORIENTED_EDGE('',*,*,#1945,.F.);
#2523=ORIENTED_EDGE('',*,*,#1947,.F.);
#2524=ORIENTED_EDGE('',*,*,#1948,.T.);
#2525=ORIENTED_EDGE('',*,*,#1949,.F.);
#2526=ORIENTED_EDGE('',*,*,#1948,.F.);
#2527=ORIENTED_EDGE('',*,*,#1950,.F.);
#2528=ORIENTED_EDGE('',*,*,#1951,.T.);
#2529=ORIENTED_EDGE('',*,*,#1952,.F.);
#2530=ORIENTED_EDGE('',*,*,#1951,.F.);
#2531=ORIENTED_EDGE('',*,*,#1953,.F.);
#2532=ORIENTED_EDGE('',*,*,#1954,.T.);
#2533=ORIENTED_EDGE('',*,*,#1955,.F.);
#2534=ORIENTED_EDGE('',*,*,#1954,.F.);
#2535=ORIENTED_EDGE('',*,*,#1956,.F.);
#2536=ORIENTED_EDGE('',*,*,#1957,.T.);
#2537=ORIENTED_EDGE('',*,*,#1958,.F.);
#2538=ORIENTED_EDGE('',*,*,#1957,.F.);
#2539=ORIENTED_EDGE('',*,*,#1959,.F.);
#2540=ORIENTED_EDGE('',*,*,#1937,.T.);
#2541=ORIENTED_EDGE('',*,*,#1960,.F.);
#2542=ORIENTED_EDGE('',*,*,#1961,.F.);
#2543=ORIENTED_EDGE('',*,*,#1962,.F.);
#2544=ORIENTED_EDGE('',*,*,#1963,.T.);
#2545=ORIENTED_EDGE('',*,*,#1964,.F.);
#2546=ORIENTED_EDGE('',*,*,#1963,.F.);
#2547=ORIENTED_EDGE('',*,*,#1965,.F.);
#2548=ORIENTED_EDGE('',*,*,#1966,.T.);
#2549=ORIENTED_EDGE('',*,*,#1967,.F.);
#2550=ORIENTED_EDGE('',*,*,#1966,.F.);
#2551=ORIENTED_EDGE('',*,*,#1968,.F.);
#2552=ORIENTED_EDGE('',*,*,#1969,.T.);
#2553=ORIENTED_EDGE('',*,*,#1970,.F.);
#2554=ORIENTED_EDGE('',*,*,#1969,.F.);
#2555=ORIENTED_EDGE('',*,*,#1971,.F.);
#2556=ORIENTED_EDGE('',*,*,#1972,.T.);
#2557=ORIENTED_EDGE('',*,*,#1973,.F.);
#2558=ORIENTED_EDGE('',*,*,#1972,.F.);
#2559=ORIENTED_EDGE('',*,*,#1974,.F.);
#2560=ORIENTED_EDGE('',*,*,#1975,.T.);
#2561=ORIENTED_EDGE('',*,*,#1976,.F.);
#2562=ORIENTED_EDGE('',*,*,#1975,.F.);
#2563=ORIENTED_EDGE('',*,*,#1977,.F.);
#2564=ORIENTED_EDGE('',*,*,#1978,.T.);
#2565=ORIENTED_EDGE('',*,*,#1979,.F.);
#2566=ORIENTED_EDGE('',*,*,#1978,.F.);
#2567=ORIENTED_EDGE('',*,*,#1980,.F.);
#2568=ORIENTED_EDGE('',*,*,#1981,.T.);
#2569=ORIENTED_EDGE('',*,*,#1982,.F.);
#2570=ORIENTED_EDGE('',*,*,#1981,.F.);
#2571=ORIENTED_EDGE('',*,*,#1983,.F.);
#2572=ORIENTED_EDGE('',*,*,#1961,.T.);
#2573=ORIENTED_EDGE('',*,*,#1984,.F.);
#2574=ORIENTED_EDGE('',*,*,#1985,.F.);
#2575=ORIENTED_EDGE('',*,*,#1986,.F.);
#2576=ORIENTED_EDGE('',*,*,#1987,.T.);
#2577=ORIENTED_EDGE('',*,*,#1988,.F.);
#2578=ORIENTED_EDGE('',*,*,#1987,.F.);
#2579=ORIENTED_EDGE('',*,*,#1989,.F.);
#2580=ORIENTED_EDGE('',*,*,#1990,.T.);
#2581=ORIENTED_EDGE('',*,*,#1991,.F.);
#2582=ORIENTED_EDGE('',*,*,#1990,.F.);
#2583=ORIENTED_EDGE('',*,*,#1992,.F.);
#2584=ORIENTED_EDGE('',*,*,#1993,.T.);
#2585=ORIENTED_EDGE('',*,*,#1994,.F.);
#2586=ORIENTED_EDGE('',*,*,#1993,.F.);
#2587=ORIENTED_EDGE('',*,*,#1995,.F.);
#2588=ORIENTED_EDGE('',*,*,#1996,.T.);
#2589=ORIENTED_EDGE('',*,*,#1997,.F.);
#2590=ORIENTED_EDGE('',*,*,#1996,.F.);
#2591=ORIENTED_EDGE('',*,*,#1998,.F.);
#2592=ORIENTED_EDGE('',*,*,#1999,.T.);
#2593=ORIENTED_EDGE('',*,*,#2000,.F.);
#2594=ORIENTED_EDGE('',*,*,#1999,.F.);
#2595=ORIENTED_EDGE('',*,*,#2001,.F.);
#2596=ORIENTED_EDGE('',*,*,#2002,.T.);
#2597=ORIENTED_EDGE('',*,*,#2003,.F.);
#2598=ORIENTED_EDGE('',*,*,#2002,.F.);
#2599=ORIENTED_EDGE('',*,*,#2004,.F.);
#2600=ORIENTED_EDGE('',*,*,#2005,.T.);
#2601=ORIENTED_EDGE('',*,*,#2006,.F.);
#2602=ORIENTED_EDGE('',*,*,#2005,.F.);
#2603=ORIENTED_EDGE('',*,*,#2007,.F.);
#2604=ORIENTED_EDGE('',*,*,#1985,.T.);
#2605=ORIENTED_EDGE('',*,*,#2008,.F.);
#2606=ORIENTED_EDGE('',*,*,#2009,.F.);
#2607=ORIENTED_EDGE('',*,*,#2010,.F.);
#2608=ORIENTED_EDGE('',*,*,#2011,.T.);
#2609=ORIENTED_EDGE('',*,*,#2012,.F.);
#2610=ORIENTED_EDGE('',*,*,#2011,.F.);
#2611=ORIENTED_EDGE('',*,*,#2013,.F.);
#2612=ORIENTED_EDGE('',*,*,#2014,.T.);
#2613=ORIENTED_EDGE('',*,*,#2015,.F.);
#2614=ORIENTED_EDGE('',*,*,#2014,.F.);
#2615=ORIENTED_EDGE('',*,*,#2016,.F.);
#2616=ORIENTED_EDGE('',*,*,#2017,.T.);
#2617=ORIENTED_EDGE('',*,*,#2018,.F.);
#2618=ORIENTED_EDGE('',*,*,#2017,.F.);
#2619=ORIENTED_EDGE('',*,*,#2019,.F.);
#2620=ORIENTED_EDGE('',*,*,#2020,.T.);
#2621=ORIENTED_EDGE('',*,*,#2021,.F.);
#2622=ORIENTED_EDGE('',*,*,#2020,.F.);
#2623=ORIENTED_EDGE('',*,*,#2022,.F.);
#2624=ORIENTED_EDGE('',*,*,#2023,.T.);
#2625=ORIENTED_EDGE('',*,*,#2024,.F.);
#2626=ORIENTED_EDGE('',*,*,#2023,.F.);
#2627=ORIENTED_EDGE('',*,*,#2025,.F.);
#2628=ORIENTED_EDGE('',*,*,#2026,.T.);
#2629=ORIENTED_EDGE('',*,*,#2027,.F.);
#2630=ORIENTED_EDGE('',*,*,#2026,.F.);
#2631=ORIENTED_EDGE('',*,*,#2028,.F.);
#2632=ORIENTED_EDGE('',*,*,#2029,.T.);
#2633=ORIENTED_EDGE('',*,*,#2030,.F.);
#2634=ORIENTED_EDGE('',*,*,#2029,.F.);
#2635=ORIENTED_EDGE('',*,*,#2031,.F.);
#2636=ORIENTED_EDGE('',*,*,#2009,.T.);
#2637=ORIENTED_EDGE('',*,*,#2032,.F.);
#2638=ORIENTED_EDGE('',*,*,#2033,.F.);
#2639=ORIENTED_EDGE('',*,*,#2034,.F.);
#2640=ORIENTED_EDGE('',*,*,#2035,.T.);
#2641=ORIENTED_EDGE('',*,*,#2036,.F.);
#2642=ORIENTED_EDGE('',*,*,#2035,.F.);
#2643=ORIENTED_EDGE('',*,*,#2037,.F.);
#2644=ORIENTED_EDGE('',*,*,#2038,.T.);
#2645=ORIENTED_EDGE('',*,*,#2039,.F.);
#2646=ORIENTED_EDGE('',*,*,#2038,.F.);
#2647=ORIENTED_EDGE('',*,*,#2040,.F.);
#2648=ORIENTED_EDGE('',*,*,#2041,.T.);
#2649=ORIENTED_EDGE('',*,*,#2042,.F.);
#2650=ORIENTED_EDGE('',*,*,#2041,.F.);
#2651=ORIENTED_EDGE('',*,*,#2043,.F.);
#2652=ORIENTED_EDGE('',*,*,#2044,.T.);
#2653=ORIENTED_EDGE('',*,*,#2045,.F.);
#2654=ORIENTED_EDGE('',*,*,#2044,.F.);
#2655=ORIENTED_EDGE('',*,*,#2046,.F.);
#2656=ORIENTED_EDGE('',*,*,#2047,.T.);
#2657=ORIENTED_EDGE('',*,*,#2048,.F.);
#2658=ORIENTED_EDGE('',*,*,#2047,.F.);
#2659=ORIENTED_EDGE('',*,*,#2049,.F.);
#2660=ORIENTED_EDGE('',*,*,#2050,.T.);
#2661=ORIENTED_EDGE('',*,*,#2051,.F.);
#2662=ORIENTED_EDGE('',*,*,#2050,.F.);
#2663=ORIENTED_EDGE('',*,*,#2052,.F.);
#2664=ORIENTED_EDGE('',*,*,#2053,.T.);
#2665=ORIENTED_EDGE('',*,*,#2054,.F.);
#2666=ORIENTED_EDGE('',*,*,#2053,.F.);
#2667=ORIENTED_EDGE('',*,*,#2055,.F.);
#2668=ORIENTED_EDGE('',*,*,#2033,.T.);
#2669=ORIENTED_EDGE('',*,*,#2056,.F.);
#2670=ORIENTED_EDGE('',*,*,#2057,.F.);
#2671=ORIENTED_EDGE('',*,*,#2058,.F.);
#2672=ORIENTED_EDGE('',*,*,#2059,.T.);
#2673=ORIENTED_EDGE('',*,*,#2060,.F.);
#2674=ORIENTED_EDGE('',*,*,#2059,.F.);
#2675=ORIENTED_EDGE('',*,*,#2061,.F.);
#2676=ORIENTED_EDGE('',*,*,#2062,.T.);
#2677=ORIENTED_EDGE('',*,*,#2063,.F.);
#2678=ORIENTED_EDGE('',*,*,#2062,.F.);
#2679=ORIENTED_EDGE('',*,*,#2064,.F.);
#2680=ORIENTED_EDGE('',*,*,#2065,.T.);
#2681=ORIENTED_EDGE('',*,*,#2066,.F.);
#2682=ORIENTED_EDGE('',*,*,#2065,.F.);
#2683=ORIENTED_EDGE('',*,*,#2067,.F.);
#2684=ORIENTED_EDGE('',*,*,#2068,.T.);
#2685=ORIENTED_EDGE('',*,*,#2069,.F.);
#2686=ORIENTED_EDGE('',*,*,#2068,.F.);
#2687=ORIENTED_EDGE('',*,*,#2070,.F.);
#2688=ORIENTED_EDGE('',*,*,#2071,.T.);
#2689=ORIENTED_EDGE('',*,*,#2072,.F.);
#2690=ORIENTED_EDGE('',*,*,#2071,.F.);
#2691=ORIENTED_EDGE('',*,*,#2073,.F.);
#2692=ORIENTED_EDGE('',*,*,#2074,.T.);
#2693=ORIENTED_EDGE('',*,*,#2075,.F.);
#2694=ORIENTED_EDGE('',*,*,#2074,.F.);
#2695=ORIENTED_EDGE('',*,*,#2076,.F.);
#2696=ORIENTED_EDGE('',*,*,#2077,.T.);
#2697=ORIENTED_EDGE('',*,*,#2078,.F.);
#2698=ORIENTED_EDGE('',*,*,#2077,.F.);
#2699=ORIENTED_EDGE('',*,*,#2079,.F.);
#2700=ORIENTED_EDGE('',*,*,#2057,.T.);
#2701=ORIENTED_EDGE('',*,*,#2080,.F.);
#2702=ORIENTED_EDGE('',*,*,#2081,.F.);
#2703=ORIENTED_EDGE('',*,*,#2082,.F.);
#2704=ORIENTED_EDGE('',*,*,#2083,.T.);
#2705=ORIENTED_EDGE('',*,*,#2084,.F.);
#2706=ORIENTED_EDGE('',*,*,#2083,.F.);
#2707=ORIENTED_EDGE('',*,*,#2085,.F.);
#2708=ORIENTED_EDGE('',*,*,#2086,.T.);
#2709=ORIENTED_EDGE('',*,*,#2087,.F.);
#2710=ORIENTED_EDGE('',*,*,#2086,.F.);
#2711=ORIENTED_EDGE('',*,*,#2088,.F.);
#2712=ORIENTED_EDGE('',*,*,#2089,.T.);
#2713=ORIENTED_EDGE('',*,*,#2090,.F.);
#2714=ORIENTED_EDGE('',*,*,#2089,.F.);
#2715=ORIENTED_EDGE('',*,*,#2091,.F.);
#2716=ORIENTED_EDGE('',*,*,#2092,.T.);
#2717=ORIENTED_EDGE('',*,*,#2093,.F.);
#2718=ORIENTED_EDGE('',*,*,#2092,.F.);
#2719=ORIENTED_EDGE('',*,*,#2094,.F.);
#2720=ORIENTED_EDGE('',*,*,#2095,.T.);
#2721=ORIENTED_EDGE('',*,*,#2096,.F.);
#2722=ORIENTED_EDGE('',*,*,#2095,.F.);
#2723=ORIENTED_EDGE('',*,*,#2097,.F.);
#2724=ORIENTED_EDGE('',*,*,#2098,.T.);
#2725=ORIENTED_EDGE('',*,*,#2099,.F.);
#2726=ORIENTED_EDGE('',*,*,#2098,.F.);
#2727=ORIENTED_EDGE('',*,*,#2100,.F.);
#2728=ORIENTED_EDGE('',*,*,#2101,.T.);
#2729=ORIENTED_EDGE('',*,*,#2102,.F.);
#2730=ORIENTED_EDGE('',*,*,#2101,.F.);
#2731=ORIENTED_EDGE('',*,*,#2103,.F.);
#2732=ORIENTED_EDGE('',*,*,#2081,.T.);
#2733=ORIENTED_EDGE('',*,*,#2104,.F.);
#2734=ORIENTED_EDGE('',*,*,#2105,.F.);
#2735=ORIENTED_EDGE('',*,*,#2106,.F.);
#2736=ORIENTED_EDGE('',*,*,#2107,.T.);
#2737=ORIENTED_EDGE('',*,*,#2108,.F.);
#2738=ORIENTED_EDGE('',*,*,#2107,.F.);
#2739=ORIENTED_EDGE('',*,*,#2109,.F.);
#2740=ORIENTED_EDGE('',*,*,#2110,.T.);
#2741=ORIENTED_EDGE('',*,*,#2111,.F.);
#2742=ORIENTED_EDGE('',*,*,#2110,.F.);
#2743=ORIENTED_EDGE('',*,*,#2112,.F.);
#2744=ORIENTED_EDGE('',*,*,#2113,.T.);
#2745=ORIENTED_EDGE('',*,*,#2114,.F.);
#2746=ORIENTED_EDGE('',*,*,#2113,.F.);
#2747=ORIENTED_EDGE('',*,*,#2115,.F.);
#2748=ORIENTED_EDGE('',*,*,#2116,.T.);
#2749=ORIENTED_EDGE('',*,*,#2117,.F.);
#2750=ORIENTED_EDGE('',*,*,#2116,.F.);
#2751=ORIENTED_EDGE('',*,*,#2118,.F.);
#2752=ORIENTED_EDGE('',*,*,#2119,.T.);
#2753=ORIENTED_EDGE('',*,*,#2120,.F.);
#2754=ORIENTED_EDGE('',*,*,#2119,.F.);
#2755=ORIENTED_EDGE('',*,*,#2121,.F.);
#2756=ORIENTED_EDGE('',*,*,#2122,.T.);
#2757=ORIENTED_EDGE('',*,*,#2123,.F.);
#2758=ORIENTED_EDGE('',*,*,#2122,.F.);
#2759=ORIENTED_EDGE('',*,*,#2124,.F.);
#2760=ORIENTED_EDGE('',*,*,#2125,.T.);
#2761=ORIENTED_EDGE('',*,*,#2126,.F.);
#2762=ORIENTED_EDGE('',*,*,#2125,.F.);
#2763=ORIENTED_EDGE('',*,*,#2127,.F.);
#2764=ORIENTED_EDGE('',*,*,#2105,.T.);
#2765=ORIENTED_EDGE('',*,*,#2128,.F.);
#2766=ORIENTED_EDGE('',*,*,#2129,.T.);
#2767=ORIENTED_EDGE('',*,*,#2130,.F.);
#2768=ORIENTED_EDGE('',*,*,#2129,.F.);
#2769=ORIENTED_EDGE('',*,*,#2131,.F.);
#2770=ORIENTED_EDGE('',*,*,#2132,.T.);
#2771=ORIENTED_EDGE('',*,*,#2133,.F.);
#2772=ORIENTED_EDGE('',*,*,#2132,.F.);
#2773=ORIENTED_EDGE('',*,*,#2134,.F.);
#2774=ORIENTED_EDGE('',*,*,#2135,.T.);
#2775=ORIENTED_EDGE('',*,*,#2136,.F.);
#2776=ORIENTED_EDGE('',*,*,#2135,.F.);
#2777=ORIENTED_EDGE('',*,*,#2137,.F.);
#2778=ORIENTED_EDGE('',*,*,#2138,.F.);
#2779=ORIENTED_EDGE('',*,*,#2139,.F.);
#2780=ORIENTED_EDGE('',*,*,#2140,.T.);
#2781=ORIENTED_EDGE('',*,*,#2141,.F.);
#2782=ORIENTED_EDGE('',*,*,#2140,.F.);
#2783=ORIENTED_EDGE('',*,*,#2142,.F.);
#2784=ORIENTED_EDGE('',*,*,#2143,.T.);
#2785=ORIENTED_EDGE('',*,*,#2144,.F.);
#2786=ORIENTED_EDGE('',*,*,#2143,.F.);
#2787=ORIENTED_EDGE('',*,*,#2145,.F.);
#2788=ORIENTED_EDGE('',*,*,#2146,.T.);
#2789=ORIENTED_EDGE('',*,*,#2147,.F.);
#2790=ORIENTED_EDGE('',*,*,#2146,.F.);
#2791=ORIENTED_EDGE('',*,*,#2148,.F.);
#2792=ORIENTED_EDGE('',*,*,#2149,.T.);
#2793=ORIENTED_EDGE('',*,*,#2150,.F.);
#2794=ORIENTED_EDGE('',*,*,#2149,.F.);
#2795=ORIENTED_EDGE('',*,*,#2151,.F.);
#2796=ORIENTED_EDGE('',*,*,#2152,.T.);
#2797=ORIENTED_EDGE('',*,*,#2153,.F.);
#2798=ORIENTED_EDGE('',*,*,#2152,.F.);
#2799=ORIENTED_EDGE('',*,*,#2154,.F.);
#2800=ORIENTED_EDGE('',*,*,#2155,.T.);
#2801=ORIENTED_EDGE('',*,*,#2156,.F.);
#2802=ORIENTED_EDGE('',*,*,#2155,.F.);
#2803=ORIENTED_EDGE('',*,*,#2157,.F.);
#2804=ORIENTED_EDGE('',*,*,#2158,.T.);
#2805=ORIENTED_EDGE('',*,*,#2159,.F.);
#2806=ORIENTED_EDGE('',*,*,#2158,.F.);
#2807=ORIENTED_EDGE('',*,*,#2160,.F.);
#2808=ORIENTED_EDGE('',*,*,#2138,.T.);
#2809=ORIENTED_EDGE('',*,*,#2161,.F.);
#2810=ORIENTED_EDGE('',*,*,#2162,.F.);
#2811=ORIENTED_EDGE('',*,*,#2163,.F.);
#2812=ORIENTED_EDGE('',*,*,#2164,.T.);
#2813=ORIENTED_EDGE('',*,*,#2165,.F.);
#2814=ORIENTED_EDGE('',*,*,#2164,.F.);
#2815=ORIENTED_EDGE('',*,*,#2166,.F.);
#2816=ORIENTED_EDGE('',*,*,#2167,.T.);
#2817=ORIENTED_EDGE('',*,*,#2168,.F.);
#2818=ORIENTED_EDGE('',*,*,#2167,.F.);
#2819=ORIENTED_EDGE('',*,*,#2169,.F.);
#2820=ORIENTED_EDGE('',*,*,#2170,.T.);
#2821=ORIENTED_EDGE('',*,*,#2171,.F.);
#2822=ORIENTED_EDGE('',*,*,#2170,.F.);
#2823=ORIENTED_EDGE('',*,*,#2172,.F.);
#2824=ORIENTED_EDGE('',*,*,#2173,.T.);
#2825=ORIENTED_EDGE('',*,*,#2174,.F.);
#2826=ORIENTED_EDGE('',*,*,#2173,.F.);
#2827=ORIENTED_EDGE('',*,*,#2175,.F.);
#2828=ORIENTED_EDGE('',*,*,#2176,.T.);
#2829=ORIENTED_EDGE('',*,*,#2177,.F.);
#2830=ORIENTED_EDGE('',*,*,#2176,.F.);
#2831=ORIENTED_EDGE('',*,*,#2178,.F.);
#2832=ORIENTED_EDGE('',*,*,#2179,.T.);
#2833=ORIENTED_EDGE('',*,*,#2180,.F.);
#2834=ORIENTED_EDGE('',*,*,#2179,.F.);
#2835=ORIENTED_EDGE('',*,*,#2181,.F.);
#2836=ORIENTED_EDGE('',*,*,#2182,.T.);
#2837=ORIENTED_EDGE('',*,*,#2183,.F.);
#2838=ORIENTED_EDGE('',*,*,#2182,.F.);
#2839=ORIENTED_EDGE('',*,*,#2184,.F.);
#2840=ORIENTED_EDGE('',*,*,#2162,.T.);
#2841=ORIENTED_EDGE('',*,*,#2185,.F.);
#2842=ORIENTED_EDGE('',*,*,#2186,.F.);
#2843=ORIENTED_EDGE('',*,*,#2187,.F.);
#2844=ORIENTED_EDGE('',*,*,#2188,.T.);
#2845=ORIENTED_EDGE('',*,*,#2189,.F.);
#2846=ORIENTED_EDGE('',*,*,#2188,.F.);
#2847=ORIENTED_EDGE('',*,*,#2190,.F.);
#2848=ORIENTED_EDGE('',*,*,#2191,.T.);
#2849=ORIENTED_EDGE('',*,*,#2192,.F.);
#2850=ORIENTED_EDGE('',*,*,#2191,.F.);
#2851=ORIENTED_EDGE('',*,*,#2193,.F.);
#2852=ORIENTED_EDGE('',*,*,#2194,.T.);
#2853=ORIENTED_EDGE('',*,*,#2195,.F.);
#2854=ORIENTED_EDGE('',*,*,#2194,.F.);
#2855=ORIENTED_EDGE('',*,*,#2196,.F.);
#2856=ORIENTED_EDGE('',*,*,#2197,.T.);
#2857=ORIENTED_EDGE('',*,*,#2198,.F.);
#2858=ORIENTED_EDGE('',*,*,#2197,.F.);
#2859=ORIENTED_EDGE('',*,*,#2199,.F.);
#2860=ORIENTED_EDGE('',*,*,#2200,.T.);
#2861=ORIENTED_EDGE('',*,*,#2201,.F.);
#2862=ORIENTED_EDGE('',*,*,#2200,.F.);
#2863=ORIENTED_EDGE('',*,*,#2202,.F.);
#2864=ORIENTED_EDGE('',*,*,#2203,.T.);
#2865=ORIENTED_EDGE('',*,*,#2204,.F.);
#2866=ORIENTED_EDGE('',*,*,#2203,.F.);
#2867=ORIENTED_EDGE('',*,*,#2205,.F.);
#2868=ORIENTED_EDGE('',*,*,#2206,.T.);
#2869=ORIENTED_EDGE('',*,*,#2207,.F.);
#2870=ORIENTED_EDGE('',*,*,#2206,.F.);
#2871=ORIENTED_EDGE('',*,*,#2208,.F.);
#2872=ORIENTED_EDGE('',*,*,#2186,.T.);
#2873=ORIENTED_EDGE('',*,*,#2209,.F.);
#2874=ORIENTED_EDGE('',*,*,#2210,.F.);
#2875=ORIENTED_EDGE('',*,*,#2211,.F.);
#2876=ORIENTED_EDGE('',*,*,#2212,.T.);
#2877=ORIENTED_EDGE('',*,*,#2213,.F.);
#2878=ORIENTED_EDGE('',*,*,#2212,.F.);
#2879=ORIENTED_EDGE('',*,*,#2214,.F.);
#2880=ORIENTED_EDGE('',*,*,#2215,.T.);
#2881=ORIENTED_EDGE('',*,*,#2216,.F.);
#2882=ORIENTED_EDGE('',*,*,#2215,.F.);
#2883=ORIENTED_EDGE('',*,*,#2217,.F.);
#2884=ORIENTED_EDGE('',*,*,#2218,.T.);
#2885=ORIENTED_EDGE('',*,*,#2219,.F.);
#2886=ORIENTED_EDGE('',*,*,#2218,.F.);
#2887=ORIENTED_EDGE('',*,*,#2220,.F.);
#2888=ORIENTED_EDGE('',*,*,#2221,.T.);
#2889=ORIENTED_EDGE('',*,*,#2222,.F.);
#2890=ORIENTED_EDGE('',*,*,#2221,.F.);
#2891=ORIENTED_EDGE('',*,*,#2223,.F.);
#2892=ORIENTED_EDGE('',*,*,#2224,.T.);
#2893=ORIENTED_EDGE('',*,*,#2225,.F.);
#2894=ORIENTED_EDGE('',*,*,#2224,.F.);
#2895=ORIENTED_EDGE('',*,*,#2226,.F.);
#2896=ORIENTED_EDGE('',*,*,#2227,.T.);
#2897=ORIENTED_EDGE('',*,*,#2228,.F.);
#2898=ORIENTED_EDGE('',*,*,#2227,.F.);
#2899=ORIENTED_EDGE('',*,*,#2229,.F.);
#2900=ORIENTED_EDGE('',*,*,#2230,.T.);
#2901=ORIENTED_EDGE('',*,*,#2231,.F.);
#2902=ORIENTED_EDGE('',*,*,#2230,.F.);
#2903=ORIENTED_EDGE('',*,*,#2232,.F.);
#2904=ORIENTED_EDGE('',*,*,#2210,.T.);
#2905=ORIENTED_EDGE('',*,*,#2233,.F.);
#2906=ORIENTED_EDGE('',*,*,#2234,.F.);
#2907=ORIENTED_EDGE('',*,*,#2235,.F.);
#2908=ORIENTED_EDGE('',*,*,#2236,.T.);
#2909=ORIENTED_EDGE('',*,*,#2237,.F.);
#2910=ORIENTED_EDGE('',*,*,#2236,.F.);
#2911=ORIENTED_EDGE('',*,*,#2238,.F.);
#2912=ORIENTED_EDGE('',*,*,#2239,.T.);
#2913=ORIENTED_EDGE('',*,*,#2240,.F.);
#2914=ORIENTED_EDGE('',*,*,#2239,.F.);
#2915=ORIENTED_EDGE('',*,*,#2241,.F.);
#2916=ORIENTED_EDGE('',*,*,#2242,.T.);
#2917=ORIENTED_EDGE('',*,*,#2243,.F.);
#2918=ORIENTED_EDGE('',*,*,#2242,.F.);
#2919=ORIENTED_EDGE('',*,*,#2244,.F.);
#2920=ORIENTED_EDGE('',*,*,#2245,.T.);
#2921=ORIENTED_EDGE('',*,*,#2246,.F.);
#2922=ORIENTED_EDGE('',*,*,#2245,.F.);
#2923=ORIENTED_EDGE('',*,*,#2247,.F.);
#2924=ORIENTED_EDGE('',*,*,#2248,.T.);
#2925=ORIENTED_EDGE('',*,*,#2249,.F.);
#2926=ORIENTED_EDGE('',*,*,#2248,.F.);
#2927=ORIENTED_EDGE('',*,*,#2250,.F.);
#2928=ORIENTED_EDGE('',*,*,#2251,.T.);
#2929=ORIENTED_EDGE('',*,*,#2252,.F.);
#2930=ORIENTED_EDGE('',*,*,#2251,.F.);
#2931=ORIENTED_EDGE('',*,*,#2253,.F.);
#2932=ORIENTED_EDGE('',*,*,#2254,.T.);
#2933=ORIENTED_EDGE('',*,*,#2255,.F.);
#2934=ORIENTED_EDGE('',*,*,#2254,.F.);
#2935=ORIENTED_EDGE('',*,*,#2256,.F.);
#2936=ORIENTED_EDGE('',*,*,#2234,.T.);
#2937=ORIENTED_EDGE('',*,*,#2257,.F.);
#2938=ORIENTED_EDGE('',*,*,#2258,.T.);
#2939=ORIENTED_EDGE('',*,*,#2259,.F.);
#2940=ORIENTED_EDGE('',*,*,#2260,.F.);
#2941=ORIENTED_EDGE('',*,*,#2261,.F.);
#2942=ORIENTED_EDGE('',*,*,#2260,.T.);
#2943=ORIENTED_EDGE('',*,*,#2262,.F.);
#2944=ORIENTED_EDGE('',*,*,#2263,.F.);
#2945=ORIENTED_EDGE('',*,*,#2264,.F.);
#2946=ORIENTED_EDGE('',*,*,#2263,.T.);
#2947=ORIENTED_EDGE('',*,*,#2265,.F.);
#2948=ORIENTED_EDGE('',*,*,#2266,.F.);
#2949=ORIENTED_EDGE('',*,*,#2267,.F.);
#2950=ORIENTED_EDGE('',*,*,#2266,.T.);
#2951=ORIENTED_EDGE('',*,*,#2268,.F.);
#2952=ORIENTED_EDGE('',*,*,#2258,.F.);
#2953=ORIENTED_EDGE('',*,*,#2268,.T.);
#2954=ORIENTED_EDGE('',*,*,#2265,.T.);
#2955=ORIENTED_EDGE('',*,*,#2262,.T.);
#2956=ORIENTED_EDGE('',*,*,#2259,.T.);
#2957=ORIENTED_EDGE('',*,*,#2235,.T.);
#2958=ORIENTED_EDGE('',*,*,#2256,.T.);
#2959=ORIENTED_EDGE('',*,*,#2253,.T.);
#2960=ORIENTED_EDGE('',*,*,#2250,.T.);
#2961=ORIENTED_EDGE('',*,*,#2247,.T.);
#2962=ORIENTED_EDGE('',*,*,#2244,.T.);
#2963=ORIENTED_EDGE('',*,*,#2241,.T.);
#2964=ORIENTED_EDGE('',*,*,#2238,.T.);
#2965=ORIENTED_EDGE('',*,*,#2211,.T.);
#2966=ORIENTED_EDGE('',*,*,#2232,.T.);
#2967=ORIENTED_EDGE('',*,*,#2229,.T.);
#2968=ORIENTED_EDGE('',*,*,#2226,.T.);
#2969=ORIENTED_EDGE('',*,*,#2223,.T.);
#2970=ORIENTED_EDGE('',*,*,#2220,.T.);
#2971=ORIENTED_EDGE('',*,*,#2217,.T.);
#2972=ORIENTED_EDGE('',*,*,#2214,.T.);
#2973=ORIENTED_EDGE('',*,*,#2187,.T.);
#2974=ORIENTED_EDGE('',*,*,#2208,.T.);
#2975=ORIENTED_EDGE('',*,*,#2205,.T.);
#2976=ORIENTED_EDGE('',*,*,#2202,.T.);
#2977=ORIENTED_EDGE('',*,*,#2199,.T.);
#2978=ORIENTED_EDGE('',*,*,#2196,.T.);
#2979=ORIENTED_EDGE('',*,*,#2193,.T.);
#2980=ORIENTED_EDGE('',*,*,#2190,.T.);
#2981=ORIENTED_EDGE('',*,*,#2163,.T.);
#2982=ORIENTED_EDGE('',*,*,#2184,.T.);
#2983=ORIENTED_EDGE('',*,*,#2181,.T.);
#2984=ORIENTED_EDGE('',*,*,#2178,.T.);
#2985=ORIENTED_EDGE('',*,*,#2175,.T.);
#2986=ORIENTED_EDGE('',*,*,#2172,.T.);
#2987=ORIENTED_EDGE('',*,*,#2169,.T.);
#2988=ORIENTED_EDGE('',*,*,#2166,.T.);
#2989=ORIENTED_EDGE('',*,*,#2139,.T.);
#2990=ORIENTED_EDGE('',*,*,#2160,.T.);
#2991=ORIENTED_EDGE('',*,*,#2157,.T.);
#2992=ORIENTED_EDGE('',*,*,#2154,.T.);
#2993=ORIENTED_EDGE('',*,*,#2151,.T.);
#2994=ORIENTED_EDGE('',*,*,#2148,.T.);
#2995=ORIENTED_EDGE('',*,*,#2145,.T.);
#2996=ORIENTED_EDGE('',*,*,#2142,.T.);
#2997=ORIENTED_EDGE('',*,*,#2134,.T.);
#2998=ORIENTED_EDGE('',*,*,#2131,.T.);
#2999=ORIENTED_EDGE('',*,*,#2128,.T.);
#3000=ORIENTED_EDGE('',*,*,#2106,.T.);
#3001=ORIENTED_EDGE('',*,*,#2127,.T.);
#3002=ORIENTED_EDGE('',*,*,#2124,.T.);
#3003=ORIENTED_EDGE('',*,*,#2121,.T.);
#3004=ORIENTED_EDGE('',*,*,#2118,.T.);
#3005=ORIENTED_EDGE('',*,*,#2115,.T.);
#3006=ORIENTED_EDGE('',*,*,#2112,.T.);
#3007=ORIENTED_EDGE('',*,*,#2109,.T.);
#3008=ORIENTED_EDGE('',*,*,#2082,.T.);
#3009=ORIENTED_EDGE('',*,*,#2103,.T.);
#3010=ORIENTED_EDGE('',*,*,#2100,.T.);
#3011=ORIENTED_EDGE('',*,*,#2097,.T.);
#3012=ORIENTED_EDGE('',*,*,#2094,.T.);
#3013=ORIENTED_EDGE('',*,*,#2091,.T.);
#3014=ORIENTED_EDGE('',*,*,#2088,.T.);
#3015=ORIENTED_EDGE('',*,*,#2085,.T.);
#3016=ORIENTED_EDGE('',*,*,#2058,.T.);
#3017=ORIENTED_EDGE('',*,*,#2079,.T.);
#3018=ORIENTED_EDGE('',*,*,#2076,.T.);
#3019=ORIENTED_EDGE('',*,*,#2073,.T.);
#3020=ORIENTED_EDGE('',*,*,#2070,.T.);
#3021=ORIENTED_EDGE('',*,*,#2067,.T.);
#3022=ORIENTED_EDGE('',*,*,#2064,.T.);
#3023=ORIENTED_EDGE('',*,*,#2061,.T.);
#3024=ORIENTED_EDGE('',*,*,#2034,.T.);
#3025=ORIENTED_EDGE('',*,*,#2055,.T.);
#3026=ORIENTED_EDGE('',*,*,#2052,.T.);
#3027=ORIENTED_EDGE('',*,*,#2049,.T.);
#3028=ORIENTED_EDGE('',*,*,#2046,.T.);
#3029=ORIENTED_EDGE('',*,*,#2043,.T.);
#3030=ORIENTED_EDGE('',*,*,#2040,.T.);
#3031=ORIENTED_EDGE('',*,*,#2037,.T.);
#3032=ORIENTED_EDGE('',*,*,#2010,.T.);
#3033=ORIENTED_EDGE('',*,*,#2031,.T.);
#3034=ORIENTED_EDGE('',*,*,#2028,.T.);
#3035=ORIENTED_EDGE('',*,*,#2025,.T.);
#3036=ORIENTED_EDGE('',*,*,#2022,.T.);
#3037=ORIENTED_EDGE('',*,*,#2019,.T.);
#3038=ORIENTED_EDGE('',*,*,#2016,.T.);
#3039=ORIENTED_EDGE('',*,*,#2013,.T.);
#3040=ORIENTED_EDGE('',*,*,#1986,.T.);
#3041=ORIENTED_EDGE('',*,*,#2007,.T.);
#3042=ORIENTED_EDGE('',*,*,#2004,.T.);
#3043=ORIENTED_EDGE('',*,*,#2001,.T.);
#3044=ORIENTED_EDGE('',*,*,#1998,.T.);
#3045=ORIENTED_EDGE('',*,*,#1995,.T.);
#3046=ORIENTED_EDGE('',*,*,#1992,.T.);
#3047=ORIENTED_EDGE('',*,*,#1989,.T.);
#3048=ORIENTED_EDGE('',*,*,#1962,.T.);
#3049=ORIENTED_EDGE('',*,*,#1983,.T.);
#3050=ORIENTED_EDGE('',*,*,#1980,.T.);
#3051=ORIENTED_EDGE('',*,*,#1977,.T.);
#3052=ORIENTED_EDGE('',*,*,#1974,.T.);
#3053=ORIENTED_EDGE('',*,*,#1971,.T.);
#3054=ORIENTED_EDGE('',*,*,#1968,.T.);
#3055=ORIENTED_EDGE('',*,*,#1965,.T.);
#3056=ORIENTED_EDGE('',*,*,#1938,.T.);
#3057=ORIENTED_EDGE('',*,*,#1959,.T.);
#3058=ORIENTED_EDGE('',*,*,#1956,.T.);
#3059=ORIENTED_EDGE('',*,*,#1953,.T.);
#3060=ORIENTED_EDGE('',*,*,#1950,.T.);
#3061=ORIENTED_EDGE('',*,*,#1947,.T.);
#3062=ORIENTED_EDGE('',*,*,#1944,.T.);
#3063=ORIENTED_EDGE('',*,*,#1941,.T.);
#3064=ORIENTED_EDGE('',*,*,#1914,.T.);
#3065=ORIENTED_EDGE('',*,*,#1935,.T.);
#3066=ORIENTED_EDGE('',*,*,#1932,.T.);
#3067=ORIENTED_EDGE('',*,*,#1929,.T.);
#3068=ORIENTED_EDGE('',*,*,#1926,.T.);
#3069=ORIENTED_EDGE('',*,*,#1923,.T.);
#3070=ORIENTED_EDGE('',*,*,#1920,.T.);
#3071=ORIENTED_EDGE('',*,*,#1917,.T.);
#3072=ORIENTED_EDGE('',*,*,#1890,.T.);
#3073=ORIENTED_EDGE('',*,*,#1911,.T.);
#3074=ORIENTED_EDGE('',*,*,#1908,.T.);
#3075=ORIENTED_EDGE('',*,*,#1905,.T.);
#3076=ORIENTED_EDGE('',*,*,#1902,.T.);
#3077=ORIENTED_EDGE('',*,*,#1899,.T.);
#3078=ORIENTED_EDGE('',*,*,#1896,.T.);
#3079=ORIENTED_EDGE('',*,*,#1893,.T.);
#3080=ORIENTED_EDGE('',*,*,#1885,.T.);
#3081=ORIENTED_EDGE('',*,*,#1863,.T.);
#3082=ORIENTED_EDGE('',*,*,#1884,.T.);
#3083=ORIENTED_EDGE('',*,*,#1881,.T.);
#3084=ORIENTED_EDGE('',*,*,#1878,.T.);
#3085=ORIENTED_EDGE('',*,*,#1875,.T.);
#3086=ORIENTED_EDGE('',*,*,#1872,.T.);
#3087=ORIENTED_EDGE('',*,*,#1869,.T.);
#3088=ORIENTED_EDGE('',*,*,#1866,.T.);
#3089=ORIENTED_EDGE('',*,*,#1839,.T.);
#3090=ORIENTED_EDGE('',*,*,#1860,.T.);
#3091=ORIENTED_EDGE('',*,*,#1857,.T.);
#3092=ORIENTED_EDGE('',*,*,#1854,.T.);
#3093=ORIENTED_EDGE('',*,*,#1851,.T.);
#3094=ORIENTED_EDGE('',*,*,#1848,.T.);
#3095=ORIENTED_EDGE('',*,*,#1845,.T.);
#3096=ORIENTED_EDGE('',*,*,#1842,.T.);
#3097=ORIENTED_EDGE('',*,*,#1815,.T.);
#3098=ORIENTED_EDGE('',*,*,#1836,.T.);
#3099=ORIENTED_EDGE('',*,*,#1833,.T.);
#3100=ORIENTED_EDGE('',*,*,#1830,.T.);
#3101=ORIENTED_EDGE('',*,*,#1827,.T.);
#3102=ORIENTED_EDGE('',*,*,#1824,.T.);
#3103=ORIENTED_EDGE('',*,*,#1821,.T.);
#3104=ORIENTED_EDGE('',*,*,#1818,.T.);
#3105=ORIENTED_EDGE('',*,*,#1791,.T.);
#3106=ORIENTED_EDGE('',*,*,#1812,.T.);
#3107=ORIENTED_EDGE('',*,*,#1809,.T.);
#3108=ORIENTED_EDGE('',*,*,#1806,.T.);
#3109=ORIENTED_EDGE('',*,*,#1803,.T.);
#3110=ORIENTED_EDGE('',*,*,#1800,.T.);
#3111=ORIENTED_EDGE('',*,*,#1797,.T.);
#3112=ORIENTED_EDGE('',*,*,#1794,.T.);
#3113=ORIENTED_EDGE('',*,*,#1767,.T.);
#3114=ORIENTED_EDGE('',*,*,#1788,.T.);
#3115=ORIENTED_EDGE('',*,*,#1785,.T.);
#3116=ORIENTED_EDGE('',*,*,#1782,.T.);
#3117=ORIENTED_EDGE('',*,*,#1779,.T.);
#3118=ORIENTED_EDGE('',*,*,#1776,.T.);
#3119=ORIENTED_EDGE('',*,*,#1773,.T.);
#3120=ORIENTED_EDGE('',*,*,#1770,.T.);
#3121=ORIENTED_EDGE('',*,*,#2267,.T.);
#3122=ORIENTED_EDGE('',*,*,#2257,.T.);
#3123=ORIENTED_EDGE('',*,*,#2261,.T.);
#3124=ORIENTED_EDGE('',*,*,#2264,.T.);
#3125=ORIENTED_EDGE('',*,*,#2233,.T.);
#3126=ORIENTED_EDGE('',*,*,#2237,.T.);
#3127=ORIENTED_EDGE('',*,*,#2240,.T.);
#3128=ORIENTED_EDGE('',*,*,#2243,.T.);
#3129=ORIENTED_EDGE('',*,*,#2246,.T.);
#3130=ORIENTED_EDGE('',*,*,#2249,.T.);
#3131=ORIENTED_EDGE('',*,*,#2252,.T.);
#3132=ORIENTED_EDGE('',*,*,#2255,.T.);
#3133=ORIENTED_EDGE('',*,*,#2209,.T.);
#3134=ORIENTED_EDGE('',*,*,#2213,.T.);
#3135=ORIENTED_EDGE('',*,*,#2216,.T.);
#3136=ORIENTED_EDGE('',*,*,#2219,.T.);
#3137=ORIENTED_EDGE('',*,*,#2222,.T.);
#3138=ORIENTED_EDGE('',*,*,#2225,.T.);
#3139=ORIENTED_EDGE('',*,*,#2228,.T.);
#3140=ORIENTED_EDGE('',*,*,#2231,.T.);
#3141=ORIENTED_EDGE('',*,*,#2185,.T.);
#3142=ORIENTED_EDGE('',*,*,#2189,.T.);
#3143=ORIENTED_EDGE('',*,*,#2192,.T.);
#3144=ORIENTED_EDGE('',*,*,#2195,.T.);
#3145=ORIENTED_EDGE('',*,*,#2198,.T.);
#3146=ORIENTED_EDGE('',*,*,#2201,.T.);
#3147=ORIENTED_EDGE('',*,*,#2204,.T.);
#3148=ORIENTED_EDGE('',*,*,#2207,.T.);
#3149=ORIENTED_EDGE('',*,*,#2161,.T.);
#3150=ORIENTED_EDGE('',*,*,#2165,.T.);
#3151=ORIENTED_EDGE('',*,*,#2168,.T.);
#3152=ORIENTED_EDGE('',*,*,#2171,.T.);
#3153=ORIENTED_EDGE('',*,*,#2174,.T.);
#3154=ORIENTED_EDGE('',*,*,#2177,.T.);
#3155=ORIENTED_EDGE('',*,*,#2180,.T.);
#3156=ORIENTED_EDGE('',*,*,#2183,.T.);
#3157=ORIENTED_EDGE('',*,*,#2137,.T.);
#3158=ORIENTED_EDGE('',*,*,#2141,.T.);
#3159=ORIENTED_EDGE('',*,*,#2144,.T.);
#3160=ORIENTED_EDGE('',*,*,#2147,.T.);
#3161=ORIENTED_EDGE('',*,*,#2150,.T.);
#3162=ORIENTED_EDGE('',*,*,#2153,.T.);
#3163=ORIENTED_EDGE('',*,*,#2156,.T.);
#3164=ORIENTED_EDGE('',*,*,#2159,.T.);
#3165=ORIENTED_EDGE('',*,*,#2136,.T.);
#3166=ORIENTED_EDGE('',*,*,#2133,.T.);
#3167=ORIENTED_EDGE('',*,*,#2130,.T.);
#3168=ORIENTED_EDGE('',*,*,#2104,.T.);
#3169=ORIENTED_EDGE('',*,*,#2108,.T.);
#3170=ORIENTED_EDGE('',*,*,#2111,.T.);
#3171=ORIENTED_EDGE('',*,*,#2114,.T.);
#3172=ORIENTED_EDGE('',*,*,#2117,.T.);
#3173=ORIENTED_EDGE('',*,*,#2120,.T.);
#3174=ORIENTED_EDGE('',*,*,#2123,.T.);
#3175=ORIENTED_EDGE('',*,*,#2126,.T.);
#3176=ORIENTED_EDGE('',*,*,#2080,.T.);
#3177=ORIENTED_EDGE('',*,*,#2084,.T.);
#3178=ORIENTED_EDGE('',*,*,#2087,.T.);
#3179=ORIENTED_EDGE('',*,*,#2090,.T.);
#3180=ORIENTED_EDGE('',*,*,#2093,.T.);
#3181=ORIENTED_EDGE('',*,*,#2096,.T.);
#3182=ORIENTED_EDGE('',*,*,#2099,.T.);
#3183=ORIENTED_EDGE('',*,*,#2102,.T.);
#3184=ORIENTED_EDGE('',*,*,#2056,.T.);
#3185=ORIENTED_EDGE('',*,*,#2060,.T.);
#3186=ORIENTED_EDGE('',*,*,#2063,.T.);
#3187=ORIENTED_EDGE('',*,*,#2066,.T.);
#3188=ORIENTED_EDGE('',*,*,#2069,.T.);
#3189=ORIENTED_EDGE('',*,*,#2072,.T.);
#3190=ORIENTED_EDGE('',*,*,#2075,.T.);
#3191=ORIENTED_EDGE('',*,*,#2078,.T.);
#3192=ORIENTED_EDGE('',*,*,#2032,.T.);
#3193=ORIENTED_EDGE('',*,*,#2036,.T.);
#3194=ORIENTED_EDGE('',*,*,#2039,.T.);
#3195=ORIENTED_EDGE('',*,*,#2042,.T.);
#3196=ORIENTED_EDGE('',*,*,#2045,.T.);
#3197=ORIENTED_EDGE('',*,*,#2048,.T.);
#3198=ORIENTED_EDGE('',*,*,#2051,.T.);
#3199=ORIENTED_EDGE('',*,*,#2054,.T.);
#3200=ORIENTED_EDGE('',*,*,#2008,.T.);
#3201=ORIENTED_EDGE('',*,*,#2012,.T.);
#3202=ORIENTED_EDGE('',*,*,#2015,.T.);
#3203=ORIENTED_EDGE('',*,*,#2018,.T.);
#3204=ORIENTED_EDGE('',*,*,#2021,.T.);
#3205=ORIENTED_EDGE('',*,*,#2024,.T.);
#3206=ORIENTED_EDGE('',*,*,#2027,.T.);
#3207=ORIENTED_EDGE('',*,*,#2030,.T.);
#3208=ORIENTED_EDGE('',*,*,#1984,.T.);
#3209=ORIENTED_EDGE('',*,*,#1988,.T.);
#3210=ORIENTED_EDGE('',*,*,#1991,.T.);
#3211=ORIENTED_EDGE('',*,*,#1994,.T.);
#3212=ORIENTED_EDGE('',*,*,#1997,.T.);
#3213=ORIENTED_EDGE('',*,*,#2000,.T.);
#3214=ORIENTED_EDGE('',*,*,#2003,.T.);
#3215=ORIENTED_EDGE('',*,*,#2006,.T.);
#3216=ORIENTED_EDGE('',*,*,#1960,.T.);
#3217=ORIENTED_EDGE('',*,*,#1964,.T.);
#3218=ORIENTED_EDGE('',*,*,#1967,.T.);
#3219=ORIENTED_EDGE('',*,*,#1970,.T.);
#3220=ORIENTED_EDGE('',*,*,#1973,.T.);
#3221=ORIENTED_EDGE('',*,*,#1976,.T.);
#3222=ORIENTED_EDGE('',*,*,#1979,.T.);
#3223=ORIENTED_EDGE('',*,*,#1982,.T.);
#3224=ORIENTED_EDGE('',*,*,#1936,.T.);
#3225=ORIENTED_EDGE('',*,*,#1940,.T.);
#3226=ORIENTED_EDGE('',*,*,#1943,.T.);
#3227=ORIENTED_EDGE('',*,*,#1946,.T.);
#3228=ORIENTED_EDGE('',*,*,#1949,.T.);
#3229=ORIENTED_EDGE('',*,*,#1952,.T.);
#3230=ORIENTED_EDGE('',*,*,#1955,.T.);
#3231=ORIENTED_EDGE('',*,*,#1958,.T.);
#3232=ORIENTED_EDGE('',*,*,#1912,.T.);
#3233=ORIENTED_EDGE('',*,*,#1916,.T.);
#3234=ORIENTED_EDGE('',*,*,#1919,.T.);
#3235=ORIENTED_EDGE('',*,*,#1922,.T.);
#3236=ORIENTED_EDGE('',*,*,#1925,.T.);
#3237=ORIENTED_EDGE('',*,*,#1928,.T.);
#3238=ORIENTED_EDGE('',*,*,#1931,.T.);
#3239=ORIENTED_EDGE('',*,*,#1934,.T.);
#3240=ORIENTED_EDGE('',*,*,#1888,.T.);
#3241=ORIENTED_EDGE('',*,*,#1892,.T.);
#3242=ORIENTED_EDGE('',*,*,#1895,.T.);
#3243=ORIENTED_EDGE('',*,*,#1898,.T.);
#3244=ORIENTED_EDGE('',*,*,#1901,.T.);
#3245=ORIENTED_EDGE('',*,*,#1904,.T.);
#3246=ORIENTED_EDGE('',*,*,#1907,.T.);
#3247=ORIENTED_EDGE('',*,*,#1910,.T.);
#3248=ORIENTED_EDGE('',*,*,#1887,.T.);
#3249=ORIENTED_EDGE('',*,*,#1861,.T.);
#3250=ORIENTED_EDGE('',*,*,#1865,.T.);
#3251=ORIENTED_EDGE('',*,*,#1868,.T.);
#3252=ORIENTED_EDGE('',*,*,#1871,.T.);
#3253=ORIENTED_EDGE('',*,*,#1874,.T.);
#3254=ORIENTED_EDGE('',*,*,#1877,.T.);
#3255=ORIENTED_EDGE('',*,*,#1880,.T.);
#3256=ORIENTED_EDGE('',*,*,#1883,.T.);
#3257=ORIENTED_EDGE('',*,*,#1837,.T.);
#3258=ORIENTED_EDGE('',*,*,#1841,.T.);
#3259=ORIENTED_EDGE('',*,*,#1844,.T.);
#3260=ORIENTED_EDGE('',*,*,#1847,.T.);
#3261=ORIENTED_EDGE('',*,*,#1850,.T.);
#3262=ORIENTED_EDGE('',*,*,#1853,.T.);
#3263=ORIENTED_EDGE('',*,*,#1856,.T.);
#3264=ORIENTED_EDGE('',*,*,#1859,.T.);
#3265=ORIENTED_EDGE('',*,*,#1813,.T.);
#3266=ORIENTED_EDGE('',*,*,#1817,.T.);
#3267=ORIENTED_EDGE('',*,*,#1820,.T.);
#3268=ORIENTED_EDGE('',*,*,#1823,.T.);
#3269=ORIENTED_EDGE('',*,*,#1826,.T.);
#3270=ORIENTED_EDGE('',*,*,#1829,.T.);
#3271=ORIENTED_EDGE('',*,*,#1832,.T.);
#3272=ORIENTED_EDGE('',*,*,#1835,.T.);
#3273=ORIENTED_EDGE('',*,*,#1789,.T.);
#3274=ORIENTED_EDGE('',*,*,#1793,.T.);
#3275=ORIENTED_EDGE('',*,*,#1796,.T.);
#3276=ORIENTED_EDGE('',*,*,#1799,.T.);
#3277=ORIENTED_EDGE('',*,*,#1802,.T.);
#3278=ORIENTED_EDGE('',*,*,#1805,.T.);
#3279=ORIENTED_EDGE('',*,*,#1808,.T.);
#3280=ORIENTED_EDGE('',*,*,#1811,.T.);
#3281=ORIENTED_EDGE('',*,*,#1765,.T.);
#3282=ORIENTED_EDGE('',*,*,#1769,.T.);
#3283=ORIENTED_EDGE('',*,*,#1772,.T.);
#3284=ORIENTED_EDGE('',*,*,#1775,.T.);
#3285=ORIENTED_EDGE('',*,*,#1778,.T.);
#3286=ORIENTED_EDGE('',*,*,#1781,.T.);
#3287=ORIENTED_EDGE('',*,*,#1784,.T.);
#3288=ORIENTED_EDGE('',*,*,#1787,.T.);
#3289=ORIENTED_EDGE('',*,*,#2269,.F.);
#3290=ORIENTED_EDGE('',*,*,#2270,.T.);
#3291=ORIENTED_EDGE('',*,*,#2271,.F.);
#3292=ORIENTED_EDGE('',*,*,#2272,.F.);
#3293=ORIENTED_EDGE('',*,*,#2273,.F.);
#3294=ORIENTED_EDGE('',*,*,#2272,.T.);
#3295=ORIENTED_EDGE('',*,*,#2274,.F.);
#3296=ORIENTED_EDGE('',*,*,#2275,.F.);
#3297=ORIENTED_EDGE('',*,*,#2276,.F.);
#3298=ORIENTED_EDGE('',*,*,#2275,.T.);
#3299=ORIENTED_EDGE('',*,*,#2277,.F.);
#3300=ORIENTED_EDGE('',*,*,#2278,.F.);
#3301=ORIENTED_EDGE('',*,*,#2279,.F.);
#3302=ORIENTED_EDGE('',*,*,#2278,.T.);
#3303=ORIENTED_EDGE('',*,*,#2280,.F.);
#3304=ORIENTED_EDGE('',*,*,#2270,.F.);
#3305=ORIENTED_EDGE('',*,*,#2280,.T.);
#3306=ORIENTED_EDGE('',*,*,#2277,.T.);
#3307=ORIENTED_EDGE('',*,*,#2274,.T.);
#3308=ORIENTED_EDGE('',*,*,#2271,.T.);
#3309=ORIENTED_EDGE('',*,*,#2279,.T.);
#3310=ORIENTED_EDGE('',*,*,#2269,.T.);
#3311=ORIENTED_EDGE('',*,*,#2273,.T.);
#3312=ORIENTED_EDGE('',*,*,#2276,.T.);
#3313=CYLINDRICAL_SURFACE('',#3588,0.149999999999999);
#3314=CYLINDRICAL_SURFACE('',#3592,0.149999999999997);
#3315=CYLINDRICAL_SURFACE('',#3596,0.149999999999999);
#3316=CYLINDRICAL_SURFACE('',#3600,0.150000000000001);
#3317=CYLINDRICAL_SURFACE('',#3605,0.149999999999999);
#3318=CYLINDRICAL_SURFACE('',#3609,0.149999999999997);
#3319=CYLINDRICAL_SURFACE('',#3613,0.15);
#3320=CYLINDRICAL_SURFACE('',#3617,0.150000000000001);
#3321=CYLINDRICAL_SURFACE('',#3621,0.15);
#3322=CYLINDRICAL_SURFACE('',#3625,0.149999999999999);
#3323=CYLINDRICAL_SURFACE('',#3629,0.149999999999998);
#3324=CYLINDRICAL_SURFACE('',#3633,0.149999999999999);
#3325=CYLINDRICAL_SURFACE('',#3637,0.150000000000001);
#3326=CYLINDRICAL_SURFACE('',#3641,0.149999999999999);
#3327=CYLINDRICAL_SURFACE('',#3645,0.149999999999999);
#3328=CYLINDRICAL_SURFACE('',#3649,0.149999999999999);
#3329=CYLINDRICAL_SURFACE('',#3653,0.149999999999997);
#3330=CYLINDRICAL_SURFACE('',#3657,0.149999999999999);
#3331=CYLINDRICAL_SURFACE('',#3661,0.149999999999997);
#3332=CYLINDRICAL_SURFACE('',#3665,0.149999999999999);
#3333=CYLINDRICAL_SURFACE('',#3668,1.2);
#3334=CYLINDRICAL_SURFACE('',#3672,0.149999999999999);
#3335=CYLINDRICAL_SURFACE('',#3676,0.149999999999999);
#3336=CYLINDRICAL_SURFACE('',#3680,0.15);
#3337=CYLINDRICAL_SURFACE('',#3684,0.149999999999999);
#3338=CYLINDRICAL_SURFACE('',#3688,0.149999999999997);
#3339=CYLINDRICAL_SURFACE('',#3692,0.149999999999999);
#3340=CYLINDRICAL_SURFACE('',#3696,0.149999999999997);
#3341=CYLINDRICAL_SURFACE('',#3700,0.149999999999999);
#3342=CYLINDRICAL_SURFACE('',#3704,0.150000000000001);
#3343=CYLINDRICAL_SURFACE('',#3708,0.149999999999999);
#3344=CYLINDRICAL_SURFACE('',#3712,0.149999999999999);
#3345=CYLINDRICAL_SURFACE('',#3716,0.149999999999999);
#3346=CYLINDRICAL_SURFACE('',#3720,0.149999999999999);
#3347=CYLINDRICAL_SURFACE('',#3724,0.149999999999997);
#3348=CYLINDRICAL_SURFACE('',#3728,0.15);
#3349=CYLINDRICAL_SURFACE('',#3732,0.150000000000001);
#3350=CYLINDRICAL_SURFACE('',#3736,0.149999999999999);
#3351=CYLINDRICAL_SURFACE('',#3740,0.150000000000001);
#3352=CYLINDRICAL_SURFACE('',#3744,0.149999999999999);
#3353=CYLINDRICAL_SURFACE('',#3748,0.149999999999997);
#3354=CYLINDRICAL_SURFACE('',#3752,0.150000000000001);
#3355=CYLINDRICAL_SURFACE('',#3756,0.149999999999997);
#3356=CYLINDRICAL_SURFACE('',#3760,0.149999999999997);
#3357=CYLINDRICAL_SURFACE('',#3764,0.149999999999997);
#3358=CYLINDRICAL_SURFACE('',#3768,0.149999999999999);
#3359=CYLINDRICAL_SURFACE('',#3772,0.150000000000001);
#3360=CYLINDRICAL_SURFACE('',#3776,0.149999999999999);
#3361=CYLINDRICAL_SURFACE('',#3780,0.149999999999997);
#3362=CYLINDRICAL_SURFACE('',#3783,0.150000000000001);
#3363=CYLINDRICAL_SURFACE('',#3787,0.149999999999999);
#3364=CYLINDRICAL_SURFACE('',#3791,0.149999999999997);
#3365=CYLINDRICAL_SURFACE('',#3795,0.15);
#3366=CYLINDRICAL_SURFACE('',#3800,0.15);
#3367=CYLINDRICAL_SURFACE('',#3804,0.149999999999999);
#3368=CYLINDRICAL_SURFACE('',#3808,0.149999999999998);
#3369=CYLINDRICAL_SURFACE('',#3812,0.149999999999999);
#3370=CYLINDRICAL_SURFACE('',#3816,0.150000000000001);
#3371=CYLINDRICAL_SURFACE('',#3820,0.149999999999999);
#3372=CYLINDRICAL_SURFACE('',#3824,0.149999999999999);
#3373=CYLINDRICAL_SURFACE('',#3828,0.149999999999999);
#3374=CYLINDRICAL_SURFACE('',#3831,1.2);
#3375=CYLINDRICAL_SURFACE('',#3834,1.2);
#3376=CYLINDRICAL_SURFACE('',#3837,1.2);
#3377=CYLINDRICAL_SURFACE('',#3841,0.150000000000001);
#3378=CYLINDRICAL_SURFACE('',#3845,0.149999999999999);
#3379=CYLINDRICAL_SURFACE('',#3849,0.149999999999999);
#3380=CYLINDRICAL_SURFACE('',#3853,0.149999999999999);
#3381=CYLINDRICAL_SURFACE('',#3857,0.15);
#3382=CYLINDRICAL_SURFACE('',#3861,0.149999999999999);
#3383=CYLINDRICAL_SURFACE('',#3865,0.149999999999998);
#3384=CYLINDRICAL_SURFACE('',#3869,0.149999999999999);
#3385=CYLINDRICAL_SURFACE('',#3872,0.150000000000001);
#3386=CYLINDRICAL_SURFACE('',#3876,0.149999999999999);
#3387=CYLINDRICAL_SURFACE('',#3880,0.149999999999997);
#3388=CYLINDRICAL_SURFACE('',#3884,0.15);
#3389=CYLINDRICAL_SURFACE('',#3888,0.149999999999999);
#3390=CYLINDRICAL_SURFACE('',#3892,0.149999999999997);
#3391=CYLINDRICAL_SURFACE('',#3896,0.149999999999999);
#3392=CYLINDRICAL_SURFACE('',#3900,0.150000000000001);
#3393=CYLINDRICAL_SURFACE('',#3905,0.149999999999997);
#3394=CYLINDRICAL_SURFACE('',#3909,0.149999999999997);
#3395=CYLINDRICAL_SURFACE('',#3913,0.150000000000001);
#3396=CYLINDRICAL_SURFACE('',#3917,0.149999999999997);
#3397=ADVANCED_FACE('',(#157),#3313,.F.);
#3398=ADVANCED_FACE('',(#158),#65,.F.);
#3399=ADVANCED_FACE('',(#159),#3314,.F.);
#3400=ADVANCED_FACE('',(#160),#66,.F.);
#3401=ADVANCED_FACE('',(#161),#3315,.F.);
#3402=ADVANCED_FACE('',(#162),#67,.F.);
#3403=ADVANCED_FACE('',(#163),#3316,.F.);
#3404=ADVANCED_FACE('',(#164),#68,.F.);
#3405=ADVANCED_FACE('',(#165),#69,.F.);
#3406=ADVANCED_FACE('',(#166),#3317,.F.);
#3407=ADVANCED_FACE('',(#167),#70,.F.);
#3408=ADVANCED_FACE('',(#168),#3318,.F.);
#3409=ADVANCED_FACE('',(#169),#71,.F.);
#3410=ADVANCED_FACE('',(#170),#3319,.F.);
#3411=ADVANCED_FACE('',(#171),#72,.F.);
#3412=ADVANCED_FACE('',(#172),#3320,.F.);
#3413=ADVANCED_FACE('',(#173),#73,.F.);
#3414=ADVANCED_FACE('',(#174),#3321,.F.);
#3415=ADVANCED_FACE('',(#175),#74,.F.);
#3416=ADVANCED_FACE('',(#176),#3322,.F.);
#3417=ADVANCED_FACE('',(#177),#75,.F.);
#3418=ADVANCED_FACE('',(#178),#3323,.F.);
#3419=ADVANCED_FACE('',(#179),#76,.F.);
#3420=ADVANCED_FACE('',(#180),#3324,.F.);
#3421=ADVANCED_FACE('',(#181),#77,.F.);
#3422=ADVANCED_FACE('',(#182),#3325,.F.);
#3423=ADVANCED_FACE('',(#183),#78,.F.);
#3424=ADVANCED_FACE('',(#184),#3326,.F.);
#3425=ADVANCED_FACE('',(#185),#79,.F.);
#3426=ADVANCED_FACE('',(#186),#3327,.F.);
#3427=ADVANCED_FACE('',(#187),#80,.F.);
#3428=ADVANCED_FACE('',(#188),#3328,.F.);
#3429=ADVANCED_FACE('',(#189),#81,.F.);
#3430=ADVANCED_FACE('',(#190),#3329,.F.);
#3431=ADVANCED_FACE('',(#191),#82,.F.);
#3432=ADVANCED_FACE('',(#192),#3330,.F.);
#3433=ADVANCED_FACE('',(#193),#83,.F.);
#3434=ADVANCED_FACE('',(#194),#3331,.F.);
#3435=ADVANCED_FACE('',(#195),#84,.F.);
#3436=ADVANCED_FACE('',(#196),#3332,.F.);
#3437=ADVANCED_FACE('',(#197),#3333,.F.);
#3438=ADVANCED_FACE('',(#198),#85,.F.);
#3439=ADVANCED_FACE('',(#199),#3334,.F.);
#3440=ADVANCED_FACE('',(#200),#86,.F.);
#3441=ADVANCED_FACE('',(#201),#3335,.F.);
#3442=ADVANCED_FACE('',(#202),#87,.F.);
#3443=ADVANCED_FACE('',(#203),#3336,.F.);
#3444=ADVANCED_FACE('',(#204),#88,.F.);
#3445=ADVANCED_FACE('',(#205),#3337,.F.);
#3446=ADVANCED_FACE('',(#206),#89,.F.);
#3447=ADVANCED_FACE('',(#207),#3338,.F.);
#3448=ADVANCED_FACE('',(#208),#90,.F.);
#3449=ADVANCED_FACE('',(#209),#3339,.F.);
#3450=ADVANCED_FACE('',(#210),#91,.F.);
#3451=ADVANCED_FACE('',(#211),#3340,.F.);
#3452=ADVANCED_FACE('',(#212),#92,.F.);
#3453=ADVANCED_FACE('',(#213),#3341,.F.);
#3454=ADVANCED_FACE('',(#214),#93,.F.);
#3455=ADVANCED_FACE('',(#215),#3342,.F.);
#3456=ADVANCED_FACE('',(#216),#94,.F.);
#3457=ADVANCED_FACE('',(#217),#3343,.F.);
#3458=ADVANCED_FACE('',(#218),#95,.F.);
#3459=ADVANCED_FACE('',(#219),#3344,.F.);
#3460=ADVANCED_FACE('',(#220),#96,.F.);
#3461=ADVANCED_FACE('',(#221),#3345,.F.);
#3462=ADVANCED_FACE('',(#222),#97,.F.);
#3463=ADVANCED_FACE('',(#223),#3346,.F.);
#3464=ADVANCED_FACE('',(#224),#98,.F.);
#3465=ADVANCED_FACE('',(#225),#3347,.F.);
#3466=ADVANCED_FACE('',(#226),#99,.F.);
#3467=ADVANCED_FACE('',(#227),#3348,.F.);
#3468=ADVANCED_FACE('',(#228),#100,.F.);
#3469=ADVANCED_FACE('',(#229),#3349,.F.);
#3470=ADVANCED_FACE('',(#230),#101,.F.);
#3471=ADVANCED_FACE('',(#231),#3350,.F.);
#3472=ADVANCED_FACE('',(#232),#102,.F.);
#3473=ADVANCED_FACE('',(#233),#3351,.F.);
#3474=ADVANCED_FACE('',(#234),#103,.F.);
#3475=ADVANCED_FACE('',(#235),#3352,.F.);
#3476=ADVANCED_FACE('',(#236),#104,.F.);
#3477=ADVANCED_FACE('',(#237),#3353,.F.);
#3478=ADVANCED_FACE('',(#238),#105,.F.);
#3479=ADVANCED_FACE('',(#239),#3354,.F.);
#3480=ADVANCED_FACE('',(#240),#106,.F.);
#3481=ADVANCED_FACE('',(#241),#3355,.F.);
#3482=ADVANCED_FACE('',(#242),#107,.F.);
#3483=ADVANCED_FACE('',(#243),#3356,.F.);
#3484=ADVANCED_FACE('',(#244),#108,.F.);
#3485=ADVANCED_FACE('',(#245),#3357,.F.);
#3486=ADVANCED_FACE('',(#246),#109,.F.);
#3487=ADVANCED_FACE('',(#247),#3358,.F.);
#3488=ADVANCED_FACE('',(#248),#110,.F.);
#3489=ADVANCED_FACE('',(#249),#3359,.F.);
#3490=ADVANCED_FACE('',(#250),#111,.F.);
#3491=ADVANCED_FACE('',(#251),#3360,.F.);
#3492=ADVANCED_FACE('',(#252),#112,.F.);
#3493=ADVANCED_FACE('',(#253),#3361,.F.);
#3494=ADVANCED_FACE('',(#254),#3362,.F.);
#3495=ADVANCED_FACE('',(#255),#113,.F.);
#3496=ADVANCED_FACE('',(#256),#3363,.F.);
#3497=ADVANCED_FACE('',(#257),#114,.F.);
#3498=ADVANCED_FACE('',(#258),#3364,.F.);
#3499=ADVANCED_FACE('',(#259),#115,.F.);
#3500=ADVANCED_FACE('',(#260),#3365,.F.);
#3501=ADVANCED_FACE('',(#261),#116,.F.);
#3502=ADVANCED_FACE('',(#262),#117,.F.);
#3503=ADVANCED_FACE('',(#263),#3366,.F.);
#3504=ADVANCED_FACE('',(#264),#118,.F.);
#3505=ADVANCED_FACE('',(#265),#3367,.F.);
#3506=ADVANCED_FACE('',(#266),#119,.F.);
#3507=ADVANCED_FACE('',(#267),#3368,.F.);
#3508=ADVANCED_FACE('',(#268),#120,.F.);
#3509=ADVANCED_FACE('',(#269),#3369,.F.);
#3510=ADVANCED_FACE('',(#270),#121,.F.);
#3511=ADVANCED_FACE('',(#271),#3370,.F.);
#3512=ADVANCED_FACE('',(#272),#122,.F.);
#3513=ADVANCED_FACE('',(#273),#3371,.F.);
#3514=ADVANCED_FACE('',(#274),#123,.F.);
#3515=ADVANCED_FACE('',(#275),#3372,.F.);
#3516=ADVANCED_FACE('',(#276),#124,.F.);
#3517=ADVANCED_FACE('',(#277),#3373,.F.);
#3518=ADVANCED_FACE('',(#278),#3374,.F.);
#3519=ADVANCED_FACE('',(#279),#3375,.F.);
#3520=ADVANCED_FACE('',(#280),#3376,.F.);
#3521=ADVANCED_FACE('',(#281),#125,.F.);
#3522=ADVANCED_FACE('',(#282),#3377,.F.);
#3523=ADVANCED_FACE('',(#283),#126,.F.);
#3524=ADVANCED_FACE('',(#284),#3378,.F.);
#3525=ADVANCED_FACE('',(#285),#127,.F.);
#3526=ADVANCED_FACE('',(#286),#3379,.F.);
#3527=ADVANCED_FACE('',(#287),#128,.F.);
#3528=ADVANCED_FACE('',(#288),#3380,.F.);
#3529=ADVANCED_FACE('',(#289),#129,.F.);
#3530=ADVANCED_FACE('',(#290),#3381,.F.);
#3531=ADVANCED_FACE('',(#291),#130,.F.);
#3532=ADVANCED_FACE('',(#292),#3382,.F.);
#3533=ADVANCED_FACE('',(#293),#131,.F.);
#3534=ADVANCED_FACE('',(#294),#3383,.F.);
#3535=ADVANCED_FACE('',(#295),#132,.F.);
#3536=ADVANCED_FACE('',(#296),#3384,.F.);
#3537=ADVANCED_FACE('',(#297),#3385,.F.);
#3538=ADVANCED_FACE('',(#298),#133,.F.);
#3539=ADVANCED_FACE('',(#299),#3386,.F.);
#3540=ADVANCED_FACE('',(#300),#134,.F.);
#3541=ADVANCED_FACE('',(#301),#3387,.F.);
#3542=ADVANCED_FACE('',(#302),#135,.F.);
#3543=ADVANCED_FACE('',(#303),#3388,.F.);
#3544=ADVANCED_FACE('',(#304),#136,.F.);
#3545=ADVANCED_FACE('',(#305),#3389,.F.);
#3546=ADVANCED_FACE('',(#306),#137,.F.);
#3547=ADVANCED_FACE('',(#307),#3390,.F.);
#3548=ADVANCED_FACE('',(#308),#138,.F.);
#3549=ADVANCED_FACE('',(#309),#3391,.F.);
#3550=ADVANCED_FACE('',(#310),#139,.F.);
#3551=ADVANCED_FACE('',(#311),#3392,.F.);
#3552=ADVANCED_FACE('',(#312),#140,.F.);
#3553=ADVANCED_FACE('',(#313),#141,.F.);
#3554=ADVANCED_FACE('',(#314),#3393,.F.);
#3555=ADVANCED_FACE('',(#315),#142,.F.);
#3556=ADVANCED_FACE('',(#316),#3394,.F.);
#3557=ADVANCED_FACE('',(#317),#143,.F.);
#3558=ADVANCED_FACE('',(#318),#3395,.F.);
#3559=ADVANCED_FACE('',(#319),#144,.F.);
#3560=ADVANCED_FACE('',(#320),#3396,.F.);
#3561=ADVANCED_FACE('',(#321),#145,.T.);
#3562=ADVANCED_FACE('',(#322),#146,.T.);
#3563=ADVANCED_FACE('',(#323),#147,.T.);
#3564=ADVANCED_FACE('',(#324),#148,.T.);
#3565=ADVANCED_FACE('',(#325,#17,#18,#19,#20,#21,#22,#23,#24,#25,#26,#27,
#28,#29,#30,#31,#32,#33,#34,#35,#36,#37,#38,#39,#40),#149,.T.);
#3566=ADVANCED_FACE('',(#326,#41,#42,#43,#44,#45,#46,#47,#48,#49,#50,#51,
#52,#53,#54,#55,#56,#57,#58,#59,#60,#61,#62,#63,#64),#150,.F.);
#3567=ADVANCED_FACE('',(#327),#151,.T.);
#3568=ADVANCED_FACE('',(#328),#152,.T.);
#3569=ADVANCED_FACE('',(#329),#153,.T.);
#3570=ADVANCED_FACE('',(#330),#154,.T.);
#3571=ADVANCED_FACE('',(#331),#155,.T.);
#3572=ADVANCED_FACE('',(#332),#156,.F.);
#3573=CLOSED_SHELL('',(#3397,#3398,#3399,#3400,#3401,#3402,#3403,#3404,
#3405,#3406,#3407,#3408,#3409,#3410,#3411,#3412,#3413,#3414,#3415,#3416,
#3417,#3418,#3419,#3420,#3421,#3422,#3423,#3424,#3425,#3426,#3427,#3428,
#3429,#3430,#3431,#3432,#3433,#3434,#3435,#3436,#3437,#3438,#3439,#3440,
#3441,#3442,#3443,#3444,#3445,#3446,#3447,#3448,#3449,#3450,#3451,#3452,
#3453,#3454,#3455,#3456,#3457,#3458,#3459,#3460,#3461,#3462,#3463,#3464,
#3465,#3466,#3467,#3468,#3469,#3470,#3471,#3472,#3473,#3474,#3475,#3476,
#3477,#3478,#3479,#3480,#3481,#3482,#3483,#3484,#3485,#3486,#3487,#3488,
#3489,#3490,#3491,#3492,#3493,#3494,#3495,#3496,#3497,#3498,#3499,#3500,
#3501,#3502,#3503,#3504,#3505,#3506,#3507,#3508,#3509,#3510,#3511,#3512,
#3513,#3514,#3515,#3516,#3517,#3518,#3519,#3520,#3521,#3522,#3523,#3524,
#3525,#3526,#3527,#3528,#3529,#3530,#3531,#3532,#3533,#3534,#3535,#3536,
#3537,#3538,#3539,#3540,#3541,#3542,#3543,#3544,#3545,#3546,#3547,#3548,
#3549,#3550,#3551,#3552,#3553,#3554,#3555,#3556,#3557,#3558,#3559,#3560,
#3561,#3562,#3563,#3564,#3565,#3566));
#3574=CLOSED_SHELL('',(#3567,#3568,#3569,#3570,#3571,#3572));
#3575=DERIVED_UNIT_ELEMENT(#3577,1.);
#3576=DERIVED_UNIT_ELEMENT(#6012,-3.);
#3577=(
MASS_UNIT()
NAMED_UNIT(*)
SI_UNIT(.KILO.,.GRAM.)
);
#3578=DERIVED_UNIT((#3575,#3576));
#3579=MEASURE_REPRESENTATION_ITEM('density measure',
POSITIVE_RATIO_MEASURE(7850.),#3578);
#3580=PROPERTY_DEFINITION_REPRESENTATION(#3585,#3582);
#3581=PROPERTY_DEFINITION_REPRESENTATION(#3586,#3583);
#3582=REPRESENTATION('material name',(#3584),#6009);
#3583=REPRESENTATION('density',(#3579),#6009);
#3584=DESCRIPTIVE_REPRESENTATION_ITEM('Steel','Steel');
#3585=PROPERTY_DEFINITION('material property','material name',#6019);
#3586=PROPERTY_DEFINITION('material property','density of part',#6019);
#3587=AXIS2_PLACEMENT_3D('',#4970,#3932,#3933);
#3588=AXIS2_PLACEMENT_3D('',#4971,#3934,#3935);
#3589=AXIS2_PLACEMENT_3D('',#4974,#3936,#3937);
#3590=AXIS2_PLACEMENT_3D('',#4978,#3939,#3940);
#3591=AXIS2_PLACEMENT_3D('',#4980,#3942,#3943);
#3592=AXIS2_PLACEMENT_3D('',#4986,#3947,#3948);
#3593=AXIS2_PLACEMENT_3D('',#4988,#3949,#3950);
#3594=AXIS2_PLACEMENT_3D('',#4990,#3951,#3952);
#3595=AXIS2_PLACEMENT_3D('',#4992,#3954,#3955);
#3596=AXIS2_PLACEMENT_3D('',#4998,#3959,#3960);
#3597=AXIS2_PLACEMENT_3D('',#5000,#3961,#3962);
#3598=AXIS2_PLACEMENT_3D('',#5002,#3963,#3964);
#3599=AXIS2_PLACEMENT_3D('',#5004,#3966,#3967);
#3600=AXIS2_PLACEMENT_3D('',#5010,#3971,#3972);
#3601=AXIS2_PLACEMENT_3D('',#5012,#3973,#3974);
#3602=AXIS2_PLACEMENT_3D('',#5014,#3975,#3976);
#3603=AXIS2_PLACEMENT_3D('',#5016,#3978,#3979);
#3604=AXIS2_PLACEMENT_3D('',#5019,#3982,#3983);
#3605=AXIS2_PLACEMENT_3D('',#5028,#3988,#3989);
#3606=AXIS2_PLACEMENT_3D('',#5030,#3990,#3991);
#3607=AXIS2_PLACEMENT_3D('',#5032,#3992,#3993);
#3608=AXIS2_PLACEMENT_3D('',#5034,#3995,#3996);
#3609=AXIS2_PLACEMENT_3D('',#5040,#4000,#4001);
#3610=AXIS2_PLACEMENT_3D('',#5042,#4002,#4003);
#3611=AXIS2_PLACEMENT_3D('',#5044,#4004,#4005);
#3612=AXIS2_PLACEMENT_3D('',#5046,#4007,#4008);
#3613=AXIS2_PLACEMENT_3D('',#5052,#4012,#4013);
#3614=AXIS2_PLACEMENT_3D('',#5054,#4014,#4015);
#3615=AXIS2_PLACEMENT_3D('',#5056,#4016,#4017);
#3616=AXIS2_PLACEMENT_3D('',#5058,#4019,#4020);
#3617=AXIS2_PLACEMENT_3D('',#5064,#4024,#4025);
#3618=AXIS2_PLACEMENT_3D('',#5065,#4026,#4027);
#3619=AXIS2_PLACEMENT_3D('',#5066,#4028,#4029);
#3620=AXIS2_PLACEMENT_3D('',#5067,#4030,#4031);
#3621=AXIS2_PLACEMENT_3D('',#5076,#4036,#4037);
#3622=AXIS2_PLACEMENT_3D('',#5078,#4038,#4039);
#3623=AXIS2_PLACEMENT_3D('',#5080,#4040,#4041);
#3624=AXIS2_PLACEMENT_3D('',#5082,#4043,#4044);
#3625=AXIS2_PLACEMENT_3D('',#5088,#4048,#4049);
#3626=AXIS2_PLACEMENT_3D('',#5090,#4050,#4051);
#3627=AXIS2_PLACEMENT_3D('',#5092,#4052,#4053);
#3628=AXIS2_PLACEMENT_3D('',#5094,#4055,#4056);
#3629=AXIS2_PLACEMENT_3D('',#5100,#4060,#4061);
#3630=AXIS2_PLACEMENT_3D('',#5102,#4062,#4063);
#3631=AXIS2_PLACEMENT_3D('',#5104,#4064,#4065);
#3632=AXIS2_PLACEMENT_3D('',#5106,#4067,#4068);
#3633=AXIS2_PLACEMENT_3D('',#5112,#4072,#4073);
#3634=AXIS2_PLACEMENT_3D('',#5113,#4074,#4075);
#3635=AXIS2_PLACEMENT_3D('',#5114,#4076,#4077);
#3636=AXIS2_PLACEMENT_3D('',#5115,#4078,#4079);
#3637=AXIS2_PLACEMENT_3D('',#5124,#4084,#4085);
#3638=AXIS2_PLACEMENT_3D('',#5126,#4086,#4087);
#3639=AXIS2_PLACEMENT_3D('',#5128,#4088,#4089);
#3640=AXIS2_PLACEMENT_3D('',#5130,#4091,#4092);
#3641=AXIS2_PLACEMENT_3D('',#5136,#4096,#4097);
#3642=AXIS2_PLACEMENT_3D('',#5138,#4098,#4099);
#3643=AXIS2_PLACEMENT_3D('',#5140,#4100,#4101);
#3644=AXIS2_PLACEMENT_3D('',#5142,#4103,#4104);
#3645=AXIS2_PLACEMENT_3D('',#5148,#4108,#4109);
#3646=AXIS2_PLACEMENT_3D('',#5150,#4110,#4111);
#3647=AXIS2_PLACEMENT_3D('',#5152,#4112,#4113);
#3648=AXIS2_PLACEMENT_3D('',#5154,#4115,#4116);
#3649=AXIS2_PLACEMENT_3D('',#5160,#4120,#4121);
#3650=AXIS2_PLACEMENT_3D('',#5161,#4122,#4123);
#3651=AXIS2_PLACEMENT_3D('',#5162,#4124,#4125);
#3652=AXIS2_PLACEMENT_3D('',#5163,#4126,#4127);
#3653=AXIS2_PLACEMENT_3D('',#5172,#4132,#4133);
#3654=AXIS2_PLACEMENT_3D('',#5174,#4134,#4135);
#3655=AXIS2_PLACEMENT_3D('',#5176,#4136,#4137);
#3656=AXIS2_PLACEMENT_3D('',#5178,#4139,#4140);
#3657=AXIS2_PLACEMENT_3D('',#5184,#4144,#4145);
#3658=AXIS2_PLACEMENT_3D('',#5186,#4146,#4147);
#3659=AXIS2_PLACEMENT_3D('',#5188,#4148,#4149);
#3660=AXIS2_PLACEMENT_3D('',#5190,#4151,#4152);
#3661=AXIS2_PLACEMENT_3D('',#5196,#4156,#4157);
#3662=AXIS2_PLACEMENT_3D('',#5198,#4158,#4159);
#3663=AXIS2_PLACEMENT_3D('',#5200,#4160,#4161);
#3664=AXIS2_PLACEMENT_3D('',#5202,#4163,#4164);
#3665=AXIS2_PLACEMENT_3D('',#5208,#4168,#4169);
#3666=AXIS2_PLACEMENT_3D('',#5209,#4170,#4171);
#3667=AXIS2_PLACEMENT_3D('',#5210,#4172,#4173);
#3668=AXIS2_PLACEMENT_3D('',#5211,#4174,#4175);
#3669=AXIS2_PLACEMENT_3D('',#5213,#4176,#4177);
#3670=AXIS2_PLACEMENT_3D('',#5216,#4179,#4180);
#3671=AXIS2_PLACEMENT_3D('',#5217,#4181,#4182);
#3672=AXIS2_PLACEMENT_3D('',#5226,#4187,#4188);
#3673=AXIS2_PLACEMENT_3D('',#5228,#4189,#4190);
#3674=AXIS2_PLACEMENT_3D('',#5230,#4191,#4192);
#3675=AXIS2_PLACEMENT_3D('',#5232,#4194,#4195);
#3676=AXIS2_PLACEMENT_3D('',#5238,#4199,#4200);
#3677=AXIS2_PLACEMENT_3D('',#5240,#4201,#4202);
#3678=AXIS2_PLACEMENT_3D('',#5242,#4203,#4204);
#3679=AXIS2_PLACEMENT_3D('',#5244,#4206,#4207);
#3680=AXIS2_PLACEMENT_3D('',#5250,#4211,#4212);
#3681=AXIS2_PLACEMENT_3D('',#5252,#4213,#4214);
#3682=AXIS2_PLACEMENT_3D('',#5254,#4215,#4216);
#3683=AXIS2_PLACEMENT_3D('',#5256,#4218,#4219);
#3684=AXIS2_PLACEMENT_3D('',#5262,#4223,#4224);
#3685=AXIS2_PLACEMENT_3D('',#5263,#4225,#4226);
#3686=AXIS2_PLACEMENT_3D('',#5264,#4227,#4228);
#3687=AXIS2_PLACEMENT_3D('',#5265,#4229,#4230);
#3688=AXIS2_PLACEMENT_3D('',#5274,#4235,#4236);
#3689=AXIS2_PLACEMENT_3D('',#5276,#4237,#4238);
#3690=AXIS2_PLACEMENT_3D('',#5278,#4239,#4240);
#3691=AXIS2_PLACEMENT_3D('',#5280,#4242,#4243);
#3692=AXIS2_PLACEMENT_3D('',#5286,#4247,#4248);
#3693=AXIS2_PLACEMENT_3D('',#5288,#4249,#4250);
#3694=AXIS2_PLACEMENT_3D('',#5290,#4251,#4252);
#3695=AXIS2_PLACEMENT_3D('',#5292,#4254,#4255);
#3696=AXIS2_PLACEMENT_3D('',#5298,#4259,#4260);
#3697=AXIS2_PLACEMENT_3D('',#5300,#4261,#4262);
#3698=AXIS2_PLACEMENT_3D('',#5302,#4263,#4264);
#3699=AXIS2_PLACEMENT_3D('',#5304,#4266,#4267);
#3700=AXIS2_PLACEMENT_3D('',#5310,#4271,#4272);
#3701=AXIS2_PLACEMENT_3D('',#5311,#4273,#4274);
#3702=AXIS2_PLACEMENT_3D('',#5312,#4275,#4276);
#3703=AXIS2_PLACEMENT_3D('',#5313,#4277,#4278);
#3704=AXIS2_PLACEMENT_3D('',#5322,#4283,#4284);
#3705=AXIS2_PLACEMENT_3D('',#5324,#4285,#4286);
#3706=AXIS2_PLACEMENT_3D('',#5326,#4287,#4288);
#3707=AXIS2_PLACEMENT_3D('',#5328,#4290,#4291);
#3708=AXIS2_PLACEMENT_3D('',#5334,#4295,#4296);
#3709=AXIS2_PLACEMENT_3D('',#5336,#4297,#4298);
#3710=AXIS2_PLACEMENT_3D('',#5338,#4299,#4300);
#3711=AXIS2_PLACEMENT_3D('',#5340,#4302,#4303);
#3712=AXIS2_PLACEMENT_3D('',#5346,#4307,#4308);
#3713=AXIS2_PLACEMENT_3D('',#5348,#4309,#4310);
#3714=AXIS2_PLACEMENT_3D('',#5350,#4311,#4312);
#3715=AXIS2_PLACEMENT_3D('',#5352,#4314,#4315);
#3716=AXIS2_PLACEMENT_3D('',#5358,#4319,#4320);
#3717=AXIS2_PLACEMENT_3D('',#5359,#4321,#4322);
#3718=AXIS2_PLACEMENT_3D('',#5360,#4323,#4324);
#3719=AXIS2_PLACEMENT_3D('',#5361,#4325,#4326);
#3720=AXIS2_PLACEMENT_3D('',#5370,#4331,#4332);
#3721=AXIS2_PLACEMENT_3D('',#5372,#4333,#4334);
#3722=AXIS2_PLACEMENT_3D('',#5374,#4335,#4336);
#3723=AXIS2_PLACEMENT_3D('',#5376,#4338,#4339);
#3724=AXIS2_PLACEMENT_3D('',#5382,#4343,#4344);
#3725=AXIS2_PLACEMENT_3D('',#5384,#4345,#4346);
#3726=AXIS2_PLACEMENT_3D('',#5386,#4347,#4348);
#3727=AXIS2_PLACEMENT_3D('',#5388,#4350,#4351);
#3728=AXIS2_PLACEMENT_3D('',#5394,#4355,#4356);
#3729=AXIS2_PLACEMENT_3D('',#5396,#4357,#4358);
#3730=AXIS2_PLACEMENT_3D('',#5398,#4359,#4360);
#3731=AXIS2_PLACEMENT_3D('',#5400,#4362,#4363);
#3732=AXIS2_PLACEMENT_3D('',#5406,#4367,#4368);
#3733=AXIS2_PLACEMENT_3D('',#5407,#4369,#4370);
#3734=AXIS2_PLACEMENT_3D('',#5408,#4371,#4372);
#3735=AXIS2_PLACEMENT_3D('',#5409,#4373,#4374);
#3736=AXIS2_PLACEMENT_3D('',#5418,#4379,#4380);
#3737=AXIS2_PLACEMENT_3D('',#5420,#4381,#4382);
#3738=AXIS2_PLACEMENT_3D('',#5422,#4383,#4384);
#3739=AXIS2_PLACEMENT_3D('',#5424,#4386,#4387);
#3740=AXIS2_PLACEMENT_3D('',#5430,#4391,#4392);
#3741=AXIS2_PLACEMENT_3D('',#5432,#4393,#4394);
#3742=AXIS2_PLACEMENT_3D('',#5434,#4395,#4396);
#3743=AXIS2_PLACEMENT_3D('',#5436,#4398,#4399);
#3744=AXIS2_PLACEMENT_3D('',#5442,#4403,#4404);
#3745=AXIS2_PLACEMENT_3D('',#5444,#4405,#4406);
#3746=AXIS2_PLACEMENT_3D('',#5446,#4407,#4408);
#3747=AXIS2_PLACEMENT_3D('',#5448,#4410,#4411);
#3748=AXIS2_PLACEMENT_3D('',#5454,#4415,#4416);
#3749=AXIS2_PLACEMENT_3D('',#5455,#4417,#4418);
#3750=AXIS2_PLACEMENT_3D('',#5456,#4419,#4420);
#3751=AXIS2_PLACEMENT_3D('',#5457,#4421,#4422);
#3752=AXIS2_PLACEMENT_3D('',#5466,#4427,#4428);
#3753=AXIS2_PLACEMENT_3D('',#5468,#4429,#4430);
#3754=AXIS2_PLACEMENT_3D('',#5470,#4431,#4432);
#3755=AXIS2_PLACEMENT_3D('',#5472,#4434,#4435);
#3756=AXIS2_PLACEMENT_3D('',#5478,#4439,#4440);
#3757=AXIS2_PLACEMENT_3D('',#5480,#4441,#4442);
#3758=AXIS2_PLACEMENT_3D('',#5482,#4443,#4444);
#3759=AXIS2_PLACEMENT_3D('',#5484,#4446,#4447);
#3760=AXIS2_PLACEMENT_3D('',#5490,#4451,#4452);
#3761=AXIS2_PLACEMENT_3D('',#5492,#4453,#4454);
#3762=AXIS2_PLACEMENT_3D('',#5494,#4455,#4456);
#3763=AXIS2_PLACEMENT_3D('',#5496,#4458,#4459);
#3764=AXIS2_PLACEMENT_3D('',#5502,#4463,#4464);
#3765=AXIS2_PLACEMENT_3D('',#5503,#4465,#4466);
#3766=AXIS2_PLACEMENT_3D('',#5504,#4467,#4468);
#3767=AXIS2_PLACEMENT_3D('',#5505,#4469,#4470);
#3768=AXIS2_PLACEMENT_3D('',#5514,#4475,#4476);
#3769=AXIS2_PLACEMENT_3D('',#5516,#4477,#4478);
#3770=AXIS2_PLACEMENT_3D('',#5518,#4479,#4480);
#3771=AXIS2_PLACEMENT_3D('',#5520,#4482,#4483);
#3772=AXIS2_PLACEMENT_3D('',#5526,#4487,#4488);
#3773=AXIS2_PLACEMENT_3D('',#5528,#4489,#4490);
#3774=AXIS2_PLACEMENT_3D('',#5530,#4491,#4492);
#3775=AXIS2_PLACEMENT_3D('',#5532,#4494,#4495);
#3776=AXIS2_PLACEMENT_3D('',#5538,#4499,#4500);
#3777=AXIS2_PLACEMENT_3D('',#5540,#4501,#4502);
#3778=AXIS2_PLACEMENT_3D('',#5542,#4503,#4504);
#3779=AXIS2_PLACEMENT_3D('',#5544,#4506,#4507);
#3780=AXIS2_PLACEMENT_3D('',#5550,#4511,#4512);
#3781=AXIS2_PLACEMENT_3D('',#5551,#4513,#4514);
#3782=AXIS2_PLACEMENT_3D('',#5552,#4515,#4516);
#3783=AXIS2_PLACEMENT_3D('',#5553,#4517,#4518);
#3784=AXIS2_PLACEMENT_3D('',#5556,#4519,#4520);
#3785=AXIS2_PLACEMENT_3D('',#5560,#4522,#4523);
#3786=AXIS2_PLACEMENT_3D('',#5562,#4525,#4526);
#3787=AXIS2_PLACEMENT_3D('',#5568,#4530,#4531);
#3788=AXIS2_PLACEMENT_3D('',#5570,#4532,#4533);
#3789=AXIS2_PLACEMENT_3D('',#5572,#4534,#4535);
#3790=AXIS2_PLACEMENT_3D('',#5574,#4537,#4538);
#3791=AXIS2_PLACEMENT_3D('',#5580,#4542,#4543);
#3792=AXIS2_PLACEMENT_3D('',#5582,#4544,#4545);
#3793=AXIS2_PLACEMENT_3D('',#5584,#4546,#4547);
#3794=AXIS2_PLACEMENT_3D('',#5586,#4549,#4550);
#3795=AXIS2_PLACEMENT_3D('',#5592,#4554,#4555);
#3796=AXIS2_PLACEMENT_3D('',#5594,#4556,#4557);
#3797=AXIS2_PLACEMENT_3D('',#5596,#4558,#4559);
#3798=AXIS2_PLACEMENT_3D('',#5598,#4561,#4562);
#3799=AXIS2_PLACEMENT_3D('',#5601,#4565,#4566);
#3800=AXIS2_PLACEMENT_3D('',#5610,#4571,#4572);
#3801=AXIS2_PLACEMENT_3D('',#5612,#4573,#4574);
#3802=AXIS2_PLACEMENT_3D('',#5614,#4575,#4576);
#3803=AXIS2_PLACEMENT_3D('',#5616,#4578,#4579);
#3804=AXIS2_PLACEMENT_3D('',#5622,#4583,#4584);
#3805=AXIS2_PLACEMENT_3D('',#5624,#4585,#4586);
#3806=AXIS2_PLACEMENT_3D('',#5626,#4587,#4588);
#3807=AXIS2_PLACEMENT_3D('',#5628,#4590,#4591);
#3808=AXIS2_PLACEMENT_3D('',#5634,#4595,#4596);
#3809=AXIS2_PLACEMENT_3D('',#5636,#4597,#4598);
#3810=AXIS2_PLACEMENT_3D('',#5638,#4599,#4600);
#3811=AXIS2_PLACEMENT_3D('',#5640,#4602,#4603);
#3812=AXIS2_PLACEMENT_3D('',#5646,#4607,#4608);
#3813=AXIS2_PLACEMENT_3D('',#5647,#4609,#4610);
#3814=AXIS2_PLACEMENT_3D('',#5648,#4611,#4612);
#3815=AXIS2_PLACEMENT_3D('',#5649,#4613,#4614);
#3816=AXIS2_PLACEMENT_3D('',#5658,#4619,#4620);
#3817=AXIS2_PLACEMENT_3D('',#5660,#4621,#4622);
#3818=AXIS2_PLACEMENT_3D('',#5662,#4623,#4624);
#3819=AXIS2_PLACEMENT_3D('',#5664,#4626,#4627);
#3820=AXIS2_PLACEMENT_3D('',#5670,#4631,#4632);
#3821=AXIS2_PLACEMENT_3D('',#5672,#4633,#4634);
#3822=AXIS2_PLACEMENT_3D('',#5674,#4635,#4636);
#3823=AXIS2_PLACEMENT_3D('',#5676,#4638,#4639);
#3824=AXIS2_PLACEMENT_3D('',#5682,#4643,#4644);
#3825=AXIS2_PLACEMENT_3D('',#5684,#4645,#4646);
#3826=AXIS2_PLACEMENT_3D('',#5686,#4647,#4648);
#3827=AXIS2_PLACEMENT_3D('',#5688,#4650,#4651);
#3828=AXIS2_PLACEMENT_3D('',#5694,#4655,#4656);
#3829=AXIS2_PLACEMENT_3D('',#5695,#4657,#4658);
#3830=AXIS2_PLACEMENT_3D('',#5696,#4659,#4660);
#3831=AXIS2_PLACEMENT_3D('',#5697,#4661,#4662);
#3832=AXIS2_PLACEMENT_3D('',#5699,#4663,#4664);
#3833=AXIS2_PLACEMENT_3D('',#5702,#4666,#4667);
#3834=AXIS2_PLACEMENT_3D('',#5703,#4668,#4669);
#3835=AXIS2_PLACEMENT_3D('',#5705,#4670,#4671);
#3836=AXIS2_PLACEMENT_3D('',#5708,#4673,#4674);
#3837=AXIS2_PLACEMENT_3D('',#5709,#4675,#4676);
#3838=AXIS2_PLACEMENT_3D('',#5711,#4677,#4678);
#3839=AXIS2_PLACEMENT_3D('',#5714,#4680,#4681);
#3840=AXIS2_PLACEMENT_3D('',#5715,#4682,#4683);
#3841=AXIS2_PLACEMENT_3D('',#5724,#4688,#4689);
#3842=AXIS2_PLACEMENT_3D('',#5726,#4690,#4691);
#3843=AXIS2_PLACEMENT_3D('',#5728,#4692,#4693);
#3844=AXIS2_PLACEMENT_3D('',#5730,#4695,#4696);
#3845=AXIS2_PLACEMENT_3D('',#5736,#4700,#4701);
#3846=AXIS2_PLACEMENT_3D('',#5738,#4702,#4703);
#3847=AXIS2_PLACEMENT_3D('',#5740,#4704,#4705);
#3848=AXIS2_PLACEMENT_3D('',#5742,#4707,#4708);
#3849=AXIS2_PLACEMENT_3D('',#5748,#4712,#4713);
#3850=AXIS2_PLACEMENT_3D('',#5750,#4714,#4715);
#3851=AXIS2_PLACEMENT_3D('',#5752,#4716,#4717);
#3852=AXIS2_PLACEMENT_3D('',#5754,#4719,#4720);
#3853=AXIS2_PLACEMENT_3D('',#5760,#4724,#4725);
#3854=AXIS2_PLACEMENT_3D('',#5761,#4726,#4727);
#3855=AXIS2_PLACEMENT_3D('',#5762,#4728,#4729);
#3856=AXIS2_PLACEMENT_3D('',#5763,#4730,#4731);
#3857=AXIS2_PLACEMENT_3D('',#5772,#4736,#4737);
#3858=AXIS2_PLACEMENT_3D('',#5774,#4738,#4739);
#3859=AXIS2_PLACEMENT_3D('',#5776,#4740,#4741);
#3860=AXIS2_PLACEMENT_3D('',#5778,#4743,#4744);
#3861=AXIS2_PLACEMENT_3D('',#5784,#4748,#4749);
#3862=AXIS2_PLACEMENT_3D('',#5786,#4750,#4751);
#3863=AXIS2_PLACEMENT_3D('',#5788,#4752,#4753);
#3864=AXIS2_PLACEMENT_3D('',#5790,#4755,#4756);
#3865=AXIS2_PLACEMENT_3D('',#5796,#4760,#4761);
#3866=AXIS2_PLACEMENT_3D('',#5798,#4762,#4763);
#3867=AXIS2_PLACEMENT_3D('',#5800,#4764,#4765);
#3868=AXIS2_PLACEMENT_3D('',#5802,#4767,#4768);
#3869=AXIS2_PLACEMENT_3D('',#5808,#4772,#4773);
#3870=AXIS2_PLACEMENT_3D('',#5809,#4774,#4775);
#3871=AXIS2_PLACEMENT_3D('',#5810,#4776,#4777);
#3872=AXIS2_PLACEMENT_3D('',#5811,#4778,#4779);
#3873=AXIS2_PLACEMENT_3D('',#5814,#4780,#4781);
#3874=AXIS2_PLACEMENT_3D('',#5818,#4783,#4784);
#3875=AXIS2_PLACEMENT_3D('',#5820,#4786,#4787);
#3876=AXIS2_PLACEMENT_3D('',#5826,#4791,#4792);
#3877=AXIS2_PLACEMENT_3D('',#5828,#4793,#4794);
#3878=AXIS2_PLACEMENT_3D('',#5830,#4795,#4796);
#3879=AXIS2_PLACEMENT_3D('',#5832,#4798,#4799);
#3880=AXIS2_PLACEMENT_3D('',#5838,#4803,#4804);
#3881=AXIS2_PLACEMENT_3D('',#5840,#4805,#4806);
#3882=AXIS2_PLACEMENT_3D('',#5842,#4807,#4808);
#3883=AXIS2_PLACEMENT_3D('',#5844,#4810,#4811);
#3884=AXIS2_PLACEMENT_3D('',#5850,#4815,#4816);
#3885=AXIS2_PLACEMENT_3D('',#5852,#4817,#4818);
#3886=AXIS2_PLACEMENT_3D('',#5854,#4819,#4820);
#3887=AXIS2_PLACEMENT_3D('',#5856,#4822,#4823);
#3888=AXIS2_PLACEMENT_3D('',#5859,#4826,#4827);
#3889=AXIS2_PLACEMENT_3D('',#5862,#4828,#4829);
#3890=AXIS2_PLACEMENT_3D('',#5866,#4831,#4832);
#3891=AXIS2_PLACEMENT_3D('',#5868,#4834,#4835);
#3892=AXIS2_PLACEMENT_3D('',#5874,#4839,#4840);
#3893=AXIS2_PLACEMENT_3D('',#5876,#4841,#4842);
#3894=AXIS2_PLACEMENT_3D('',#5878,#4843,#4844);
#3895=AXIS2_PLACEMENT_3D('',#5880,#4846,#4847);
#3896=AXIS2_PLACEMENT_3D('',#5886,#4851,#4852);
#3897=AXIS2_PLACEMENT_3D('',#5888,#4853,#4854);
#3898=AXIS2_PLACEMENT_3D('',#5890,#4855,#4856);
#3899=AXIS2_PLACEMENT_3D('',#5892,#4858,#4859);
#3900=AXIS2_PLACEMENT_3D('',#5898,#4863,#4864);
#3901=AXIS2_PLACEMENT_3D('',#5900,#4865,#4866);
#3902=AXIS2_PLACEMENT_3D('',#5902,#4867,#4868);
#3903=AXIS2_PLACEMENT_3D('',#5904,#4870,#4871);
#3904=AXIS2_PLACEMENT_3D('',#5907,#4874,#4875);
#3905=AXIS2_PLACEMENT_3D('',#5916,#4880,#4881);
#3906=AXIS2_PLACEMENT_3D('',#5918,#4882,#4883);
#3907=AXIS2_PLACEMENT_3D('',#5920,#4884,#4885);
#3908=AXIS2_PLACEMENT_3D('',#5922,#4887,#4888);
#3909=AXIS2_PLACEMENT_3D('',#5928,#4892,#4893);
#3910=AXIS2_PLACEMENT_3D('',#5930,#4894,#4895);
#3911=AXIS2_PLACEMENT_3D('',#5932,#4896,#4897);
#3912=AXIS2_PLACEMENT_3D('',#5934,#4899,#4900);
#3913=AXIS2_PLACEMENT_3D('',#5940,#4904,#4905);
#3914=AXIS2_PLACEMENT_3D('',#5942,#4906,#4907);
#3915=AXIS2_PLACEMENT_3D('',#5944,#4908,#4909);
#3916=AXIS2_PLACEMENT_3D('',#5946,#4911,#4912);
#3917=AXIS2_PLACEMENT_3D('',#5952,#4916,#4917);
#3918=AXIS2_PLACEMENT_3D('',#5953,#4918,#4919);
#3919=AXIS2_PLACEMENT_3D('',#5954,#4920,#4921);
#3920=AXIS2_PLACEMENT_3D('',#5955,#4922,#4923);
#3921=AXIS2_PLACEMENT_3D('',#5964,#4928,#4929);
#3922=AXIS2_PLACEMENT_3D('',#5970,#4933,#4934);
#3923=AXIS2_PLACEMENT_3D('',#5976,#4938,#4939);
#3924=AXIS2_PLACEMENT_3D('',#5979,#4942,#4943);
#3925=AXIS2_PLACEMENT_3D('',#5980,#4944,#4945);
#3926=AXIS2_PLACEMENT_3D('',#5981,#4946,#4947);
#3927=AXIS2_PLACEMENT_3D('',#5990,#4952,#4953);
#3928=AXIS2_PLACEMENT_3D('',#5996,#4957,#4958);
#3929=AXIS2_PLACEMENT_3D('',#6002,#4962,#4963);
#3930=AXIS2_PLACEMENT_3D('',#6005,#4966,#4967);
#3931=AXIS2_PLACEMENT_3D('',#6006,#4968,#4969);
#3932=DIRECTION('axis',(0.,0.,1.));
#3933=DIRECTION('refdir',(1.,0.,0.));
#3934=DIRECTION('center_axis',(0.,0.,-1.));
#3935=DIRECTION('ref_axis',(1.,0.,0.));
#3936=DIRECTION('center_axis',(0.,0.,1.));
#3937=DIRECTION('ref_axis',(1.,0.,0.));
#3938=DIRECTION('',(0.,0.,-1.));
#3939=DIRECTION('center_axis',(0.,0.,-1.));
#3940=DIRECTION('ref_axis',(1.,0.,0.));
#3941=DIRECTION('',(0.,0.,-1.));
#3942=DIRECTION('center_axis',(0.,1.,0.));
#3943=DIRECTION('ref_axis',(1.,0.,0.));
#3944=DIRECTION('',(-1.,0.,0.));
#3945=DIRECTION('',(1.,0.,0.));
#3946=DIRECTION('',(0.,0.,-1.));
#3947=DIRECTION('center_axis',(0.,0.,-1.));
#3948=DIRECTION('ref_axis',(1.48029736616691E-14,1.,0.));
#3949=DIRECTION('center_axis',(0.,0.,1.));
#3950=DIRECTION('ref_axis',(1.48029736616691E-14,1.,0.));
#3951=DIRECTION('center_axis',(0.,0.,-1.));
#3952=DIRECTION('ref_axis',(1.48029736616691E-14,1.,0.));
#3953=DIRECTION('',(0.,0.,-1.));
#3954=DIRECTION('center_axis',(-1.,0.,0.));
#3955=DIRECTION('ref_axis',(0.,1.,0.));
#3956=DIRECTION('',(0.,-1.,0.));
#3957=DIRECTION('',(0.,1.,0.));
#3958=DIRECTION('',(0.,0.,-1.));
#3959=DIRECTION('center_axis',(0.,0.,-1.));
#3960=DIRECTION('ref_axis',(-1.,0.,0.));
#3961=DIRECTION('center_axis',(0.,0.,1.));
#3962=DIRECTION('ref_axis',(-1.,0.,0.));
#3963=DIRECTION('center_axis',(0.,0.,-1.));
#3964=DIRECTION('ref_axis',(-1.,0.,0.));
#3965=DIRECTION('',(0.,0.,-1.));
#3966=DIRECTION('center_axis',(0.,-1.,0.));
#3967=DIRECTION('ref_axis',(-1.,0.,0.));
#3968=DIRECTION('',(1.,0.,0.));
#3969=DIRECTION('',(-1.,0.,0.));
#3970=DIRECTION('',(0.,0.,-1.));
#3971=DIRECTION('center_axis',(0.,0.,-1.));
#3972=DIRECTION('ref_axis',(0.,-1.,0.));
#3973=DIRECTION('center_axis',(0.,0.,1.));
#3974=DIRECTION('ref_axis',(0.,-1.,0.));
#3975=DIRECTION('center_axis',(0.,0.,-1.));
#3976=DIRECTION('ref_axis',(0.,-1.,0.));
#3977=DIRECTION('',(0.,0.,-1.));
#3978=DIRECTION('center_axis',(1.,0.,0.));
#3979=DIRECTION('ref_axis',(0.,-1.,0.));
#3980=DIRECTION('',(0.,1.,0.));
#3981=DIRECTION('',(0.,-1.,0.));
#3982=DIRECTION('center_axis',(1.,0.,0.));
#3983=DIRECTION('ref_axis',(0.,-1.,0.));
#3984=DIRECTION('',(0.,1.,0.));
#3985=DIRECTION('',(0.,0.,-1.));
#3986=DIRECTION('',(0.,-1.,0.));
#3987=DIRECTION('',(0.,0.,-1.));
#3988=DIRECTION('center_axis',(0.,0.,-1.));
#3989=DIRECTION('ref_axis',(1.,0.,0.));
#3990=DIRECTION('center_axis',(0.,0.,1.));
#3991=DIRECTION('ref_axis',(1.,0.,0.));
#3992=DIRECTION('center_axis',(0.,0.,-1.));
#3993=DIRECTION('ref_axis',(1.,0.,0.));
#3994=DIRECTION('',(0.,0.,-1.));
#3995=DIRECTION('center_axis',(0.,1.,0.));
#3996=DIRECTION('ref_axis',(1.,0.,0.));
#3997=DIRECTION('',(-1.,0.,0.));
#3998=DIRECTION('',(1.,0.,0.));
#3999=DIRECTION('',(0.,0.,-1.));
#4000=DIRECTION('center_axis',(0.,0.,-1.));
#4001=DIRECTION('ref_axis',(7.40148683083454E-15,1.,0.));
#4002=DIRECTION('center_axis',(0.,0.,1.));
#4003=DIRECTION('ref_axis',(7.40148683083454E-15,1.,0.));
#4004=DIRECTION('center_axis',(0.,0.,-1.));
#4005=DIRECTION('ref_axis',(7.40148683083454E-15,1.,0.));
#4006=DIRECTION('',(0.,0.,-1.));
#4007=DIRECTION('center_axis',(-1.,1.23358113847239E-15,0.));
#4008=DIRECTION('ref_axis',(1.23358113847239E-15,1.,0.));
#4009=DIRECTION('',(-1.23358113847239E-15,-1.,0.));
#4010=DIRECTION('',(1.23358113847239E-15,1.,0.));
#4011=DIRECTION('',(0.,0.,-1.));
#4012=DIRECTION('center_axis',(0.,0.,-1.));
#4013=DIRECTION('ref_axis',(-1.,0.,0.));
#4014=DIRECTION('center_axis',(0.,0.,1.));
#4015=DIRECTION('ref_axis',(-1.,0.,0.));
#4016=DIRECTION('center_axis',(0.,0.,-1.));
#4017=DIRECTION('ref_axis',(-1.,0.,0.));
#4018=DIRECTION('',(0.,0.,-1.));
#4019=DIRECTION('center_axis',(0.,-1.,0.));
#4020=DIRECTION('ref_axis',(-1.,0.,0.));
#4021=DIRECTION('',(1.,0.,0.));
#4022=DIRECTION('',(-1.,0.,0.));
#4023=DIRECTION('',(0.,0.,-1.));
#4024=DIRECTION('center_axis',(0.,0.,-1.));
#4025=DIRECTION('ref_axis',(0.,-1.,0.));
#4026=DIRECTION('center_axis',(0.,0.,1.));
#4027=DIRECTION('ref_axis',(0.,-1.,0.));
#4028=DIRECTION('center_axis',(0.,0.,-1.));
#4029=DIRECTION('ref_axis',(0.,-1.,0.));
#4030=DIRECTION('center_axis',(-1.,0.,0.));
#4031=DIRECTION('ref_axis',(0.,1.,0.));
#4032=DIRECTION('',(0.,-1.,0.));
#4033=DIRECTION('',(0.,0.,-1.));
#4034=DIRECTION('',(0.,1.,0.));
#4035=DIRECTION('',(0.,0.,-1.));
#4036=DIRECTION('center_axis',(0.,0.,-1.));
#4037=DIRECTION('ref_axis',(-1.,0.,0.));
#4038=DIRECTION('center_axis',(0.,0.,1.));
#4039=DIRECTION('ref_axis',(-1.,0.,0.));
#4040=DIRECTION('center_axis',(0.,0.,-1.));
#4041=DIRECTION('ref_axis',(-1.,0.,0.));
#4042=DIRECTION('',(0.,0.,-1.));
#4043=DIRECTION('center_axis',(0.,-1.,0.));
#4044=DIRECTION('ref_axis',(-1.,0.,0.));
#4045=DIRECTION('',(1.,0.,0.));
#4046=DIRECTION('',(-1.,0.,0.));
#4047=DIRECTION('',(0.,0.,-1.));
#4048=DIRECTION('center_axis',(0.,0.,-1.));
#4049=DIRECTION('ref_axis',(0.,-1.,0.));
#4050=DIRECTION('center_axis',(0.,0.,1.));
#4051=DIRECTION('ref_axis',(0.,-1.,0.));
#4052=DIRECTION('center_axis',(0.,0.,-1.));
#4053=DIRECTION('ref_axis',(0.,-1.,0.));
#4054=DIRECTION('',(0.,0.,-1.));
#4055=DIRECTION('center_axis',(1.,1.23358113847239E-15,0.));
#4056=DIRECTION('ref_axis',(1.23358113847239E-15,-1.,0.));
#4057=DIRECTION('',(-1.23358113847239E-15,1.,0.));
#4058=DIRECTION('',(1.23358113847239E-15,-1.,0.));
#4059=DIRECTION('',(0.,0.,-1.));
#4060=DIRECTION('center_axis',(0.,0.,-1.));
#4061=DIRECTION('ref_axis',(1.,0.,0.));
#4062=DIRECTION('center_axis',(0.,0.,1.));
#4063=DIRECTION('ref_axis',(1.,0.,0.));
#4064=DIRECTION('center_axis',(0.,0.,-1.));
#4065=DIRECTION('ref_axis',(1.,0.,0.));
#4066=DIRECTION('',(0.,0.,-1.));
#4067=DIRECTION('center_axis',(0.,1.,0.));
#4068=DIRECTION('ref_axis',(1.,0.,0.));
#4069=DIRECTION('',(-1.,0.,0.));
#4070=DIRECTION('',(1.,0.,0.));
#4071=DIRECTION('',(0.,0.,-1.));
#4072=DIRECTION('center_axis',(0.,0.,-1.));
#4073=DIRECTION('ref_axis',(3.70074341541721E-15,1.,0.));
#4074=DIRECTION('center_axis',(0.,0.,1.));
#4075=DIRECTION('ref_axis',(3.70074341541721E-15,1.,0.));
#4076=DIRECTION('center_axis',(0.,0.,-1.));
#4077=DIRECTION('ref_axis',(3.70074341541721E-15,1.,0.));
#4078=DIRECTION('center_axis',(-1.,0.,0.));
#4079=DIRECTION('ref_axis',(0.,1.,0.));
#4080=DIRECTION('',(0.,-1.,0.));
#4081=DIRECTION('',(0.,0.,-1.));
#4082=DIRECTION('',(0.,1.,0.));
#4083=DIRECTION('',(0.,0.,-1.));
#4084=DIRECTION('center_axis',(0.,0.,-1.));
#4085=DIRECTION('ref_axis',(-1.,0.,0.));
#4086=DIRECTION('center_axis',(0.,0.,1.));
#4087=DIRECTION('ref_axis',(-1.,0.,0.));
#4088=DIRECTION('center_axis',(0.,0.,-1.));
#4089=DIRECTION('ref_axis',(-1.,0.,0.));
#4090=DIRECTION('',(0.,0.,-1.));
#4091=DIRECTION('center_axis',(0.,-1.,0.));
#4092=DIRECTION('ref_axis',(-1.,0.,0.));
#4093=DIRECTION('',(1.,0.,0.));
#4094=DIRECTION('',(-1.,0.,0.));
#4095=DIRECTION('',(0.,0.,-1.));
#4096=DIRECTION('center_axis',(0.,0.,-1.));
#4097=DIRECTION('ref_axis',(0.,-1.,0.));
#4098=DIRECTION('center_axis',(0.,0.,1.));
#4099=DIRECTION('ref_axis',(0.,-1.,0.));
#4100=DIRECTION('center_axis',(0.,0.,-1.));
#4101=DIRECTION('ref_axis',(0.,-1.,0.));
#4102=DIRECTION('',(0.,0.,-1.));
#4103=DIRECTION('center_axis',(1.,0.,0.));
#4104=DIRECTION('ref_axis',(0.,-1.,0.));
#4105=DIRECTION('',(0.,1.,0.));
#4106=DIRECTION('',(0.,-1.,0.));
#4107=DIRECTION('',(0.,0.,-1.));
#4108=DIRECTION('center_axis',(0.,0.,-1.));
#4109=DIRECTION('ref_axis',(1.,0.,0.));
#4110=DIRECTION('center_axis',(0.,0.,1.));
#4111=DIRECTION('ref_axis',(1.,0.,0.));
#4112=DIRECTION('center_axis',(0.,0.,-1.));
#4113=DIRECTION('ref_axis',(1.,0.,0.));
#4114=DIRECTION('',(0.,0.,-1.));
#4115=DIRECTION('center_axis',(0.,1.,0.));
#4116=DIRECTION('ref_axis',(1.,0.,0.));
#4117=DIRECTION('',(-1.,0.,0.));
#4118=DIRECTION('',(1.,0.,0.));
#4119=DIRECTION('',(0.,0.,-1.));
#4120=DIRECTION('center_axis',(0.,0.,-1.));
#4121=DIRECTION('ref_axis',(0.,1.,0.));
#4122=DIRECTION('center_axis',(0.,0.,1.));
#4123=DIRECTION('ref_axis',(0.,1.,0.));
#4124=DIRECTION('center_axis',(0.,0.,-1.));
#4125=DIRECTION('ref_axis',(0.,1.,0.));
#4126=DIRECTION('center_axis',(-1.,0.,0.));
#4127=DIRECTION('ref_axis',(0.,1.,0.));
#4128=DIRECTION('',(0.,-1.,0.));
#4129=DIRECTION('',(0.,0.,-1.));
#4130=DIRECTION('',(0.,1.,0.));
#4131=DIRECTION('',(0.,0.,-1.));
#4132=DIRECTION('center_axis',(0.,0.,-1.));
#4133=DIRECTION('ref_axis',(-1.,0.,0.));
#4134=DIRECTION('center_axis',(0.,0.,1.));
#4135=DIRECTION('ref_axis',(-1.,0.,0.));
#4136=DIRECTION('center_axis',(0.,0.,-1.));
#4137=DIRECTION('ref_axis',(-1.,0.,0.));
#4138=DIRECTION('',(0.,0.,-1.));
#4139=DIRECTION('center_axis',(0.,-1.,0.));
#4140=DIRECTION('ref_axis',(-1.,0.,0.));
#4141=DIRECTION('',(1.,0.,0.));
#4142=DIRECTION('',(-1.,0.,0.));
#4143=DIRECTION('',(0.,0.,-1.));
#4144=DIRECTION('center_axis',(0.,0.,-1.));
#4145=DIRECTION('ref_axis',(0.,-1.,0.));
#4146=DIRECTION('center_axis',(0.,0.,1.));
#4147=DIRECTION('ref_axis',(0.,-1.,0.));
#4148=DIRECTION('center_axis',(0.,0.,-1.));
#4149=DIRECTION('ref_axis',(0.,-1.,0.));
#4150=DIRECTION('',(0.,0.,-1.));
#4151=DIRECTION('center_axis',(1.,0.,0.));
#4152=DIRECTION('ref_axis',(0.,-1.,0.));
#4153=DIRECTION('',(0.,1.,0.));
#4154=DIRECTION('',(0.,-1.,0.));
#4155=DIRECTION('',(0.,0.,-1.));
#4156=DIRECTION('center_axis',(0.,0.,-1.));
#4157=DIRECTION('ref_axis',(1.,0.,0.));
#4158=DIRECTION('center_axis',(0.,0.,1.));
#4159=DIRECTION('ref_axis',(1.,0.,0.));
#4160=DIRECTION('center_axis',(0.,0.,-1.));
#4161=DIRECTION('ref_axis',(1.,0.,0.));
#4162=DIRECTION('',(0.,0.,-1.));
#4163=DIRECTION('center_axis',(0.,1.,0.));
#4164=DIRECTION('ref_axis',(1.,0.,0.));
#4165=DIRECTION('',(-1.,0.,0.));
#4166=DIRECTION('',(1.,0.,0.));
#4167=DIRECTION('',(0.,0.,-1.));
#4168=DIRECTION('center_axis',(0.,0.,-1.));
#4169=DIRECTION('ref_axis',(0.,1.,0.));
#4170=DIRECTION('center_axis',(0.,0.,1.));
#4171=DIRECTION('ref_axis',(0.,1.,0.));
#4172=DIRECTION('center_axis',(0.,0.,-1.));
#4173=DIRECTION('ref_axis',(0.,1.,0.));
#4174=DIRECTION('center_axis',(0.,0.,-1.));
#4175=DIRECTION('ref_axis',(-1.,0.,0.));
#4176=DIRECTION('center_axis',(0.,0.,-1.));
#4177=DIRECTION('ref_axis',(-1.,0.,0.));
#4178=DIRECTION('',(0.,0.,-1.));
#4179=DIRECTION('center_axis',(0.,0.,1.));
#4180=DIRECTION('ref_axis',(-1.,0.,0.));
#4181=DIRECTION('center_axis',(1.,9.25185853854294E-16,0.));
#4182=DIRECTION('ref_axis',(9.25185853854294E-16,-1.,0.));
#4183=DIRECTION('',(-9.25185853854294E-16,1.,0.));
#4184=DIRECTION('',(0.,0.,-1.));
#4185=DIRECTION('',(9.25185853854294E-16,-1.,0.));
#4186=DIRECTION('',(0.,0.,-1.));
#4187=DIRECTION('center_axis',(0.,0.,-1.));
#4188=DIRECTION('ref_axis',(1.,0.,0.));
#4189=DIRECTION('center_axis',(0.,0.,1.));
#4190=DIRECTION('ref_axis',(1.,0.,0.));
#4191=DIRECTION('center_axis',(0.,0.,-1.));
#4192=DIRECTION('ref_axis',(1.,0.,0.));
#4193=DIRECTION('',(0.,0.,-1.));
#4194=DIRECTION('center_axis',(0.,1.,0.));
#4195=DIRECTION('ref_axis',(1.,0.,0.));
#4196=DIRECTION('',(-1.,0.,0.));
#4197=DIRECTION('',(1.,0.,0.));
#4198=DIRECTION('',(0.,0.,-1.));
#4199=DIRECTION('center_axis',(0.,0.,-1.));
#4200=DIRECTION('ref_axis',(1.85037170770861E-15,1.,0.));
#4201=DIRECTION('center_axis',(0.,0.,1.));
#4202=DIRECTION('ref_axis',(1.85037170770861E-15,1.,0.));
#4203=DIRECTION('center_axis',(0.,0.,-1.));
#4204=DIRECTION('ref_axis',(1.85037170770861E-15,1.,0.));
#4205=DIRECTION('',(0.,0.,-1.));
#4206=DIRECTION('center_axis',(-1.,0.,0.));
#4207=DIRECTION('ref_axis',(0.,1.,0.));
#4208=DIRECTION('',(0.,-1.,0.));
#4209=DIRECTION('',(0.,1.,0.));
#4210=DIRECTION('',(0.,0.,-1.));
#4211=DIRECTION('center_axis',(0.,0.,-1.));
#4212=DIRECTION('ref_axis',(-1.,0.,0.));
#4213=DIRECTION('center_axis',(0.,0.,1.));
#4214=DIRECTION('ref_axis',(-1.,0.,0.));
#4215=DIRECTION('center_axis',(0.,0.,-1.));
#4216=DIRECTION('ref_axis',(-1.,0.,0.));
#4217=DIRECTION('',(0.,0.,-1.));
#4218=DIRECTION('center_axis',(0.,-1.,0.));
#4219=DIRECTION('ref_axis',(-1.,0.,0.));
#4220=DIRECTION('',(1.,0.,0.));
#4221=DIRECTION('',(-1.,0.,0.));
#4222=DIRECTION('',(0.,0.,-1.));
#4223=DIRECTION('center_axis',(0.,0.,-1.));
#4224=DIRECTION('ref_axis',(0.,-1.,0.));
#4225=DIRECTION('center_axis',(0.,0.,1.));
#4226=DIRECTION('ref_axis',(0.,-1.,0.));
#4227=DIRECTION('center_axis',(0.,0.,-1.));
#4228=DIRECTION('ref_axis',(0.,-1.,0.));
#4229=DIRECTION('center_axis',(-1.,0.,0.));
#4230=DIRECTION('ref_axis',(0.,1.,0.));
#4231=DIRECTION('',(0.,-1.,0.));
#4232=DIRECTION('',(0.,0.,-1.));
#4233=DIRECTION('',(0.,1.,0.));
#4234=DIRECTION('',(0.,0.,-1.));
#4235=DIRECTION('center_axis',(0.,0.,-1.));
#4236=DIRECTION('ref_axis',(-1.,0.,0.));
#4237=DIRECTION('center_axis',(0.,0.,1.));
#4238=DIRECTION('ref_axis',(-1.,0.,0.));
#4239=DIRECTION('center_axis',(0.,0.,-1.));
#4240=DIRECTION('ref_axis',(-1.,0.,0.));
#4241=DIRECTION('',(0.,0.,-1.));
#4242=DIRECTION('center_axis',(0.,-1.,0.));
#4243=DIRECTION('ref_axis',(-1.,0.,0.));
#4244=DIRECTION('',(1.,0.,0.));
#4245=DIRECTION('',(-1.,0.,0.));
#4246=DIRECTION('',(0.,0.,-1.));
#4247=DIRECTION('center_axis',(0.,0.,-1.));
#4248=DIRECTION('ref_axis',(0.,-1.,0.));
#4249=DIRECTION('center_axis',(0.,0.,1.));
#4250=DIRECTION('ref_axis',(0.,-1.,0.));
#4251=DIRECTION('center_axis',(0.,0.,-1.));
#4252=DIRECTION('ref_axis',(0.,-1.,0.));
#4253=DIRECTION('',(0.,0.,-1.));
#4254=DIRECTION('center_axis',(1.,0.,0.));
#4255=DIRECTION('ref_axis',(0.,-1.,0.));
#4256=DIRECTION('',(0.,1.,0.));
#4257=DIRECTION('',(0.,-1.,0.));
#4258=DIRECTION('',(0.,0.,-1.));
#4259=DIRECTION('center_axis',(0.,0.,-1.));
#4260=DIRECTION('ref_axis',(1.,0.,0.));
#4261=DIRECTION('center_axis',(0.,0.,1.));
#4262=DIRECTION('ref_axis',(1.,0.,0.));
#4263=DIRECTION('center_axis',(0.,0.,-1.));
#4264=DIRECTION('ref_axis',(1.,0.,0.));
#4265=DIRECTION('',(0.,0.,-1.));
#4266=DIRECTION('center_axis',(0.,1.,0.));
#4267=DIRECTION('ref_axis',(1.,0.,0.));
#4268=DIRECTION('',(-1.,0.,0.));
#4269=DIRECTION('',(1.,0.,0.));
#4270=DIRECTION('',(0.,0.,-1.));
#4271=DIRECTION('center_axis',(0.,0.,-1.));
#4272=DIRECTION('ref_axis',(0.,1.,0.));
#4273=DIRECTION('center_axis',(0.,0.,1.));
#4274=DIRECTION('ref_axis',(0.,1.,0.));
#4275=DIRECTION('center_axis',(0.,0.,-1.));
#4276=DIRECTION('ref_axis',(0.,1.,0.));
#4277=DIRECTION('center_axis',(-1.,0.,0.));
#4278=DIRECTION('ref_axis',(0.,1.,0.));
#4279=DIRECTION('',(0.,-1.,0.));
#4280=DIRECTION('',(0.,0.,-1.));
#4281=DIRECTION('',(0.,1.,0.));
#4282=DIRECTION('',(0.,0.,-1.));
#4283=DIRECTION('center_axis',(0.,0.,-1.));
#4284=DIRECTION('ref_axis',(-1.,0.,0.));
#4285=DIRECTION('center_axis',(0.,0.,1.));
#4286=DIRECTION('ref_axis',(-1.,0.,0.));
#4287=DIRECTION('center_axis',(0.,0.,-1.));
#4288=DIRECTION('ref_axis',(-1.,0.,0.));
#4289=DIRECTION('',(0.,0.,-1.));
#4290=DIRECTION('center_axis',(0.,-1.,0.));
#4291=DIRECTION('ref_axis',(-1.,0.,0.));
#4292=DIRECTION('',(1.,0.,0.));
#4293=DIRECTION('',(-1.,0.,0.));
#4294=DIRECTION('',(0.,0.,-1.));
#4295=DIRECTION('center_axis',(0.,0.,-1.));
#4296=DIRECTION('ref_axis',(0.,-1.,0.));
#4297=DIRECTION('center_axis',(0.,0.,1.));
#4298=DIRECTION('ref_axis',(0.,-1.,0.));
#4299=DIRECTION('center_axis',(0.,0.,-1.));
#4300=DIRECTION('ref_axis',(0.,-1.,0.));
#4301=DIRECTION('',(0.,0.,-1.));
#4302=DIRECTION('center_axis',(1.,0.,0.));
#4303=DIRECTION('ref_axis',(0.,-1.,0.));
#4304=DIRECTION('',(0.,1.,0.));
#4305=DIRECTION('',(0.,-1.,0.));
#4306=DIRECTION('',(0.,0.,-1.));
#4307=DIRECTION('center_axis',(0.,0.,-1.));
#4308=DIRECTION('ref_axis',(1.,0.,0.));
#4309=DIRECTION('center_axis',(0.,0.,1.));
#4310=DIRECTION('ref_axis',(1.,0.,0.));
#4311=DIRECTION('center_axis',(0.,0.,-1.));
#4312=DIRECTION('ref_axis',(1.,0.,0.));
#4313=DIRECTION('',(0.,0.,-1.));
#4314=DIRECTION('center_axis',(0.,1.,0.));
#4315=DIRECTION('ref_axis',(1.,0.,0.));
#4316=DIRECTION('',(-1.,0.,0.));
#4317=DIRECTION('',(1.,0.,0.));
#4318=DIRECTION('',(0.,0.,-1.));
#4319=DIRECTION('center_axis',(0.,0.,-1.));
#4320=DIRECTION('ref_axis',(0.,1.,0.));
#4321=DIRECTION('center_axis',(0.,0.,1.));
#4322=DIRECTION('ref_axis',(0.,1.,0.));
#4323=DIRECTION('center_axis',(0.,0.,-1.));
#4324=DIRECTION('ref_axis',(0.,1.,0.));
#4325=DIRECTION('center_axis',(1.,0.,0.));
#4326=DIRECTION('ref_axis',(0.,-1.,0.));
#4327=DIRECTION('',(0.,1.,0.));
#4328=DIRECTION('',(0.,0.,-1.));
#4329=DIRECTION('',(0.,-1.,0.));
#4330=DIRECTION('',(0.,0.,-1.));
#4331=DIRECTION('center_axis',(0.,0.,-1.));
#4332=DIRECTION('ref_axis',(1.,0.,0.));
#4333=DIRECTION('center_axis',(0.,0.,1.));
#4334=DIRECTION('ref_axis',(1.,0.,0.));
#4335=DIRECTION('center_axis',(0.,0.,-1.));
#4336=DIRECTION('ref_axis',(1.,0.,0.));
#4337=DIRECTION('',(0.,0.,-1.));
#4338=DIRECTION('center_axis',(0.,1.,0.));
#4339=DIRECTION('ref_axis',(1.,0.,0.));
#4340=DIRECTION('',(-1.,0.,0.));
#4341=DIRECTION('',(1.,0.,0.));
#4342=DIRECTION('',(0.,0.,-1.));
#4343=DIRECTION('center_axis',(0.,0.,-1.));
#4344=DIRECTION('ref_axis',(6.47630097698022E-15,1.,0.));
#4345=DIRECTION('center_axis',(0.,0.,1.));
#4346=DIRECTION('ref_axis',(6.47630097698022E-15,1.,0.));
#4347=DIRECTION('center_axis',(0.,0.,-1.));
#4348=DIRECTION('ref_axis',(6.47630097698022E-15,1.,0.));
#4349=DIRECTION('',(0.,0.,-1.));
#4350=DIRECTION('center_axis',(-1.,9.25185853854294E-16,0.));
#4351=DIRECTION('ref_axis',(9.25185853854294E-16,1.,0.));
#4352=DIRECTION('',(-9.25185853854294E-16,-1.,0.));
#4353=DIRECTION('',(9.25185853854294E-16,1.,0.));
#4354=DIRECTION('',(0.,0.,-1.));
#4355=DIRECTION('center_axis',(0.,0.,-1.));
#4356=DIRECTION('ref_axis',(-1.,0.,0.));
#4357=DIRECTION('center_axis',(0.,0.,1.));
#4358=DIRECTION('ref_axis',(-1.,0.,0.));
#4359=DIRECTION('center_axis',(0.,0.,-1.));
#4360=DIRECTION('ref_axis',(-1.,0.,0.));
#4361=DIRECTION('',(0.,0.,-1.));
#4362=DIRECTION('center_axis',(0.,-1.,0.));
#4363=DIRECTION('ref_axis',(-1.,0.,0.));
#4364=DIRECTION('',(1.,0.,0.));
#4365=DIRECTION('',(-1.,0.,0.));
#4366=DIRECTION('',(0.,0.,-1.));
#4367=DIRECTION('center_axis',(0.,0.,-1.));
#4368=DIRECTION('ref_axis',(0.,-1.,0.));
#4369=DIRECTION('center_axis',(0.,0.,1.));
#4370=DIRECTION('ref_axis',(0.,-1.,0.));
#4371=DIRECTION('center_axis',(0.,0.,-1.));
#4372=DIRECTION('ref_axis',(0.,-1.,0.));
#4373=DIRECTION('center_axis',(-1.,0.,0.));
#4374=DIRECTION('ref_axis',(0.,1.,0.));
#4375=DIRECTION('',(0.,-1.,0.));
#4376=DIRECTION('',(0.,0.,-1.));
#4377=DIRECTION('',(0.,1.,0.));
#4378=DIRECTION('',(0.,0.,-1.));
#4379=DIRECTION('center_axis',(0.,0.,-1.));
#4380=DIRECTION('ref_axis',(-1.,0.,0.));
#4381=DIRECTION('center_axis',(0.,0.,1.));
#4382=DIRECTION('ref_axis',(-1.,0.,0.));
#4383=DIRECTION('center_axis',(0.,0.,-1.));
#4384=DIRECTION('ref_axis',(-1.,0.,0.));
#4385=DIRECTION('',(0.,0.,-1.));
#4386=DIRECTION('center_axis',(0.,-1.,0.));
#4387=DIRECTION('ref_axis',(-1.,0.,0.));
#4388=DIRECTION('',(1.,0.,0.));
#4389=DIRECTION('',(-1.,0.,0.));
#4390=DIRECTION('',(0.,0.,-1.));
#4391=DIRECTION('center_axis',(0.,0.,-1.));
#4392=DIRECTION('ref_axis',(0.,-1.,0.));
#4393=DIRECTION('center_axis',(0.,0.,1.));
#4394=DIRECTION('ref_axis',(0.,-1.,0.));
#4395=DIRECTION('center_axis',(0.,0.,-1.));
#4396=DIRECTION('ref_axis',(0.,-1.,0.));
#4397=DIRECTION('',(0.,0.,-1.));
#4398=DIRECTION('center_axis',(1.,0.,0.));
#4399=DIRECTION('ref_axis',(0.,-1.,0.));
#4400=DIRECTION('',(0.,1.,0.));
#4401=DIRECTION('',(0.,-1.,0.));
#4402=DIRECTION('',(0.,0.,-1.));
#4403=DIRECTION('center_axis',(0.,0.,-1.));
#4404=DIRECTION('ref_axis',(1.,0.,0.));
#4405=DIRECTION('center_axis',(0.,0.,1.));
#4406=DIRECTION('ref_axis',(1.,0.,0.));
#4407=DIRECTION('center_axis',(0.,0.,-1.));
#4408=DIRECTION('ref_axis',(1.,0.,0.));
#4409=DIRECTION('',(0.,0.,-1.));
#4410=DIRECTION('center_axis',(0.,1.,0.));
#4411=DIRECTION('ref_axis',(1.,0.,0.));
#4412=DIRECTION('',(-1.,0.,0.));
#4413=DIRECTION('',(1.,0.,0.));
#4414=DIRECTION('',(0.,0.,-1.));
#4415=DIRECTION('center_axis',(0.,0.,-1.));
#4416=DIRECTION('ref_axis',(1.48029736616691E-14,1.,0.));
#4417=DIRECTION('center_axis',(0.,0.,1.));
#4418=DIRECTION('ref_axis',(1.48029736616691E-14,1.,0.));
#4419=DIRECTION('center_axis',(0.,0.,-1.));
#4420=DIRECTION('ref_axis',(1.48029736616691E-14,1.,0.));
#4421=DIRECTION('center_axis',(0.,-1.,0.));
#4422=DIRECTION('ref_axis',(-1.,0.,0.));
#4423=DIRECTION('',(1.,0.,0.));
#4424=DIRECTION('',(0.,0.,-1.));
#4425=DIRECTION('',(-1.,0.,0.));
#4426=DIRECTION('',(0.,0.,-1.));
#4427=DIRECTION('center_axis',(0.,0.,-1.));
#4428=DIRECTION('ref_axis',(0.,-1.,0.));
#4429=DIRECTION('center_axis',(0.,0.,1.));
#4430=DIRECTION('ref_axis',(0.,-1.,0.));
#4431=DIRECTION('center_axis',(0.,0.,-1.));
#4432=DIRECTION('ref_axis',(0.,-1.,0.));
#4433=DIRECTION('',(0.,0.,-1.));
#4434=DIRECTION('center_axis',(1.,0.,0.));
#4435=DIRECTION('ref_axis',(0.,-1.,0.));
#4436=DIRECTION('',(0.,1.,0.));
#4437=DIRECTION('',(0.,-1.,0.));
#4438=DIRECTION('',(0.,0.,-1.));
#4439=DIRECTION('center_axis',(0.,0.,-1.));
#4440=DIRECTION('ref_axis',(1.,0.,0.));
#4441=DIRECTION('center_axis',(0.,0.,1.));
#4442=DIRECTION('ref_axis',(1.,0.,0.));
#4443=DIRECTION('center_axis',(0.,0.,-1.));
#4444=DIRECTION('ref_axis',(1.,0.,0.));
#4445=DIRECTION('',(0.,0.,-1.));
#4446=DIRECTION('center_axis',(0.,1.,0.));
#4447=DIRECTION('ref_axis',(1.,0.,0.));
#4448=DIRECTION('',(-1.,0.,0.));
#4449=DIRECTION('',(1.,0.,0.));
#4450=DIRECTION('',(0.,0.,-1.));
#4451=DIRECTION('center_axis',(0.,0.,-1.));
#4452=DIRECTION('ref_axis',(0.,1.,0.));
#4453=DIRECTION('center_axis',(0.,0.,1.));
#4454=DIRECTION('ref_axis',(0.,1.,0.));
#4455=DIRECTION('center_axis',(0.,0.,-1.));
#4456=DIRECTION('ref_axis',(0.,1.,0.));
#4457=DIRECTION('',(0.,0.,-1.));
#4458=DIRECTION('center_axis',(-1.,0.,0.));
#4459=DIRECTION('ref_axis',(0.,1.,0.));
#4460=DIRECTION('',(0.,-1.,0.));
#4461=DIRECTION('',(0.,1.,0.));
#4462=DIRECTION('',(0.,0.,-1.));
#4463=DIRECTION('center_axis',(0.,0.,-1.));
#4464=DIRECTION('ref_axis',(-1.,0.,0.));
#4465=DIRECTION('center_axis',(0.,0.,1.));
#4466=DIRECTION('ref_axis',(-1.,0.,0.));
#4467=DIRECTION('center_axis',(0.,0.,-1.));
#4468=DIRECTION('ref_axis',(-1.,0.,0.));
#4469=DIRECTION('center_axis',(-1.,0.,0.));
#4470=DIRECTION('ref_axis',(0.,1.,0.));
#4471=DIRECTION('',(0.,-1.,0.));
#4472=DIRECTION('',(0.,0.,-1.));
#4473=DIRECTION('',(0.,1.,0.));
#4474=DIRECTION('',(0.,0.,-1.));
#4475=DIRECTION('center_axis',(0.,0.,-1.));
#4476=DIRECTION('ref_axis',(-1.,0.,0.));
#4477=DIRECTION('center_axis',(0.,0.,1.));
#4478=DIRECTION('ref_axis',(-1.,0.,0.));
#4479=DIRECTION('center_axis',(0.,0.,-1.));
#4480=DIRECTION('ref_axis',(-1.,0.,0.));
#4481=DIRECTION('',(0.,0.,-1.));
#4482=DIRECTION('center_axis',(0.,-1.,0.));
#4483=DIRECTION('ref_axis',(-1.,0.,0.));
#4484=DIRECTION('',(1.,0.,0.));
#4485=DIRECTION('',(-1.,0.,0.));
#4486=DIRECTION('',(0.,0.,-1.));
#4487=DIRECTION('center_axis',(0.,0.,-1.));
#4488=DIRECTION('ref_axis',(0.,-1.,0.));
#4489=DIRECTION('center_axis',(0.,0.,1.));
#4490=DIRECTION('ref_axis',(0.,-1.,0.));
#4491=DIRECTION('center_axis',(0.,0.,-1.));
#4492=DIRECTION('ref_axis',(0.,-1.,0.));
#4493=DIRECTION('',(0.,0.,-1.));
#4494=DIRECTION('center_axis',(1.,0.,0.));
#4495=DIRECTION('ref_axis',(0.,-1.,0.));
#4496=DIRECTION('',(0.,1.,0.));
#4497=DIRECTION('',(0.,-1.,0.));
#4498=DIRECTION('',(0.,0.,-1.));
#4499=DIRECTION('center_axis',(0.,0.,-1.));
#4500=DIRECTION('ref_axis',(1.,0.,0.));
#4501=DIRECTION('center_axis',(0.,0.,1.));
#4502=DIRECTION('ref_axis',(1.,0.,0.));
#4503=DIRECTION('center_axis',(0.,0.,-1.));
#4504=DIRECTION('ref_axis',(1.,0.,0.));
#4505=DIRECTION('',(0.,0.,-1.));
#4506=DIRECTION('center_axis',(0.,1.,0.));
#4507=DIRECTION('ref_axis',(1.,0.,0.));
#4508=DIRECTION('',(-1.,0.,0.));
#4509=DIRECTION('',(1.,0.,0.));
#4510=DIRECTION('',(0.,0.,-1.));
#4511=DIRECTION('center_axis',(0.,0.,-1.));
#4512=DIRECTION('ref_axis',(1.48029736616691E-14,1.,0.));
#4513=DIRECTION('center_axis',(0.,0.,1.));
#4514=DIRECTION('ref_axis',(1.48029736616691E-14,1.,0.));
#4515=DIRECTION('center_axis',(0.,0.,-1.));
#4516=DIRECTION('ref_axis',(1.48029736616691E-14,1.,0.));
#4517=DIRECTION('center_axis',(0.,0.,-1.));
#4518=DIRECTION('ref_axis',(0.,-1.,0.));
#4519=DIRECTION('center_axis',(0.,0.,1.));
#4520=DIRECTION('ref_axis',(0.,-1.,0.));
#4521=DIRECTION('',(0.,0.,-1.));
#4522=DIRECTION('center_axis',(0.,0.,-1.));
#4523=DIRECTION('ref_axis',(0.,-1.,0.));
#4524=DIRECTION('',(0.,0.,-1.));
#4525=DIRECTION('center_axis',(1.,0.,0.));
#4526=DIRECTION('ref_axis',(0.,-1.,0.));
#4527=DIRECTION('',(0.,1.,0.));
#4528=DIRECTION('',(0.,-1.,0.));
#4529=DIRECTION('',(0.,0.,-1.));
#4530=DIRECTION('center_axis',(0.,0.,-1.));
#4531=DIRECTION('ref_axis',(1.,0.,0.));
#4532=DIRECTION('center_axis',(0.,0.,1.));
#4533=DIRECTION('ref_axis',(1.,0.,0.));
#4534=DIRECTION('center_axis',(0.,0.,-1.));
#4535=DIRECTION('ref_axis',(1.,0.,0.));
#4536=DIRECTION('',(0.,0.,-1.));
#4537=DIRECTION('center_axis',(0.,1.,0.));
#4538=DIRECTION('ref_axis',(1.,0.,0.));
#4539=DIRECTION('',(-1.,0.,0.));
#4540=DIRECTION('',(1.,0.,0.));
#4541=DIRECTION('',(0.,0.,-1.));
#4542=DIRECTION('center_axis',(0.,0.,-1.));
#4543=DIRECTION('ref_axis',(7.40148683083454E-15,1.,0.));
#4544=DIRECTION('center_axis',(0.,0.,1.));
#4545=DIRECTION('ref_axis',(7.40148683083454E-15,1.,0.));
#4546=DIRECTION('center_axis',(0.,0.,-1.));
#4547=DIRECTION('ref_axis',(7.40148683083454E-15,1.,0.));
#4548=DIRECTION('',(0.,0.,-1.));
#4549=DIRECTION('center_axis',(-1.,1.23358113847239E-15,0.));
#4550=DIRECTION('ref_axis',(1.23358113847239E-15,1.,0.));
#4551=DIRECTION('',(-1.23358113847239E-15,-1.,0.));
#4552=DIRECTION('',(1.23358113847239E-15,1.,0.));
#4553=DIRECTION('',(0.,0.,-1.));
#4554=DIRECTION('center_axis',(0.,0.,-1.));
#4555=DIRECTION('ref_axis',(-1.,0.,0.));
#4556=DIRECTION('center_axis',(0.,0.,1.));
#4557=DIRECTION('ref_axis',(-1.,0.,0.));
#4558=DIRECTION('center_axis',(0.,0.,-1.));
#4559=DIRECTION('ref_axis',(-1.,0.,0.));
#4560=DIRECTION('',(0.,0.,-1.));
#4561=DIRECTION('center_axis',(0.,-1.,0.));
#4562=DIRECTION('ref_axis',(-1.,0.,0.));
#4563=DIRECTION('',(1.,0.,0.));
#4564=DIRECTION('',(-1.,0.,0.));
#4565=DIRECTION('center_axis',(-1.,0.,0.));
#4566=DIRECTION('ref_axis',(0.,1.,0.));
#4567=DIRECTION('',(0.,-1.,0.));
#4568=DIRECTION('',(0.,0.,-1.));
#4569=DIRECTION('',(0.,1.,0.));
#4570=DIRECTION('',(0.,0.,-1.));
#4571=DIRECTION('center_axis',(0.,0.,-1.));
#4572=DIRECTION('ref_axis',(-1.,0.,0.));
#4573=DIRECTION('center_axis',(0.,0.,1.));
#4574=DIRECTION('ref_axis',(-1.,0.,0.));
#4575=DIRECTION('center_axis',(0.,0.,-1.));
#4576=DIRECTION('ref_axis',(-1.,0.,0.));
#4577=DIRECTION('',(0.,0.,-1.));
#4578=DIRECTION('center_axis',(0.,-1.,0.));
#4579=DIRECTION('ref_axis',(-1.,0.,0.));
#4580=DIRECTION('',(1.,0.,0.));
#4581=DIRECTION('',(-1.,0.,0.));
#4582=DIRECTION('',(0.,0.,-1.));
#4583=DIRECTION('center_axis',(0.,0.,-1.));
#4584=DIRECTION('ref_axis',(0.,-1.,0.));
#4585=DIRECTION('center_axis',(0.,0.,1.));
#4586=DIRECTION('ref_axis',(0.,-1.,0.));
#4587=DIRECTION('center_axis',(0.,0.,-1.));
#4588=DIRECTION('ref_axis',(0.,-1.,0.));
#4589=DIRECTION('',(0.,0.,-1.));
#4590=DIRECTION('center_axis',(1.,1.23358113847239E-15,0.));
#4591=DIRECTION('ref_axis',(1.23358113847239E-15,-1.,0.));
#4592=DIRECTION('',(-1.23358113847239E-15,1.,0.));
#4593=DIRECTION('',(1.23358113847239E-15,-1.,0.));
#4594=DIRECTION('',(0.,0.,-1.));
#4595=DIRECTION('center_axis',(0.,0.,-1.));
#4596=DIRECTION('ref_axis',(1.,0.,0.));
#4597=DIRECTION('center_axis',(0.,0.,1.));
#4598=DIRECTION('ref_axis',(1.,0.,0.));
#4599=DIRECTION('center_axis',(0.,0.,-1.));
#4600=DIRECTION('ref_axis',(1.,0.,0.));
#4601=DIRECTION('',(0.,0.,-1.));
#4602=DIRECTION('center_axis',(0.,1.,0.));
#4603=DIRECTION('ref_axis',(1.,0.,0.));
#4604=DIRECTION('',(-1.,0.,0.));
#4605=DIRECTION('',(1.,0.,0.));
#4606=DIRECTION('',(0.,0.,-1.));
#4607=DIRECTION('center_axis',(0.,0.,-1.));
#4608=DIRECTION('ref_axis',(0.,1.,0.));
#4609=DIRECTION('center_axis',(0.,0.,1.));
#4610=DIRECTION('ref_axis',(0.,1.,0.));
#4611=DIRECTION('center_axis',(0.,0.,-1.));
#4612=DIRECTION('ref_axis',(0.,1.,0.));
#4613=DIRECTION('center_axis',(-1.,0.,0.));
#4614=DIRECTION('ref_axis',(0.,1.,0.));
#4615=DIRECTION('',(0.,-1.,0.));
#4616=DIRECTION('',(0.,0.,-1.));
#4617=DIRECTION('',(0.,1.,0.));
#4618=DIRECTION('',(0.,0.,-1.));
#4619=DIRECTION('center_axis',(0.,0.,-1.));
#4620=DIRECTION('ref_axis',(-1.,0.,0.));
#4621=DIRECTION('center_axis',(0.,0.,1.));
#4622=DIRECTION('ref_axis',(-1.,0.,0.));
#4623=DIRECTION('center_axis',(0.,0.,-1.));
#4624=DIRECTION('ref_axis',(-1.,0.,0.));
#4625=DIRECTION('',(0.,0.,-1.));
#4626=DIRECTION('center_axis',(0.,-1.,0.));
#4627=DIRECTION('ref_axis',(-1.,0.,0.));
#4628=DIRECTION('',(1.,0.,0.));
#4629=DIRECTION('',(-1.,0.,0.));
#4630=DIRECTION('',(0.,0.,-1.));
#4631=DIRECTION('center_axis',(0.,0.,-1.));
#4632=DIRECTION('ref_axis',(0.,-1.,0.));
#4633=DIRECTION('center_axis',(0.,0.,1.));
#4634=DIRECTION('ref_axis',(0.,-1.,0.));
#4635=DIRECTION('center_axis',(0.,0.,-1.));
#4636=DIRECTION('ref_axis',(0.,-1.,0.));
#4637=DIRECTION('',(0.,0.,-1.));
#4638=DIRECTION('center_axis',(1.,0.,0.));
#4639=DIRECTION('ref_axis',(0.,-1.,0.));
#4640=DIRECTION('',(0.,1.,0.));
#4641=DIRECTION('',(0.,-1.,0.));
#4642=DIRECTION('',(0.,0.,-1.));
#4643=DIRECTION('center_axis',(0.,0.,-1.));
#4644=DIRECTION('ref_axis',(1.,0.,0.));
#4645=DIRECTION('center_axis',(0.,0.,1.));
#4646=DIRECTION('ref_axis',(1.,0.,0.));
#4647=DIRECTION('center_axis',(0.,0.,-1.));
#4648=DIRECTION('ref_axis',(1.,0.,0.));
#4649=DIRECTION('',(0.,0.,-1.));
#4650=DIRECTION('center_axis',(0.,1.,0.));
#4651=DIRECTION('ref_axis',(1.,0.,0.));
#4652=DIRECTION('',(-1.,0.,0.));
#4653=DIRECTION('',(1.,0.,0.));
#4654=DIRECTION('',(0.,0.,-1.));
#4655=DIRECTION('center_axis',(0.,0.,-1.));
#4656=DIRECTION('ref_axis',(0.,1.,0.));
#4657=DIRECTION('center_axis',(0.,0.,1.));
#4658=DIRECTION('ref_axis',(0.,1.,0.));
#4659=DIRECTION('center_axis',(0.,0.,-1.));
#4660=DIRECTION('ref_axis',(0.,1.,0.));
#4661=DIRECTION('center_axis',(0.,0.,-1.));
#4662=DIRECTION('ref_axis',(-1.,0.,0.));
#4663=DIRECTION('center_axis',(0.,0.,-1.));
#4664=DIRECTION('ref_axis',(-1.,0.,0.));
#4665=DIRECTION('',(0.,0.,-1.));
#4666=DIRECTION('center_axis',(0.,0.,1.));
#4667=DIRECTION('ref_axis',(-1.,0.,0.));
#4668=DIRECTION('center_axis',(0.,0.,-1.));
#4669=DIRECTION('ref_axis',(-1.,0.,0.));
#4670=DIRECTION('center_axis',(0.,0.,-1.));
#4671=DIRECTION('ref_axis',(-1.,0.,0.));
#4672=DIRECTION('',(0.,0.,-1.));
#4673=DIRECTION('center_axis',(0.,0.,1.));
#4674=DIRECTION('ref_axis',(-1.,0.,0.));
#4675=DIRECTION('center_axis',(0.,0.,-1.));
#4676=DIRECTION('ref_axis',(-1.,0.,0.));
#4677=DIRECTION('center_axis',(0.,0.,-1.));
#4678=DIRECTION('ref_axis',(-1.,0.,0.));
#4679=DIRECTION('',(0.,0.,-1.));
#4680=DIRECTION('center_axis',(0.,0.,1.));
#4681=DIRECTION('ref_axis',(-1.,0.,0.));
#4682=DIRECTION('center_axis',(-1.,0.,0.));
#4683=DIRECTION('ref_axis',(0.,1.,0.));
#4684=DIRECTION('',(0.,-1.,0.));
#4685=DIRECTION('',(0.,0.,-1.));
#4686=DIRECTION('',(0.,1.,0.));
#4687=DIRECTION('',(0.,0.,-1.));
#4688=DIRECTION('center_axis',(0.,0.,-1.));
#4689=DIRECTION('ref_axis',(-1.,0.,0.));
#4690=DIRECTION('center_axis',(0.,0.,1.));
#4691=DIRECTION('ref_axis',(-1.,0.,0.));
#4692=DIRECTION('center_axis',(0.,0.,-1.));
#4693=DIRECTION('ref_axis',(-1.,0.,0.));
#4694=DIRECTION('',(0.,0.,-1.));
#4695=DIRECTION('center_axis',(0.,-1.,0.));
#4696=DIRECTION('ref_axis',(-1.,0.,0.));
#4697=DIRECTION('',(1.,0.,0.));
#4698=DIRECTION('',(-1.,0.,0.));
#4699=DIRECTION('',(0.,0.,-1.));
#4700=DIRECTION('center_axis',(0.,0.,-1.));
#4701=DIRECTION('ref_axis',(0.,-1.,0.));
#4702=DIRECTION('center_axis',(0.,0.,1.));
#4703=DIRECTION('ref_axis',(0.,-1.,0.));
#4704=DIRECTION('center_axis',(0.,0.,-1.));
#4705=DIRECTION('ref_axis',(0.,-1.,0.));
#4706=DIRECTION('',(0.,0.,-1.));
#4707=DIRECTION('center_axis',(1.,0.,0.));
#4708=DIRECTION('ref_axis',(0.,-1.,0.));
#4709=DIRECTION('',(0.,1.,0.));
#4710=DIRECTION('',(0.,-1.,0.));
#4711=DIRECTION('',(0.,0.,-1.));
#4712=DIRECTION('center_axis',(0.,0.,-1.));
#4713=DIRECTION('ref_axis',(1.,0.,0.));
#4714=DIRECTION('center_axis',(0.,0.,1.));
#4715=DIRECTION('ref_axis',(1.,0.,0.));
#4716=DIRECTION('center_axis',(0.,0.,-1.));
#4717=DIRECTION('ref_axis',(1.,0.,0.));
#4718=DIRECTION('',(0.,0.,-1.));
#4719=DIRECTION('center_axis',(0.,1.,0.));
#4720=DIRECTION('ref_axis',(1.,0.,0.));
#4721=DIRECTION('',(-1.,0.,0.));
#4722=DIRECTION('',(1.,0.,0.));
#4723=DIRECTION('',(0.,0.,-1.));
#4724=DIRECTION('center_axis',(0.,0.,-1.));
#4725=DIRECTION('ref_axis',(0.,1.,0.));
#4726=DIRECTION('center_axis',(0.,0.,1.));
#4727=DIRECTION('ref_axis',(0.,1.,0.));
#4728=DIRECTION('center_axis',(0.,0.,-1.));
#4729=DIRECTION('ref_axis',(0.,1.,0.));
#4730=DIRECTION('center_axis',(-1.,0.,0.));
#4731=DIRECTION('ref_axis',(0.,1.,0.));
#4732=DIRECTION('',(0.,-1.,0.));
#4733=DIRECTION('',(0.,0.,-1.));
#4734=DIRECTION('',(0.,1.,0.));
#4735=DIRECTION('',(0.,0.,-1.));
#4736=DIRECTION('center_axis',(0.,0.,-1.));
#4737=DIRECTION('ref_axis',(-1.,0.,0.));
#4738=DIRECTION('center_axis',(0.,0.,1.));
#4739=DIRECTION('ref_axis',(-1.,0.,0.));
#4740=DIRECTION('center_axis',(0.,0.,-1.));
#4741=DIRECTION('ref_axis',(-1.,0.,0.));
#4742=DIRECTION('',(0.,0.,-1.));
#4743=DIRECTION('center_axis',(0.,-1.,0.));
#4744=DIRECTION('ref_axis',(-1.,0.,0.));
#4745=DIRECTION('',(1.,0.,0.));
#4746=DIRECTION('',(-1.,0.,0.));
#4747=DIRECTION('',(0.,0.,-1.));
#4748=DIRECTION('center_axis',(0.,0.,-1.));
#4749=DIRECTION('ref_axis',(0.,-1.,0.));
#4750=DIRECTION('center_axis',(0.,0.,1.));
#4751=DIRECTION('ref_axis',(0.,-1.,0.));
#4752=DIRECTION('center_axis',(0.,0.,-1.));
#4753=DIRECTION('ref_axis',(0.,-1.,0.));
#4754=DIRECTION('',(0.,0.,-1.));
#4755=DIRECTION('center_axis',(1.,1.23358113847239E-15,0.));
#4756=DIRECTION('ref_axis',(1.23358113847239E-15,-1.,0.));
#4757=DIRECTION('',(-1.23358113847239E-15,1.,0.));
#4758=DIRECTION('',(1.23358113847239E-15,-1.,0.));
#4759=DIRECTION('',(0.,0.,-1.));
#4760=DIRECTION('center_axis',(0.,0.,-1.));
#4761=DIRECTION('ref_axis',(1.,0.,0.));
#4762=DIRECTION('center_axis',(0.,0.,1.));
#4763=DIRECTION('ref_axis',(1.,0.,0.));
#4764=DIRECTION('center_axis',(0.,0.,-1.));
#4765=DIRECTION('ref_axis',(1.,0.,0.));
#4766=DIRECTION('',(0.,0.,-1.));
#4767=DIRECTION('center_axis',(0.,1.,0.));
#4768=DIRECTION('ref_axis',(1.,0.,0.));
#4769=DIRECTION('',(-1.,0.,0.));
#4770=DIRECTION('',(1.,0.,0.));
#4771=DIRECTION('',(0.,0.,-1.));
#4772=DIRECTION('center_axis',(0.,0.,-1.));
#4773=DIRECTION('ref_axis',(0.,1.,0.));
#4774=DIRECTION('center_axis',(0.,0.,1.));
#4775=DIRECTION('ref_axis',(0.,1.,0.));
#4776=DIRECTION('center_axis',(0.,0.,-1.));
#4777=DIRECTION('ref_axis',(0.,1.,0.));
#4778=DIRECTION('center_axis',(0.,0.,-1.));
#4779=DIRECTION('ref_axis',(0.,-1.,0.));
#4780=DIRECTION('center_axis',(0.,0.,1.));
#4781=DIRECTION('ref_axis',(0.,-1.,0.));
#4782=DIRECTION('',(0.,0.,-1.));
#4783=DIRECTION('center_axis',(0.,0.,-1.));
#4784=DIRECTION('ref_axis',(0.,-1.,0.));
#4785=DIRECTION('',(0.,0.,-1.));
#4786=DIRECTION('center_axis',(1.,0.,0.));
#4787=DIRECTION('ref_axis',(0.,-1.,0.));
#4788=DIRECTION('',(0.,1.,0.));
#4789=DIRECTION('',(0.,-1.,0.));
#4790=DIRECTION('',(0.,0.,-1.));
#4791=DIRECTION('center_axis',(0.,0.,-1.));
#4792=DIRECTION('ref_axis',(1.,0.,0.));
#4793=DIRECTION('center_axis',(0.,0.,1.));
#4794=DIRECTION('ref_axis',(1.,0.,0.));
#4795=DIRECTION('center_axis',(0.,0.,-1.));
#4796=DIRECTION('ref_axis',(1.,0.,0.));
#4797=DIRECTION('',(0.,0.,-1.));
#4798=DIRECTION('center_axis',(0.,1.,0.));
#4799=DIRECTION('ref_axis',(1.,0.,0.));
#4800=DIRECTION('',(-1.,0.,0.));
#4801=DIRECTION('',(1.,0.,0.));
#4802=DIRECTION('',(0.,0.,-1.));
#4803=DIRECTION('center_axis',(0.,0.,-1.));
#4804=DIRECTION('ref_axis',(7.40148683083454E-15,1.,0.));
#4805=DIRECTION('center_axis',(0.,0.,1.));
#4806=DIRECTION('ref_axis',(7.40148683083454E-15,1.,0.));
#4807=DIRECTION('center_axis',(0.,0.,-1.));
#4808=DIRECTION('ref_axis',(7.40148683083454E-15,1.,0.));
#4809=DIRECTION('',(0.,0.,-1.));
#4810=DIRECTION('center_axis',(-1.,1.23358113847239E-15,0.));
#4811=DIRECTION('ref_axis',(1.23358113847239E-15,1.,0.));
#4812=DIRECTION('',(-1.23358113847239E-15,-1.,0.));
#4813=DIRECTION('',(1.23358113847239E-15,1.,0.));
#4814=DIRECTION('',(0.,0.,-1.));
#4815=DIRECTION('center_axis',(0.,0.,-1.));
#4816=DIRECTION('ref_axis',(-1.,0.,0.));
#4817=DIRECTION('center_axis',(0.,0.,1.));
#4818=DIRECTION('ref_axis',(-1.,0.,0.));
#4819=DIRECTION('center_axis',(0.,0.,-1.));
#4820=DIRECTION('ref_axis',(-1.,0.,0.));
#4821=DIRECTION('',(0.,0.,-1.));
#4822=DIRECTION('center_axis',(0.,-1.,0.));
#4823=DIRECTION('ref_axis',(-1.,0.,0.));
#4824=DIRECTION('',(1.,0.,0.));
#4825=DIRECTION('',(-1.,0.,0.));
#4826=DIRECTION('center_axis',(0.,0.,-1.));
#4827=DIRECTION('ref_axis',(1.,0.,0.));
#4828=DIRECTION('center_axis',(0.,0.,1.));
#4829=DIRECTION('ref_axis',(1.,0.,0.));
#4830=DIRECTION('',(0.,0.,-1.));
#4831=DIRECTION('center_axis',(0.,0.,-1.));
#4832=DIRECTION('ref_axis',(1.,0.,0.));
#4833=DIRECTION('',(0.,0.,-1.));
#4834=DIRECTION('center_axis',(0.,1.,0.));
#4835=DIRECTION('ref_axis',(1.,0.,0.));
#4836=DIRECTION('',(-1.,0.,0.));
#4837=DIRECTION('',(1.,0.,0.));
#4838=DIRECTION('',(0.,0.,-1.));
#4839=DIRECTION('center_axis',(0.,0.,-1.));
#4840=DIRECTION('ref_axis',(1.48029736616691E-14,1.,0.));
#4841=DIRECTION('center_axis',(0.,0.,1.));
#4842=DIRECTION('ref_axis',(1.48029736616691E-14,1.,0.));
#4843=DIRECTION('center_axis',(0.,0.,-1.));
#4844=DIRECTION('ref_axis',(1.48029736616691E-14,1.,0.));
#4845=DIRECTION('',(0.,0.,-1.));
#4846=DIRECTION('center_axis',(-1.,0.,0.));
#4847=DIRECTION('ref_axis',(0.,1.,0.));
#4848=DIRECTION('',(0.,-1.,0.));
#4849=DIRECTION('',(0.,1.,0.));
#4850=DIRECTION('',(0.,0.,-1.));
#4851=DIRECTION('center_axis',(0.,0.,-1.));
#4852=DIRECTION('ref_axis',(-1.,0.,0.));
#4853=DIRECTION('center_axis',(0.,0.,1.));
#4854=DIRECTION('ref_axis',(-1.,0.,0.));
#4855=DIRECTION('center_axis',(0.,0.,-1.));
#4856=DIRECTION('ref_axis',(-1.,0.,0.));
#4857=DIRECTION('',(0.,0.,-1.));
#4858=DIRECTION('center_axis',(0.,-1.,0.));
#4859=DIRECTION('ref_axis',(-1.,0.,0.));
#4860=DIRECTION('',(1.,0.,0.));
#4861=DIRECTION('',(-1.,0.,0.));
#4862=DIRECTION('',(0.,0.,-1.));
#4863=DIRECTION('center_axis',(0.,0.,-1.));
#4864=DIRECTION('ref_axis',(0.,-1.,0.));
#4865=DIRECTION('center_axis',(0.,0.,1.));
#4866=DIRECTION('ref_axis',(0.,-1.,0.));
#4867=DIRECTION('center_axis',(0.,0.,-1.));
#4868=DIRECTION('ref_axis',(0.,-1.,0.));
#4869=DIRECTION('',(0.,0.,-1.));
#4870=DIRECTION('center_axis',(1.,0.,0.));
#4871=DIRECTION('ref_axis',(0.,-1.,0.));
#4872=DIRECTION('',(0.,1.,0.));
#4873=DIRECTION('',(0.,-1.,0.));
#4874=DIRECTION('center_axis',(0.,1.,0.));
#4875=DIRECTION('ref_axis',(1.,0.,0.));
#4876=DIRECTION('',(-1.,0.,0.));
#4877=DIRECTION('',(0.,0.,-1.));
#4878=DIRECTION('',(1.,0.,0.));
#4879=DIRECTION('',(0.,0.,-1.));
#4880=DIRECTION('center_axis',(0.,0.,-1.));
#4881=DIRECTION('ref_axis',(0.,1.,0.));
#4882=DIRECTION('center_axis',(0.,0.,1.));
#4883=DIRECTION('ref_axis',(0.,1.,0.));
#4884=DIRECTION('center_axis',(0.,0.,-1.));
#4885=DIRECTION('ref_axis',(0.,1.,0.));
#4886=DIRECTION('',(0.,0.,-1.));
#4887=DIRECTION('center_axis',(-1.,0.,0.));
#4888=DIRECTION('ref_axis',(0.,1.,0.));
#4889=DIRECTION('',(0.,-1.,0.));
#4890=DIRECTION('',(0.,1.,0.));
#4891=DIRECTION('',(0.,0.,-1.));
#4892=DIRECTION('center_axis',(0.,0.,-1.));
#4893=DIRECTION('ref_axis',(-1.,0.,0.));
#4894=DIRECTION('center_axis',(0.,0.,1.));
#4895=DIRECTION('ref_axis',(-1.,0.,0.));
#4896=DIRECTION('center_axis',(0.,0.,-1.));
#4897=DIRECTION('ref_axis',(-1.,0.,0.));
#4898=DIRECTION('',(0.,0.,-1.));
#4899=DIRECTION('center_axis',(0.,-1.,0.));
#4900=DIRECTION('ref_axis',(-1.,0.,0.));
#4901=DIRECTION('',(1.,0.,0.));
#4902=DIRECTION('',(-1.,0.,0.));
#4903=DIRECTION('',(0.,0.,-1.));
#4904=DIRECTION('center_axis',(0.,0.,-1.));
#4905=DIRECTION('ref_axis',(0.,-1.,0.));
#4906=DIRECTION('center_axis',(0.,0.,1.));
#4907=DIRECTION('ref_axis',(0.,-1.,0.));
#4908=DIRECTION('center_axis',(0.,0.,-1.));
#4909=DIRECTION('ref_axis',(0.,-1.,0.));
#4910=DIRECTION('',(0.,0.,-1.));
#4911=DIRECTION('center_axis',(1.,0.,0.));
#4912=DIRECTION('ref_axis',(0.,-1.,0.));
#4913=DIRECTION('',(0.,1.,0.));
#4914=DIRECTION('',(0.,-1.,0.));
#4915=DIRECTION('',(0.,0.,-1.));
#4916=DIRECTION('center_axis',(0.,0.,-1.));
#4917=DIRECTION('ref_axis',(1.,0.,0.));
#4918=DIRECTION('center_axis',(0.,0.,1.));
#4919=DIRECTION('ref_axis',(1.,0.,0.));
#4920=DIRECTION('center_axis',(0.,0.,-1.));
#4921=DIRECTION('ref_axis',(1.,0.,0.));
#4922=DIRECTION('center_axis',(1.,0.,0.));
#4923=DIRECTION('ref_axis',(0.,1.,0.));
#4924=DIRECTION('',(0.,-1.,0.));
#4925=DIRECTION('',(0.,0.,1.));
#4926=DIRECTION('',(0.,1.,0.));
#4927=DIRECTION('',(0.,0.,1.));
#4928=DIRECTION('center_axis',(3.339016615414E-17,-1.,0.));
#4929=DIRECTION('ref_axis',(1.,3.339016615414E-17,0.));
#4930=DIRECTION('',(-1.,-3.339016615414E-17,0.));
#4931=DIRECTION('',(1.,3.339016615414E-17,0.));
#4932=DIRECTION('',(0.,0.,1.));
#4933=DIRECTION('center_axis',(-1.,0.,0.));
#4934=DIRECTION('ref_axis',(0.,-1.,0.));
#4935=DIRECTION('',(0.,1.,0.));
#4936=DIRECTION('',(0.,-1.,0.));
#4937=DIRECTION('',(0.,0.,1.));
#4938=DIRECTION('center_axis',(0.,1.,0.));
#4939=DIRECTION('ref_axis',(-1.,0.,0.));
#4940=DIRECTION('',(1.,0.,0.));
#4941=DIRECTION('',(-1.,0.,0.));
#4942=DIRECTION('center_axis',(0.,0.,1.));
#4943=DIRECTION('ref_axis',(1.,0.,0.));
#4944=DIRECTION('center_axis',(0.,0.,1.));
#4945=DIRECTION('ref_axis',(1.,0.,0.));
#4946=DIRECTION('center_axis',(1.,0.,0.));
#4947=DIRECTION('ref_axis',(0.,1.,0.));
#4948=DIRECTION('',(0.,-1.,0.));
#4949=DIRECTION('',(0.,0.,1.));
#4950=DIRECTION('',(0.,1.,0.));
#4951=DIRECTION('',(0.,0.,1.));
#4952=DIRECTION('center_axis',(-3.46944695195361E-17,-1.,0.));
#4953=DIRECTION('ref_axis',(1.,-3.46944695195361E-17,0.));
#4954=DIRECTION('',(-1.,3.46944695195361E-17,0.));
#4955=DIRECTION('',(1.,-3.46944695195361E-17,0.));
#4956=DIRECTION('',(0.,0.,1.));
#4957=DIRECTION('center_axis',(-1.,0.,0.));
#4958=DIRECTION('ref_axis',(0.,-1.,0.));
#4959=DIRECTION('',(0.,1.,0.));
#4960=DIRECTION('',(0.,-1.,0.));
#4961=DIRECTION('',(0.,0.,1.));
#4962=DIRECTION('center_axis',(0.,1.,0.));
#4963=DIRECTION('ref_axis',(-1.,0.,0.));
#4964=DIRECTION('',(1.,0.,0.));
#4965=DIRECTION('',(-1.,0.,0.));
#4966=DIRECTION('center_axis',(0.,0.,1.));
#4967=DIRECTION('ref_axis',(1.,0.,0.));
#4968=DIRECTION('center_axis',(0.,0.,1.));
#4969=DIRECTION('ref_axis',(-1.,0.,0.));
#4970=CARTESIAN_POINT('',(0.,0.,0.));
#4971=CARTESIAN_POINT('Origin',(19.4,16.2,3.));
#4972=CARTESIAN_POINT('',(19.55,16.2,0.));
#4973=CARTESIAN_POINT('',(19.4,16.35,0.));
#4974=CARTESIAN_POINT('Origin',(19.4,16.2,0.));
#4975=CARTESIAN_POINT('',(19.55,16.2,3.));
#4976=CARTESIAN_POINT('',(19.55,16.2,3.));
#4977=CARTESIAN_POINT('',(19.4,16.35,3.));
#4978=CARTESIAN_POINT('Origin',(19.4,16.2,3.));
#4979=CARTESIAN_POINT('',(19.4,16.35,3.));
#4980=CARTESIAN_POINT('Origin',(18.7,16.35,3.));
#4981=CARTESIAN_POINT('',(18.7,16.35,0.));
#4982=CARTESIAN_POINT('',(9.35,16.35,0.));
#4983=CARTESIAN_POINT('',(18.7,16.35,3.));
#4984=CARTESIAN_POINT('',(9.35,16.35,3.));
#4985=CARTESIAN_POINT('',(18.7,16.35,3.));
#4986=CARTESIAN_POINT('Origin',(18.7,16.2,3.));
#4987=CARTESIAN_POINT('',(18.55,16.2,0.));
#4988=CARTESIAN_POINT('Origin',(18.7,16.2,0.));
#4989=CARTESIAN_POINT('',(18.55,16.2,3.));
#4990=CARTESIAN_POINT('Origin',(18.7,16.2,3.));
#4991=CARTESIAN_POINT('',(18.55,16.2,3.));
#4992=CARTESIAN_POINT('Origin',(18.55,15.3,3.));
#4993=CARTESIAN_POINT('',(18.55,15.3,0.));
#4994=CARTESIAN_POINT('',(18.55,7.65,0.));
#4995=CARTESIAN_POINT('',(18.55,15.3,3.));
#4996=CARTESIAN_POINT('',(18.55,7.65,3.));
#4997=CARTESIAN_POINT('',(18.55,15.3,3.));
#4998=CARTESIAN_POINT('Origin',(18.7,15.3,3.));
#4999=CARTESIAN_POINT('',(18.7,15.15,0.));
#5000=CARTESIAN_POINT('Origin',(18.7,15.3,0.));
#5001=CARTESIAN_POINT('',(18.7,15.15,3.));
#5002=CARTESIAN_POINT('Origin',(18.7,15.3,3.));
#5003=CARTESIAN_POINT('',(18.7,15.15,3.));
#5004=CARTESIAN_POINT('Origin',(19.4,15.15,3.));
#5005=CARTESIAN_POINT('',(19.4,15.15,0.));
#5006=CARTESIAN_POINT('',(9.7,15.15,0.));
#5007=CARTESIAN_POINT('',(19.4,15.15,3.));
#5008=CARTESIAN_POINT('',(9.7,15.15,3.));
#5009=CARTESIAN_POINT('',(19.4,15.15,3.));
#5010=CARTESIAN_POINT('Origin',(19.4,15.3,3.));
#5011=CARTESIAN_POINT('',(19.55,15.3,0.));
#5012=CARTESIAN_POINT('Origin',(19.4,15.3,0.));
#5013=CARTESIAN_POINT('',(19.55,15.3,3.));
#5014=CARTESIAN_POINT('Origin',(19.4,15.3,3.));
#5015=CARTESIAN_POINT('',(19.55,15.3,3.));
#5016=CARTESIAN_POINT('Origin',(19.55,16.2,3.));
#5017=CARTESIAN_POINT('',(19.55,8.1,0.));
#5018=CARTESIAN_POINT('',(19.55,8.1,3.));
#5019=CARTESIAN_POINT('Origin',(9.39,16.2,3.));
#5020=CARTESIAN_POINT('',(9.39,15.3,0.));
#5021=CARTESIAN_POINT('',(9.39,16.2,0.));
#5022=CARTESIAN_POINT('',(9.39,8.1,0.));
#5023=CARTESIAN_POINT('',(9.39,15.3,3.));
#5024=CARTESIAN_POINT('',(9.39,15.3,3.));
#5025=CARTESIAN_POINT('',(9.39,16.2,3.));
#5026=CARTESIAN_POINT('',(9.39,8.1,3.));
#5027=CARTESIAN_POINT('',(9.39,16.2,3.));
#5028=CARTESIAN_POINT('Origin',(9.24,16.2,3.));
#5029=CARTESIAN_POINT('',(9.24,16.35,0.));
#5030=CARTESIAN_POINT('Origin',(9.24,16.2,0.));
#5031=CARTESIAN_POINT('',(9.24,16.35,3.));
#5032=CARTESIAN_POINT('Origin',(9.24,16.2,3.));
#5033=CARTESIAN_POINT('',(9.24,16.35,3.));
#5034=CARTESIAN_POINT('Origin',(8.54,16.35,3.));
#5035=CARTESIAN_POINT('',(8.54,16.35,0.));
#5036=CARTESIAN_POINT('',(4.27,16.35,0.));
#5037=CARTESIAN_POINT('',(8.54,16.35,3.));
#5038=CARTESIAN_POINT('',(4.27,16.35,3.));
#5039=CARTESIAN_POINT('',(8.54,16.35,3.));
#5040=CARTESIAN_POINT('Origin',(8.54,16.2,3.));
#5041=CARTESIAN_POINT('',(8.39,16.2,0.));
#5042=CARTESIAN_POINT('Origin',(8.54,16.2,0.));
#5043=CARTESIAN_POINT('',(8.39,16.2,3.));
#5044=CARTESIAN_POINT('Origin',(8.54,16.2,3.));
#5045=CARTESIAN_POINT('',(8.39,16.2,3.));
#5046=CARTESIAN_POINT('Origin',(8.39,15.3,3.));
#5047=CARTESIAN_POINT('',(8.39,15.3,0.));
#5048=CARTESIAN_POINT('',(8.38999999999999,7.64999999999999,0.));
#5049=CARTESIAN_POINT('',(8.39,15.3,3.));
#5050=CARTESIAN_POINT('',(8.38999999999999,7.64999999999999,3.));
#5051=CARTESIAN_POINT('',(8.39,15.3,3.));
#5052=CARTESIAN_POINT('Origin',(8.54,15.3,3.));
#5053=CARTESIAN_POINT('',(8.54,15.15,0.));
#5054=CARTESIAN_POINT('Origin',(8.54,15.3,0.));
#5055=CARTESIAN_POINT('',(8.54,15.15,3.));
#5056=CARTESIAN_POINT('Origin',(8.54,15.3,3.));
#5057=CARTESIAN_POINT('',(8.54,15.15,3.));
#5058=CARTESIAN_POINT('Origin',(9.24,15.15,3.));
#5059=CARTESIAN_POINT('',(9.24,15.15,0.));
#5060=CARTESIAN_POINT('',(4.62,15.15,0.));
#5061=CARTESIAN_POINT('',(9.24,15.15,3.));
#5062=CARTESIAN_POINT('',(4.62,15.15,3.));
#5063=CARTESIAN_POINT('',(9.24,15.15,3.));
#5064=CARTESIAN_POINT('Origin',(9.24,15.3,3.));
#5065=CARTESIAN_POINT('Origin',(9.24,15.3,0.));
#5066=CARTESIAN_POINT('Origin',(9.24,15.3,3.));
#5067=CARTESIAN_POINT('Origin',(-4.31,15.3,3.));
#5068=CARTESIAN_POINT('',(-4.31,16.2,0.));
#5069=CARTESIAN_POINT('',(-4.31,15.3,0.));
#5070=CARTESIAN_POINT('',(-4.31,7.65,0.));
#5071=CARTESIAN_POINT('',(-4.31,16.2,3.));
#5072=CARTESIAN_POINT('',(-4.31,16.2,3.));
#5073=CARTESIAN_POINT('',(-4.31,15.3,3.));
#5074=CARTESIAN_POINT('',(-4.31,7.65,3.));
#5075=CARTESIAN_POINT('',(-4.31,15.3,3.));
#5076=CARTESIAN_POINT('Origin',(-4.16,15.3,3.));
#5077=CARTESIAN_POINT('',(-4.16,15.15,0.));
#5078=CARTESIAN_POINT('Origin',(-4.16,15.3,0.));
#5079=CARTESIAN_POINT('',(-4.16,15.15,3.));
#5080=CARTESIAN_POINT('Origin',(-4.16,15.3,3.));
#5081=CARTESIAN_POINT('',(-4.16,15.15,3.));
#5082=CARTESIAN_POINT('Origin',(-3.46,15.15,3.));
#5083=CARTESIAN_POINT('',(-3.46,15.15,0.));
#5084=CARTESIAN_POINT('',(-1.73,15.15,0.));
#5085=CARTESIAN_POINT('',(-3.46,15.15,3.));
#5086=CARTESIAN_POINT('',(-1.73,15.15,3.));
#5087=CARTESIAN_POINT('',(-3.46,15.15,3.));
#5088=CARTESIAN_POINT('Origin',(-3.46,15.3,3.));
#5089=CARTESIAN_POINT('',(-3.31,15.3,0.));
#5090=CARTESIAN_POINT('Origin',(-3.46,15.3,0.));
#5091=CARTESIAN_POINT('',(-3.31,15.3,3.));
#5092=CARTESIAN_POINT('Origin',(-3.46,15.3,3.));
#5093=CARTESIAN_POINT('',(-3.31,15.3,3.));
#5094=CARTESIAN_POINT('Origin',(-3.31,16.2,3.));
#5095=CARTESIAN_POINT('',(-3.31,16.2,0.));
#5096=CARTESIAN_POINT('',(-3.30999999999999,8.1,0.));
#5097=CARTESIAN_POINT('',(-3.31,16.2,3.));
#5098=CARTESIAN_POINT('',(-3.30999999999999,8.1,3.));
#5099=CARTESIAN_POINT('',(-3.31,16.2,3.));
#5100=CARTESIAN_POINT('Origin',(-3.46,16.2,3.));
#5101=CARTESIAN_POINT('',(-3.46,16.35,0.));
#5102=CARTESIAN_POINT('Origin',(-3.46,16.2,0.));
#5103=CARTESIAN_POINT('',(-3.46,16.35,3.));
#5104=CARTESIAN_POINT('Origin',(-3.46,16.2,3.));
#5105=CARTESIAN_POINT('',(-3.46,16.35,3.));
#5106=CARTESIAN_POINT('Origin',(-4.16,16.35,3.));
#5107=CARTESIAN_POINT('',(-4.16,16.35,0.));
#5108=CARTESIAN_POINT('',(-2.08,16.35,0.));
#5109=CARTESIAN_POINT('',(-4.16,16.35,3.));
#5110=CARTESIAN_POINT('',(-2.08,16.35,3.));
#5111=CARTESIAN_POINT('',(-4.16,16.35,3.));
#5112=CARTESIAN_POINT('Origin',(-4.16,16.2,3.));
#5113=CARTESIAN_POINT('Origin',(-4.16,16.2,0.));
#5114=CARTESIAN_POINT('Origin',(-4.16,16.2,3.));
#5115=CARTESIAN_POINT('Origin',(-14.47,15.3,3.));
#5116=CARTESIAN_POINT('',(-14.47,16.2,0.));
#5117=CARTESIAN_POINT('',(-14.47,15.3,0.));
#5118=CARTESIAN_POINT('',(-14.47,7.65,0.));
#5119=CARTESIAN_POINT('',(-14.47,16.2,3.));
#5120=CARTESIAN_POINT('',(-14.47,16.2,3.));
#5121=CARTESIAN_POINT('',(-14.47,15.3,3.));
#5122=CARTESIAN_POINT('',(-14.47,7.65,3.));
#5123=CARTESIAN_POINT('',(-14.47,15.3,3.));
#5124=CARTESIAN_POINT('Origin',(-14.32,15.3,3.));
#5125=CARTESIAN_POINT('',(-14.32,15.15,0.));
#5126=CARTESIAN_POINT('Origin',(-14.32,15.3,0.));
#5127=CARTESIAN_POINT('',(-14.32,15.15,3.));
#5128=CARTESIAN_POINT('Origin',(-14.32,15.3,3.));
#5129=CARTESIAN_POINT('',(-14.32,15.15,3.));
#5130=CARTESIAN_POINT('Origin',(-13.62,15.15,3.));
#5131=CARTESIAN_POINT('',(-13.62,15.15,0.));
#5132=CARTESIAN_POINT('',(-6.81,15.15,0.));
#5133=CARTESIAN_POINT('',(-13.62,15.15,3.));
#5134=CARTESIAN_POINT('',(-6.81,15.15,3.));
#5135=CARTESIAN_POINT('',(-13.62,15.15,3.));
#5136=CARTESIAN_POINT('Origin',(-13.62,15.3,3.));
#5137=CARTESIAN_POINT('',(-13.47,15.3,0.));
#5138=CARTESIAN_POINT('Origin',(-13.62,15.3,0.));
#5139=CARTESIAN_POINT('',(-13.47,15.3,3.));
#5140=CARTESIAN_POINT('Origin',(-13.62,15.3,3.));
#5141=CARTESIAN_POINT('',(-13.47,15.3,3.));
#5142=CARTESIAN_POINT('Origin',(-13.47,16.2,3.));
#5143=CARTESIAN_POINT('',(-13.47,16.2,0.));
#5144=CARTESIAN_POINT('',(-13.47,8.1,0.));
#5145=CARTESIAN_POINT('',(-13.47,16.2,3.));
#5146=CARTESIAN_POINT('',(-13.47,8.1,3.));
#5147=CARTESIAN_POINT('',(-13.47,16.2,3.));
#5148=CARTESIAN_POINT('Origin',(-13.62,16.2,3.));
#5149=CARTESIAN_POINT('',(-13.62,16.35,0.));
#5150=CARTESIAN_POINT('Origin',(-13.62,16.2,0.));
#5151=CARTESIAN_POINT('',(-13.62,16.35,3.));
#5152=CARTESIAN_POINT('Origin',(-13.62,16.2,3.));
#5153=CARTESIAN_POINT('',(-13.62,16.35,3.));
#5154=CARTESIAN_POINT('Origin',(-14.32,16.35,3.));
#5155=CARTESIAN_POINT('',(-14.32,16.35,0.));
#5156=CARTESIAN_POINT('',(-7.16,16.35,0.));
#5157=CARTESIAN_POINT('',(-14.32,16.35,3.));
#5158=CARTESIAN_POINT('',(-7.16,16.35,3.));
#5159=CARTESIAN_POINT('',(-14.32,16.35,3.));
#5160=CARTESIAN_POINT('Origin',(-14.32,16.2,3.));
#5161=CARTESIAN_POINT('Origin',(-14.32,16.2,0.));
#5162=CARTESIAN_POINT('Origin',(-14.32,16.2,3.));
#5163=CARTESIAN_POINT('Origin',(-24.63,15.3,3.));
#5164=CARTESIAN_POINT('',(-24.63,16.2,0.));
#5165=CARTESIAN_POINT('',(-24.63,15.3,0.));
#5166=CARTESIAN_POINT('',(-24.63,7.65,0.));
#5167=CARTESIAN_POINT('',(-24.63,16.2,3.));
#5168=CARTESIAN_POINT('',(-24.63,16.2,3.));
#5169=CARTESIAN_POINT('',(-24.63,15.3,3.));
#5170=CARTESIAN_POINT('',(-24.63,7.65,3.));
#5171=CARTESIAN_POINT('',(-24.63,15.3,3.));
#5172=CARTESIAN_POINT('Origin',(-24.48,15.3,3.));
#5173=CARTESIAN_POINT('',(-24.48,15.15,0.));
#5174=CARTESIAN_POINT('Origin',(-24.48,15.3,0.));
#5175=CARTESIAN_POINT('',(-24.48,15.15,3.));
#5176=CARTESIAN_POINT('Origin',(-24.48,15.3,3.));
#5177=CARTESIAN_POINT('',(-24.48,15.15,3.));
#5178=CARTESIAN_POINT('Origin',(-23.78,15.15,3.));
#5179=CARTESIAN_POINT('',(-23.78,15.15,0.));
#5180=CARTESIAN_POINT('',(-11.89,15.15,0.));
#5181=CARTESIAN_POINT('',(-23.78,15.15,3.));
#5182=CARTESIAN_POINT('',(-11.89,15.15,3.));
#5183=CARTESIAN_POINT('',(-23.78,15.15,3.));
#5184=CARTESIAN_POINT('Origin',(-23.78,15.3,3.));
#5185=CARTESIAN_POINT('',(-23.63,15.3,0.));
#5186=CARTESIAN_POINT('Origin',(-23.78,15.3,0.));
#5187=CARTESIAN_POINT('',(-23.63,15.3,3.));
#5188=CARTESIAN_POINT('Origin',(-23.78,15.3,3.));
#5189=CARTESIAN_POINT('',(-23.63,15.3,3.));
#5190=CARTESIAN_POINT('Origin',(-23.63,16.2,3.));
#5191=CARTESIAN_POINT('',(-23.63,16.2,0.));
#5192=CARTESIAN_POINT('',(-23.63,8.1,0.));
#5193=CARTESIAN_POINT('',(-23.63,16.2,3.));
#5194=CARTESIAN_POINT('',(-23.63,8.1,3.));
#5195=CARTESIAN_POINT('',(-23.63,16.2,3.));
#5196=CARTESIAN_POINT('Origin',(-23.78,16.2,3.));
#5197=CARTESIAN_POINT('',(-23.78,16.35,0.));
#5198=CARTESIAN_POINT('Origin',(-23.78,16.2,0.));
#5199=CARTESIAN_POINT('',(-23.78,16.35,3.));
#5200=CARTESIAN_POINT('Origin',(-23.78,16.2,3.));
#5201=CARTESIAN_POINT('',(-23.78,16.35,3.));
#5202=CARTESIAN_POINT('Origin',(-24.48,16.35,3.));
#5203=CARTESIAN_POINT('',(-24.48,16.35,0.));
#5204=CARTESIAN_POINT('',(-12.24,16.35,0.));
#5205=CARTESIAN_POINT('',(-24.48,16.35,3.));
#5206=CARTESIAN_POINT('',(-12.24,16.35,3.));
#5207=CARTESIAN_POINT('',(-24.48,16.35,3.));
#5208=CARTESIAN_POINT('Origin',(-24.48,16.2,3.));
#5209=CARTESIAN_POINT('Origin',(-24.48,16.2,0.));
#5210=CARTESIAN_POINT('Origin',(-24.48,16.2,3.));
#5211=CARTESIAN_POINT('Origin',(-31.55,15.8,3.));
#5212=CARTESIAN_POINT('',(-30.35,15.8,3.));
#5213=CARTESIAN_POINT('Origin',(-31.55,15.8,3.));
#5214=CARTESIAN_POINT('',(-30.35,15.8,0.));
#5215=CARTESIAN_POINT('',(-30.35,15.8,3.));
#5216=CARTESIAN_POINT('Origin',(-31.55,15.8,0.));
#5217=CARTESIAN_POINT('Origin',(-0.769999999999998,16.2,3.));
#5218=CARTESIAN_POINT('',(-0.769999999999998,15.3,0.));
#5219=CARTESIAN_POINT('',(-0.769999999999998,16.2,0.));
#5220=CARTESIAN_POINT('',(-0.769999999999991,8.1,0.));
#5221=CARTESIAN_POINT('',(-0.769999999999998,15.3,3.));
#5222=CARTESIAN_POINT('',(-0.769999999999998,15.3,3.));
#5223=CARTESIAN_POINT('',(-0.769999999999998,16.2,3.));
#5224=CARTESIAN_POINT('',(-0.769999999999991,8.1,3.));
#5225=CARTESIAN_POINT('',(-0.769999999999998,16.2,3.));
#5226=CARTESIAN_POINT('Origin',(-0.919999999999997,16.2,3.));
#5227=CARTESIAN_POINT('',(-0.919999999999998,16.35,0.));
#5228=CARTESIAN_POINT('Origin',(-0.919999999999997,16.2,0.));
#5229=CARTESIAN_POINT('',(-0.919999999999998,16.35,3.));
#5230=CARTESIAN_POINT('Origin',(-0.919999999999997,16.2,3.));
#5231=CARTESIAN_POINT('',(-0.919999999999998,16.35,3.));
#5232=CARTESIAN_POINT('Origin',(-1.62,16.35,3.));
#5233=CARTESIAN_POINT('',(-1.62,16.35,0.));
#5234=CARTESIAN_POINT('',(-0.809999999999999,16.35,0.));
#5235=CARTESIAN_POINT('',(-1.62,16.35,3.));
#5236=CARTESIAN_POINT('',(-0.809999999999999,16.35,3.));
#5237=CARTESIAN_POINT('',(-1.62,16.35,3.));
#5238=CARTESIAN_POINT('Origin',(-1.62,16.2,3.));
#5239=CARTESIAN_POINT('',(-1.77,16.2,0.));
#5240=CARTESIAN_POINT('Origin',(-1.62,16.2,0.));
#5241=CARTESIAN_POINT('',(-1.77,16.2,3.));
#5242=CARTESIAN_POINT('Origin',(-1.62,16.2,3.));
#5243=CARTESIAN_POINT('',(-1.77,16.2,3.));
#5244=CARTESIAN_POINT('Origin',(-1.77,15.3,3.));
#5245=CARTESIAN_POINT('',(-1.77,15.3,0.));
#5246=CARTESIAN_POINT('',(-1.77,7.65,0.));
#5247=CARTESIAN_POINT('',(-1.77,15.3,3.));
#5248=CARTESIAN_POINT('',(-1.77,7.65,3.));
#5249=CARTESIAN_POINT('',(-1.77,15.3,3.));
#5250=CARTESIAN_POINT('Origin',(-1.62,15.3,3.));
#5251=CARTESIAN_POINT('',(-1.62,15.15,0.));
#5252=CARTESIAN_POINT('Origin',(-1.62,15.3,0.));
#5253=CARTESIAN_POINT('',(-1.62,15.15,3.));
#5254=CARTESIAN_POINT('Origin',(-1.62,15.3,3.));
#5255=CARTESIAN_POINT('',(-1.62,15.15,3.));
#5256=CARTESIAN_POINT('Origin',(-0.919999999999997,15.15,3.));
#5257=CARTESIAN_POINT('',(-0.919999999999997,15.15,0.));
#5258=CARTESIAN_POINT('',(-0.459999999999999,15.15,0.));
#5259=CARTESIAN_POINT('',(-0.919999999999997,15.15,3.));
#5260=CARTESIAN_POINT('',(-0.459999999999999,15.15,3.));
#5261=CARTESIAN_POINT('',(-0.919999999999997,15.15,3.));
#5262=CARTESIAN_POINT('Origin',(-0.919999999999997,15.3,3.));
#5263=CARTESIAN_POINT('Origin',(-0.919999999999997,15.3,0.));
#5264=CARTESIAN_POINT('Origin',(-0.919999999999997,15.3,3.));
#5265=CARTESIAN_POINT('Origin',(-22.09,15.3,3.));
#5266=CARTESIAN_POINT('',(-22.09,16.2,0.));
#5267=CARTESIAN_POINT('',(-22.09,15.3,0.));
#5268=CARTESIAN_POINT('',(-22.09,7.65,0.));
#5269=CARTESIAN_POINT('',(-22.09,16.2,3.));
#5270=CARTESIAN_POINT('',(-22.09,16.2,3.));
#5271=CARTESIAN_POINT('',(-22.09,15.3,3.));
#5272=CARTESIAN_POINT('',(-22.09,7.65,3.));
#5273=CARTESIAN_POINT('',(-22.09,15.3,3.));
#5274=CARTESIAN_POINT('Origin',(-21.94,15.3,3.));
#5275=CARTESIAN_POINT('',(-21.94,15.15,0.));
#5276=CARTESIAN_POINT('Origin',(-21.94,15.3,0.));
#5277=CARTESIAN_POINT('',(-21.94,15.15,3.));
#5278=CARTESIAN_POINT('Origin',(-21.94,15.3,3.));
#5279=CARTESIAN_POINT('',(-21.94,15.15,3.));
#5280=CARTESIAN_POINT('Origin',(-21.24,15.15,3.));
#5281=CARTESIAN_POINT('',(-21.24,15.15,0.));
#5282=CARTESIAN_POINT('',(-10.62,15.15,0.));
#5283=CARTESIAN_POINT('',(-21.24,15.15,3.));
#5284=CARTESIAN_POINT('',(-10.62,15.15,3.));
#5285=CARTESIAN_POINT('',(-21.24,15.15,3.));
#5286=CARTESIAN_POINT('Origin',(-21.24,15.3,3.));
#5287=CARTESIAN_POINT('',(-21.09,15.3,0.));
#5288=CARTESIAN_POINT('Origin',(-21.24,15.3,0.));
#5289=CARTESIAN_POINT('',(-21.09,15.3,3.));
#5290=CARTESIAN_POINT('Origin',(-21.24,15.3,3.));
#5291=CARTESIAN_POINT('',(-21.09,15.3,3.));
#5292=CARTESIAN_POINT('Origin',(-21.09,16.2,3.));
#5293=CARTESIAN_POINT('',(-21.09,16.2,0.));
#5294=CARTESIAN_POINT('',(-21.09,8.1,0.));
#5295=CARTESIAN_POINT('',(-21.09,16.2,3.));
#5296=CARTESIAN_POINT('',(-21.09,8.1,3.));
#5297=CARTESIAN_POINT('',(-21.09,16.2,3.));
#5298=CARTESIAN_POINT('Origin',(-21.24,16.2,3.));
#5299=CARTESIAN_POINT('',(-21.24,16.35,0.));
#5300=CARTESIAN_POINT('Origin',(-21.24,16.2,0.));
#5301=CARTESIAN_POINT('',(-21.24,16.35,3.));
#5302=CARTESIAN_POINT('Origin',(-21.24,16.2,3.));
#5303=CARTESIAN_POINT('',(-21.24,16.35,3.));
#5304=CARTESIAN_POINT('Origin',(-21.94,16.35,3.));
#5305=CARTESIAN_POINT('',(-21.94,16.35,0.));
#5306=CARTESIAN_POINT('',(-10.97,16.35,0.));
#5307=CARTESIAN_POINT('',(-21.94,16.35,3.));
#5308=CARTESIAN_POINT('',(-10.97,16.35,3.));
#5309=CARTESIAN_POINT('',(-21.94,16.35,3.));
#5310=CARTESIAN_POINT('Origin',(-21.94,16.2,3.));
#5311=CARTESIAN_POINT('Origin',(-21.94,16.2,0.));
#5312=CARTESIAN_POINT('Origin',(-21.94,16.2,3.));
#5313=CARTESIAN_POINT('Origin',(-11.93,15.3,3.));
#5314=CARTESIAN_POINT('',(-11.93,16.2,0.));
#5315=CARTESIAN_POINT('',(-11.93,15.3,0.));
#5316=CARTESIAN_POINT('',(-11.93,7.65,0.));
#5317=CARTESIAN_POINT('',(-11.93,16.2,3.));
#5318=CARTESIAN_POINT('',(-11.93,16.2,3.));
#5319=CARTESIAN_POINT('',(-11.93,15.3,3.));
#5320=CARTESIAN_POINT('',(-11.93,7.65,3.));
#5321=CARTESIAN_POINT('',(-11.93,15.3,3.));
#5322=CARTESIAN_POINT('Origin',(-11.78,15.3,3.));
#5323=CARTESIAN_POINT('',(-11.78,15.15,0.));
#5324=CARTESIAN_POINT('Origin',(-11.78,15.3,0.));
#5325=CARTESIAN_POINT('',(-11.78,15.15,3.));
#5326=CARTESIAN_POINT('Origin',(-11.78,15.3,3.));
#5327=CARTESIAN_POINT('',(-11.78,15.15,3.));
#5328=CARTESIAN_POINT('Origin',(-11.08,15.15,3.));
#5329=CARTESIAN_POINT('',(-11.08,15.15,0.));
#5330=CARTESIAN_POINT('',(-5.54,15.15,0.));
#5331=CARTESIAN_POINT('',(-11.08,15.15,3.));
#5332=CARTESIAN_POINT('',(-5.54,15.15,3.));
#5333=CARTESIAN_POINT('',(-11.08,15.15,3.));
#5334=CARTESIAN_POINT('Origin',(-11.08,15.3,3.));
#5335=CARTESIAN_POINT('',(-10.93,15.3,0.));
#5336=CARTESIAN_POINT('Origin',(-11.08,15.3,0.));
#5337=CARTESIAN_POINT('',(-10.93,15.3,3.));
#5338=CARTESIAN_POINT('Origin',(-11.08,15.3,3.));
#5339=CARTESIAN_POINT('',(-10.93,15.3,3.));
#5340=CARTESIAN_POINT('Origin',(-10.93,16.2,3.));
#5341=CARTESIAN_POINT('',(-10.93,16.2,0.));
#5342=CARTESIAN_POINT('',(-10.93,8.1,0.));
#5343=CARTESIAN_POINT('',(-10.93,16.2,3.));
#5344=CARTESIAN_POINT('',(-10.93,8.1,3.));
#5345=CARTESIAN_POINT('',(-10.93,16.2,3.));
#5346=CARTESIAN_POINT('Origin',(-11.08,16.2,3.));
#5347=CARTESIAN_POINT('',(-11.08,16.35,0.));
#5348=CARTESIAN_POINT('Origin',(-11.08,16.2,0.));
#5349=CARTESIAN_POINT('',(-11.08,16.35,3.));
#5350=CARTESIAN_POINT('Origin',(-11.08,16.2,3.));
#5351=CARTESIAN_POINT('',(-11.08,16.35,3.));
#5352=CARTESIAN_POINT('Origin',(-11.78,16.35,3.));
#5353=CARTESIAN_POINT('',(-11.78,16.35,0.));
#5354=CARTESIAN_POINT('',(-5.89,16.35,0.));
#5355=CARTESIAN_POINT('',(-11.78,16.35,3.));
#5356=CARTESIAN_POINT('',(-5.89,16.35,3.));
#5357=CARTESIAN_POINT('',(-11.78,16.35,3.));
#5358=CARTESIAN_POINT('Origin',(-11.78,16.2,3.));
#5359=CARTESIAN_POINT('Origin',(-11.78,16.2,0.));
#5360=CARTESIAN_POINT('Origin',(-11.78,16.2,3.));
#5361=CARTESIAN_POINT('Origin',(1.77,16.2,3.));
#5362=CARTESIAN_POINT('',(1.77,15.3,0.));
#5363=CARTESIAN_POINT('',(1.77,16.2,0.));
#5364=CARTESIAN_POINT('',(1.77,8.1,0.));
#5365=CARTESIAN_POINT('',(1.77,15.3,3.));
#5366=CARTESIAN_POINT('',(1.77,15.3,3.));
#5367=CARTESIAN_POINT('',(1.77,16.2,3.));
#5368=CARTESIAN_POINT('',(1.77,8.1,3.));
#5369=CARTESIAN_POINT('',(1.77,16.2,3.));
#5370=CARTESIAN_POINT('Origin',(1.62,16.2,3.));
#5371=CARTESIAN_POINT('',(1.62,16.35,0.));
#5372=CARTESIAN_POINT('Origin',(1.62,16.2,0.));
#5373=CARTESIAN_POINT('',(1.62,16.35,3.));
#5374=CARTESIAN_POINT('Origin',(1.62,16.2,3.));
#5375=CARTESIAN_POINT('',(1.62,16.35,3.));
#5376=CARTESIAN_POINT('Origin',(0.919999999999998,16.35,3.));
#5377=CARTESIAN_POINT('',(0.919999999999998,16.35,0.));
#5378=CARTESIAN_POINT('',(0.459999999999999,16.35,0.));
#5379=CARTESIAN_POINT('',(0.919999999999998,16.35,3.));
#5380=CARTESIAN_POINT('',(0.459999999999999,16.35,3.));
#5381=CARTESIAN_POINT('',(0.919999999999998,16.35,3.));
#5382=CARTESIAN_POINT('Origin',(0.919999999999997,16.2,3.));
#5383=CARTESIAN_POINT('',(0.77,16.2,0.));
#5384=CARTESIAN_POINT('Origin',(0.919999999999997,16.2,0.));
#5385=CARTESIAN_POINT('',(0.77,16.2,3.));
#5386=CARTESIAN_POINT('Origin',(0.919999999999997,16.2,3.));
#5387=CARTESIAN_POINT('',(0.77,16.2,3.));
#5388=CARTESIAN_POINT('Origin',(0.769999999999997,15.3,3.));
#5389=CARTESIAN_POINT('',(0.769999999999997,15.3,0.));
#5390=CARTESIAN_POINT('',(0.76999999999999,7.65,0.));
#5391=CARTESIAN_POINT('',(0.769999999999997,15.3,3.));
#5392=CARTESIAN_POINT('',(0.76999999999999,7.65,3.));
#5393=CARTESIAN_POINT('',(0.769999999999997,15.3,3.));
#5394=CARTESIAN_POINT('Origin',(0.919999999999997,15.3,3.));
#5395=CARTESIAN_POINT('',(0.919999999999997,15.15,0.));
#5396=CARTESIAN_POINT('Origin',(0.919999999999997,15.3,0.));
#5397=CARTESIAN_POINT('',(0.919999999999997,15.15,3.));
#5398=CARTESIAN_POINT('Origin',(0.919999999999997,15.3,3.));
#5399=CARTESIAN_POINT('',(0.919999999999997,15.15,3.));
#5400=CARTESIAN_POINT('Origin',(1.62,15.15,3.));
#5401=CARTESIAN_POINT('',(1.62,15.15,0.));
#5402=CARTESIAN_POINT('',(0.809999999999999,15.15,0.));
#5403=CARTESIAN_POINT('',(1.62,15.15,3.));
#5404=CARTESIAN_POINT('',(0.809999999999999,15.15,3.));
#5405=CARTESIAN_POINT('',(1.62,15.15,3.));
#5406=CARTESIAN_POINT('Origin',(1.62,15.3,3.));
#5407=CARTESIAN_POINT('Origin',(1.62,15.3,0.));
#5408=CARTESIAN_POINT('Origin',(1.62,15.3,3.));
#5409=CARTESIAN_POINT('Origin',(10.93,15.3,3.));
#5410=CARTESIAN_POINT('',(10.93,16.2,0.));
#5411=CARTESIAN_POINT('',(10.93,15.3,0.));
#5412=CARTESIAN_POINT('',(10.93,7.65,0.));
#5413=CARTESIAN_POINT('',(10.93,16.2,3.));
#5414=CARTESIAN_POINT('',(10.93,16.2,3.));
#5415=CARTESIAN_POINT('',(10.93,15.3,3.));
#5416=CARTESIAN_POINT('',(10.93,7.65,3.));
#5417=CARTESIAN_POINT('',(10.93,15.3,3.));
#5418=CARTESIAN_POINT('Origin',(11.08,15.3,3.));
#5419=CARTESIAN_POINT('',(11.08,15.15,0.));
#5420=CARTESIAN_POINT('Origin',(11.08,15.3,0.));
#5421=CARTESIAN_POINT('',(11.08,15.15,3.));
#5422=CARTESIAN_POINT('Origin',(11.08,15.3,3.));
#5423=CARTESIAN_POINT('',(11.08,15.15,3.));
#5424=CARTESIAN_POINT('Origin',(11.78,15.15,3.));
#5425=CARTESIAN_POINT('',(11.78,15.15,0.));
#5426=CARTESIAN_POINT('',(5.89,15.15,0.));
#5427=CARTESIAN_POINT('',(11.78,15.15,3.));
#5428=CARTESIAN_POINT('',(5.89,15.15,3.));
#5429=CARTESIAN_POINT('',(11.78,15.15,3.));
#5430=CARTESIAN_POINT('Origin',(11.78,15.3,3.));
#5431=CARTESIAN_POINT('',(11.93,15.3,0.));
#5432=CARTESIAN_POINT('Origin',(11.78,15.3,0.));
#5433=CARTESIAN_POINT('',(11.93,15.3,3.));
#5434=CARTESIAN_POINT('Origin',(11.78,15.3,3.));
#5435=CARTESIAN_POINT('',(11.93,15.3,3.));
#5436=CARTESIAN_POINT('Origin',(11.93,16.2,3.));
#5437=CARTESIAN_POINT('',(11.93,16.2,0.));
#5438=CARTESIAN_POINT('',(11.93,8.1,0.));
#5439=CARTESIAN_POINT('',(11.93,16.2,3.));
#5440=CARTESIAN_POINT('',(11.93,8.1,3.));
#5441=CARTESIAN_POINT('',(11.93,16.2,3.));
#5442=CARTESIAN_POINT('Origin',(11.78,16.2,3.));
#5443=CARTESIAN_POINT('',(11.78,16.35,0.));
#5444=CARTESIAN_POINT('Origin',(11.78,16.2,0.));
#5445=CARTESIAN_POINT('',(11.78,16.35,3.));
#5446=CARTESIAN_POINT('Origin',(11.78,16.2,3.));
#5447=CARTESIAN_POINT('',(11.78,16.35,3.));
#5448=CARTESIAN_POINT('Origin',(11.08,16.35,3.));
#5449=CARTESIAN_POINT('',(11.08,16.35,0.));
#5450=CARTESIAN_POINT('',(5.54,16.35,0.));
#5451=CARTESIAN_POINT('',(11.08,16.35,3.));
#5452=CARTESIAN_POINT('',(5.54,16.35,3.));
#5453=CARTESIAN_POINT('',(11.08,16.35,3.));
#5454=CARTESIAN_POINT('Origin',(11.08,16.2,3.));
#5455=CARTESIAN_POINT('Origin',(11.08,16.2,0.));
#5456=CARTESIAN_POINT('Origin',(11.08,16.2,3.));
#5457=CARTESIAN_POINT('Origin',(21.94,15.15,3.));
#5458=CARTESIAN_POINT('',(21.24,15.15,0.));
#5459=CARTESIAN_POINT('',(21.94,15.15,0.));
#5460=CARTESIAN_POINT('',(10.97,15.15,0.));
#5461=CARTESIAN_POINT('',(21.24,15.15,3.));
#5462=CARTESIAN_POINT('',(21.24,15.15,3.));
#5463=CARTESIAN_POINT('',(21.94,15.15,3.));
#5464=CARTESIAN_POINT('',(10.97,15.15,3.));
#5465=CARTESIAN_POINT('',(21.94,15.15,3.));
#5466=CARTESIAN_POINT('Origin',(21.94,15.3,3.));
#5467=CARTESIAN_POINT('',(22.09,15.3,0.));
#5468=CARTESIAN_POINT('Origin',(21.94,15.3,0.));
#5469=CARTESIAN_POINT('',(22.09,15.3,3.));
#5470=CARTESIAN_POINT('Origin',(21.94,15.3,3.));
#5471=CARTESIAN_POINT('',(22.09,15.3,3.));
#5472=CARTESIAN_POINT('Origin',(22.09,16.2,3.));
#5473=CARTESIAN_POINT('',(22.09,16.2,0.));
#5474=CARTESIAN_POINT('',(22.09,8.1,0.));
#5475=CARTESIAN_POINT('',(22.09,16.2,3.));
#5476=CARTESIAN_POINT('',(22.09,8.1,3.));
#5477=CARTESIAN_POINT('',(22.09,16.2,3.));
#5478=CARTESIAN_POINT('Origin',(21.94,16.2,3.));
#5479=CARTESIAN_POINT('',(21.94,16.35,0.));
#5480=CARTESIAN_POINT('Origin',(21.94,16.2,0.));
#5481=CARTESIAN_POINT('',(21.94,16.35,3.));
#5482=CARTESIAN_POINT('Origin',(21.94,16.2,3.));
#5483=CARTESIAN_POINT('',(21.94,16.35,3.));
#5484=CARTESIAN_POINT('Origin',(21.24,16.35,3.));
#5485=CARTESIAN_POINT('',(21.24,16.35,0.));
#5486=CARTESIAN_POINT('',(10.62,16.35,0.));
#5487=CARTESIAN_POINT('',(21.24,16.35,3.));
#5488=CARTESIAN_POINT('',(10.62,16.35,3.));
#5489=CARTESIAN_POINT('',(21.24,16.35,3.));
#5490=CARTESIAN_POINT('Origin',(21.24,16.2,3.));
#5491=CARTESIAN_POINT('',(21.09,16.2,0.));
#5492=CARTESIAN_POINT('Origin',(21.24,16.2,0.));
#5493=CARTESIAN_POINT('',(21.09,16.2,3.));
#5494=CARTESIAN_POINT('Origin',(21.24,16.2,3.));
#5495=CARTESIAN_POINT('',(21.09,16.2,3.));
#5496=CARTESIAN_POINT('Origin',(21.09,15.3,3.));
#5497=CARTESIAN_POINT('',(21.09,15.3,0.));
#5498=CARTESIAN_POINT('',(21.09,7.65,0.));
#5499=CARTESIAN_POINT('',(21.09,15.3,3.));
#5500=CARTESIAN_POINT('',(21.09,7.65,3.));
#5501=CARTESIAN_POINT('',(21.09,15.3,3.));
#5502=CARTESIAN_POINT('Origin',(21.24,15.3,3.));
#5503=CARTESIAN_POINT('Origin',(21.24,15.3,0.));
#5504=CARTESIAN_POINT('Origin',(21.24,15.3,3.));
#5505=CARTESIAN_POINT('Origin',(16.01,15.3,3.));
#5506=CARTESIAN_POINT('',(16.01,16.2,0.));
#5507=CARTESIAN_POINT('',(16.01,15.3,0.));
#5508=CARTESIAN_POINT('',(16.01,7.65,0.));
#5509=CARTESIAN_POINT('',(16.01,16.2,3.));
#5510=CARTESIAN_POINT('',(16.01,16.2,3.));
#5511=CARTESIAN_POINT('',(16.01,15.3,3.));
#5512=CARTESIAN_POINT('',(16.01,7.65,3.));
#5513=CARTESIAN_POINT('',(16.01,15.3,3.));
#5514=CARTESIAN_POINT('Origin',(16.16,15.3,3.));
#5515=CARTESIAN_POINT('',(16.16,15.15,0.));
#5516=CARTESIAN_POINT('Origin',(16.16,15.3,0.));
#5517=CARTESIAN_POINT('',(16.16,15.15,3.));
#5518=CARTESIAN_POINT('Origin',(16.16,15.3,3.));
#5519=CARTESIAN_POINT('',(16.16,15.15,3.));
#5520=CARTESIAN_POINT('Origin',(16.86,15.15,3.));
#5521=CARTESIAN_POINT('',(16.86,15.15,0.));
#5522=CARTESIAN_POINT('',(8.43,15.15,0.));
#5523=CARTESIAN_POINT('',(16.86,15.15,3.));
#5524=CARTESIAN_POINT('',(8.43,15.15,3.));
#5525=CARTESIAN_POINT('',(16.86,15.15,3.));
#5526=CARTESIAN_POINT('Origin',(16.86,15.3,3.));
#5527=CARTESIAN_POINT('',(17.01,15.3,0.));
#5528=CARTESIAN_POINT('Origin',(16.86,15.3,0.));
#5529=CARTESIAN_POINT('',(17.01,15.3,3.));
#5530=CARTESIAN_POINT('Origin',(16.86,15.3,3.));
#5531=CARTESIAN_POINT('',(17.01,15.3,3.));
#5532=CARTESIAN_POINT('Origin',(17.01,16.2,3.));
#5533=CARTESIAN_POINT('',(17.01,16.2,0.));
#5534=CARTESIAN_POINT('',(17.01,8.1,0.));
#5535=CARTESIAN_POINT('',(17.01,16.2,3.));
#5536=CARTESIAN_POINT('',(17.01,8.1,3.));
#5537=CARTESIAN_POINT('',(17.01,16.2,3.));
#5538=CARTESIAN_POINT('Origin',(16.86,16.2,3.));
#5539=CARTESIAN_POINT('',(16.86,16.35,0.));
#5540=CARTESIAN_POINT('Origin',(16.86,16.2,0.));
#5541=CARTESIAN_POINT('',(16.86,16.35,3.));
#5542=CARTESIAN_POINT('Origin',(16.86,16.2,3.));
#5543=CARTESIAN_POINT('',(16.86,16.35,3.));
#5544=CARTESIAN_POINT('Origin',(16.16,16.35,3.));
#5545=CARTESIAN_POINT('',(16.16,16.35,0.));
#5546=CARTESIAN_POINT('',(8.08,16.35,0.));
#5547=CARTESIAN_POINT('',(16.16,16.35,3.));
#5548=CARTESIAN_POINT('',(8.08,16.35,3.));
#5549=CARTESIAN_POINT('',(16.16,16.35,3.));
#5550=CARTESIAN_POINT('Origin',(16.16,16.2,3.));
#5551=CARTESIAN_POINT('Origin',(16.16,16.2,0.));
#5552=CARTESIAN_POINT('Origin',(16.16,16.2,3.));
#5553=CARTESIAN_POINT('Origin',(6.7,15.3,3.));
#5554=CARTESIAN_POINT('',(6.7,15.15,0.));
#5555=CARTESIAN_POINT('',(6.85,15.3,0.));
#5556=CARTESIAN_POINT('Origin',(6.7,15.3,0.));
#5557=CARTESIAN_POINT('',(6.7,15.15,3.));
#5558=CARTESIAN_POINT('',(6.7,15.15,3.));
#5559=CARTESIAN_POINT('',(6.85,15.3,3.));
#5560=CARTESIAN_POINT('Origin',(6.7,15.3,3.));
#5561=CARTESIAN_POINT('',(6.85,15.3,3.));
#5562=CARTESIAN_POINT('Origin',(6.85,16.2,3.));
#5563=CARTESIAN_POINT('',(6.85,16.2,0.));
#5564=CARTESIAN_POINT('',(6.85,8.1,0.));
#5565=CARTESIAN_POINT('',(6.85,16.2,3.));
#5566=CARTESIAN_POINT('',(6.85,8.1,3.));
#5567=CARTESIAN_POINT('',(6.85,16.2,3.));
#5568=CARTESIAN_POINT('Origin',(6.7,16.2,3.));
#5569=CARTESIAN_POINT('',(6.7,16.35,0.));
#5570=CARTESIAN_POINT('Origin',(6.7,16.2,0.));
#5571=CARTESIAN_POINT('',(6.7,16.35,3.));
#5572=CARTESIAN_POINT('Origin',(6.7,16.2,3.));
#5573=CARTESIAN_POINT('',(6.7,16.35,3.));
#5574=CARTESIAN_POINT('Origin',(6.,16.35,3.));
#5575=CARTESIAN_POINT('',(6.,16.35,0.));
#5576=CARTESIAN_POINT('',(3.,16.35,0.));
#5577=CARTESIAN_POINT('',(6.,16.35,3.));
#5578=CARTESIAN_POINT('',(3.,16.35,3.));
#5579=CARTESIAN_POINT('',(6.,16.35,3.));
#5580=CARTESIAN_POINT('Origin',(6.,16.2,3.));
#5581=CARTESIAN_POINT('',(5.85,16.2,0.));
#5582=CARTESIAN_POINT('Origin',(6.,16.2,0.));
#5583=CARTESIAN_POINT('',(5.85,16.2,3.));
#5584=CARTESIAN_POINT('Origin',(6.,16.2,3.));
#5585=CARTESIAN_POINT('',(5.85,16.2,3.));
#5586=CARTESIAN_POINT('Origin',(5.85,15.3,3.));
#5587=CARTESIAN_POINT('',(5.85,15.3,0.));
#5588=CARTESIAN_POINT('',(5.84999999999999,7.65,0.));
#5589=CARTESIAN_POINT('',(5.85,15.3,3.));
#5590=CARTESIAN_POINT('',(5.84999999999999,7.65,3.));
#5591=CARTESIAN_POINT('',(5.85,15.3,3.));
#5592=CARTESIAN_POINT('Origin',(6.,15.3,3.));
#5593=CARTESIAN_POINT('',(6.,15.15,0.));
#5594=CARTESIAN_POINT('Origin',(6.,15.3,0.));
#5595=CARTESIAN_POINT('',(6.,15.15,3.));
#5596=CARTESIAN_POINT('Origin',(6.,15.3,3.));
#5597=CARTESIAN_POINT('',(6.,15.15,3.));
#5598=CARTESIAN_POINT('Origin',(6.7,15.15,3.));
#5599=CARTESIAN_POINT('',(3.35,15.15,0.));
#5600=CARTESIAN_POINT('',(3.35,15.15,3.));
#5601=CARTESIAN_POINT('Origin',(-6.85,15.3,3.));
#5602=CARTESIAN_POINT('',(-6.85,16.2,0.));
#5603=CARTESIAN_POINT('',(-6.85,15.3,0.));
#5604=CARTESIAN_POINT('',(-6.85,7.65,0.));
#5605=CARTESIAN_POINT('',(-6.85,16.2,3.));
#5606=CARTESIAN_POINT('',(-6.85,16.2,3.));
#5607=CARTESIAN_POINT('',(-6.85,15.3,3.));
#5608=CARTESIAN_POINT('',(-6.85,7.65,3.));
#5609=CARTESIAN_POINT('',(-6.85,15.3,3.));
#5610=CARTESIAN_POINT('Origin',(-6.7,15.3,3.));
#5611=CARTESIAN_POINT('',(-6.7,15.15,0.));
#5612=CARTESIAN_POINT('Origin',(-6.7,15.3,0.));
#5613=CARTESIAN_POINT('',(-6.7,15.15,3.));
#5614=CARTESIAN_POINT('Origin',(-6.7,15.3,3.));
#5615=CARTESIAN_POINT('',(-6.7,15.15,3.));
#5616=CARTESIAN_POINT('Origin',(-6.,15.15,3.));
#5617=CARTESIAN_POINT('',(-6.,15.15,0.));
#5618=CARTESIAN_POINT('',(-3.,15.15,0.));
#5619=CARTESIAN_POINT('',(-6.,15.15,3.));
#5620=CARTESIAN_POINT('',(-3.,15.15,3.));
#5621=CARTESIAN_POINT('',(-6.,15.15,3.));
#5622=CARTESIAN_POINT('Origin',(-6.,15.3,3.));
#5623=CARTESIAN_POINT('',(-5.85,15.3,0.));
#5624=CARTESIAN_POINT('Origin',(-6.,15.3,0.));
#5625=CARTESIAN_POINT('',(-5.85,15.3,3.));
#5626=CARTESIAN_POINT('Origin',(-6.,15.3,3.));
#5627=CARTESIAN_POINT('',(-5.85,15.3,3.));
#5628=CARTESIAN_POINT('Origin',(-5.85,16.2,3.));
#5629=CARTESIAN_POINT('',(-5.85,16.2,0.));
#5630=CARTESIAN_POINT('',(-5.84999999999999,8.1,0.));
#5631=CARTESIAN_POINT('',(-5.85,16.2,3.));
#5632=CARTESIAN_POINT('',(-5.84999999999999,8.1,3.));
#5633=CARTESIAN_POINT('',(-5.85,16.2,3.));
#5634=CARTESIAN_POINT('Origin',(-6.,16.2,3.));
#5635=CARTESIAN_POINT('',(-6.,16.35,0.));
#5636=CARTESIAN_POINT('Origin',(-6.,16.2,0.));
#5637=CARTESIAN_POINT('',(-6.,16.35,3.));
#5638=CARTESIAN_POINT('Origin',(-6.,16.2,3.));
#5639=CARTESIAN_POINT('',(-6.,16.35,3.));
#5640=CARTESIAN_POINT('Origin',(-6.7,16.35,3.));
#5641=CARTESIAN_POINT('',(-6.7,16.35,0.));
#5642=CARTESIAN_POINT('',(-3.35,16.35,0.));
#5643=CARTESIAN_POINT('',(-6.7,16.35,3.));
#5644=CARTESIAN_POINT('',(-3.35,16.35,3.));
#5645=CARTESIAN_POINT('',(-6.7,16.35,3.));
#5646=CARTESIAN_POINT('Origin',(-6.7,16.2,3.));
#5647=CARTESIAN_POINT('Origin',(-6.7,16.2,0.));
#5648=CARTESIAN_POINT('Origin',(-6.7,16.2,3.));
#5649=CARTESIAN_POINT('Origin',(-17.01,15.3,3.));
#5650=CARTESIAN_POINT('',(-17.01,16.2,0.));
#5651=CARTESIAN_POINT('',(-17.01,15.3,0.));
#5652=CARTESIAN_POINT('',(-17.01,7.65,0.));
#5653=CARTESIAN_POINT('',(-17.01,16.2,3.));
#5654=CARTESIAN_POINT('',(-17.01,16.2,3.));
#5655=CARTESIAN_POINT('',(-17.01,15.3,3.));
#5656=CARTESIAN_POINT('',(-17.01,7.65,3.));
#5657=CARTESIAN_POINT('',(-17.01,15.3,3.));
#5658=CARTESIAN_POINT('Origin',(-16.86,15.3,3.));
#5659=CARTESIAN_POINT('',(-16.86,15.15,0.));
#5660=CARTESIAN_POINT('Origin',(-16.86,15.3,0.));
#5661=CARTESIAN_POINT('',(-16.86,15.15,3.));
#5662=CARTESIAN_POINT('Origin',(-16.86,15.3,3.));
#5663=CARTESIAN_POINT('',(-16.86,15.15,3.));
#5664=CARTESIAN_POINT('Origin',(-16.16,15.15,3.));
#5665=CARTESIAN_POINT('',(-16.16,15.15,0.));
#5666=CARTESIAN_POINT('',(-8.08,15.15,0.));
#5667=CARTESIAN_POINT('',(-16.16,15.15,3.));
#5668=CARTESIAN_POINT('',(-8.08,15.15,3.));
#5669=CARTESIAN_POINT('',(-16.16,15.15,3.));
#5670=CARTESIAN_POINT('Origin',(-16.16,15.3,3.));
#5671=CARTESIAN_POINT('',(-16.01,15.3,0.));
#5672=CARTESIAN_POINT('Origin',(-16.16,15.3,0.));
#5673=CARTESIAN_POINT('',(-16.01,15.3,3.));
#5674=CARTESIAN_POINT('Origin',(-16.16,15.3,3.));
#5675=CARTESIAN_POINT('',(-16.01,15.3,3.));
#5676=CARTESIAN_POINT('Origin',(-16.01,16.2,3.));
#5677=CARTESIAN_POINT('',(-16.01,16.2,0.));
#5678=CARTESIAN_POINT('',(-16.01,8.1,0.));
#5679=CARTESIAN_POINT('',(-16.01,16.2,3.));
#5680=CARTESIAN_POINT('',(-16.01,8.1,3.));
#5681=CARTESIAN_POINT('',(-16.01,16.2,3.));
#5682=CARTESIAN_POINT('Origin',(-16.16,16.2,3.));
#5683=CARTESIAN_POINT('',(-16.16,16.35,0.));
#5684=CARTESIAN_POINT('Origin',(-16.16,16.2,0.));
#5685=CARTESIAN_POINT('',(-16.16,16.35,3.));
#5686=CARTESIAN_POINT('Origin',(-16.16,16.2,3.));
#5687=CARTESIAN_POINT('',(-16.16,16.35,3.));
#5688=CARTESIAN_POINT('Origin',(-16.86,16.35,3.));
#5689=CARTESIAN_POINT('',(-16.86,16.35,0.));
#5690=CARTESIAN_POINT('',(-8.43,16.35,0.));
#5691=CARTESIAN_POINT('',(-16.86,16.35,3.));
#5692=CARTESIAN_POINT('',(-8.43,16.35,3.));
#5693=CARTESIAN_POINT('',(-16.86,16.35,3.));
#5694=CARTESIAN_POINT('Origin',(-16.86,16.2,3.));
#5695=CARTESIAN_POINT('Origin',(-16.86,16.2,0.));
#5696=CARTESIAN_POINT('Origin',(-16.86,16.2,3.));
#5697=CARTESIAN_POINT('Origin',(31.55,-15.8,3.));
#5698=CARTESIAN_POINT('',(32.75,-15.8,3.));
#5699=CARTESIAN_POINT('Origin',(31.55,-15.8,3.));
#5700=CARTESIAN_POINT('',(32.75,-15.8,0.));
#5701=CARTESIAN_POINT('',(32.75,-15.8,3.));
#5702=CARTESIAN_POINT('Origin',(31.55,-15.8,0.));
#5703=CARTESIAN_POINT('Origin',(-31.55,-15.8,3.));
#5704=CARTESIAN_POINT('',(-30.35,-15.8,3.));
#5705=CARTESIAN_POINT('Origin',(-31.55,-15.8,3.));
#5706=CARTESIAN_POINT('',(-30.35,-15.8,0.));
#5707=CARTESIAN_POINT('',(-30.35,-15.8,3.));
#5708=CARTESIAN_POINT('Origin',(-31.55,-15.8,0.));
#5709=CARTESIAN_POINT('Origin',(31.55,15.8,3.));
#5710=CARTESIAN_POINT('',(32.75,15.8,3.));
#5711=CARTESIAN_POINT('Origin',(31.55,15.8,3.));
#5712=CARTESIAN_POINT('',(32.75,15.8,0.));
#5713=CARTESIAN_POINT('',(32.75,15.8,3.));
#5714=CARTESIAN_POINT('Origin',(31.55,15.8,0.));
#5715=CARTESIAN_POINT('Origin',(-19.55,15.3,3.));
#5716=CARTESIAN_POINT('',(-19.55,16.2,0.));
#5717=CARTESIAN_POINT('',(-19.55,15.3,0.));
#5718=CARTESIAN_POINT('',(-19.55,7.65,0.));
#5719=CARTESIAN_POINT('',(-19.55,16.2,3.));
#5720=CARTESIAN_POINT('',(-19.55,16.2,3.));
#5721=CARTESIAN_POINT('',(-19.55,15.3,3.));
#5722=CARTESIAN_POINT('',(-19.55,7.65,3.));
#5723=CARTESIAN_POINT('',(-19.55,15.3,3.));
#5724=CARTESIAN_POINT('Origin',(-19.4,15.3,3.));
#5725=CARTESIAN_POINT('',(-19.4,15.15,0.));
#5726=CARTESIAN_POINT('Origin',(-19.4,15.3,0.));
#5727=CARTESIAN_POINT('',(-19.4,15.15,3.));
#5728=CARTESIAN_POINT('Origin',(-19.4,15.3,3.));
#5729=CARTESIAN_POINT('',(-19.4,15.15,3.));
#5730=CARTESIAN_POINT('Origin',(-18.7,15.15,3.));
#5731=CARTESIAN_POINT('',(-18.7,15.15,0.));
#5732=CARTESIAN_POINT('',(-9.35,15.15,0.));
#5733=CARTESIAN_POINT('',(-18.7,15.15,3.));
#5734=CARTESIAN_POINT('',(-9.35,15.15,3.));
#5735=CARTESIAN_POINT('',(-18.7,15.15,3.));
#5736=CARTESIAN_POINT('Origin',(-18.7,15.3,3.));
#5737=CARTESIAN_POINT('',(-18.55,15.3,0.));
#5738=CARTESIAN_POINT('Origin',(-18.7,15.3,0.));
#5739=CARTESIAN_POINT('',(-18.55,15.3,3.));
#5740=CARTESIAN_POINT('Origin',(-18.7,15.3,3.));
#5741=CARTESIAN_POINT('',(-18.55,15.3,3.));
#5742=CARTESIAN_POINT('Origin',(-18.55,16.2,3.));
#5743=CARTESIAN_POINT('',(-18.55,16.2,0.));
#5744=CARTESIAN_POINT('',(-18.55,8.1,0.));
#5745=CARTESIAN_POINT('',(-18.55,16.2,3.));
#5746=CARTESIAN_POINT('',(-18.55,8.1,3.));
#5747=CARTESIAN_POINT('',(-18.55,16.2,3.));
#5748=CARTESIAN_POINT('Origin',(-18.7,16.2,3.));
#5749=CARTESIAN_POINT('',(-18.7,16.35,0.));
#5750=CARTESIAN_POINT('Origin',(-18.7,16.2,0.));
#5751=CARTESIAN_POINT('',(-18.7,16.35,3.));
#5752=CARTESIAN_POINT('Origin',(-18.7,16.2,3.));
#5753=CARTESIAN_POINT('',(-18.7,16.35,3.));
#5754=CARTESIAN_POINT('Origin',(-19.4,16.35,3.));
#5755=CARTESIAN_POINT('',(-19.4,16.35,0.));
#5756=CARTESIAN_POINT('',(-9.7,16.35,0.));
#5757=CARTESIAN_POINT('',(-19.4,16.35,3.));
#5758=CARTESIAN_POINT('',(-9.7,16.35,3.));
#5759=CARTESIAN_POINT('',(-19.4,16.35,3.));
#5760=CARTESIAN_POINT('Origin',(-19.4,16.2,3.));
#5761=CARTESIAN_POINT('Origin',(-19.4,16.2,0.));
#5762=CARTESIAN_POINT('Origin',(-19.4,16.2,3.));
#5763=CARTESIAN_POINT('Origin',(-9.39,15.3,3.));
#5764=CARTESIAN_POINT('',(-9.39,16.2,0.));
#5765=CARTESIAN_POINT('',(-9.39,15.3,0.));
#5766=CARTESIAN_POINT('',(-9.39,7.65,0.));
#5767=CARTESIAN_POINT('',(-9.39,16.2,3.));
#5768=CARTESIAN_POINT('',(-9.39,16.2,3.));
#5769=CARTESIAN_POINT('',(-9.39,15.3,3.));
#5770=CARTESIAN_POINT('',(-9.39,7.65,3.));
#5771=CARTESIAN_POINT('',(-9.39,15.3,3.));
#5772=CARTESIAN_POINT('Origin',(-9.24,15.3,3.));
#5773=CARTESIAN_POINT('',(-9.24,15.15,0.));
#5774=CARTESIAN_POINT('Origin',(-9.24,15.3,0.));
#5775=CARTESIAN_POINT('',(-9.24,15.15,3.));
#5776=CARTESIAN_POINT('Origin',(-9.24,15.3,3.));
#5777=CARTESIAN_POINT('',(-9.24,15.15,3.));
#5778=CARTESIAN_POINT('Origin',(-8.54,15.15,3.));
#5779=CARTESIAN_POINT('',(-8.54,15.15,0.));
#5780=CARTESIAN_POINT('',(-4.27,15.15,0.));
#5781=CARTESIAN_POINT('',(-8.54,15.15,3.));
#5782=CARTESIAN_POINT('',(-4.27,15.15,3.));
#5783=CARTESIAN_POINT('',(-8.54,15.15,3.));
#5784=CARTESIAN_POINT('Origin',(-8.54,15.3,3.));
#5785=CARTESIAN_POINT('',(-8.39,15.3,0.));
#5786=CARTESIAN_POINT('Origin',(-8.54,15.3,0.));
#5787=CARTESIAN_POINT('',(-8.39,15.3,3.));
#5788=CARTESIAN_POINT('Origin',(-8.54,15.3,3.));
#5789=CARTESIAN_POINT('',(-8.39,15.3,3.));
#5790=CARTESIAN_POINT('Origin',(-8.39,16.2,3.));
#5791=CARTESIAN_POINT('',(-8.39,16.2,0.));
#5792=CARTESIAN_POINT('',(-8.38999999999999,8.09999999999999,0.));
#5793=CARTESIAN_POINT('',(-8.39,16.2,3.));
#5794=CARTESIAN_POINT('',(-8.38999999999999,8.09999999999999,3.));
#5795=CARTESIAN_POINT('',(-8.39,16.2,3.));
#5796=CARTESIAN_POINT('Origin',(-8.54,16.2,3.));
#5797=CARTESIAN_POINT('',(-8.54,16.35,0.));
#5798=CARTESIAN_POINT('Origin',(-8.54,16.2,0.));
#5799=CARTESIAN_POINT('',(-8.54,16.35,3.));
#5800=CARTESIAN_POINT('Origin',(-8.54,16.2,3.));
#5801=CARTESIAN_POINT('',(-8.54,16.35,3.));
#5802=CARTESIAN_POINT('Origin',(-9.24,16.35,3.));
#5803=CARTESIAN_POINT('',(-9.24,16.35,0.));
#5804=CARTESIAN_POINT('',(-4.62,16.35,0.));
#5805=CARTESIAN_POINT('',(-9.24,16.35,3.));
#5806=CARTESIAN_POINT('',(-4.62,16.35,3.));
#5807=CARTESIAN_POINT('',(-9.24,16.35,3.));
#5808=CARTESIAN_POINT('Origin',(-9.24,16.2,3.));
#5809=CARTESIAN_POINT('Origin',(-9.24,16.2,0.));
#5810=CARTESIAN_POINT('Origin',(-9.24,16.2,3.));
#5811=CARTESIAN_POINT('Origin',(4.16,15.3,3.));
#5812=CARTESIAN_POINT('',(4.16,15.15,0.));
#5813=CARTESIAN_POINT('',(4.31,15.3,0.));
#5814=CARTESIAN_POINT('Origin',(4.16,15.3,0.));
#5815=CARTESIAN_POINT('',(4.16,15.15,3.));
#5816=CARTESIAN_POINT('',(4.16,15.15,3.));
#5817=CARTESIAN_POINT('',(4.31,15.3,3.));
#5818=CARTESIAN_POINT('Origin',(4.16,15.3,3.));
#5819=CARTESIAN_POINT('',(4.31,15.3,3.));
#5820=CARTESIAN_POINT('Origin',(4.31,16.2,3.));
#5821=CARTESIAN_POINT('',(4.31,16.2,0.));
#5822=CARTESIAN_POINT('',(4.31,8.1,0.));
#5823=CARTESIAN_POINT('',(4.31,16.2,3.));
#5824=CARTESIAN_POINT('',(4.31,8.1,3.));
#5825=CARTESIAN_POINT('',(4.31,16.2,3.));
#5826=CARTESIAN_POINT('Origin',(4.16,16.2,3.));
#5827=CARTESIAN_POINT('',(4.16,16.35,0.));
#5828=CARTESIAN_POINT('Origin',(4.16,16.2,0.));
#5829=CARTESIAN_POINT('',(4.16,16.35,3.));
#5830=CARTESIAN_POINT('Origin',(4.16,16.2,3.));
#5831=CARTESIAN_POINT('',(4.16,16.35,3.));
#5832=CARTESIAN_POINT('Origin',(3.46,16.35,3.));
#5833=CARTESIAN_POINT('',(3.46,16.35,0.));
#5834=CARTESIAN_POINT('',(1.73,16.35,0.));
#5835=CARTESIAN_POINT('',(3.46,16.35,3.));
#5836=CARTESIAN_POINT('',(1.73,16.35,3.));
#5837=CARTESIAN_POINT('',(3.46,16.35,3.));
#5838=CARTESIAN_POINT('Origin',(3.46,16.2,3.));
#5839=CARTESIAN_POINT('',(3.31,16.2,0.));
#5840=CARTESIAN_POINT('Origin',(3.46,16.2,0.));
#5841=CARTESIAN_POINT('',(3.31,16.2,3.));
#5842=CARTESIAN_POINT('Origin',(3.46,16.2,3.));
#5843=CARTESIAN_POINT('',(3.31,16.2,3.));
#5844=CARTESIAN_POINT('Origin',(3.31,15.3,3.));
#5845=CARTESIAN_POINT('',(3.31,15.3,0.));
#5846=CARTESIAN_POINT('',(3.30999999999999,7.65,0.));
#5847=CARTESIAN_POINT('',(3.31,15.3,3.));
#5848=CARTESIAN_POINT('',(3.30999999999999,7.65,3.));
#5849=CARTESIAN_POINT('',(3.31,15.3,3.));
#5850=CARTESIAN_POINT('Origin',(3.46,15.3,3.));
#5851=CARTESIAN_POINT('',(3.46,15.15,0.));
#5852=CARTESIAN_POINT('Origin',(3.46,15.3,0.));
#5853=CARTESIAN_POINT('',(3.46,15.15,3.));
#5854=CARTESIAN_POINT('Origin',(3.46,15.3,3.));
#5855=CARTESIAN_POINT('',(3.46,15.15,3.));
#5856=CARTESIAN_POINT('Origin',(4.16,15.15,3.));
#5857=CARTESIAN_POINT('',(2.08,15.15,0.));
#5858=CARTESIAN_POINT('',(2.08,15.15,3.));
#5859=CARTESIAN_POINT('Origin',(14.32,16.2,3.));
#5860=CARTESIAN_POINT('',(14.47,16.2,0.));
#5861=CARTESIAN_POINT('',(14.32,16.35,0.));
#5862=CARTESIAN_POINT('Origin',(14.32,16.2,0.));
#5863=CARTESIAN_POINT('',(14.47,16.2,3.));
#5864=CARTESIAN_POINT('',(14.47,16.2,3.));
#5865=CARTESIAN_POINT('',(14.32,16.35,3.));
#5866=CARTESIAN_POINT('Origin',(14.32,16.2,3.));
#5867=CARTESIAN_POINT('',(14.32,16.35,3.));
#5868=CARTESIAN_POINT('Origin',(13.62,16.35,3.));
#5869=CARTESIAN_POINT('',(13.62,16.35,0.));
#5870=CARTESIAN_POINT('',(6.81,16.35,0.));
#5871=CARTESIAN_POINT('',(13.62,16.35,3.));
#5872=CARTESIAN_POINT('',(6.81,16.35,3.));
#5873=CARTESIAN_POINT('',(13.62,16.35,3.));
#5874=CARTESIAN_POINT('Origin',(13.62,16.2,3.));
#5875=CARTESIAN_POINT('',(13.47,16.2,0.));
#5876=CARTESIAN_POINT('Origin',(13.62,16.2,0.));
#5877=CARTESIAN_POINT('',(13.47,16.2,3.));
#5878=CARTESIAN_POINT('Origin',(13.62,16.2,3.));
#5879=CARTESIAN_POINT('',(13.47,16.2,3.));
#5880=CARTESIAN_POINT('Origin',(13.47,15.3,3.));
#5881=CARTESIAN_POINT('',(13.47,15.3,0.));
#5882=CARTESIAN_POINT('',(13.47,7.65,0.));
#5883=CARTESIAN_POINT('',(13.47,15.3,3.));
#5884=CARTESIAN_POINT('',(13.47,7.65,3.));
#5885=CARTESIAN_POINT('',(13.47,15.3,3.));
#5886=CARTESIAN_POINT('Origin',(13.62,15.3,3.));
#5887=CARTESIAN_POINT('',(13.62,15.15,0.));
#5888=CARTESIAN_POINT('Origin',(13.62,15.3,0.));
#5889=CARTESIAN_POINT('',(13.62,15.15,3.));
#5890=CARTESIAN_POINT('Origin',(13.62,15.3,3.));
#5891=CARTESIAN_POINT('',(13.62,15.15,3.));
#5892=CARTESIAN_POINT('Origin',(14.32,15.15,3.));
#5893=CARTESIAN_POINT('',(14.32,15.15,0.));
#5894=CARTESIAN_POINT('',(7.16,15.15,0.));
#5895=CARTESIAN_POINT('',(14.32,15.15,3.));
#5896=CARTESIAN_POINT('',(7.16,15.15,3.));
#5897=CARTESIAN_POINT('',(14.32,15.15,3.));
#5898=CARTESIAN_POINT('Origin',(14.32,15.3,3.));
#5899=CARTESIAN_POINT('',(14.47,15.3,0.));
#5900=CARTESIAN_POINT('Origin',(14.32,15.3,0.));
#5901=CARTESIAN_POINT('',(14.47,15.3,3.));
#5902=CARTESIAN_POINT('Origin',(14.32,15.3,3.));
#5903=CARTESIAN_POINT('',(14.47,15.3,3.));
#5904=CARTESIAN_POINT('Origin',(14.47,16.2,3.));
#5905=CARTESIAN_POINT('',(14.47,8.1,0.));
#5906=CARTESIAN_POINT('',(14.47,8.1,3.));
#5907=CARTESIAN_POINT('Origin',(23.78,16.35,3.));
#5908=CARTESIAN_POINT('',(24.48,16.35,0.));
#5909=CARTESIAN_POINT('',(23.78,16.35,0.));
#5910=CARTESIAN_POINT('',(11.89,16.35,0.));
#5911=CARTESIAN_POINT('',(24.48,16.35,3.));
#5912=CARTESIAN_POINT('',(24.48,16.35,3.));
#5913=CARTESIAN_POINT('',(23.78,16.35,3.));
#5914=CARTESIAN_POINT('',(11.89,16.35,3.));
#5915=CARTESIAN_POINT('',(23.78,16.35,3.));
#5916=CARTESIAN_POINT('Origin',(23.78,16.2,3.));
#5917=CARTESIAN_POINT('',(23.63,16.2,0.));
#5918=CARTESIAN_POINT('Origin',(23.78,16.2,0.));
#5919=CARTESIAN_POINT('',(23.63,16.2,3.));
#5920=CARTESIAN_POINT('Origin',(23.78,16.2,3.));
#5921=CARTESIAN_POINT('',(23.63,16.2,3.));
#5922=CARTESIAN_POINT('Origin',(23.63,15.3,3.));
#5923=CARTESIAN_POINT('',(23.63,15.3,0.));
#5924=CARTESIAN_POINT('',(23.63,7.65,0.));
#5925=CARTESIAN_POINT('',(23.63,15.3,3.));
#5926=CARTESIAN_POINT('',(23.63,7.65,3.));
#5927=CARTESIAN_POINT('',(23.63,15.3,3.));
#5928=CARTESIAN_POINT('Origin',(23.78,15.3,3.));
#5929=CARTESIAN_POINT('',(23.78,15.15,0.));
#5930=CARTESIAN_POINT('Origin',(23.78,15.3,0.));
#5931=CARTESIAN_POINT('',(23.78,15.15,3.));
#5932=CARTESIAN_POINT('Origin',(23.78,15.3,3.));
#5933=CARTESIAN_POINT('',(23.78,15.15,3.));
#5934=CARTESIAN_POINT('Origin',(24.48,15.15,3.));
#5935=CARTESIAN_POINT('',(24.48,15.15,0.));
#5936=CARTESIAN_POINT('',(12.24,15.15,0.));
#5937=CARTESIAN_POINT('',(24.48,15.15,3.));
#5938=CARTESIAN_POINT('',(12.24,15.15,3.));
#5939=CARTESIAN_POINT('',(24.48,15.15,3.));
#5940=CARTESIAN_POINT('Origin',(24.48,15.3,3.));
#5941=CARTESIAN_POINT('',(24.63,15.3,0.));
#5942=CARTESIAN_POINT('Origin',(24.48,15.3,0.));
#5943=CARTESIAN_POINT('',(24.63,15.3,3.));
#5944=CARTESIAN_POINT('Origin',(24.48,15.3,3.));
#5945=CARTESIAN_POINT('',(24.63,15.3,3.));
#5946=CARTESIAN_POINT('Origin',(24.63,16.2,3.));
#5947=CARTESIAN_POINT('',(24.63,16.2,0.));
#5948=CARTESIAN_POINT('',(24.63,8.1,0.));
#5949=CARTESIAN_POINT('',(24.63,16.2,3.));
#5950=CARTESIAN_POINT('',(24.63,8.1,3.));
#5951=CARTESIAN_POINT('',(24.63,16.2,3.));
#5952=CARTESIAN_POINT('Origin',(24.48,16.2,3.));
#5953=CARTESIAN_POINT('Origin',(24.48,16.2,0.));
#5954=CARTESIAN_POINT('Origin',(24.48,16.2,3.));
#5955=CARTESIAN_POINT('Origin',(33.25,-17.5,0.));
#5956=CARTESIAN_POINT('',(33.25,17.5,0.));
#5957=CARTESIAN_POINT('',(33.25,-17.5,0.));
#5958=CARTESIAN_POINT('',(33.25,17.5,0.));
#5959=CARTESIAN_POINT('',(33.25,17.5,3.));
#5960=CARTESIAN_POINT('',(33.25,17.5,0.));
#5961=CARTESIAN_POINT('',(33.25,-17.5,3.));
#5962=CARTESIAN_POINT('',(33.25,17.5,3.));
#5963=CARTESIAN_POINT('',(33.25,-17.5,0.));
#5964=CARTESIAN_POINT('Origin',(-33.25,-17.5,0.));
#5965=CARTESIAN_POINT('',(-33.25,-17.5,0.));
#5966=CARTESIAN_POINT('',(33.25,-17.5,0.));
#5967=CARTESIAN_POINT('',(-33.25,-17.5,3.));
#5968=CARTESIAN_POINT('',(33.25,-17.5,3.));
#5969=CARTESIAN_POINT('',(-33.25,-17.5,0.));
#5970=CARTESIAN_POINT('Origin',(-33.25,17.5,0.));
#5971=CARTESIAN_POINT('',(-33.25,17.5,0.));
#5972=CARTESIAN_POINT('',(-33.25,-17.5,0.));
#5973=CARTESIAN_POINT('',(-33.25,17.5,3.));
#5974=CARTESIAN_POINT('',(-33.25,-17.5,3.));
#5975=CARTESIAN_POINT('',(-33.25,17.5,0.));
#5976=CARTESIAN_POINT('Origin',(33.25,17.5,0.));
#5977=CARTESIAN_POINT('',(-33.25,17.5,0.));
#5978=CARTESIAN_POINT('',(-33.25,17.5,3.));
#5979=CARTESIAN_POINT('Origin',(0.,0.,3.));
#5980=CARTESIAN_POINT('Origin',(0.,0.,0.));
#5981=CARTESIAN_POINT('Origin',(32.,-14.,3.));
#5982=CARTESIAN_POINT('',(32.,14.,3.));
#5983=CARTESIAN_POINT('',(32.,-14.,3.));
#5984=CARTESIAN_POINT('',(32.,14.,3.));
#5985=CARTESIAN_POINT('',(32.,14.,8.));
#5986=CARTESIAN_POINT('',(32.,14.,3.));
#5987=CARTESIAN_POINT('',(32.,-14.,8.));
#5988=CARTESIAN_POINT('',(32.,14.,8.));
#5989=CARTESIAN_POINT('',(32.,-14.,3.));
#5990=CARTESIAN_POINT('Origin',(-32.,-14.,3.));
#5991=CARTESIAN_POINT('',(-32.,-14.,3.));
#5992=CARTESIAN_POINT('',(32.,-14.,3.));
#5993=CARTESIAN_POINT('',(-32.,-14.,8.));
#5994=CARTESIAN_POINT('',(32.,-14.,8.));
#5995=CARTESIAN_POINT('',(-32.,-14.,3.));
#5996=CARTESIAN_POINT('Origin',(-32.,14.,3.));
#5997=CARTESIAN_POINT('',(-32.,14.,3.));
#5998=CARTESIAN_POINT('',(-32.,-14.,3.));
#5999=CARTESIAN_POINT('',(-32.,14.,8.));
#6000=CARTESIAN_POINT('',(-32.,-14.,8.));
#6001=CARTESIAN_POINT('',(-32.,14.,3.));
#6002=CARTESIAN_POINT('Origin',(32.,14.,3.));
#6003=CARTESIAN_POINT('',(-32.,14.,3.));
#6004=CARTESIAN_POINT('',(-32.,14.,8.));
#6005=CARTESIAN_POINT('Origin',(4.44089209850063E-15,-2.22044604925031E-15,
8.));
#6006=CARTESIAN_POINT('Origin',(4.44089209850063E-15,-2.22044604925031E-15,
3.));
#6007=UNCERTAINTY_MEASURE_WITH_UNIT(LENGTH_MEASURE(0.01),#6011,
'DISTANCE_ACCURACY_VALUE',
'Maximum model space distance between geometric entities at asserted c
onnectivities');
#6008=UNCERTAINTY_MEASURE_WITH_UNIT(LENGTH_MEASURE(0.01),#6011,
'DISTANCE_ACCURACY_VALUE',
'Maximum model space distance between geometric entities at asserted c
onnectivities');
#6009=(
GEOMETRIC_REPRESENTATION_CONTEXT(3)
GLOBAL_UNCERTAINTY_ASSIGNED_CONTEXT((#6007))
GLOBAL_UNIT_ASSIGNED_CONTEXT((#6011,#6013,#6014))
REPRESENTATION_CONTEXT('','3D')
);
#6010=(
GEOMETRIC_REPRESENTATION_CONTEXT(3)
GLOBAL_UNCERTAINTY_ASSIGNED_CONTEXT((#6008))
GLOBAL_UNIT_ASSIGNED_CONTEXT((#6011,#6013,#6014))
REPRESENTATION_CONTEXT('','3D')
);
#6011=(
LENGTH_UNIT()
NAMED_UNIT(*)
SI_UNIT(.MILLI.,.METRE.)
);
#6012=(
LENGTH_UNIT()
NAMED_UNIT(*)
SI_UNIT($,.METRE.)
);
#6013=(
NAMED_UNIT(*)
PLANE_ANGLE_UNIT()
SI_UNIT($,.RADIAN.)
);
#6014=(
NAMED_UNIT(*)
SI_UNIT($,.STERADIAN.)
SOLID_ANGLE_UNIT()
);
#6015=SHAPE_DEFINITION_REPRESENTATION(#6016,#6017);
#6016=PRODUCT_DEFINITION_SHAPE('',$,#6019);
#6017=SHAPE_REPRESENTATION('',(#3587),#6009);
#6018=PRODUCT_DEFINITION_CONTEXT('part definition',#6023,'design');
#6019=PRODUCT_DEFINITION('Screen for PCB footprint',
'Screen for PCB footprint v2',#6020,#6018);
#6020=PRODUCT_DEFINITION_FORMATION('',$,#6025);
#6021=PRODUCT_RELATED_PRODUCT_CATEGORY('Screen for PCB footprint v2',
'Screen for PCB footprint v2',(#6025));
#6022=APPLICATION_PROTOCOL_DEFINITION('international standard',
'automotive_design',2009,#6023);
#6023=APPLICATION_CONTEXT(
'Core Data for Automotive Mechanical Design Process');
#6024=PRODUCT_CONTEXT('part definition',#6023,'mechanical');
#6025=PRODUCT('Screen for PCB footprint','Screen for PCB footprint v2',
$,(#6024));
#6026=PRESENTATION_STYLE_ASSIGNMENT((#6029));
#6027=PRESENTATION_STYLE_ASSIGNMENT((#6030));
#6028=PRESENTATION_STYLE_ASSIGNMENT((#6031));
#6029=SURFACE_STYLE_USAGE(.BOTH.,#6032);
#6030=SURFACE_STYLE_USAGE(.BOTH.,#6033);
#6031=SURFACE_STYLE_USAGE(.BOTH.,#6034);
#6032=SURFACE_SIDE_STYLE('',(#6035));
#6033=SURFACE_SIDE_STYLE('',(#6036));
#6034=SURFACE_SIDE_STYLE('',(#6037));
#6035=SURFACE_STYLE_FILL_AREA(#6038);
#6036=SURFACE_STYLE_FILL_AREA(#6039);
#6037=SURFACE_STYLE_FILL_AREA(#6040);
#6038=FILL_AREA_STYLE('Steel - Satin',(#6041));
#6039=FILL_AREA_STYLE('Paint - Metallic (Green)',(#6042));
#6040=FILL_AREA_STYLE('Glass - Heavy Color',(#6043));
#6041=FILL_AREA_STYLE_COLOUR('Steel - Satin',#6044);
#6042=FILL_AREA_STYLE_COLOUR('Paint - Metallic (Green)',#6045);
#6043=FILL_AREA_STYLE_COLOUR('Glass - Heavy Color',#6046);
#6044=COLOUR_RGB('Steel - Satin',0.627450980392157,0.627450980392157,0.627450980392157);
#6045=COLOUR_RGB('Paint - Metallic (Green)',0.266666666666667,0.588235294117647,
0.282352941176471);
#6046=COLOUR_RGB('Glass - Heavy Color',0.0980392156862745,0.0980392156862745,
0.0980392156862745);
ENDSEC;
END-ISO-10303-21;
